name,email,city
User 25001,user25001@example.com,City 2
User 25002,user25002@example.com,City 3
User 25003,user25003@example.com,City 4
User 25004,user25004@example.com,City 5
User 25005,user25005@example.com,City 6
User 25006,user25006@example.com,City 7
User 25007,user25007@example.com,City 8
User 25008,user25008@example.com,City 9
User 25009,user25009@example.com,City 10
User 25010,user25010@example.com,City 1
User 25011,user25011@example.com,City 2
User 25012,user25012@example.com,City 3
User 25013,user25013@example.com,City 4
User 25014,user25014@example.com,City 5
User 25015,user25015@example.com,City 6
User 25016,user25016@example.com,City 7
User 25017,user25017@example.com,City 8
User 25018,user25018@example.com,City 9
User 25019,user25019@example.com,City 10
User 25020,user25020@example.com,City 1
User 25021,user25021@example.com,City 2
User 25022,user25022@example.com,City 3
User 25023,user25023@example.com,City 4
User 25024,user25024@example.com,City 5
User 25025,user25025@example.com,City 6
User 25026,user25026@example.com,City 7
User 25027,user25027@example.com,City 8
User 25028,user25028@example.com,City 9
User 25029,user25029@example.com,City 10
User 25030,user25030@example.com,City 1
User 25031,user25031@example.com,City 2
User 25032,user25032@example.com,City 3
User 25033,user25033@example.com,City 4
User 25034,user25034@example.com,City 5
User 25035,user25035@example.com,City 6
User 25036,user25036@example.com,City 7
User 25037,user25037@example.com,City 8
User 25038,user25038@example.com,City 9
User 25039,user25039@example.com,City 10
User 25040,user25040@example.com,City 1
User 25041,user25041@example.com,City 2
User 25042,user25042@example.com,City 3
User 25043,user25043@example.com,City 4
User 25044,user25044@example.com,City 5
User 25045,user25045@example.com,City 6
User 25046,user25046@example.com,City 7
User 25047,user25047@example.com,City 8
User 25048,user25048@example.com,City 9
User 25049,user25049@example.com,City 10
User 25050,user25050@example.com,City 1
User 25051,user25051@example.com,City 2
User 25052,user25052@example.com,City 3
User 25053,user25053@example.com,City 4
User 25054,user25054@example.com,City 5
User 25055,user25055@example.com,City 6
User 25056,user25056@example.com,City 7
User 25057,user25057@example.com,City 8
User 25058,user25058@example.com,City 9
User 25059,user25059@example.com,City 10
User 25060,user25060@example.com,City 1
User 25061,user25061@example.com,City 2
User 25062,user25062@example.com,City 3
User 25063,user25063@example.com,City 4
User 25064,user25064@example.com,City 5
User 25065,user25065@example.com,City 6
User 25066,user25066@example.com,City 7
User 25067,user25067@example.com,City 8
User 25068,user25068@example.com,City 9
User 25069,user25069@example.com,City 10
User 25070,user25070@example.com,City 1
User 25071,user25071@example.com,City 2
User 25072,user25072@example.com,City 3
User 25073,user25073@example.com,City 4
User 25074,user25074@example.com,City 5
User 25075,user25075@example.com,City 6
User 25076,user25076@example.com,City 7
User 25077,user25077@example.com,City 8
User 25078,user25078@example.com,City 9
User 25079,user25079@example.com,City 10
User 25080,user25080@example.com,City 1
User 25081,user25081@example.com,City 2
User 25082,user25082@example.com,City 3
User 25083,user25083@example.com,City 4
User 25084,user25084@example.com,City 5
User 25085,user25085@example.com,City 6
User 25086,user25086@example.com,City 7
User 25087,user25087@example.com,City 8
User 25088,user25088@example.com,City 9
User 25089,user25089@example.com,City 10
User 25090,user25090@example.com,City 1
User 25091,user25091@example.com,City 2
User 25092,user25092@example.com,City 3
User 25093,user25093@example.com,City 4
User 25094,user25094@example.com,City 5
User 25095,user25095@example.com,City 6
User 25096,user25096@example.com,City 7
User 25097,user25097@example.com,City 8
User 25098,user25098@example.com,City 9
User 25099,user25099@example.com,City 10
User 25100,user25100@example.com,City 1
User 25101,user25101@example.com,City 2
User 25102,user25102@example.com,City 3
User 25103,user25103@example.com,City 4
User 25104,user25104@example.com,City 5
User 25105,user25105@example.com,City 6
User 25106,user25106@example.com,City 7
User 25107,user25107@example.com,City 8
User 25108,user25108@example.com,City 9
User 25109,user25109@example.com,City 10
User 25110,user25110@example.com,City 1
User 25111,user25111@example.com,City 2
User 25112,user25112@example.com,City 3
User 25113,user25113@example.com,City 4
User 25114,user25114@example.com,City 5
User 25115,user25115@example.com,City 6
User 25116,user25116@example.com,City 7
User 25117,user25117@example.com,City 8
User 25118,user25118@example.com,City 9
User 25119,user25119@example.com,City 10
User 25120,user25120@example.com,City 1
User 25121,user25121@example.com,City 2
User 25122,user25122@example.com,City 3
User 25123,user25123@example.com,City 4
User 25124,user25124@example.com,City 5
User 25125,user25125@example.com,City 6
User 25126,user25126@example.com,City 7
User 25127,user25127@example.com,City 8
User 25128,user25128@example.com,City 9
User 25129,user25129@example.com,City 10
User 25130,user25130@example.com,City 1
User 25131,user25131@example.com,City 2
User 25132,user25132@example.com,City 3
User 25133,user25133@example.com,City 4
User 25134,user25134@example.com,City 5
User 25135,user25135@example.com,City 6
User 25136,user25136@example.com,City 7
User 25137,user25137@example.com,City 8
User 25138,user25138@example.com,City 9
User 25139,user25139@example.com,City 10
User 25140,user25140@example.com,City 1
User 25141,user25141@example.com,City 2
User 25142,user25142@example.com,City 3
User 25143,user25143@example.com,City 4
User 25144,user25144@example.com,City 5
User 25145,user25145@example.com,City 6
User 25146,user25146@example.com,City 7
User 25147,user25147@example.com,City 8
User 25148,user25148@example.com,City 9
User 25149,user25149@example.com,City 10
User 25150,user25150@example.com,City 1
User 25151,user25151@example.com,City 2
User 25152,user25152@example.com,City 3
User 25153,user25153@example.com,City 4
User 25154,user25154@example.com,City 5
User 25155,user25155@example.com,City 6
User 25156,user25156@example.com,City 7
User 25157,user25157@example.com,City 8
User 25158,user25158@example.com,City 9
User 25159,user25159@example.com,City 10
User 25160,user25160@example.com,City 1
User 25161,user25161@example.com,City 2
User 25162,user25162@example.com,City 3
User 25163,user25163@example.com,City 4
User 25164,user25164@example.com,City 5
User 25165,user25165@example.com,City 6
User 25166,user25166@example.com,City 7
User 25167,user25167@example.com,City 8
User 25168,user25168@example.com,City 9
User 25169,user25169@example.com,City 10
User 25170,user25170@example.com,City 1
User 25171,user25171@example.com,City 2
User 25172,user25172@example.com,City 3
User 25173,user25173@example.com,City 4
User 25174,user25174@example.com,City 5
User 25175,user25175@example.com,City 6
User 25176,user25176@example.com,City 7
User 25177,user25177@example.com,City 8
User 25178,user25178@example.com,City 9
User 25179,user25179@example.com,City 10
User 25180,user25180@example.com,City 1
User 25181,user25181@example.com,City 2
User 25182,user25182@example.com,City 3
User 25183,user25183@example.com,City 4
User 25184,user25184@example.com,City 5
User 25185,user25185@example.com,City 6
User 25186,user25186@example.com,City 7
User 25187,user25187@example.com,City 8
User 25188,user25188@example.com,City 9
User 25189,user25189@example.com,City 10
User 25190,user25190@example.com,City 1
User 25191,user25191@example.com,City 2
User 25192,user25192@example.com,City 3
User 25193,user25193@example.com,City 4
User 25194,user25194@example.com,City 5
User 25195,user25195@example.com,City 6
User 25196,user25196@example.com,City 7
User 25197,user25197@example.com,City 8
User 25198,user25198@example.com,City 9
User 25199,user25199@example.com,City 10
User 25200,user25200@example.com,City 1
User 25201,user25201@example.com,City 2
User 25202,user25202@example.com,City 3
User 25203,user25203@example.com,City 4
User 25204,user25204@example.com,City 5
User 25205,user25205@example.com,City 6
User 25206,user25206@example.com,City 7
User 25207,user25207@example.com,City 8
User 25208,user25208@example.com,City 9
User 25209,user25209@example.com,City 10
User 25210,user25210@example.com,City 1
User 25211,user25211@example.com,City 2
User 25212,user25212@example.com,City 3
User 25213,user25213@example.com,City 4
User 25214,user25214@example.com,City 5
User 25215,user25215@example.com,City 6
User 25216,user25216@example.com,City 7
User 25217,user25217@example.com,City 8
User 25218,user25218@example.com,City 9
User 25219,user25219@example.com,City 10
User 25220,user25220@example.com,City 1
User 25221,user25221@example.com,City 2
User 25222,user25222@example.com,City 3
User 25223,user25223@example.com,City 4
User 25224,user25224@example.com,City 5
User 25225,user25225@example.com,City 6
User 25226,user25226@example.com,City 7
User 25227,user25227@example.com,City 8
User 25228,user25228@example.com,City 9
User 25229,user25229@example.com,City 10
User 25230,user25230@example.com,City 1
User 25231,user25231@example.com,City 2
User 25232,user25232@example.com,City 3
User 25233,user25233@example.com,City 4
User 25234,user25234@example.com,City 5
User 25235,user25235@example.com,City 6
User 25236,user25236@example.com,City 7
User 25237,user25237@example.com,City 8
User 25238,user25238@example.com,City 9
User 25239,user25239@example.com,City 10
User 25240,user25240@example.com,City 1
User 25241,user25241@example.com,City 2
User 25242,user25242@example.com,City 3
User 25243,user25243@example.com,City 4
User 25244,user25244@example.com,City 5
User 25245,user25245@example.com,City 6
User 25246,user25246@example.com,City 7
User 25247,user25247@example.com,City 8
User 25248,user25248@example.com,City 9
User 25249,user25249@example.com,City 10
User 25250,user25250@example.com,City 1
User 25251,user25251@example.com,City 2
User 25252,user25252@example.com,City 3
User 25253,user25253@example.com,City 4
User 25254,user25254@example.com,City 5
User 25255,user25255@example.com,City 6
User 25256,user25256@example.com,City 7
User 25257,user25257@example.com,City 8
User 25258,user25258@example.com,City 9
User 25259,user25259@example.com,City 10
User 25260,user25260@example.com,City 1
User 25261,user25261@example.com,City 2
User 25262,user25262@example.com,City 3
User 25263,user25263@example.com,City 4
User 25264,user25264@example.com,City 5
User 25265,user25265@example.com,City 6
User 25266,user25266@example.com,City 7
User 25267,user25267@example.com,City 8
User 25268,user25268@example.com,City 9
User 25269,user25269@example.com,City 10
User 25270,user25270@example.com,City 1
User 25271,user25271@example.com,City 2
User 25272,user25272@example.com,City 3
User 25273,user25273@example.com,City 4
User 25274,user25274@example.com,City 5
User 25275,user25275@example.com,City 6
User 25276,user25276@example.com,City 7
User 25277,user25277@example.com,City 8
User 25278,user25278@example.com,City 9
User 25279,user25279@example.com,City 10
User 25280,user25280@example.com,City 1
User 25281,user25281@example.com,City 2
User 25282,user25282@example.com,City 3
User 25283,user25283@example.com,City 4
User 25284,user25284@example.com,City 5
User 25285,user25285@example.com,City 6
User 25286,user25286@example.com,City 7
User 25287,user25287@example.com,City 8
User 25288,user25288@example.com,City 9
User 25289,user25289@example.com,City 10
User 25290,user25290@example.com,City 1
User 25291,user25291@example.com,City 2
User 25292,user25292@example.com,City 3
User 25293,user25293@example.com,City 4
User 25294,user25294@example.com,City 5
User 25295,user25295@example.com,City 6
User 25296,user25296@example.com,City 7
User 25297,user25297@example.com,City 8
User 25298,user25298@example.com,City 9
User 25299,user25299@example.com,City 10
User 25300,user25300@example.com,City 1
User 25301,user25301@example.com,City 2
User 25302,user25302@example.com,City 3
User 25303,user25303@example.com,City 4
User 25304,user25304@example.com,City 5
User 25305,user25305@example.com,City 6
User 25306,user25306@example.com,City 7
User 25307,user25307@example.com,City 8
User 25308,user25308@example.com,City 9
User 25309,user25309@example.com,City 10
User 25310,user25310@example.com,City 1
User 25311,user25311@example.com,City 2
User 25312,user25312@example.com,City 3
User 25313,user25313@example.com,City 4
User 25314,user25314@example.com,City 5
User 25315,user25315@example.com,City 6
User 25316,user25316@example.com,City 7
User 25317,user25317@example.com,City 8
User 25318,user25318@example.com,City 9
User 25319,user25319@example.com,City 10
User 25320,user25320@example.com,City 1
User 25321,user25321@example.com,City 2
User 25322,user25322@example.com,City 3
User 25323,user25323@example.com,City 4
User 25324,user25324@example.com,City 5
User 25325,user25325@example.com,City 6
User 25326,user25326@example.com,City 7
User 25327,user25327@example.com,City 8
User 25328,user25328@example.com,City 9
User 25329,user25329@example.com,City 10
User 25330,user25330@example.com,City 1
User 25331,user25331@example.com,City 2
User 25332,user25332@example.com,City 3
User 25333,user25333@example.com,City 4
User 25334,user25334@example.com,City 5
User 25335,user25335@example.com,City 6
User 25336,user25336@example.com,City 7
User 25337,user25337@example.com,City 8
User 25338,user25338@example.com,City 9
User 25339,user25339@example.com,City 10
User 25340,user25340@example.com,City 1
User 25341,user25341@example.com,City 2
User 25342,user25342@example.com,City 3
User 25343,user25343@example.com,City 4
User 25344,user25344@example.com,City 5
User 25345,user25345@example.com,City 6
User 25346,user25346@example.com,City 7
User 25347,user25347@example.com,City 8
User 25348,user25348@example.com,City 9
User 25349,user25349@example.com,City 10
User 25350,user25350@example.com,City 1
User 25351,user25351@example.com,City 2
User 25352,user25352@example.com,City 3
User 25353,user25353@example.com,City 4
User 25354,user25354@example.com,City 5
User 25355,user25355@example.com,City 6
User 25356,user25356@example.com,City 7
User 25357,user25357@example.com,City 8
User 25358,user25358@example.com,City 9
User 25359,user25359@example.com,City 10
User 25360,user25360@example.com,City 1
User 25361,user25361@example.com,City 2
User 25362,user25362@example.com,City 3
User 25363,user25363@example.com,City 4
User 25364,user25364@example.com,City 5
User 25365,user25365@example.com,City 6
User 25366,user25366@example.com,City 7
User 25367,user25367@example.com,City 8
User 25368,user25368@example.com,City 9
User 25369,user25369@example.com,City 10
User 25370,user25370@example.com,City 1
User 25371,user25371@example.com,City 2
User 25372,user25372@example.com,City 3
User 25373,user25373@example.com,City 4
User 25374,user25374@example.com,City 5
User 25375,user25375@example.com,City 6
User 25376,user25376@example.com,City 7
User 25377,user25377@example.com,City 8
User 25378,user25378@example.com,City 9
User 25379,user25379@example.com,City 10
User 25380,user25380@example.com,City 1
User 25381,user25381@example.com,City 2
User 25382,user25382@example.com,City 3
User 25383,user25383@example.com,City 4
User 25384,user25384@example.com,City 5
User 25385,user25385@example.com,City 6
User 25386,user25386@example.com,City 7
User 25387,user25387@example.com,City 8
User 25388,user25388@example.com,City 9
User 25389,user25389@example.com,City 10
User 25390,user25390@example.com,City 1
User 25391,user25391@example.com,City 2
User 25392,user25392@example.com,City 3
User 25393,user25393@example.com,City 4
User 25394,user25394@example.com,City 5
User 25395,user25395@example.com,City 6
User 25396,user25396@example.com,City 7
User 25397,user25397@example.com,City 8
User 25398,user25398@example.com,City 9
User 25399,user25399@example.com,City 10
User 25400,user25400@example.com,City 1
User 25401,user25401@example.com,City 2
User 25402,user25402@example.com,City 3
User 25403,user25403@example.com,City 4
User 25404,user25404@example.com,City 5
User 25405,user25405@example.com,City 6
User 25406,user25406@example.com,City 7
User 25407,user25407@example.com,City 8
User 25408,user25408@example.com,City 9
User 25409,user25409@example.com,City 10
User 25410,user25410@example.com,City 1
User 25411,user25411@example.com,City 2
User 25412,user25412@example.com,City 3
User 25413,user25413@example.com,City 4
User 25414,user25414@example.com,City 5
User 25415,user25415@example.com,City 6
User 25416,user25416@example.com,City 7
User 25417,user25417@example.com,City 8
User 25418,user25418@example.com,City 9
User 25419,user25419@example.com,City 10
User 25420,user25420@example.com,City 1
User 25421,user25421@example.com,City 2
User 25422,user25422@example.com,City 3
User 25423,user25423@example.com,City 4
User 25424,user25424@example.com,City 5
User 25425,user25425@example.com,City 6
User 25426,user25426@example.com,City 7
User 25427,user25427@example.com,City 8
User 25428,user25428@example.com,City 9
User 25429,user25429@example.com,City 10
User 25430,user25430@example.com,City 1
User 25431,user25431@example.com,City 2
User 25432,user25432@example.com,City 3
User 25433,user25433@example.com,City 4
User 25434,user25434@example.com,City 5
User 25435,user25435@example.com,City 6
User 25436,user25436@example.com,City 7
User 25437,user25437@example.com,City 8
User 25438,user25438@example.com,City 9
User 25439,user25439@example.com,City 10
User 25440,user25440@example.com,City 1
User 25441,user25441@example.com,City 2
User 25442,user25442@example.com,City 3
User 25443,user25443@example.com,City 4
User 25444,user25444@example.com,City 5
User 25445,user25445@example.com,City 6
User 25446,user25446@example.com,City 7
User 25447,user25447@example.com,City 8
User 25448,user25448@example.com,City 9
User 25449,user25449@example.com,City 10
User 25450,user25450@example.com,City 1
User 25451,user25451@example.com,City 2
User 25452,user25452@example.com,City 3
User 25453,user25453@example.com,City 4
User 25454,user25454@example.com,City 5
User 25455,user25455@example.com,City 6
User 25456,user25456@example.com,City 7
User 25457,user25457@example.com,City 8
User 25458,user25458@example.com,City 9
User 25459,user25459@example.com,City 10
User 25460,user25460@example.com,City 1
User 25461,user25461@example.com,City 2
User 25462,user25462@example.com,City 3
User 25463,user25463@example.com,City 4
User 25464,user25464@example.com,City 5
User 25465,user25465@example.com,City 6
User 25466,user25466@example.com,City 7
User 25467,user25467@example.com,City 8
User 25468,user25468@example.com,City 9
User 25469,user25469@example.com,City 10
User 25470,user25470@example.com,City 1
User 25471,user25471@example.com,City 2
User 25472,user25472@example.com,City 3
User 25473,user25473@example.com,City 4
User 25474,user25474@example.com,City 5
User 25475,user25475@example.com,City 6
User 25476,user25476@example.com,City 7
User 25477,user25477@example.com,City 8
User 25478,user25478@example.com,City 9
User 25479,user25479@example.com,City 10
User 25480,user25480@example.com,City 1
User 25481,user25481@example.com,City 2
User 25482,user25482@example.com,City 3
User 25483,user25483@example.com,City 4
User 25484,user25484@example.com,City 5
User 25485,user25485@example.com,City 6
User 25486,user25486@example.com,City 7
User 25487,user25487@example.com,City 8
User 25488,user25488@example.com,City 9
User 25489,user25489@example.com,City 10
User 25490,user25490@example.com,City 1
User 25491,user25491@example.com,City 2
User 25492,user25492@example.com,City 3
User 25493,user25493@example.com,City 4
User 25494,user25494@example.com,City 5
User 25495,user25495@example.com,City 6
User 25496,user25496@example.com,City 7
User 25497,user25497@example.com,City 8
User 25498,user25498@example.com,City 9
User 25499,user25499@example.com,City 10
User 25500,user25500@example.com,City 1
User 25501,user25501@example.com,City 2
User 25502,user25502@example.com,City 3
User 25503,user25503@example.com,City 4
User 25504,user25504@example.com,City 5
User 25505,user25505@example.com,City 6
User 25506,user25506@example.com,City 7
User 25507,user25507@example.com,City 8
User 25508,user25508@example.com,City 9
User 25509,user25509@example.com,City 10
User 25510,user25510@example.com,City 1
User 25511,user25511@example.com,City 2
User 25512,user25512@example.com,City 3
User 25513,user25513@example.com,City 4
User 25514,user25514@example.com,City 5
User 25515,user25515@example.com,City 6
User 25516,user25516@example.com,City 7
User 25517,user25517@example.com,City 8
User 25518,user25518@example.com,City 9
User 25519,user25519@example.com,City 10
User 25520,user25520@example.com,City 1
User 25521,user25521@example.com,City 2
User 25522,user25522@example.com,City 3
User 25523,user25523@example.com,City 4
User 25524,user25524@example.com,City 5
User 25525,user25525@example.com,City 6
User 25526,user25526@example.com,City 7
User 25527,user25527@example.com,City 8
User 25528,user25528@example.com,City 9
User 25529,user25529@example.com,City 10
User 25530,user25530@example.com,City 1
User 25531,user25531@example.com,City 2
User 25532,user25532@example.com,City 3
User 25533,user25533@example.com,City 4
User 25534,user25534@example.com,City 5
User 25535,user25535@example.com,City 6
User 25536,user25536@example.com,City 7
User 25537,user25537@example.com,City 8
User 25538,user25538@example.com,City 9
User 25539,user25539@example.com,City 10
User 25540,user25540@example.com,City 1
User 25541,user25541@example.com,City 2
User 25542,user25542@example.com,City 3
User 25543,user25543@example.com,City 4
User 25544,user25544@example.com,City 5
User 25545,user25545@example.com,City 6
User 25546,user25546@example.com,City 7
User 25547,user25547@example.com,City 8
User 25548,user25548@example.com,City 9
User 25549,user25549@example.com,City 10
User 25550,user25550@example.com,City 1
User 25551,user25551@example.com,City 2
User 25552,user25552@example.com,City 3
User 25553,user25553@example.com,City 4
User 25554,user25554@example.com,City 5
User 25555,user25555@example.com,City 6
User 25556,user25556@example.com,City 7
User 25557,user25557@example.com,City 8
User 25558,user25558@example.com,City 9
User 25559,user25559@example.com,City 10
User 25560,user25560@example.com,City 1
User 25561,user25561@example.com,City 2
User 25562,user25562@example.com,City 3
User 25563,user25563@example.com,City 4
User 25564,user25564@example.com,City 5
User 25565,user25565@example.com,City 6
User 25566,user25566@example.com,City 7
User 25567,user25567@example.com,City 8
User 25568,user25568@example.com,City 9
User 25569,user25569@example.com,City 10
User 25570,user25570@example.com,City 1
User 25571,user25571@example.com,City 2
User 25572,user25572@example.com,City 3
User 25573,user25573@example.com,City 4
User 25574,user25574@example.com,City 5
User 25575,user25575@example.com,City 6
User 25576,user25576@example.com,City 7
User 25577,user25577@example.com,City 8
User 25578,user25578@example.com,City 9
User 25579,user25579@example.com,City 10
User 25580,user25580@example.com,City 1
User 25581,user25581@example.com,City 2
User 25582,user25582@example.com,City 3
User 25583,user25583@example.com,City 4
User 25584,user25584@example.com,City 5
User 25585,user25585@example.com,City 6
User 25586,user25586@example.com,City 7
User 25587,user25587@example.com,City 8
User 25588,user25588@example.com,City 9
User 25589,user25589@example.com,City 10
User 25590,user25590@example.com,City 1
User 25591,user25591@example.com,City 2
User 25592,user25592@example.com,City 3
User 25593,user25593@example.com,City 4
User 25594,user25594@example.com,City 5
User 25595,user25595@example.com,City 6
User 25596,user25596@example.com,City 7
User 25597,user25597@example.com,City 8
User 25598,user25598@example.com,City 9
User 25599,user25599@example.com,City 10
User 25600,user25600@example.com,City 1
User 25601,user25601@example.com,City 2
User 25602,user25602@example.com,City 3
User 25603,user25603@example.com,City 4
User 25604,user25604@example.com,City 5
User 25605,user25605@example.com,City 6
User 25606,user25606@example.com,City 7
User 25607,user25607@example.com,City 8
User 25608,user25608@example.com,City 9
User 25609,user25609@example.com,City 10
User 25610,user25610@example.com,City 1
User 25611,user25611@example.com,City 2
User 25612,user25612@example.com,City 3
User 25613,user25613@example.com,City 4
User 25614,user25614@example.com,City 5
User 25615,user25615@example.com,City 6
User 25616,user25616@example.com,City 7
User 25617,user25617@example.com,City 8
User 25618,user25618@example.com,City 9
User 25619,user25619@example.com,City 10
User 25620,user25620@example.com,City 1
User 25621,user25621@example.com,City 2
User 25622,user25622@example.com,City 3
User 25623,user25623@example.com,City 4
User 25624,user25624@example.com,City 5
User 25625,user25625@example.com,City 6
User 25626,user25626@example.com,City 7
User 25627,user25627@example.com,City 8
User 25628,user25628@example.com,City 9
User 25629,user25629@example.com,City 10
User 25630,user25630@example.com,City 1
User 25631,user25631@example.com,City 2
User 25632,user25632@example.com,City 3
User 25633,user25633@example.com,City 4
User 25634,user25634@example.com,City 5
User 25635,user25635@example.com,City 6
User 25636,user25636@example.com,City 7
User 25637,user25637@example.com,City 8
User 25638,user25638@example.com,City 9
User 25639,user25639@example.com,City 10
User 25640,user25640@example.com,City 1
User 25641,user25641@example.com,City 2
User 25642,user25642@example.com,City 3
User 25643,user25643@example.com,City 4
User 25644,user25644@example.com,City 5
User 25645,user25645@example.com,City 6
User 25646,user25646@example.com,City 7
User 25647,user25647@example.com,City 8
User 25648,user25648@example.com,City 9
User 25649,user25649@example.com,City 10
User 25650,user25650@example.com,City 1
User 25651,user25651@example.com,City 2
User 25652,user25652@example.com,City 3
User 25653,user25653@example.com,City 4
User 25654,user25654@example.com,City 5
User 25655,user25655@example.com,City 6
User 25656,user25656@example.com,City 7
User 25657,user25657@example.com,City 8
User 25658,user25658@example.com,City 9
User 25659,user25659@example.com,City 10
User 25660,user25660@example.com,City 1
User 25661,user25661@example.com,City 2
User 25662,user25662@example.com,City 3
User 25663,user25663@example.com,City 4
User 25664,user25664@example.com,City 5
User 25665,user25665@example.com,City 6
User 25666,user25666@example.com,City 7
User 25667,user25667@example.com,City 8
User 25668,user25668@example.com,City 9
User 25669,user25669@example.com,City 10
User 25670,user25670@example.com,City 1
User 25671,user25671@example.com,City 2
User 25672,user25672@example.com,City 3
User 25673,user25673@example.com,City 4
User 25674,user25674@example.com,City 5
User 25675,user25675@example.com,City 6
User 25676,user25676@example.com,City 7
User 25677,user25677@example.com,City 8
User 25678,user25678@example.com,City 9
User 25679,user25679@example.com,City 10
User 25680,user25680@example.com,City 1
User 25681,user25681@example.com,City 2
User 25682,user25682@example.com,City 3
User 25683,user25683@example.com,City 4
User 25684,user25684@example.com,City 5
User 25685,user25685@example.com,City 6
User 25686,user25686@example.com,City 7
User 25687,user25687@example.com,City 8
User 25688,user25688@example.com,City 9
User 25689,user25689@example.com,City 10
User 25690,user25690@example.com,City 1
User 25691,user25691@example.com,City 2
User 25692,user25692@example.com,City 3
User 25693,user25693@example.com,City 4
User 25694,user25694@example.com,City 5
User 25695,user25695@example.com,City 6
User 25696,user25696@example.com,City 7
User 25697,user25697@example.com,City 8
User 25698,user25698@example.com,City 9
User 25699,user25699@example.com,City 10
User 25700,user25700@example.com,City 1
User 25701,user25701@example.com,City 2
User 25702,user25702@example.com,City 3
User 25703,user25703@example.com,City 4
User 25704,user25704@example.com,City 5
User 25705,user25705@example.com,City 6
User 25706,user25706@example.com,City 7
User 25707,user25707@example.com,City 8
User 25708,user25708@example.com,City 9
User 25709,user25709@example.com,City 10
User 25710,user25710@example.com,City 1
User 25711,user25711@example.com,City 2
User 25712,user25712@example.com,City 3
User 25713,user25713@example.com,City 4
User 25714,user25714@example.com,City 5
User 25715,user25715@example.com,City 6
User 25716,user25716@example.com,City 7
User 25717,user25717@example.com,City 8
User 25718,user25718@example.com,City 9
User 25719,user25719@example.com,City 10
User 25720,user25720@example.com,City 1
User 25721,user25721@example.com,City 2
User 25722,user25722@example.com,City 3
User 25723,user25723@example.com,City 4
User 25724,user25724@example.com,City 5
User 25725,user25725@example.com,City 6
User 25726,user25726@example.com,City 7
User 25727,user25727@example.com,City 8
User 25728,user25728@example.com,City 9
User 25729,user25729@example.com,City 10
User 25730,user25730@example.com,City 1
User 25731,user25731@example.com,City 2
User 25732,user25732@example.com,City 3
User 25733,user25733@example.com,City 4
User 25734,user25734@example.com,City 5
User 25735,user25735@example.com,City 6
User 25736,user25736@example.com,City 7
User 25737,user25737@example.com,City 8
User 25738,user25738@example.com,City 9
User 25739,user25739@example.com,City 10
User 25740,user25740@example.com,City 1
User 25741,user25741@example.com,City 2
User 25742,user25742@example.com,City 3
User 25743,user25743@example.com,City 4
User 25744,user25744@example.com,City 5
User 25745,user25745@example.com,City 6
User 25746,user25746@example.com,City 7
User 25747,user25747@example.com,City 8
User 25748,user25748@example.com,City 9
User 25749,user25749@example.com,City 10
User 25750,user25750@example.com,City 1
User 25751,user25751@example.com,City 2
User 25752,user25752@example.com,City 3
User 25753,user25753@example.com,City 4
User 25754,user25754@example.com,City 5
User 25755,user25755@example.com,City 6
User 25756,user25756@example.com,City 7
User 25757,user25757@example.com,City 8
User 25758,user25758@example.com,City 9
User 25759,user25759@example.com,City 10
User 25760,user25760@example.com,City 1
User 25761,user25761@example.com,City 2
User 25762,user25762@example.com,City 3
User 25763,user25763@example.com,City 4
User 25764,user25764@example.com,City 5
User 25765,user25765@example.com,City 6
User 25766,user25766@example.com,City 7
User 25767,user25767@example.com,City 8
User 25768,user25768@example.com,City 9
User 25769,user25769@example.com,City 10
User 25770,user25770@example.com,City 1
User 25771,user25771@example.com,City 2
User 25772,user25772@example.com,City 3
User 25773,user25773@example.com,City 4
User 25774,user25774@example.com,City 5
User 25775,user25775@example.com,City 6
User 25776,user25776@example.com,City 7
User 25777,user25777@example.com,City 8
User 25778,user25778@example.com,City 9
User 25779,user25779@example.com,City 10
User 25780,user25780@example.com,City 1
User 25781,user25781@example.com,City 2
User 25782,user25782@example.com,City 3
User 25783,user25783@example.com,City 4
User 25784,user25784@example.com,City 5
User 25785,user25785@example.com,City 6
User 25786,user25786@example.com,City 7
User 25787,user25787@example.com,City 8
User 25788,user25788@example.com,City 9
User 25789,user25789@example.com,City 10
User 25790,user25790@example.com,City 1
User 25791,user25791@example.com,City 2
User 25792,user25792@example.com,City 3
User 25793,user25793@example.com,City 4
User 25794,user25794@example.com,City 5
User 25795,user25795@example.com,City 6
User 25796,user25796@example.com,City 7
User 25797,user25797@example.com,City 8
User 25798,user25798@example.com,City 9
User 25799,user25799@example.com,City 10
User 25800,user25800@example.com,City 1
User 25801,user25801@example.com,City 2
User 25802,user25802@example.com,City 3
User 25803,user25803@example.com,City 4
User 25804,user25804@example.com,City 5
User 25805,user25805@example.com,City 6
User 25806,user25806@example.com,City 7
User 25807,user25807@example.com,City 8
User 25808,user25808@example.com,City 9
User 25809,user25809@example.com,City 10
User 25810,user25810@example.com,City 1
User 25811,user25811@example.com,City 2
User 25812,user25812@example.com,City 3
User 25813,user25813@example.com,City 4
User 25814,user25814@example.com,City 5
User 25815,user25815@example.com,City 6
User 25816,user25816@example.com,City 7
User 25817,user25817@example.com,City 8
User 25818,user25818@example.com,City 9
User 25819,user25819@example.com,City 10
User 25820,user25820@example.com,City 1
User 25821,user25821@example.com,City 2
User 25822,user25822@example.com,City 3
User 25823,user25823@example.com,City 4
User 25824,user25824@example.com,City 5
User 25825,user25825@example.com,City 6
User 25826,user25826@example.com,City 7
User 25827,user25827@example.com,City 8
User 25828,user25828@example.com,City 9
User 25829,user25829@example.com,City 10
User 25830,user25830@example.com,City 1
User 25831,user25831@example.com,City 2
User 25832,user25832@example.com,City 3
User 25833,user25833@example.com,City 4
User 25834,user25834@example.com,City 5
User 25835,user25835@example.com,City 6
User 25836,user25836@example.com,City 7
User 25837,user25837@example.com,City 8
User 25838,user25838@example.com,City 9
User 25839,user25839@example.com,City 10
User 25840,user25840@example.com,City 1
User 25841,user25841@example.com,City 2
User 25842,user25842@example.com,City 3
User 25843,user25843@example.com,City 4
User 25844,user25844@example.com,City 5
User 25845,user25845@example.com,City 6
User 25846,user25846@example.com,City 7
User 25847,user25847@example.com,City 8
User 25848,user25848@example.com,City 9
User 25849,user25849@example.com,City 10
User 25850,user25850@example.com,City 1
User 25851,user25851@example.com,City 2
User 25852,user25852@example.com,City 3
User 25853,user25853@example.com,City 4
User 25854,user25854@example.com,City 5
User 25855,user25855@example.com,City 6
User 25856,user25856@example.com,City 7
User 25857,user25857@example.com,City 8
User 25858,user25858@example.com,City 9
User 25859,user25859@example.com,City 10
User 25860,user25860@example.com,City 1
User 25861,user25861@example.com,City 2
User 25862,user25862@example.com,City 3
User 25863,user25863@example.com,City 4
User 25864,user25864@example.com,City 5
User 25865,user25865@example.com,City 6
User 25866,user25866@example.com,City 7
User 25867,user25867@example.com,City 8
User 25868,user25868@example.com,City 9
User 25869,user25869@example.com,City 10
User 25870,user25870@example.com,City 1
User 25871,user25871@example.com,City 2
User 25872,user25872@example.com,City 3
User 25873,user25873@example.com,City 4
User 25874,user25874@example.com,City 5
User 25875,user25875@example.com,City 6
User 25876,user25876@example.com,City 7
User 25877,user25877@example.com,City 8
User 25878,user25878@example.com,City 9
User 25879,user25879@example.com,City 10
User 25880,user25880@example.com,City 1
User 25881,user25881@example.com,City 2
User 25882,user25882@example.com,City 3
User 25883,user25883@example.com,City 4
User 25884,user25884@example.com,City 5
User 25885,user25885@example.com,City 6
User 25886,user25886@example.com,City 7
User 25887,user25887@example.com,City 8
User 25888,user25888@example.com,City 9
User 25889,user25889@example.com,City 10
User 25890,user25890@example.com,City 1
User 25891,user25891@example.com,City 2
User 25892,user25892@example.com,City 3
User 25893,user25893@example.com,City 4
User 25894,user25894@example.com,City 5
User 25895,user25895@example.com,City 6
User 25896,user25896@example.com,City 7
User 25897,user25897@example.com,City 8
User 25898,user25898@example.com,City 9
User 25899,user25899@example.com,City 10
User 25900,user25900@example.com,City 1
User 25901,user25901@example.com,City 2
User 25902,user25902@example.com,City 3
User 25903,user25903@example.com,City 4
User 25904,user25904@example.com,City 5
User 25905,user25905@example.com,City 6
User 25906,user25906@example.com,City 7
User 25907,user25907@example.com,City 8
User 25908,user25908@example.com,City 9
User 25909,user25909@example.com,City 10
User 25910,user25910@example.com,City 1
User 25911,user25911@example.com,City 2
User 25912,user25912@example.com,City 3
User 25913,user25913@example.com,City 4
User 25914,user25914@example.com,City 5
User 25915,user25915@example.com,City 6
User 25916,user25916@example.com,City 7
User 25917,user25917@example.com,City 8
User 25918,user25918@example.com,City 9
User 25919,user25919@example.com,City 10
User 25920,user25920@example.com,City 1
User 25921,user25921@example.com,City 2
User 25922,user25922@example.com,City 3
User 25923,user25923@example.com,City 4
User 25924,user25924@example.com,City 5
User 25925,user25925@example.com,City 6
User 25926,user25926@example.com,City 7
User 25927,user25927@example.com,City 8
User 25928,user25928@example.com,City 9
User 25929,user25929@example.com,City 10
User 25930,user25930@example.com,City 1
User 25931,user25931@example.com,City 2
User 25932,user25932@example.com,City 3
User 25933,user25933@example.com,City 4
User 25934,user25934@example.com,City 5
User 25935,user25935@example.com,City 6
User 25936,user25936@example.com,City 7
User 25937,user25937@example.com,City 8
User 25938,user25938@example.com,City 9
User 25939,user25939@example.com,City 10
User 25940,user25940@example.com,City 1
User 25941,user25941@example.com,City 2
User 25942,user25942@example.com,City 3
User 25943,user25943@example.com,City 4
User 25944,user25944@example.com,City 5
User 25945,user25945@example.com,City 6
User 25946,user25946@example.com,City 7
User 25947,user25947@example.com,City 8
User 25948,user25948@example.com,City 9
User 25949,user25949@example.com,City 10
User 25950,user25950@example.com,City 1
User 25951,user25951@example.com,City 2
User 25952,user25952@example.com,City 3
User 25953,user25953@example.com,City 4
User 25954,user25954@example.com,City 5
User 25955,user25955@example.com,City 6
User 25956,user25956@example.com,City 7
User 25957,user25957@example.com,City 8
User 25958,user25958@example.com,City 9
User 25959,user25959@example.com,City 10
User 25960,user25960@example.com,City 1
User 25961,user25961@example.com,City 2
User 25962,user25962@example.com,City 3
User 25963,user25963@example.com,City 4
User 25964,user25964@example.com,City 5
User 25965,user25965@example.com,City 6
User 25966,user25966@example.com,City 7
User 25967,user25967@example.com,City 8
User 25968,user25968@example.com,City 9
User 25969,user25969@example.com,City 10
User 25970,user25970@example.com,City 1
User 25971,user25971@example.com,City 2
User 25972,user25972@example.com,City 3
User 25973,user25973@example.com,City 4
User 25974,user25974@example.com,City 5
User 25975,user25975@example.com,City 6
User 25976,user25976@example.com,City 7
User 25977,user25977@example.com,City 8
User 25978,user25978@example.com,City 9
User 25979,user25979@example.com,City 10
User 25980,user25980@example.com,City 1
User 25981,user25981@example.com,City 2
User 25982,user25982@example.com,City 3
User 25983,user25983@example.com,City 4
User 25984,user25984@example.com,City 5
User 25985,user25985@example.com,City 6
User 25986,user25986@example.com,City 7
User 25987,user25987@example.com,City 8
User 25988,user25988@example.com,City 9
User 25989,user25989@example.com,City 10
User 25990,user25990@example.com,City 1
User 25991,user25991@example.com,City 2
User 25992,user25992@example.com,City 3
User 25993,user25993@example.com,City 4
User 25994,user25994@example.com,City 5
User 25995,user25995@example.com,City 6
User 25996,user25996@example.com,City 7
User 25997,user25997@example.com,City 8
User 25998,user25998@example.com,City 9
User 25999,user25999@example.com,City 10
User 26000,user26000@example.com,City 1
User 26001,user26001@example.com,City 2
User 26002,user26002@example.com,City 3
User 26003,user26003@example.com,City 4
User 26004,user26004@example.com,City 5
User 26005,user26005@example.com,City 6
User 26006,user26006@example.com,City 7
User 26007,user26007@example.com,City 8
User 26008,user26008@example.com,City 9
User 26009,user26009@example.com,City 10
User 26010,user26010@example.com,City 1
User 26011,user26011@example.com,City 2
User 26012,user26012@example.com,City 3
User 26013,user26013@example.com,City 4
User 26014,user26014@example.com,City 5
User 26015,user26015@example.com,City 6
User 26016,user26016@example.com,City 7
User 26017,user26017@example.com,City 8
User 26018,user26018@example.com,City 9
User 26019,user26019@example.com,City 10
User 26020,user26020@example.com,City 1
User 26021,user26021@example.com,City 2
User 26022,user26022@example.com,City 3
User 26023,user26023@example.com,City 4
User 26024,user26024@example.com,City 5
User 26025,user26025@example.com,City 6
User 26026,user26026@example.com,City 7
User 26027,user26027@example.com,City 8
User 26028,user26028@example.com,City 9
User 26029,user26029@example.com,City 10
User 26030,user26030@example.com,City 1
User 26031,user26031@example.com,City 2
User 26032,user26032@example.com,City 3
User 26033,user26033@example.com,City 4
User 26034,user26034@example.com,City 5
User 26035,user26035@example.com,City 6
User 26036,user26036@example.com,City 7
User 26037,user26037@example.com,City 8
User 26038,user26038@example.com,City 9
User 26039,user26039@example.com,City 10
User 26040,user26040@example.com,City 1
User 26041,user26041@example.com,City 2
User 26042,user26042@example.com,City 3
User 26043,user26043@example.com,City 4
User 26044,user26044@example.com,City 5
User 26045,user26045@example.com,City 6
User 26046,user26046@example.com,City 7
User 26047,user26047@example.com,City 8
User 26048,user26048@example.com,City 9
User 26049,user26049@example.com,City 10
User 26050,user26050@example.com,City 1
User 26051,user26051@example.com,City 2
User 26052,user26052@example.com,City 3
User 26053,user26053@example.com,City 4
User 26054,user26054@example.com,City 5
User 26055,user26055@example.com,City 6
User 26056,user26056@example.com,City 7
User 26057,user26057@example.com,City 8
User 26058,user26058@example.com,City 9
User 26059,user26059@example.com,City 10
User 26060,user26060@example.com,City 1
User 26061,user26061@example.com,City 2
User 26062,user26062@example.com,City 3
User 26063,user26063@example.com,City 4
User 26064,user26064@example.com,City 5
User 26065,user26065@example.com,City 6
User 26066,user26066@example.com,City 7
User 26067,user26067@example.com,City 8
User 26068,user26068@example.com,City 9
User 26069,user26069@example.com,City 10
User 26070,user26070@example.com,City 1
User 26071,user26071@example.com,City 2
User 26072,user26072@example.com,City 3
User 26073,user26073@example.com,City 4
User 26074,user26074@example.com,City 5
User 26075,user26075@example.com,City 6
User 26076,user26076@example.com,City 7
User 26077,user26077@example.com,City 8
User 26078,user26078@example.com,City 9
User 26079,user26079@example.com,City 10
User 26080,user26080@example.com,City 1
User 26081,user26081@example.com,City 2
User 26082,user26082@example.com,City 3
User 26083,user26083@example.com,City 4
User 26084,user26084@example.com,City 5
User 26085,user26085@example.com,City 6
User 26086,user26086@example.com,City 7
User 26087,user26087@example.com,City 8
User 26088,user26088@example.com,City 9
User 26089,user26089@example.com,City 10
User 26090,user26090@example.com,City 1
User 26091,user26091@example.com,City 2
User 26092,user26092@example.com,City 3
User 26093,user26093@example.com,City 4
User 26094,user26094@example.com,City 5
User 26095,user26095@example.com,City 6
User 26096,user26096@example.com,City 7
User 26097,user26097@example.com,City 8
User 26098,user26098@example.com,City 9
User 26099,user26099@example.com,City 10
User 26100,user26100@example.com,City 1
User 26101,user26101@example.com,City 2
User 26102,user26102@example.com,City 3
User 26103,user26103@example.com,City 4
User 26104,user26104@example.com,City 5
User 26105,user26105@example.com,City 6
User 26106,user26106@example.com,City 7
User 26107,user26107@example.com,City 8
User 26108,user26108@example.com,City 9
User 26109,user26109@example.com,City 10
User 26110,user26110@example.com,City 1
User 26111,user26111@example.com,City 2
User 26112,user26112@example.com,City 3
User 26113,user26113@example.com,City 4
User 26114,user26114@example.com,City 5
User 26115,user26115@example.com,City 6
User 26116,user26116@example.com,City 7
User 26117,user26117@example.com,City 8
User 26118,user26118@example.com,City 9
User 26119,user26119@example.com,City 10
User 26120,user26120@example.com,City 1
User 26121,user26121@example.com,City 2
User 26122,user26122@example.com,City 3
User 26123,user26123@example.com,City 4
User 26124,user26124@example.com,City 5
User 26125,user26125@example.com,City 6
User 26126,user26126@example.com,City 7
User 26127,user26127@example.com,City 8
User 26128,user26128@example.com,City 9
User 26129,user26129@example.com,City 10
User 26130,user26130@example.com,City 1
User 26131,user26131@example.com,City 2
User 26132,user26132@example.com,City 3
User 26133,user26133@example.com,City 4
User 26134,user26134@example.com,City 5
User 26135,user26135@example.com,City 6
User 26136,user26136@example.com,City 7
User 26137,user26137@example.com,City 8
User 26138,user26138@example.com,City 9
User 26139,user26139@example.com,City 10
User 26140,user26140@example.com,City 1
User 26141,user26141@example.com,City 2
User 26142,user26142@example.com,City 3
User 26143,user26143@example.com,City 4
User 26144,user26144@example.com,City 5
User 26145,user26145@example.com,City 6
User 26146,user26146@example.com,City 7
User 26147,user26147@example.com,City 8
User 26148,user26148@example.com,City 9
User 26149,user26149@example.com,City 10
User 26150,user26150@example.com,City 1
User 26151,user26151@example.com,City 2
User 26152,user26152@example.com,City 3
User 26153,user26153@example.com,City 4
User 26154,user26154@example.com,City 5
User 26155,user26155@example.com,City 6
User 26156,user26156@example.com,City 7
User 26157,user26157@example.com,City 8
User 26158,user26158@example.com,City 9
User 26159,user26159@example.com,City 10
User 26160,user26160@example.com,City 1
User 26161,user26161@example.com,City 2
User 26162,user26162@example.com,City 3
User 26163,user26163@example.com,City 4
User 26164,user26164@example.com,City 5
User 26165,user26165@example.com,City 6
User 26166,user26166@example.com,City 7
User 26167,user26167@example.com,City 8
User 26168,user26168@example.com,City 9
User 26169,user26169@example.com,City 10
User 26170,user26170@example.com,City 1
User 26171,user26171@example.com,City 2
User 26172,user26172@example.com,City 3
User 26173,user26173@example.com,City 4
User 26174,user26174@example.com,City 5
User 26175,user26175@example.com,City 6
User 26176,user26176@example.com,City 7
User 26177,user26177@example.com,City 8
User 26178,user26178@example.com,City 9
User 26179,user26179@example.com,City 10
User 26180,user26180@example.com,City 1
User 26181,user26181@example.com,City 2
User 26182,user26182@example.com,City 3
User 26183,user26183@example.com,City 4
User 26184,user26184@example.com,City 5
User 26185,user26185@example.com,City 6
User 26186,user26186@example.com,City 7
User 26187,user26187@example.com,City 8
User 26188,user26188@example.com,City 9
User 26189,user26189@example.com,City 10
User 26190,user26190@example.com,City 1
User 26191,user26191@example.com,City 2
User 26192,user26192@example.com,City 3
User 26193,user26193@example.com,City 4
User 26194,user26194@example.com,City 5
User 26195,user26195@example.com,City 6
User 26196,user26196@example.com,City 7
User 26197,user26197@example.com,City 8
User 26198,user26198@example.com,City 9
User 26199,user26199@example.com,City 10
User 26200,user26200@example.com,City 1
User 26201,user26201@example.com,City 2
User 26202,user26202@example.com,City 3
User 26203,user26203@example.com,City 4
User 26204,user26204@example.com,City 5
User 26205,user26205@example.com,City 6
User 26206,user26206@example.com,City 7
User 26207,user26207@example.com,City 8
User 26208,user26208@example.com,City 9
User 26209,user26209@example.com,City 10
User 26210,user26210@example.com,City 1
User 26211,user26211@example.com,City 2
User 26212,user26212@example.com,City 3
User 26213,user26213@example.com,City 4
User 26214,user26214@example.com,City 5
User 26215,user26215@example.com,City 6
User 26216,user26216@example.com,City 7
User 26217,user26217@example.com,City 8
User 26218,user26218@example.com,City 9
User 26219,user26219@example.com,City 10
User 26220,user26220@example.com,City 1
User 26221,user26221@example.com,City 2
User 26222,user26222@example.com,City 3
User 26223,user26223@example.com,City 4
User 26224,user26224@example.com,City 5
User 26225,user26225@example.com,City 6
User 26226,user26226@example.com,City 7
User 26227,user26227@example.com,City 8
User 26228,user26228@example.com,City 9
User 26229,user26229@example.com,City 10
User 26230,user26230@example.com,City 1
User 26231,user26231@example.com,City 2
User 26232,user26232@example.com,City 3
User 26233,user26233@example.com,City 4
User 26234,user26234@example.com,City 5
User 26235,user26235@example.com,City 6
User 26236,user26236@example.com,City 7
User 26237,user26237@example.com,City 8
User 26238,user26238@example.com,City 9
User 26239,user26239@example.com,City 10
User 26240,user26240@example.com,City 1
User 26241,user26241@example.com,City 2
User 26242,user26242@example.com,City 3
User 26243,user26243@example.com,City 4
User 26244,user26244@example.com,City 5
User 26245,user26245@example.com,City 6
User 26246,user26246@example.com,City 7
User 26247,user26247@example.com,City 8
User 26248,user26248@example.com,City 9
User 26249,user26249@example.com,City 10
User 26250,user26250@example.com,City 1
User 26251,user26251@example.com,City 2
User 26252,user26252@example.com,City 3
User 26253,user26253@example.com,City 4
User 26254,user26254@example.com,City 5
User 26255,user26255@example.com,City 6
User 26256,user26256@example.com,City 7
User 26257,user26257@example.com,City 8
User 26258,user26258@example.com,City 9
User 26259,user26259@example.com,City 10
User 26260,user26260@example.com,City 1
User 26261,user26261@example.com,City 2
User 26262,user26262@example.com,City 3
User 26263,user26263@example.com,City 4
User 26264,user26264@example.com,City 5
User 26265,user26265@example.com,City 6
User 26266,user26266@example.com,City 7
User 26267,user26267@example.com,City 8
User 26268,user26268@example.com,City 9
User 26269,user26269@example.com,City 10
User 26270,user26270@example.com,City 1
User 26271,user26271@example.com,City 2
User 26272,user26272@example.com,City 3
User 26273,user26273@example.com,City 4
User 26274,user26274@example.com,City 5
User 26275,user26275@example.com,City 6
User 26276,user26276@example.com,City 7
User 26277,user26277@example.com,City 8
User 26278,user26278@example.com,City 9
User 26279,user26279@example.com,City 10
User 26280,user26280@example.com,City 1
User 26281,user26281@example.com,City 2
User 26282,user26282@example.com,City 3
User 26283,user26283@example.com,City 4
User 26284,user26284@example.com,City 5
User 26285,user26285@example.com,City 6
User 26286,user26286@example.com,City 7
User 26287,user26287@example.com,City 8
User 26288,user26288@example.com,City 9
User 26289,user26289@example.com,City 10
User 26290,user26290@example.com,City 1
User 26291,user26291@example.com,City 2
User 26292,user26292@example.com,City 3
User 26293,user26293@example.com,City 4
User 26294,user26294@example.com,City 5
User 26295,user26295@example.com,City 6
User 26296,user26296@example.com,City 7
User 26297,user26297@example.com,City 8
User 26298,user26298@example.com,City 9
User 26299,user26299@example.com,City 10
User 26300,user26300@example.com,City 1
User 26301,user26301@example.com,City 2
User 26302,user26302@example.com,City 3
User 26303,user26303@example.com,City 4
User 26304,user26304@example.com,City 5
User 26305,user26305@example.com,City 6
User 26306,user26306@example.com,City 7
User 26307,user26307@example.com,City 8
User 26308,user26308@example.com,City 9
User 26309,user26309@example.com,City 10
User 26310,user26310@example.com,City 1
User 26311,user26311@example.com,City 2
User 26312,user26312@example.com,City 3
User 26313,user26313@example.com,City 4
User 26314,user26314@example.com,City 5
User 26315,user26315@example.com,City 6
User 26316,user26316@example.com,City 7
User 26317,user26317@example.com,City 8
User 26318,user26318@example.com,City 9
User 26319,user26319@example.com,City 10
User 26320,user26320@example.com,City 1
User 26321,user26321@example.com,City 2
User 26322,user26322@example.com,City 3
User 26323,user26323@example.com,City 4
User 26324,user26324@example.com,City 5
User 26325,user26325@example.com,City 6
User 26326,user26326@example.com,City 7
User 26327,user26327@example.com,City 8
User 26328,user26328@example.com,City 9
User 26329,user26329@example.com,City 10
User 26330,user26330@example.com,City 1
User 26331,user26331@example.com,City 2
User 26332,user26332@example.com,City 3
User 26333,user26333@example.com,City 4
User 26334,user26334@example.com,City 5
User 26335,user26335@example.com,City 6
User 26336,user26336@example.com,City 7
User 26337,user26337@example.com,City 8
User 26338,user26338@example.com,City 9
User 26339,user26339@example.com,City 10
User 26340,user26340@example.com,City 1
User 26341,user26341@example.com,City 2
User 26342,user26342@example.com,City 3
User 26343,user26343@example.com,City 4
User 26344,user26344@example.com,City 5
User 26345,user26345@example.com,City 6
User 26346,user26346@example.com,City 7
User 26347,user26347@example.com,City 8
User 26348,user26348@example.com,City 9
User 26349,user26349@example.com,City 10
User 26350,user26350@example.com,City 1
User 26351,user26351@example.com,City 2
User 26352,user26352@example.com,City 3
User 26353,user26353@example.com,City 4
User 26354,user26354@example.com,City 5
User 26355,user26355@example.com,City 6
User 26356,user26356@example.com,City 7
User 26357,user26357@example.com,City 8
User 26358,user26358@example.com,City 9
User 26359,user26359@example.com,City 10
User 26360,user26360@example.com,City 1
User 26361,user26361@example.com,City 2
User 26362,user26362@example.com,City 3
User 26363,user26363@example.com,City 4
User 26364,user26364@example.com,City 5
User 26365,user26365@example.com,City 6
User 26366,user26366@example.com,City 7
User 26367,user26367@example.com,City 8
User 26368,user26368@example.com,City 9
User 26369,user26369@example.com,City 10
User 26370,user26370@example.com,City 1
User 26371,user26371@example.com,City 2
User 26372,user26372@example.com,City 3
User 26373,user26373@example.com,City 4
User 26374,user26374@example.com,City 5
User 26375,user26375@example.com,City 6
User 26376,user26376@example.com,City 7
User 26377,user26377@example.com,City 8
User 26378,user26378@example.com,City 9
User 26379,user26379@example.com,City 10
User 26380,user26380@example.com,City 1
User 26381,user26381@example.com,City 2
User 26382,user26382@example.com,City 3
User 26383,user26383@example.com,City 4
User 26384,user26384@example.com,City 5
User 26385,user26385@example.com,City 6
User 26386,user26386@example.com,City 7
User 26387,user26387@example.com,City 8
User 26388,user26388@example.com,City 9
User 26389,user26389@example.com,City 10
User 26390,user26390@example.com,City 1
User 26391,user26391@example.com,City 2
User 26392,user26392@example.com,City 3
User 26393,user26393@example.com,City 4
User 26394,user26394@example.com,City 5
User 26395,user26395@example.com,City 6
User 26396,user26396@example.com,City 7
User 26397,user26397@example.com,City 8
User 26398,user26398@example.com,City 9
User 26399,user26399@example.com,City 10
User 26400,user26400@example.com,City 1
User 26401,user26401@example.com,City 2
User 26402,user26402@example.com,City 3
User 26403,user26403@example.com,City 4
User 26404,user26404@example.com,City 5
User 26405,user26405@example.com,City 6
User 26406,user26406@example.com,City 7
User 26407,user26407@example.com,City 8
User 26408,user26408@example.com,City 9
User 26409,user26409@example.com,City 10
User 26410,user26410@example.com,City 1
User 26411,user26411@example.com,City 2
User 26412,user26412@example.com,City 3
User 26413,user26413@example.com,City 4
User 26414,user26414@example.com,City 5
User 26415,user26415@example.com,City 6
User 26416,user26416@example.com,City 7
User 26417,user26417@example.com,City 8
User 26418,user26418@example.com,City 9
User 26419,user26419@example.com,City 10
User 26420,user26420@example.com,City 1
User 26421,user26421@example.com,City 2
User 26422,user26422@example.com,City 3
User 26423,user26423@example.com,City 4
User 26424,user26424@example.com,City 5
User 26425,user26425@example.com,City 6
User 26426,user26426@example.com,City 7
User 26427,user26427@example.com,City 8
User 26428,user26428@example.com,City 9
User 26429,user26429@example.com,City 10
User 26430,user26430@example.com,City 1
User 26431,user26431@example.com,City 2
User 26432,user26432@example.com,City 3
User 26433,user26433@example.com,City 4
User 26434,user26434@example.com,City 5
User 26435,user26435@example.com,City 6
User 26436,user26436@example.com,City 7
User 26437,user26437@example.com,City 8
User 26438,user26438@example.com,City 9
User 26439,user26439@example.com,City 10
User 26440,user26440@example.com,City 1
User 26441,user26441@example.com,City 2
User 26442,user26442@example.com,City 3
User 26443,user26443@example.com,City 4
User 26444,user26444@example.com,City 5
User 26445,user26445@example.com,City 6
User 26446,user26446@example.com,City 7
User 26447,user26447@example.com,City 8
User 26448,user26448@example.com,City 9
User 26449,user26449@example.com,City 10
User 26450,user26450@example.com,City 1
User 26451,user26451@example.com,City 2
User 26452,user26452@example.com,City 3
User 26453,user26453@example.com,City 4
User 26454,user26454@example.com,City 5
User 26455,user26455@example.com,City 6
User 26456,user26456@example.com,City 7
User 26457,user26457@example.com,City 8
User 26458,user26458@example.com,City 9
User 26459,user26459@example.com,City 10
User 26460,user26460@example.com,City 1
User 26461,user26461@example.com,City 2
User 26462,user26462@example.com,City 3
User 26463,user26463@example.com,City 4
User 26464,user26464@example.com,City 5
User 26465,user26465@example.com,City 6
User 26466,user26466@example.com,City 7
User 26467,user26467@example.com,City 8
User 26468,user26468@example.com,City 9
User 26469,user26469@example.com,City 10
User 26470,user26470@example.com,City 1
User 26471,user26471@example.com,City 2
User 26472,user26472@example.com,City 3
User 26473,user26473@example.com,City 4
User 26474,user26474@example.com,City 5
User 26475,user26475@example.com,City 6
User 26476,user26476@example.com,City 7
User 26477,user26477@example.com,City 8
User 26478,user26478@example.com,City 9
User 26479,user26479@example.com,City 10
User 26480,user26480@example.com,City 1
User 26481,user26481@example.com,City 2
User 26482,user26482@example.com,City 3
User 26483,user26483@example.com,City 4
User 26484,user26484@example.com,City 5
User 26485,user26485@example.com,City 6
User 26486,user26486@example.com,City 7
User 26487,user26487@example.com,City 8
User 26488,user26488@example.com,City 9
User 26489,user26489@example.com,City 10
User 26490,user26490@example.com,City 1
User 26491,user26491@example.com,City 2
User 26492,user26492@example.com,City 3
User 26493,user26493@example.com,City 4
User 26494,user26494@example.com,City 5
User 26495,user26495@example.com,City 6
User 26496,user26496@example.com,City 7
User 26497,user26497@example.com,City 8
User 26498,user26498@example.com,City 9
User 26499,user26499@example.com,City 10
User 26500,user26500@example.com,City 1
User 26501,user26501@example.com,City 2
User 26502,user26502@example.com,City 3
User 26503,user26503@example.com,City 4
User 26504,user26504@example.com,City 5
User 26505,user26505@example.com,City 6
User 26506,user26506@example.com,City 7
User 26507,user26507@example.com,City 8
User 26508,user26508@example.com,City 9
User 26509,user26509@example.com,City 10
User 26510,user26510@example.com,City 1
User 26511,user26511@example.com,City 2
User 26512,user26512@example.com,City 3
User 26513,user26513@example.com,City 4
User 26514,user26514@example.com,City 5
User 26515,user26515@example.com,City 6
User 26516,user26516@example.com,City 7
User 26517,user26517@example.com,City 8
User 26518,user26518@example.com,City 9
User 26519,user26519@example.com,City 10
User 26520,user26520@example.com,City 1
User 26521,user26521@example.com,City 2
User 26522,user26522@example.com,City 3
User 26523,user26523@example.com,City 4
User 26524,user26524@example.com,City 5
User 26525,user26525@example.com,City 6
User 26526,user26526@example.com,City 7
User 26527,user26527@example.com,City 8
User 26528,user26528@example.com,City 9
User 26529,user26529@example.com,City 10
User 26530,user26530@example.com,City 1
User 26531,user26531@example.com,City 2
User 26532,user26532@example.com,City 3
User 26533,user26533@example.com,City 4
User 26534,user26534@example.com,City 5
User 26535,user26535@example.com,City 6
User 26536,user26536@example.com,City 7
User 26537,user26537@example.com,City 8
User 26538,user26538@example.com,City 9
User 26539,user26539@example.com,City 10
User 26540,user26540@example.com,City 1
User 26541,user26541@example.com,City 2
User 26542,user26542@example.com,City 3
User 26543,user26543@example.com,City 4
User 26544,user26544@example.com,City 5
User 26545,user26545@example.com,City 6
User 26546,user26546@example.com,City 7
User 26547,user26547@example.com,City 8
User 26548,user26548@example.com,City 9
User 26549,user26549@example.com,City 10
User 26550,user26550@example.com,City 1
User 26551,user26551@example.com,City 2
User 26552,user26552@example.com,City 3
User 26553,user26553@example.com,City 4
User 26554,user26554@example.com,City 5
User 26555,user26555@example.com,City 6
User 26556,user26556@example.com,City 7
User 26557,user26557@example.com,City 8
User 26558,user26558@example.com,City 9
User 26559,user26559@example.com,City 10
User 26560,user26560@example.com,City 1
User 26561,user26561@example.com,City 2
User 26562,user26562@example.com,City 3
User 26563,user26563@example.com,City 4
User 26564,user26564@example.com,City 5
User 26565,user26565@example.com,City 6
User 26566,user26566@example.com,City 7
User 26567,user26567@example.com,City 8
User 26568,user26568@example.com,City 9
User 26569,user26569@example.com,City 10
User 26570,user26570@example.com,City 1
User 26571,user26571@example.com,City 2
User 26572,user26572@example.com,City 3
User 26573,user26573@example.com,City 4
User 26574,user26574@example.com,City 5
User 26575,user26575@example.com,City 6
User 26576,user26576@example.com,City 7
User 26577,user26577@example.com,City 8
User 26578,user26578@example.com,City 9
User 26579,user26579@example.com,City 10
User 26580,user26580@example.com,City 1
User 26581,user26581@example.com,City 2
User 26582,user26582@example.com,City 3
User 26583,user26583@example.com,City 4
User 26584,user26584@example.com,City 5
User 26585,user26585@example.com,City 6
User 26586,user26586@example.com,City 7
User 26587,user26587@example.com,City 8
User 26588,user26588@example.com,City 9
User 26589,user26589@example.com,City 10
User 26590,user26590@example.com,City 1
User 26591,user26591@example.com,City 2
User 26592,user26592@example.com,City 3
User 26593,user26593@example.com,City 4
User 26594,user26594@example.com,City 5
User 26595,user26595@example.com,City 6
User 26596,user26596@example.com,City 7
User 26597,user26597@example.com,City 8
User 26598,user26598@example.com,City 9
User 26599,user26599@example.com,City 10
User 26600,user26600@example.com,City 1
User 26601,user26601@example.com,City 2
User 26602,user26602@example.com,City 3
User 26603,user26603@example.com,City 4
User 26604,user26604@example.com,City 5
User 26605,user26605@example.com,City 6
User 26606,user26606@example.com,City 7
User 26607,user26607@example.com,City 8
User 26608,user26608@example.com,City 9
User 26609,user26609@example.com,City 10
User 26610,user26610@example.com,City 1
User 26611,user26611@example.com,City 2
User 26612,user26612@example.com,City 3
User 26613,user26613@example.com,City 4
User 26614,user26614@example.com,City 5
User 26615,user26615@example.com,City 6
User 26616,user26616@example.com,City 7
User 26617,user26617@example.com,City 8
User 26618,user26618@example.com,City 9
User 26619,user26619@example.com,City 10
User 26620,user26620@example.com,City 1
User 26621,user26621@example.com,City 2
User 26622,user26622@example.com,City 3
User 26623,user26623@example.com,City 4
User 26624,user26624@example.com,City 5
User 26625,user26625@example.com,City 6
User 26626,user26626@example.com,City 7
User 26627,user26627@example.com,City 8
User 26628,user26628@example.com,City 9
User 26629,user26629@example.com,City 10
User 26630,user26630@example.com,City 1
User 26631,user26631@example.com,City 2
User 26632,user26632@example.com,City 3
User 26633,user26633@example.com,City 4
User 26634,user26634@example.com,City 5
User 26635,user26635@example.com,City 6
User 26636,user26636@example.com,City 7
User 26637,user26637@example.com,City 8
User 26638,user26638@example.com,City 9
User 26639,user26639@example.com,City 10
User 26640,user26640@example.com,City 1
User 26641,user26641@example.com,City 2
User 26642,user26642@example.com,City 3
User 26643,user26643@example.com,City 4
User 26644,user26644@example.com,City 5
User 26645,user26645@example.com,City 6
User 26646,user26646@example.com,City 7
User 26647,user26647@example.com,City 8
User 26648,user26648@example.com,City 9
User 26649,user26649@example.com,City 10
User 26650,user26650@example.com,City 1
User 26651,user26651@example.com,City 2
User 26652,user26652@example.com,City 3
User 26653,user26653@example.com,City 4
User 26654,user26654@example.com,City 5
User 26655,user26655@example.com,City 6
User 26656,user26656@example.com,City 7
User 26657,user26657@example.com,City 8
User 26658,user26658@example.com,City 9
User 26659,user26659@example.com,City 10
User 26660,user26660@example.com,City 1
User 26661,user26661@example.com,City 2
User 26662,user26662@example.com,City 3
User 26663,user26663@example.com,City 4
User 26664,user26664@example.com,City 5
User 26665,user26665@example.com,City 6
User 26666,user26666@example.com,City 7
User 26667,user26667@example.com,City 8
User 26668,user26668@example.com,City 9
User 26669,user26669@example.com,City 10
User 26670,user26670@example.com,City 1
User 26671,user26671@example.com,City 2
User 26672,user26672@example.com,City 3
User 26673,user26673@example.com,City 4
User 26674,user26674@example.com,City 5
User 26675,user26675@example.com,City 6
User 26676,user26676@example.com,City 7
User 26677,user26677@example.com,City 8
User 26678,user26678@example.com,City 9
User 26679,user26679@example.com,City 10
User 26680,user26680@example.com,City 1
User 26681,user26681@example.com,City 2
User 26682,user26682@example.com,City 3
User 26683,user26683@example.com,City 4
User 26684,user26684@example.com,City 5
User 26685,user26685@example.com,City 6
User 26686,user26686@example.com,City 7
User 26687,user26687@example.com,City 8
User 26688,user26688@example.com,City 9
User 26689,user26689@example.com,City 10
User 26690,user26690@example.com,City 1
User 26691,user26691@example.com,City 2
User 26692,user26692@example.com,City 3
User 26693,user26693@example.com,City 4
User 26694,user26694@example.com,City 5
User 26695,user26695@example.com,City 6
User 26696,user26696@example.com,City 7
User 26697,user26697@example.com,City 8
User 26698,user26698@example.com,City 9
User 26699,user26699@example.com,City 10
User 26700,user26700@example.com,City 1
User 26701,user26701@example.com,City 2
User 26702,user26702@example.com,City 3
User 26703,user26703@example.com,City 4
User 26704,user26704@example.com,City 5
User 26705,user26705@example.com,City 6
User 26706,user26706@example.com,City 7
User 26707,user26707@example.com,City 8
User 26708,user26708@example.com,City 9
User 26709,user26709@example.com,City 10
User 26710,user26710@example.com,City 1
User 26711,user26711@example.com,City 2
User 26712,user26712@example.com,City 3
User 26713,user26713@example.com,City 4
User 26714,user26714@example.com,City 5
User 26715,user26715@example.com,City 6
User 26716,user26716@example.com,City 7
User 26717,user26717@example.com,City 8
User 26718,user26718@example.com,City 9
User 26719,user26719@example.com,City 10
User 26720,user26720@example.com,City 1
User 26721,user26721@example.com,City 2
User 26722,user26722@example.com,City 3
User 26723,user26723@example.com,City 4
User 26724,user26724@example.com,City 5
User 26725,user26725@example.com,City 6
User 26726,user26726@example.com,City 7
User 26727,user26727@example.com,City 8
User 26728,user26728@example.com,City 9
User 26729,user26729@example.com,City 10
User 26730,user26730@example.com,City 1
User 26731,user26731@example.com,City 2
User 26732,user26732@example.com,City 3
User 26733,user26733@example.com,City 4
User 26734,user26734@example.com,City 5
User 26735,user26735@example.com,City 6
User 26736,user26736@example.com,City 7
User 26737,user26737@example.com,City 8
User 26738,user26738@example.com,City 9
User 26739,user26739@example.com,City 10
User 26740,user26740@example.com,City 1
User 26741,user26741@example.com,City 2
User 26742,user26742@example.com,City 3
User 26743,user26743@example.com,City 4
User 26744,user26744@example.com,City 5
User 26745,user26745@example.com,City 6
User 26746,user26746@example.com,City 7
User 26747,user26747@example.com,City 8
User 26748,user26748@example.com,City 9
User 26749,user26749@example.com,City 10
User 26750,user26750@example.com,City 1
User 26751,user26751@example.com,City 2
User 26752,user26752@example.com,City 3
User 26753,user26753@example.com,City 4
User 26754,user26754@example.com,City 5
User 26755,user26755@example.com,City 6
User 26756,user26756@example.com,City 7
User 26757,user26757@example.com,City 8
User 26758,user26758@example.com,City 9
User 26759,user26759@example.com,City 10
User 26760,user26760@example.com,City 1
User 26761,user26761@example.com,City 2
User 26762,user26762@example.com,City 3
User 26763,user26763@example.com,City 4
User 26764,user26764@example.com,City 5
User 26765,user26765@example.com,City 6
User 26766,user26766@example.com,City 7
User 26767,user26767@example.com,City 8
User 26768,user26768@example.com,City 9
User 26769,user26769@example.com,City 10
User 26770,user26770@example.com,City 1
User 26771,user26771@example.com,City 2
User 26772,user26772@example.com,City 3
User 26773,user26773@example.com,City 4
User 26774,user26774@example.com,City 5
User 26775,user26775@example.com,City 6
User 26776,user26776@example.com,City 7
User 26777,user26777@example.com,City 8
User 26778,user26778@example.com,City 9
User 26779,user26779@example.com,City 10
User 26780,user26780@example.com,City 1
User 26781,user26781@example.com,City 2
User 26782,user26782@example.com,City 3
User 26783,user26783@example.com,City 4
User 26784,user26784@example.com,City 5
User 26785,user26785@example.com,City 6
User 26786,user26786@example.com,City 7
User 26787,user26787@example.com,City 8
User 26788,user26788@example.com,City 9
User 26789,user26789@example.com,City 10
User 26790,user26790@example.com,City 1
User 26791,user26791@example.com,City 2
User 26792,user26792@example.com,City 3
User 26793,user26793@example.com,City 4
User 26794,user26794@example.com,City 5
User 26795,user26795@example.com,City 6
User 26796,user26796@example.com,City 7
User 26797,user26797@example.com,City 8
User 26798,user26798@example.com,City 9
User 26799,user26799@example.com,City 10
User 26800,user26800@example.com,City 1
User 26801,user26801@example.com,City 2
User 26802,user26802@example.com,City 3
User 26803,user26803@example.com,City 4
User 26804,user26804@example.com,City 5
User 26805,user26805@example.com,City 6
User 26806,user26806@example.com,City 7
User 26807,user26807@example.com,City 8
User 26808,user26808@example.com,City 9
User 26809,user26809@example.com,City 10
User 26810,user26810@example.com,City 1
User 26811,user26811@example.com,City 2
User 26812,user26812@example.com,City 3
User 26813,user26813@example.com,City 4
User 26814,user26814@example.com,City 5
User 26815,user26815@example.com,City 6
User 26816,user26816@example.com,City 7
User 26817,user26817@example.com,City 8
User 26818,user26818@example.com,City 9
User 26819,user26819@example.com,City 10
User 26820,user26820@example.com,City 1
User 26821,user26821@example.com,City 2
User 26822,user26822@example.com,City 3
User 26823,user26823@example.com,City 4
User 26824,user26824@example.com,City 5
User 26825,user26825@example.com,City 6
User 26826,user26826@example.com,City 7
User 26827,user26827@example.com,City 8
User 26828,user26828@example.com,City 9
User 26829,user26829@example.com,City 10
User 26830,user26830@example.com,City 1
User 26831,user26831@example.com,City 2
User 26832,user26832@example.com,City 3
User 26833,user26833@example.com,City 4
User 26834,user26834@example.com,City 5
User 26835,user26835@example.com,City 6
User 26836,user26836@example.com,City 7
User 26837,user26837@example.com,City 8
User 26838,user26838@example.com,City 9
User 26839,user26839@example.com,City 10
User 26840,user26840@example.com,City 1
User 26841,user26841@example.com,City 2
User 26842,user26842@example.com,City 3
User 26843,user26843@example.com,City 4
User 26844,user26844@example.com,City 5
User 26845,user26845@example.com,City 6
User 26846,user26846@example.com,City 7
User 26847,user26847@example.com,City 8
User 26848,user26848@example.com,City 9
User 26849,user26849@example.com,City 10
User 26850,user26850@example.com,City 1
User 26851,user26851@example.com,City 2
User 26852,user26852@example.com,City 3
User 26853,user26853@example.com,City 4
User 26854,user26854@example.com,City 5
User 26855,user26855@example.com,City 6
User 26856,user26856@example.com,City 7
User 26857,user26857@example.com,City 8
User 26858,user26858@example.com,City 9
User 26859,user26859@example.com,City 10
User 26860,user26860@example.com,City 1
User 26861,user26861@example.com,City 2
User 26862,user26862@example.com,City 3
User 26863,user26863@example.com,City 4
User 26864,user26864@example.com,City 5
User 26865,user26865@example.com,City 6
User 26866,user26866@example.com,City 7
User 26867,user26867@example.com,City 8
User 26868,user26868@example.com,City 9
User 26869,user26869@example.com,City 10
User 26870,user26870@example.com,City 1
User 26871,user26871@example.com,City 2
User 26872,user26872@example.com,City 3
User 26873,user26873@example.com,City 4
User 26874,user26874@example.com,City 5
User 26875,user26875@example.com,City 6
User 26876,user26876@example.com,City 7
User 26877,user26877@example.com,City 8
User 26878,user26878@example.com,City 9
User 26879,user26879@example.com,City 10
User 26880,user26880@example.com,City 1
User 26881,user26881@example.com,City 2
User 26882,user26882@example.com,City 3
User 26883,user26883@example.com,City 4
User 26884,user26884@example.com,City 5
User 26885,user26885@example.com,City 6
User 26886,user26886@example.com,City 7
User 26887,user26887@example.com,City 8
User 26888,user26888@example.com,City 9
User 26889,user26889@example.com,City 10
User 26890,user26890@example.com,City 1
User 26891,user26891@example.com,City 2
User 26892,user26892@example.com,City 3
User 26893,user26893@example.com,City 4
User 26894,user26894@example.com,City 5
User 26895,user26895@example.com,City 6
User 26896,user26896@example.com,City 7
User 26897,user26897@example.com,City 8
User 26898,user26898@example.com,City 9
User 26899,user26899@example.com,City 10
User 26900,user26900@example.com,City 1
User 26901,user26901@example.com,City 2
User 26902,user26902@example.com,City 3
User 26903,user26903@example.com,City 4
User 26904,user26904@example.com,City 5
User 26905,user26905@example.com,City 6
User 26906,user26906@example.com,City 7
User 26907,user26907@example.com,City 8
User 26908,user26908@example.com,City 9
User 26909,user26909@example.com,City 10
User 26910,user26910@example.com,City 1
User 26911,user26911@example.com,City 2
User 26912,user26912@example.com,City 3
User 26913,user26913@example.com,City 4
User 26914,user26914@example.com,City 5
User 26915,user26915@example.com,City 6
User 26916,user26916@example.com,City 7
User 26917,user26917@example.com,City 8
User 26918,user26918@example.com,City 9
User 26919,user26919@example.com,City 10
User 26920,user26920@example.com,City 1
User 26921,user26921@example.com,City 2
User 26922,user26922@example.com,City 3
User 26923,user26923@example.com,City 4
User 26924,user26924@example.com,City 5
User 26925,user26925@example.com,City 6
User 26926,user26926@example.com,City 7
User 26927,user26927@example.com,City 8
User 26928,user26928@example.com,City 9
User 26929,user26929@example.com,City 10
User 26930,user26930@example.com,City 1
User 26931,user26931@example.com,City 2
User 26932,user26932@example.com,City 3
User 26933,user26933@example.com,City 4
User 26934,user26934@example.com,City 5
User 26935,user26935@example.com,City 6
User 26936,user26936@example.com,City 7
User 26937,user26937@example.com,City 8
User 26938,user26938@example.com,City 9
User 26939,user26939@example.com,City 10
User 26940,user26940@example.com,City 1
User 26941,user26941@example.com,City 2
User 26942,user26942@example.com,City 3
User 26943,user26943@example.com,City 4
User 26944,user26944@example.com,City 5
User 26945,user26945@example.com,City 6
User 26946,user26946@example.com,City 7
User 26947,user26947@example.com,City 8
User 26948,user26948@example.com,City 9
User 26949,user26949@example.com,City 10
User 26950,user26950@example.com,City 1
User 26951,user26951@example.com,City 2
User 26952,user26952@example.com,City 3
User 26953,user26953@example.com,City 4
User 26954,user26954@example.com,City 5
User 26955,user26955@example.com,City 6
User 26956,user26956@example.com,City 7
User 26957,user26957@example.com,City 8
User 26958,user26958@example.com,City 9
User 26959,user26959@example.com,City 10
User 26960,user26960@example.com,City 1
User 26961,user26961@example.com,City 2
User 26962,user26962@example.com,City 3
User 26963,user26963@example.com,City 4
User 26964,user26964@example.com,City 5
User 26965,user26965@example.com,City 6
User 26966,user26966@example.com,City 7
User 26967,user26967@example.com,City 8
User 26968,user26968@example.com,City 9
User 26969,user26969@example.com,City 10
User 26970,user26970@example.com,City 1
User 26971,user26971@example.com,City 2
User 26972,user26972@example.com,City 3
User 26973,user26973@example.com,City 4
User 26974,user26974@example.com,City 5
User 26975,user26975@example.com,City 6
User 26976,user26976@example.com,City 7
User 26977,user26977@example.com,City 8
User 26978,user26978@example.com,City 9
User 26979,user26979@example.com,City 10
User 26980,user26980@example.com,City 1
User 26981,user26981@example.com,City 2
User 26982,user26982@example.com,City 3
User 26983,user26983@example.com,City 4
User 26984,user26984@example.com,City 5
User 26985,user26985@example.com,City 6
User 26986,user26986@example.com,City 7
User 26987,user26987@example.com,City 8
User 26988,user26988@example.com,City 9
User 26989,user26989@example.com,City 10
User 26990,user26990@example.com,City 1
User 26991,user26991@example.com,City 2
User 26992,user26992@example.com,City 3
User 26993,user26993@example.com,City 4
User 26994,user26994@example.com,City 5
User 26995,user26995@example.com,City 6
User 26996,user26996@example.com,City 7
User 26997,user26997@example.com,City 8
User 26998,user26998@example.com,City 9
User 26999,user26999@example.com,City 10
User 27000,user27000@example.com,City 1
User 27001,user27001@example.com,City 2
User 27002,user27002@example.com,City 3
User 27003,user27003@example.com,City 4
User 27004,user27004@example.com,City 5
User 27005,user27005@example.com,City 6
User 27006,user27006@example.com,City 7
User 27007,user27007@example.com,City 8
User 27008,user27008@example.com,City 9
User 27009,user27009@example.com,City 10
User 27010,user27010@example.com,City 1
User 27011,user27011@example.com,City 2
User 27012,user27012@example.com,City 3
User 27013,user27013@example.com,City 4
User 27014,user27014@example.com,City 5
User 27015,user27015@example.com,City 6
User 27016,user27016@example.com,City 7
User 27017,user27017@example.com,City 8
User 27018,user27018@example.com,City 9
User 27019,user27019@example.com,City 10
User 27020,user27020@example.com,City 1
User 27021,user27021@example.com,City 2
User 27022,user27022@example.com,City 3
User 27023,user27023@example.com,City 4
User 27024,user27024@example.com,City 5
User 27025,user27025@example.com,City 6
User 27026,user27026@example.com,City 7
User 27027,user27027@example.com,City 8
User 27028,user27028@example.com,City 9
User 27029,user27029@example.com,City 10
User 27030,user27030@example.com,City 1
User 27031,user27031@example.com,City 2
User 27032,user27032@example.com,City 3
User 27033,user27033@example.com,City 4
User 27034,user27034@example.com,City 5
User 27035,user27035@example.com,City 6
User 27036,user27036@example.com,City 7
User 27037,user27037@example.com,City 8
User 27038,user27038@example.com,City 9
User 27039,user27039@example.com,City 10
User 27040,user27040@example.com,City 1
User 27041,user27041@example.com,City 2
User 27042,user27042@example.com,City 3
User 27043,user27043@example.com,City 4
User 27044,user27044@example.com,City 5
User 27045,user27045@example.com,City 6
User 27046,user27046@example.com,City 7
User 27047,user27047@example.com,City 8
User 27048,user27048@example.com,City 9
User 27049,user27049@example.com,City 10
User 27050,user27050@example.com,City 1
User 27051,user27051@example.com,City 2
User 27052,user27052@example.com,City 3
User 27053,user27053@example.com,City 4
User 27054,user27054@example.com,City 5
User 27055,user27055@example.com,City 6
User 27056,user27056@example.com,City 7
User 27057,user27057@example.com,City 8
User 27058,user27058@example.com,City 9
User 27059,user27059@example.com,City 10
User 27060,user27060@example.com,City 1
User 27061,user27061@example.com,City 2
User 27062,user27062@example.com,City 3
User 27063,user27063@example.com,City 4
User 27064,user27064@example.com,City 5
User 27065,user27065@example.com,City 6
User 27066,user27066@example.com,City 7
User 27067,user27067@example.com,City 8
User 27068,user27068@example.com,City 9
User 27069,user27069@example.com,City 10
User 27070,user27070@example.com,City 1
User 27071,user27071@example.com,City 2
User 27072,user27072@example.com,City 3
User 27073,user27073@example.com,City 4
User 27074,user27074@example.com,City 5
User 27075,user27075@example.com,City 6
User 27076,user27076@example.com,City 7
User 27077,user27077@example.com,City 8
User 27078,user27078@example.com,City 9
User 27079,user27079@example.com,City 10
User 27080,user27080@example.com,City 1
User 27081,user27081@example.com,City 2
User 27082,user27082@example.com,City 3
User 27083,user27083@example.com,City 4
User 27084,user27084@example.com,City 5
User 27085,user27085@example.com,City 6
User 27086,user27086@example.com,City 7
User 27087,user27087@example.com,City 8
User 27088,user27088@example.com,City 9
User 27089,user27089@example.com,City 10
User 27090,user27090@example.com,City 1
User 27091,user27091@example.com,City 2
User 27092,user27092@example.com,City 3
User 27093,user27093@example.com,City 4
User 27094,user27094@example.com,City 5
User 27095,user27095@example.com,City 6
User 27096,user27096@example.com,City 7
User 27097,user27097@example.com,City 8
User 27098,user27098@example.com,City 9
User 27099,user27099@example.com,City 10
User 27100,user27100@example.com,City 1
User 27101,user27101@example.com,City 2
User 27102,user27102@example.com,City 3
User 27103,user27103@example.com,City 4
User 27104,user27104@example.com,City 5
User 27105,user27105@example.com,City 6
User 27106,user27106@example.com,City 7
User 27107,user27107@example.com,City 8
User 27108,user27108@example.com,City 9
User 27109,user27109@example.com,City 10
User 27110,user27110@example.com,City 1
User 27111,user27111@example.com,City 2
User 27112,user27112@example.com,City 3
User 27113,user27113@example.com,City 4
User 27114,user27114@example.com,City 5
User 27115,user27115@example.com,City 6
User 27116,user27116@example.com,City 7
User 27117,user27117@example.com,City 8
User 27118,user27118@example.com,City 9
User 27119,user27119@example.com,City 10
User 27120,user27120@example.com,City 1
User 27121,user27121@example.com,City 2
User 27122,user27122@example.com,City 3
User 27123,user27123@example.com,City 4
User 27124,user27124@example.com,City 5
User 27125,user27125@example.com,City 6
User 27126,user27126@example.com,City 7
User 27127,user27127@example.com,City 8
User 27128,user27128@example.com,City 9
User 27129,user27129@example.com,City 10
User 27130,user27130@example.com,City 1
User 27131,user27131@example.com,City 2
User 27132,user27132@example.com,City 3
User 27133,user27133@example.com,City 4
User 27134,user27134@example.com,City 5
User 27135,user27135@example.com,City 6
User 27136,user27136@example.com,City 7
User 27137,user27137@example.com,City 8
User 27138,user27138@example.com,City 9
User 27139,user27139@example.com,City 10
User 27140,user27140@example.com,City 1
User 27141,user27141@example.com,City 2
User 27142,user27142@example.com,City 3
User 27143,user27143@example.com,City 4
User 27144,user27144@example.com,City 5
User 27145,user27145@example.com,City 6
User 27146,user27146@example.com,City 7
User 27147,user27147@example.com,City 8
User 27148,user27148@example.com,City 9
User 27149,user27149@example.com,City 10
User 27150,user27150@example.com,City 1
User 27151,user27151@example.com,City 2
User 27152,user27152@example.com,City 3
User 27153,user27153@example.com,City 4
User 27154,user27154@example.com,City 5
User 27155,user27155@example.com,City 6
User 27156,user27156@example.com,City 7
User 27157,user27157@example.com,City 8
User 27158,user27158@example.com,City 9
User 27159,user27159@example.com,City 10
User 27160,user27160@example.com,City 1
User 27161,user27161@example.com,City 2
User 27162,user27162@example.com,City 3
User 27163,user27163@example.com,City 4
User 27164,user27164@example.com,City 5
User 27165,user27165@example.com,City 6
User 27166,user27166@example.com,City 7
User 27167,user27167@example.com,City 8
User 27168,user27168@example.com,City 9
User 27169,user27169@example.com,City 10
User 27170,user27170@example.com,City 1
User 27171,user27171@example.com,City 2
User 27172,user27172@example.com,City 3
User 27173,user27173@example.com,City 4
User 27174,user27174@example.com,City 5
User 27175,user27175@example.com,City 6
User 27176,user27176@example.com,City 7
User 27177,user27177@example.com,City 8
User 27178,user27178@example.com,City 9
User 27179,user27179@example.com,City 10
User 27180,user27180@example.com,City 1
User 27181,user27181@example.com,City 2
User 27182,user27182@example.com,City 3
User 27183,user27183@example.com,City 4
User 27184,user27184@example.com,City 5
User 27185,user27185@example.com,City 6
User 27186,user27186@example.com,City 7
User 27187,user27187@example.com,City 8
User 27188,user27188@example.com,City 9
User 27189,user27189@example.com,City 10
User 27190,user27190@example.com,City 1
User 27191,user27191@example.com,City 2
User 27192,user27192@example.com,City 3
User 27193,user27193@example.com,City 4
User 27194,user27194@example.com,City 5
User 27195,user27195@example.com,City 6
User 27196,user27196@example.com,City 7
User 27197,user27197@example.com,City 8
User 27198,user27198@example.com,City 9
User 27199,user27199@example.com,City 10
User 27200,user27200@example.com,City 1
User 27201,user27201@example.com,City 2
User 27202,user27202@example.com,City 3
User 27203,user27203@example.com,City 4
User 27204,user27204@example.com,City 5
User 27205,user27205@example.com,City 6
User 27206,user27206@example.com,City 7
User 27207,user27207@example.com,City 8
User 27208,user27208@example.com,City 9
User 27209,user27209@example.com,City 10
User 27210,user27210@example.com,City 1
User 27211,user27211@example.com,City 2
User 27212,user27212@example.com,City 3
User 27213,user27213@example.com,City 4
User 27214,user27214@example.com,City 5
User 27215,user27215@example.com,City 6
User 27216,user27216@example.com,City 7
User 27217,user27217@example.com,City 8
User 27218,user27218@example.com,City 9
User 27219,user27219@example.com,City 10
User 27220,user27220@example.com,City 1
User 27221,user27221@example.com,City 2
User 27222,user27222@example.com,City 3
User 27223,user27223@example.com,City 4
User 27224,user27224@example.com,City 5
User 27225,user27225@example.com,City 6
User 27226,user27226@example.com,City 7
User 27227,user27227@example.com,City 8
User 27228,user27228@example.com,City 9
User 27229,user27229@example.com,City 10
User 27230,user27230@example.com,City 1
User 27231,user27231@example.com,City 2
User 27232,user27232@example.com,City 3
User 27233,user27233@example.com,City 4
User 27234,user27234@example.com,City 5
User 27235,user27235@example.com,City 6
User 27236,user27236@example.com,City 7
User 27237,user27237@example.com,City 8
User 27238,user27238@example.com,City 9
User 27239,user27239@example.com,City 10
User 27240,user27240@example.com,City 1
User 27241,user27241@example.com,City 2
User 27242,user27242@example.com,City 3
User 27243,user27243@example.com,City 4
User 27244,user27244@example.com,City 5
User 27245,user27245@example.com,City 6
User 27246,user27246@example.com,City 7
User 27247,user27247@example.com,City 8
User 27248,user27248@example.com,City 9
User 27249,user27249@example.com,City 10
User 27250,user27250@example.com,City 1
User 27251,user27251@example.com,City 2
User 27252,user27252@example.com,City 3
User 27253,user27253@example.com,City 4
User 27254,user27254@example.com,City 5
User 27255,user27255@example.com,City 6
User 27256,user27256@example.com,City 7
User 27257,user27257@example.com,City 8
User 27258,user27258@example.com,City 9
User 27259,user27259@example.com,City 10
User 27260,user27260@example.com,City 1
User 27261,user27261@example.com,City 2
User 27262,user27262@example.com,City 3
User 27263,user27263@example.com,City 4
User 27264,user27264@example.com,City 5
User 27265,user27265@example.com,City 6
User 27266,user27266@example.com,City 7
User 27267,user27267@example.com,City 8
User 27268,user27268@example.com,City 9
User 27269,user27269@example.com,City 10
User 27270,user27270@example.com,City 1
User 27271,user27271@example.com,City 2
User 27272,user27272@example.com,City 3
User 27273,user27273@example.com,City 4
User 27274,user27274@example.com,City 5
User 27275,user27275@example.com,City 6
User 27276,user27276@example.com,City 7
User 27277,user27277@example.com,City 8
User 27278,user27278@example.com,City 9
User 27279,user27279@example.com,City 10
User 27280,user27280@example.com,City 1
User 27281,user27281@example.com,City 2
User 27282,user27282@example.com,City 3
User 27283,user27283@example.com,City 4
User 27284,user27284@example.com,City 5
User 27285,user27285@example.com,City 6
User 27286,user27286@example.com,City 7
User 27287,user27287@example.com,City 8
User 27288,user27288@example.com,City 9
User 27289,user27289@example.com,City 10
User 27290,user27290@example.com,City 1
User 27291,user27291@example.com,City 2
User 27292,user27292@example.com,City 3
User 27293,user27293@example.com,City 4
User 27294,user27294@example.com,City 5
User 27295,user27295@example.com,City 6
User 27296,user27296@example.com,City 7
User 27297,user27297@example.com,City 8
User 27298,user27298@example.com,City 9
User 27299,user27299@example.com,City 10
User 27300,user27300@example.com,City 1
User 27301,user27301@example.com,City 2
User 27302,user27302@example.com,City 3
User 27303,user27303@example.com,City 4
User 27304,user27304@example.com,City 5
User 27305,user27305@example.com,City 6
User 27306,user27306@example.com,City 7
User 27307,user27307@example.com,City 8
User 27308,user27308@example.com,City 9
User 27309,user27309@example.com,City 10
User 27310,user27310@example.com,City 1
User 27311,user27311@example.com,City 2
User 27312,user27312@example.com,City 3
User 27313,user27313@example.com,City 4
User 27314,user27314@example.com,City 5
User 27315,user27315@example.com,City 6
User 27316,user27316@example.com,City 7
User 27317,user27317@example.com,City 8
User 27318,user27318@example.com,City 9
User 27319,user27319@example.com,City 10
User 27320,user27320@example.com,City 1
User 27321,user27321@example.com,City 2
User 27322,user27322@example.com,City 3
User 27323,user27323@example.com,City 4
User 27324,user27324@example.com,City 5
User 27325,user27325@example.com,City 6
User 27326,user27326@example.com,City 7
User 27327,user27327@example.com,City 8
User 27328,user27328@example.com,City 9
User 27329,user27329@example.com,City 10
User 27330,user27330@example.com,City 1
User 27331,user27331@example.com,City 2
User 27332,user27332@example.com,City 3
User 27333,user27333@example.com,City 4
User 27334,user27334@example.com,City 5
User 27335,user27335@example.com,City 6
User 27336,user27336@example.com,City 7
User 27337,user27337@example.com,City 8
User 27338,user27338@example.com,City 9
User 27339,user27339@example.com,City 10
User 27340,user27340@example.com,City 1
User 27341,user27341@example.com,City 2
User 27342,user27342@example.com,City 3
User 27343,user27343@example.com,City 4
User 27344,user27344@example.com,City 5
User 27345,user27345@example.com,City 6
User 27346,user27346@example.com,City 7
User 27347,user27347@example.com,City 8
User 27348,user27348@example.com,City 9
User 27349,user27349@example.com,City 10
User 27350,user27350@example.com,City 1
User 27351,user27351@example.com,City 2
User 27352,user27352@example.com,City 3
User 27353,user27353@example.com,City 4
User 27354,user27354@example.com,City 5
User 27355,user27355@example.com,City 6
User 27356,user27356@example.com,City 7
User 27357,user27357@example.com,City 8
User 27358,user27358@example.com,City 9
User 27359,user27359@example.com,City 10
User 27360,user27360@example.com,City 1
User 27361,user27361@example.com,City 2
User 27362,user27362@example.com,City 3
User 27363,user27363@example.com,City 4
User 27364,user27364@example.com,City 5
User 27365,user27365@example.com,City 6
User 27366,user27366@example.com,City 7
User 27367,user27367@example.com,City 8
User 27368,user27368@example.com,City 9
User 27369,user27369@example.com,City 10
User 27370,user27370@example.com,City 1
User 27371,user27371@example.com,City 2
User 27372,user27372@example.com,City 3
User 27373,user27373@example.com,City 4
User 27374,user27374@example.com,City 5
User 27375,user27375@example.com,City 6
User 27376,user27376@example.com,City 7
User 27377,user27377@example.com,City 8
User 27378,user27378@example.com,City 9
User 27379,user27379@example.com,City 10
User 27380,user27380@example.com,City 1
User 27381,user27381@example.com,City 2
User 27382,user27382@example.com,City 3
User 27383,user27383@example.com,City 4
User 27384,user27384@example.com,City 5
User 27385,user27385@example.com,City 6
User 27386,user27386@example.com,City 7
User 27387,user27387@example.com,City 8
User 27388,user27388@example.com,City 9
User 27389,user27389@example.com,City 10
User 27390,user27390@example.com,City 1
User 27391,user27391@example.com,City 2
User 27392,user27392@example.com,City 3
User 27393,user27393@example.com,City 4
User 27394,user27394@example.com,City 5
User 27395,user27395@example.com,City 6
User 27396,user27396@example.com,City 7
User 27397,user27397@example.com,City 8
User 27398,user27398@example.com,City 9
User 27399,user27399@example.com,City 10
User 27400,user27400@example.com,City 1
User 27401,user27401@example.com,City 2
User 27402,user27402@example.com,City 3
User 27403,user27403@example.com,City 4
User 27404,user27404@example.com,City 5
User 27405,user27405@example.com,City 6
User 27406,user27406@example.com,City 7
User 27407,user27407@example.com,City 8
User 27408,user27408@example.com,City 9
User 27409,user27409@example.com,City 10
User 27410,user27410@example.com,City 1
User 27411,user27411@example.com,City 2
User 27412,user27412@example.com,City 3
User 27413,user27413@example.com,City 4
User 27414,user27414@example.com,City 5
User 27415,user27415@example.com,City 6
User 27416,user27416@example.com,City 7
User 27417,user27417@example.com,City 8
User 27418,user27418@example.com,City 9
User 27419,user27419@example.com,City 10
User 27420,user27420@example.com,City 1
User 27421,user27421@example.com,City 2
User 27422,user27422@example.com,City 3
User 27423,user27423@example.com,City 4
User 27424,user27424@example.com,City 5
User 27425,user27425@example.com,City 6
User 27426,user27426@example.com,City 7
User 27427,user27427@example.com,City 8
User 27428,user27428@example.com,City 9
User 27429,user27429@example.com,City 10
User 27430,user27430@example.com,City 1
User 27431,user27431@example.com,City 2
User 27432,user27432@example.com,City 3
User 27433,user27433@example.com,City 4
User 27434,user27434@example.com,City 5
User 27435,user27435@example.com,City 6
User 27436,user27436@example.com,City 7
User 27437,user27437@example.com,City 8
User 27438,user27438@example.com,City 9
User 27439,user27439@example.com,City 10
User 27440,user27440@example.com,City 1
User 27441,user27441@example.com,City 2
User 27442,user27442@example.com,City 3
User 27443,user27443@example.com,City 4
User 27444,user27444@example.com,City 5
User 27445,user27445@example.com,City 6
User 27446,user27446@example.com,City 7
User 27447,user27447@example.com,City 8
User 27448,user27448@example.com,City 9
User 27449,user27449@example.com,City 10
User 27450,user27450@example.com,City 1
User 27451,user27451@example.com,City 2
User 27452,user27452@example.com,City 3
User 27453,user27453@example.com,City 4
User 27454,user27454@example.com,City 5
User 27455,user27455@example.com,City 6
User 27456,user27456@example.com,City 7
User 27457,user27457@example.com,City 8
User 27458,user27458@example.com,City 9
User 27459,user27459@example.com,City 10
User 27460,user27460@example.com,City 1
User 27461,user27461@example.com,City 2
User 27462,user27462@example.com,City 3
User 27463,user27463@example.com,City 4
User 27464,user27464@example.com,City 5
User 27465,user27465@example.com,City 6
User 27466,user27466@example.com,City 7
User 27467,user27467@example.com,City 8
User 27468,user27468@example.com,City 9
User 27469,user27469@example.com,City 10
User 27470,user27470@example.com,City 1
User 27471,user27471@example.com,City 2
User 27472,user27472@example.com,City 3
User 27473,user27473@example.com,City 4
User 27474,user27474@example.com,City 5
User 27475,user27475@example.com,City 6
User 27476,user27476@example.com,City 7
User 27477,user27477@example.com,City 8
User 27478,user27478@example.com,City 9
User 27479,user27479@example.com,City 10
User 27480,user27480@example.com,City 1
User 27481,user27481@example.com,City 2
User 27482,user27482@example.com,City 3
User 27483,user27483@example.com,City 4
User 27484,user27484@example.com,City 5
User 27485,user27485@example.com,City 6
User 27486,user27486@example.com,City 7
User 27487,user27487@example.com,City 8
User 27488,user27488@example.com,City 9
User 27489,user27489@example.com,City 10
User 27490,user27490@example.com,City 1
User 27491,user27491@example.com,City 2
User 27492,user27492@example.com,City 3
User 27493,user27493@example.com,City 4
User 27494,user27494@example.com,City 5
User 27495,user27495@example.com,City 6
User 27496,user27496@example.com,City 7
User 27497,user27497@example.com,City 8
User 27498,user27498@example.com,City 9
User 27499,user27499@example.com,City 10
User 27500,user27500@example.com,City 1
User 27501,user27501@example.com,City 2
User 27502,user27502@example.com,City 3
User 27503,user27503@example.com,City 4
User 27504,user27504@example.com,City 5
User 27505,user27505@example.com,City 6
User 27506,user27506@example.com,City 7
User 27507,user27507@example.com,City 8
User 27508,user27508@example.com,City 9
User 27509,user27509@example.com,City 10
User 27510,user27510@example.com,City 1
User 27511,user27511@example.com,City 2
User 27512,user27512@example.com,City 3
User 27513,user27513@example.com,City 4
User 27514,user27514@example.com,City 5
User 27515,user27515@example.com,City 6
User 27516,user27516@example.com,City 7
User 27517,user27517@example.com,City 8
User 27518,user27518@example.com,City 9
User 27519,user27519@example.com,City 10
User 27520,user27520@example.com,City 1
User 27521,user27521@example.com,City 2
User 27522,user27522@example.com,City 3
User 27523,user27523@example.com,City 4
User 27524,user27524@example.com,City 5
User 27525,user27525@example.com,City 6
User 27526,user27526@example.com,City 7
User 27527,user27527@example.com,City 8
User 27528,user27528@example.com,City 9
User 27529,user27529@example.com,City 10
User 27530,user27530@example.com,City 1
User 27531,user27531@example.com,City 2
User 27532,user27532@example.com,City 3
User 27533,user27533@example.com,City 4
User 27534,user27534@example.com,City 5
User 27535,user27535@example.com,City 6
User 27536,user27536@example.com,City 7
User 27537,user27537@example.com,City 8
User 27538,user27538@example.com,City 9
User 27539,user27539@example.com,City 10
User 27540,user27540@example.com,City 1
User 27541,user27541@example.com,City 2
User 27542,user27542@example.com,City 3
User 27543,user27543@example.com,City 4
User 27544,user27544@example.com,City 5
User 27545,user27545@example.com,City 6
User 27546,user27546@example.com,City 7
User 27547,user27547@example.com,City 8
User 27548,user27548@example.com,City 9
User 27549,user27549@example.com,City 10
User 27550,user27550@example.com,City 1
User 27551,user27551@example.com,City 2
User 27552,user27552@example.com,City 3
User 27553,user27553@example.com,City 4
User 27554,user27554@example.com,City 5
User 27555,user27555@example.com,City 6
User 27556,user27556@example.com,City 7
User 27557,user27557@example.com,City 8
User 27558,user27558@example.com,City 9
User 27559,user27559@example.com,City 10
User 27560,user27560@example.com,City 1
User 27561,user27561@example.com,City 2
User 27562,user27562@example.com,City 3
User 27563,user27563@example.com,City 4
User 27564,user27564@example.com,City 5
User 27565,user27565@example.com,City 6
User 27566,user27566@example.com,City 7
User 27567,user27567@example.com,City 8
User 27568,user27568@example.com,City 9
User 27569,user27569@example.com,City 10
User 27570,user27570@example.com,City 1
User 27571,user27571@example.com,City 2
User 27572,user27572@example.com,City 3
User 27573,user27573@example.com,City 4
User 27574,user27574@example.com,City 5
User 27575,user27575@example.com,City 6
User 27576,user27576@example.com,City 7
User 27577,user27577@example.com,City 8
User 27578,user27578@example.com,City 9
User 27579,user27579@example.com,City 10
User 27580,user27580@example.com,City 1
User 27581,user27581@example.com,City 2
User 27582,user27582@example.com,City 3
User 27583,user27583@example.com,City 4
User 27584,user27584@example.com,City 5
User 27585,user27585@example.com,City 6
User 27586,user27586@example.com,City 7
User 27587,user27587@example.com,City 8
User 27588,user27588@example.com,City 9
User 27589,user27589@example.com,City 10
User 27590,user27590@example.com,City 1
User 27591,user27591@example.com,City 2
User 27592,user27592@example.com,City 3
User 27593,user27593@example.com,City 4
User 27594,user27594@example.com,City 5
User 27595,user27595@example.com,City 6
User 27596,user27596@example.com,City 7
User 27597,user27597@example.com,City 8
User 27598,user27598@example.com,City 9
User 27599,user27599@example.com,City 10
User 27600,user27600@example.com,City 1
User 27601,user27601@example.com,City 2
User 27602,user27602@example.com,City 3
User 27603,user27603@example.com,City 4
User 27604,user27604@example.com,City 5
User 27605,user27605@example.com,City 6
User 27606,user27606@example.com,City 7
User 27607,user27607@example.com,City 8
User 27608,user27608@example.com,City 9
User 27609,user27609@example.com,City 10
User 27610,user27610@example.com,City 1
User 27611,user27611@example.com,City 2
User 27612,user27612@example.com,City 3
User 27613,user27613@example.com,City 4
User 27614,user27614@example.com,City 5
User 27615,user27615@example.com,City 6
User 27616,user27616@example.com,City 7
User 27617,user27617@example.com,City 8
User 27618,user27618@example.com,City 9
User 27619,user27619@example.com,City 10
User 27620,user27620@example.com,City 1
User 27621,user27621@example.com,City 2
User 27622,user27622@example.com,City 3
User 27623,user27623@example.com,City 4
User 27624,user27624@example.com,City 5
User 27625,user27625@example.com,City 6
User 27626,user27626@example.com,City 7
User 27627,user27627@example.com,City 8
User 27628,user27628@example.com,City 9
User 27629,user27629@example.com,City 10
User 27630,user27630@example.com,City 1
User 27631,user27631@example.com,City 2
User 27632,user27632@example.com,City 3
User 27633,user27633@example.com,City 4
User 27634,user27634@example.com,City 5
User 27635,user27635@example.com,City 6
User 27636,user27636@example.com,City 7
User 27637,user27637@example.com,City 8
User 27638,user27638@example.com,City 9
User 27639,user27639@example.com,City 10
User 27640,user27640@example.com,City 1
User 27641,user27641@example.com,City 2
User 27642,user27642@example.com,City 3
User 27643,user27643@example.com,City 4
User 27644,user27644@example.com,City 5
User 27645,user27645@example.com,City 6
User 27646,user27646@example.com,City 7
User 27647,user27647@example.com,City 8
User 27648,user27648@example.com,City 9
User 27649,user27649@example.com,City 10
User 27650,user27650@example.com,City 1
User 27651,user27651@example.com,City 2
User 27652,user27652@example.com,City 3
User 27653,user27653@example.com,City 4
User 27654,user27654@example.com,City 5
User 27655,user27655@example.com,City 6
User 27656,user27656@example.com,City 7
User 27657,user27657@example.com,City 8
User 27658,user27658@example.com,City 9
User 27659,user27659@example.com,City 10
User 27660,user27660@example.com,City 1
User 27661,user27661@example.com,City 2
User 27662,user27662@example.com,City 3
User 27663,user27663@example.com,City 4
User 27664,user27664@example.com,City 5
User 27665,user27665@example.com,City 6
User 27666,user27666@example.com,City 7
User 27667,user27667@example.com,City 8
User 27668,user27668@example.com,City 9
User 27669,user27669@example.com,City 10
User 27670,user27670@example.com,City 1
User 27671,user27671@example.com,City 2
User 27672,user27672@example.com,City 3
User 27673,user27673@example.com,City 4
User 27674,user27674@example.com,City 5
User 27675,user27675@example.com,City 6
User 27676,user27676@example.com,City 7
User 27677,user27677@example.com,City 8
User 27678,user27678@example.com,City 9
User 27679,user27679@example.com,City 10
User 27680,user27680@example.com,City 1
User 27681,user27681@example.com,City 2
User 27682,user27682@example.com,City 3
User 27683,user27683@example.com,City 4
User 27684,user27684@example.com,City 5
User 27685,user27685@example.com,City 6
User 27686,user27686@example.com,City 7
User 27687,user27687@example.com,City 8
User 27688,user27688@example.com,City 9
User 27689,user27689@example.com,City 10
User 27690,user27690@example.com,City 1
User 27691,user27691@example.com,City 2
User 27692,user27692@example.com,City 3
User 27693,user27693@example.com,City 4
User 27694,user27694@example.com,City 5
User 27695,user27695@example.com,City 6
User 27696,user27696@example.com,City 7
User 27697,user27697@example.com,City 8
User 27698,user27698@example.com,City 9
User 27699,user27699@example.com,City 10
User 27700,user27700@example.com,City 1
User 27701,user27701@example.com,City 2
User 27702,user27702@example.com,City 3
User 27703,user27703@example.com,City 4
User 27704,user27704@example.com,City 5
User 27705,user27705@example.com,City 6
User 27706,user27706@example.com,City 7
User 27707,user27707@example.com,City 8
User 27708,user27708@example.com,City 9
User 27709,user27709@example.com,City 10
User 27710,user27710@example.com,City 1
User 27711,user27711@example.com,City 2
User 27712,user27712@example.com,City 3
User 27713,user27713@example.com,City 4
User 27714,user27714@example.com,City 5
User 27715,user27715@example.com,City 6
User 27716,user27716@example.com,City 7
User 27717,user27717@example.com,City 8
User 27718,user27718@example.com,City 9
User 27719,user27719@example.com,City 10
User 27720,user27720@example.com,City 1
User 27721,user27721@example.com,City 2
User 27722,user27722@example.com,City 3
User 27723,user27723@example.com,City 4
User 27724,user27724@example.com,City 5
User 27725,user27725@example.com,City 6
User 27726,user27726@example.com,City 7
User 27727,user27727@example.com,City 8
User 27728,user27728@example.com,City 9
User 27729,user27729@example.com,City 10
User 27730,user27730@example.com,City 1
User 27731,user27731@example.com,City 2
User 27732,user27732@example.com,City 3
User 27733,user27733@example.com,City 4
User 27734,user27734@example.com,City 5
User 27735,user27735@example.com,City 6
User 27736,user27736@example.com,City 7
User 27737,user27737@example.com,City 8
User 27738,user27738@example.com,City 9
User 27739,user27739@example.com,City 10
User 27740,user27740@example.com,City 1
User 27741,user27741@example.com,City 2
User 27742,user27742@example.com,City 3
User 27743,user27743@example.com,City 4
User 27744,user27744@example.com,City 5
User 27745,user27745@example.com,City 6
User 27746,user27746@example.com,City 7
User 27747,user27747@example.com,City 8
User 27748,user27748@example.com,City 9
User 27749,user27749@example.com,City 10
User 27750,user27750@example.com,City 1
User 27751,user27751@example.com,City 2
User 27752,user27752@example.com,City 3
User 27753,user27753@example.com,City 4
User 27754,user27754@example.com,City 5
User 27755,user27755@example.com,City 6
User 27756,user27756@example.com,City 7
User 27757,user27757@example.com,City 8
User 27758,user27758@example.com,City 9
User 27759,user27759@example.com,City 10
User 27760,user27760@example.com,City 1
User 27761,user27761@example.com,City 2
User 27762,user27762@example.com,City 3
User 27763,user27763@example.com,City 4
User 27764,user27764@example.com,City 5
User 27765,user27765@example.com,City 6
User 27766,user27766@example.com,City 7
User 27767,user27767@example.com,City 8
User 27768,user27768@example.com,City 9
User 27769,user27769@example.com,City 10
User 27770,user27770@example.com,City 1
User 27771,user27771@example.com,City 2
User 27772,user27772@example.com,City 3
User 27773,user27773@example.com,City 4
User 27774,user27774@example.com,City 5
User 27775,user27775@example.com,City 6
User 27776,user27776@example.com,City 7
User 27777,user27777@example.com,City 8
User 27778,user27778@example.com,City 9
User 27779,user27779@example.com,City 10
User 27780,user27780@example.com,City 1
User 27781,user27781@example.com,City 2
User 27782,user27782@example.com,City 3
User 27783,user27783@example.com,City 4
User 27784,user27784@example.com,City 5
User 27785,user27785@example.com,City 6
User 27786,user27786@example.com,City 7
User 27787,user27787@example.com,City 8
User 27788,user27788@example.com,City 9
User 27789,user27789@example.com,City 10
User 27790,user27790@example.com,City 1
User 27791,user27791@example.com,City 2
User 27792,user27792@example.com,City 3
User 27793,user27793@example.com,City 4
User 27794,user27794@example.com,City 5
User 27795,user27795@example.com,City 6
User 27796,user27796@example.com,City 7
User 27797,user27797@example.com,City 8
User 27798,user27798@example.com,City 9
User 27799,user27799@example.com,City 10
User 27800,user27800@example.com,City 1
User 27801,user27801@example.com,City 2
User 27802,user27802@example.com,City 3
User 27803,user27803@example.com,City 4
User 27804,user27804@example.com,City 5
User 27805,user27805@example.com,City 6
User 27806,user27806@example.com,City 7
User 27807,user27807@example.com,City 8
User 27808,user27808@example.com,City 9
User 27809,user27809@example.com,City 10
User 27810,user27810@example.com,City 1
User 27811,user27811@example.com,City 2
User 27812,user27812@example.com,City 3
User 27813,user27813@example.com,City 4
User 27814,user27814@example.com,City 5
User 27815,user27815@example.com,City 6
User 27816,user27816@example.com,City 7
User 27817,user27817@example.com,City 8
User 27818,user27818@example.com,City 9
User 27819,user27819@example.com,City 10
User 27820,user27820@example.com,City 1
User 27821,user27821@example.com,City 2
User 27822,user27822@example.com,City 3
User 27823,user27823@example.com,City 4
User 27824,user27824@example.com,City 5
User 27825,user27825@example.com,City 6
User 27826,user27826@example.com,City 7
User 27827,user27827@example.com,City 8
User 27828,user27828@example.com,City 9
User 27829,user27829@example.com,City 10
User 27830,user27830@example.com,City 1
User 27831,user27831@example.com,City 2
User 27832,user27832@example.com,City 3
User 27833,user27833@example.com,City 4
User 27834,user27834@example.com,City 5
User 27835,user27835@example.com,City 6
User 27836,user27836@example.com,City 7
User 27837,user27837@example.com,City 8
User 27838,user27838@example.com,City 9
User 27839,user27839@example.com,City 10
User 27840,user27840@example.com,City 1
User 27841,user27841@example.com,City 2
User 27842,user27842@example.com,City 3
User 27843,user27843@example.com,City 4
User 27844,user27844@example.com,City 5
User 27845,user27845@example.com,City 6
User 27846,user27846@example.com,City 7
User 27847,user27847@example.com,City 8
User 27848,user27848@example.com,City 9
User 27849,user27849@example.com,City 10
User 27850,user27850@example.com,City 1
User 27851,user27851@example.com,City 2
User 27852,user27852@example.com,City 3
User 27853,user27853@example.com,City 4
User 27854,user27854@example.com,City 5
User 27855,user27855@example.com,City 6
User 27856,user27856@example.com,City 7
User 27857,user27857@example.com,City 8
User 27858,user27858@example.com,City 9
User 27859,user27859@example.com,City 10
User 27860,user27860@example.com,City 1
User 27861,user27861@example.com,City 2
User 27862,user27862@example.com,City 3
User 27863,user27863@example.com,City 4
User 27864,user27864@example.com,City 5
User 27865,user27865@example.com,City 6
User 27866,user27866@example.com,City 7
User 27867,user27867@example.com,City 8
User 27868,user27868@example.com,City 9
User 27869,user27869@example.com,City 10
User 27870,user27870@example.com,City 1
User 27871,user27871@example.com,City 2
User 27872,user27872@example.com,City 3
User 27873,user27873@example.com,City 4
User 27874,user27874@example.com,City 5
User 27875,user27875@example.com,City 6
User 27876,user27876@example.com,City 7
User 27877,user27877@example.com,City 8
User 27878,user27878@example.com,City 9
User 27879,user27879@example.com,City 10
User 27880,user27880@example.com,City 1
User 27881,user27881@example.com,City 2
User 27882,user27882@example.com,City 3
User 27883,user27883@example.com,City 4
User 27884,user27884@example.com,City 5
User 27885,user27885@example.com,City 6
User 27886,user27886@example.com,City 7
User 27887,user27887@example.com,City 8
User 27888,user27888@example.com,City 9
User 27889,user27889@example.com,City 10
User 27890,user27890@example.com,City 1
User 27891,user27891@example.com,City 2
User 27892,user27892@example.com,City 3
User 27893,user27893@example.com,City 4
User 27894,user27894@example.com,City 5
User 27895,user27895@example.com,City 6
User 27896,user27896@example.com,City 7
User 27897,user27897@example.com,City 8
User 27898,user27898@example.com,City 9
User 27899,user27899@example.com,City 10
User 27900,user27900@example.com,City 1
User 27901,user27901@example.com,City 2
User 27902,user27902@example.com,City 3
User 27903,user27903@example.com,City 4
User 27904,user27904@example.com,City 5
User 27905,user27905@example.com,City 6
User 27906,user27906@example.com,City 7
User 27907,user27907@example.com,City 8
User 27908,user27908@example.com,City 9
User 27909,user27909@example.com,City 10
User 27910,user27910@example.com,City 1
User 27911,user27911@example.com,City 2
User 27912,user27912@example.com,City 3
User 27913,user27913@example.com,City 4
User 27914,user27914@example.com,City 5
User 27915,user27915@example.com,City 6
User 27916,user27916@example.com,City 7
User 27917,user27917@example.com,City 8
User 27918,user27918@example.com,City 9
User 27919,user27919@example.com,City 10
User 27920,user27920@example.com,City 1
User 27921,user27921@example.com,City 2
User 27922,user27922@example.com,City 3
User 27923,user27923@example.com,City 4
User 27924,user27924@example.com,City 5
User 27925,user27925@example.com,City 6
User 27926,user27926@example.com,City 7
User 27927,user27927@example.com,City 8
User 27928,user27928@example.com,City 9
User 27929,user27929@example.com,City 10
User 27930,user27930@example.com,City 1
User 27931,user27931@example.com,City 2
User 27932,user27932@example.com,City 3
User 27933,user27933@example.com,City 4
User 27934,user27934@example.com,City 5
User 27935,user27935@example.com,City 6
User 27936,user27936@example.com,City 7
User 27937,user27937@example.com,City 8
User 27938,user27938@example.com,City 9
User 27939,user27939@example.com,City 10
User 27940,user27940@example.com,City 1
User 27941,user27941@example.com,City 2
User 27942,user27942@example.com,City 3
User 27943,user27943@example.com,City 4
User 27944,user27944@example.com,City 5
User 27945,user27945@example.com,City 6
User 27946,user27946@example.com,City 7
User 27947,user27947@example.com,City 8
User 27948,user27948@example.com,City 9
User 27949,user27949@example.com,City 10
User 27950,user27950@example.com,City 1
User 27951,user27951@example.com,City 2
User 27952,user27952@example.com,City 3
User 27953,user27953@example.com,City 4
User 27954,user27954@example.com,City 5
User 27955,user27955@example.com,City 6
User 27956,user27956@example.com,City 7
User 27957,user27957@example.com,City 8
User 27958,user27958@example.com,City 9
User 27959,user27959@example.com,City 10
User 27960,user27960@example.com,City 1
User 27961,user27961@example.com,City 2
User 27962,user27962@example.com,City 3
User 27963,user27963@example.com,City 4
User 27964,user27964@example.com,City 5
User 27965,user27965@example.com,City 6
User 27966,user27966@example.com,City 7
User 27967,user27967@example.com,City 8
User 27968,user27968@example.com,City 9
User 27969,user27969@example.com,City 10
User 27970,user27970@example.com,City 1
User 27971,user27971@example.com,City 2
User 27972,user27972@example.com,City 3
User 27973,user27973@example.com,City 4
User 27974,user27974@example.com,City 5
User 27975,user27975@example.com,City 6
User 27976,user27976@example.com,City 7
User 27977,user27977@example.com,City 8
User 27978,user27978@example.com,City 9
User 27979,user27979@example.com,City 10
User 27980,user27980@example.com,City 1
User 27981,user27981@example.com,City 2
User 27982,user27982@example.com,City 3
User 27983,user27983@example.com,City 4
User 27984,user27984@example.com,City 5
User 27985,user27985@example.com,City 6
User 27986,user27986@example.com,City 7
User 27987,user27987@example.com,City 8
User 27988,user27988@example.com,City 9
User 27989,user27989@example.com,City 10
User 27990,user27990@example.com,City 1
User 27991,user27991@example.com,City 2
User 27992,user27992@example.com,City 3
User 27993,user27993@example.com,City 4
User 27994,user27994@example.com,City 5
User 27995,user27995@example.com,City 6
User 27996,user27996@example.com,City 7
User 27997,user27997@example.com,City 8
User 27998,user27998@example.com,City 9
User 27999,user27999@example.com,City 10
User 28000,user28000@example.com,City 1
User 28001,user28001@example.com,City 2
User 28002,user28002@example.com,City 3
User 28003,user28003@example.com,City 4
User 28004,user28004@example.com,City 5
User 28005,user28005@example.com,City 6
User 28006,user28006@example.com,City 7
User 28007,user28007@example.com,City 8
User 28008,user28008@example.com,City 9
User 28009,user28009@example.com,City 10
User 28010,user28010@example.com,City 1
User 28011,user28011@example.com,City 2
User 28012,user28012@example.com,City 3
User 28013,user28013@example.com,City 4
User 28014,user28014@example.com,City 5
User 28015,user28015@example.com,City 6
User 28016,user28016@example.com,City 7
User 28017,user28017@example.com,City 8
User 28018,user28018@example.com,City 9
User 28019,user28019@example.com,City 10
User 28020,user28020@example.com,City 1
User 28021,user28021@example.com,City 2
User 28022,user28022@example.com,City 3
User 28023,user28023@example.com,City 4
User 28024,user28024@example.com,City 5
User 28025,user28025@example.com,City 6
User 28026,user28026@example.com,City 7
User 28027,user28027@example.com,City 8
User 28028,user28028@example.com,City 9
User 28029,user28029@example.com,City 10
User 28030,user28030@example.com,City 1
User 28031,user28031@example.com,City 2
User 28032,user28032@example.com,City 3
User 28033,user28033@example.com,City 4
User 28034,user28034@example.com,City 5
User 28035,user28035@example.com,City 6
User 28036,user28036@example.com,City 7
User 28037,user28037@example.com,City 8
User 28038,user28038@example.com,City 9
User 28039,user28039@example.com,City 10
User 28040,user28040@example.com,City 1
User 28041,user28041@example.com,City 2
User 28042,user28042@example.com,City 3
User 28043,user28043@example.com,City 4
User 28044,user28044@example.com,City 5
User 28045,user28045@example.com,City 6
User 28046,user28046@example.com,City 7
User 28047,user28047@example.com,City 8
User 28048,user28048@example.com,City 9
User 28049,user28049@example.com,City 10
User 28050,user28050@example.com,City 1
User 28051,user28051@example.com,City 2
User 28052,user28052@example.com,City 3
User 28053,user28053@example.com,City 4
User 28054,user28054@example.com,City 5
User 28055,user28055@example.com,City 6
User 28056,user28056@example.com,City 7
User 28057,user28057@example.com,City 8
User 28058,user28058@example.com,City 9
User 28059,user28059@example.com,City 10
User 28060,user28060@example.com,City 1
User 28061,user28061@example.com,City 2
User 28062,user28062@example.com,City 3
User 28063,user28063@example.com,City 4
User 28064,user28064@example.com,City 5
User 28065,user28065@example.com,City 6
User 28066,user28066@example.com,City 7
User 28067,user28067@example.com,City 8
User 28068,user28068@example.com,City 9
User 28069,user28069@example.com,City 10
User 28070,user28070@example.com,City 1
User 28071,user28071@example.com,City 2
User 28072,user28072@example.com,City 3
User 28073,user28073@example.com,City 4
User 28074,user28074@example.com,City 5
User 28075,user28075@example.com,City 6
User 28076,user28076@example.com,City 7
User 28077,user28077@example.com,City 8
User 28078,user28078@example.com,City 9
User 28079,user28079@example.com,City 10
User 28080,user28080@example.com,City 1
User 28081,user28081@example.com,City 2
User 28082,user28082@example.com,City 3
User 28083,user28083@example.com,City 4
User 28084,user28084@example.com,City 5
User 28085,user28085@example.com,City 6
User 28086,user28086@example.com,City 7
User 28087,user28087@example.com,City 8
User 28088,user28088@example.com,City 9
User 28089,user28089@example.com,City 10
User 28090,user28090@example.com,City 1
User 28091,user28091@example.com,City 2
User 28092,user28092@example.com,City 3
User 28093,user28093@example.com,City 4
User 28094,user28094@example.com,City 5
User 28095,user28095@example.com,City 6
User 28096,user28096@example.com,City 7
User 28097,user28097@example.com,City 8
User 28098,user28098@example.com,City 9
User 28099,user28099@example.com,City 10
User 28100,user28100@example.com,City 1
User 28101,user28101@example.com,City 2
User 28102,user28102@example.com,City 3
User 28103,user28103@example.com,City 4
User 28104,user28104@example.com,City 5
User 28105,user28105@example.com,City 6
User 28106,user28106@example.com,City 7
User 28107,user28107@example.com,City 8
User 28108,user28108@example.com,City 9
User 28109,user28109@example.com,City 10
User 28110,user28110@example.com,City 1
User 28111,user28111@example.com,City 2
User 28112,user28112@example.com,City 3
User 28113,user28113@example.com,City 4
User 28114,user28114@example.com,City 5
User 28115,user28115@example.com,City 6
User 28116,user28116@example.com,City 7
User 28117,user28117@example.com,City 8
User 28118,user28118@example.com,City 9
User 28119,user28119@example.com,City 10
User 28120,user28120@example.com,City 1
User 28121,user28121@example.com,City 2
User 28122,user28122@example.com,City 3
User 28123,user28123@example.com,City 4
User 28124,user28124@example.com,City 5
User 28125,user28125@example.com,City 6
User 28126,user28126@example.com,City 7
User 28127,user28127@example.com,City 8
User 28128,user28128@example.com,City 9
User 28129,user28129@example.com,City 10
User 28130,user28130@example.com,City 1
User 28131,user28131@example.com,City 2
User 28132,user28132@example.com,City 3
User 28133,user28133@example.com,City 4
User 28134,user28134@example.com,City 5
User 28135,user28135@example.com,City 6
User 28136,user28136@example.com,City 7
User 28137,user28137@example.com,City 8
User 28138,user28138@example.com,City 9
User 28139,user28139@example.com,City 10
User 28140,user28140@example.com,City 1
User 28141,user28141@example.com,City 2
User 28142,user28142@example.com,City 3
User 28143,user28143@example.com,City 4
User 28144,user28144@example.com,City 5
User 28145,user28145@example.com,City 6
User 28146,user28146@example.com,City 7
User 28147,user28147@example.com,City 8
User 28148,user28148@example.com,City 9
User 28149,user28149@example.com,City 10
User 28150,user28150@example.com,City 1
User 28151,user28151@example.com,City 2
User 28152,user28152@example.com,City 3
User 28153,user28153@example.com,City 4
User 28154,user28154@example.com,City 5
User 28155,user28155@example.com,City 6
User 28156,user28156@example.com,City 7
User 28157,user28157@example.com,City 8
User 28158,user28158@example.com,City 9
User 28159,user28159@example.com,City 10
User 28160,user28160@example.com,City 1
User 28161,user28161@example.com,City 2
User 28162,user28162@example.com,City 3
User 28163,user28163@example.com,City 4
User 28164,user28164@example.com,City 5
User 28165,user28165@example.com,City 6
User 28166,user28166@example.com,City 7
User 28167,user28167@example.com,City 8
User 28168,user28168@example.com,City 9
User 28169,user28169@example.com,City 10
User 28170,user28170@example.com,City 1
User 28171,user28171@example.com,City 2
User 28172,user28172@example.com,City 3
User 28173,user28173@example.com,City 4
User 28174,user28174@example.com,City 5
User 28175,user28175@example.com,City 6
User 28176,user28176@example.com,City 7
User 28177,user28177@example.com,City 8
User 28178,user28178@example.com,City 9
User 28179,user28179@example.com,City 10
User 28180,user28180@example.com,City 1
User 28181,user28181@example.com,City 2
User 28182,user28182@example.com,City 3
User 28183,user28183@example.com,City 4
User 28184,user28184@example.com,City 5
User 28185,user28185@example.com,City 6
User 28186,user28186@example.com,City 7
User 28187,user28187@example.com,City 8
User 28188,user28188@example.com,City 9
User 28189,user28189@example.com,City 10
User 28190,user28190@example.com,City 1
User 28191,user28191@example.com,City 2
User 28192,user28192@example.com,City 3
User 28193,user28193@example.com,City 4
User 28194,user28194@example.com,City 5
User 28195,user28195@example.com,City 6
User 28196,user28196@example.com,City 7
User 28197,user28197@example.com,City 8
User 28198,user28198@example.com,City 9
User 28199,user28199@example.com,City 10
User 28200,user28200@example.com,City 1
User 28201,user28201@example.com,City 2
User 28202,user28202@example.com,City 3
User 28203,user28203@example.com,City 4
User 28204,user28204@example.com,City 5
User 28205,user28205@example.com,City 6
User 28206,user28206@example.com,City 7
User 28207,user28207@example.com,City 8
User 28208,user28208@example.com,City 9
User 28209,user28209@example.com,City 10
User 28210,user28210@example.com,City 1
User 28211,user28211@example.com,City 2
User 28212,user28212@example.com,City 3
User 28213,user28213@example.com,City 4
User 28214,user28214@example.com,City 5
User 28215,user28215@example.com,City 6
User 28216,user28216@example.com,City 7
User 28217,user28217@example.com,City 8
User 28218,user28218@example.com,City 9
User 28219,user28219@example.com,City 10
User 28220,user28220@example.com,City 1
User 28221,user28221@example.com,City 2
User 28222,user28222@example.com,City 3
User 28223,user28223@example.com,City 4
User 28224,user28224@example.com,City 5
User 28225,user28225@example.com,City 6
User 28226,user28226@example.com,City 7
User 28227,user28227@example.com,City 8
User 28228,user28228@example.com,City 9
User 28229,user28229@example.com,City 10
User 28230,user28230@example.com,City 1
User 28231,user28231@example.com,City 2
User 28232,user28232@example.com,City 3
User 28233,user28233@example.com,City 4
User 28234,user28234@example.com,City 5
User 28235,user28235@example.com,City 6
User 28236,user28236@example.com,City 7
User 28237,user28237@example.com,City 8
User 28238,user28238@example.com,City 9
User 28239,user28239@example.com,City 10
User 28240,user28240@example.com,City 1
User 28241,user28241@example.com,City 2
User 28242,user28242@example.com,City 3
User 28243,user28243@example.com,City 4
User 28244,user28244@example.com,City 5
User 28245,user28245@example.com,City 6
User 28246,user28246@example.com,City 7
User 28247,user28247@example.com,City 8
User 28248,user28248@example.com,City 9
User 28249,user28249@example.com,City 10
User 28250,user28250@example.com,City 1
User 28251,user28251@example.com,City 2
User 28252,user28252@example.com,City 3
User 28253,user28253@example.com,City 4
User 28254,user28254@example.com,City 5
User 28255,user28255@example.com,City 6
User 28256,user28256@example.com,City 7
User 28257,user28257@example.com,City 8
User 28258,user28258@example.com,City 9
User 28259,user28259@example.com,City 10
User 28260,user28260@example.com,City 1
User 28261,user28261@example.com,City 2
User 28262,user28262@example.com,City 3
User 28263,user28263@example.com,City 4
User 28264,user28264@example.com,City 5
User 28265,user28265@example.com,City 6
User 28266,user28266@example.com,City 7
User 28267,user28267@example.com,City 8
User 28268,user28268@example.com,City 9
User 28269,user28269@example.com,City 10
User 28270,user28270@example.com,City 1
User 28271,user28271@example.com,City 2
User 28272,user28272@example.com,City 3
User 28273,user28273@example.com,City 4
User 28274,user28274@example.com,City 5
User 28275,user28275@example.com,City 6
User 28276,user28276@example.com,City 7
User 28277,user28277@example.com,City 8
User 28278,user28278@example.com,City 9
User 28279,user28279@example.com,City 10
User 28280,user28280@example.com,City 1
User 28281,user28281@example.com,City 2
User 28282,user28282@example.com,City 3
User 28283,user28283@example.com,City 4
User 28284,user28284@example.com,City 5
User 28285,user28285@example.com,City 6
User 28286,user28286@example.com,City 7
User 28287,user28287@example.com,City 8
User 28288,user28288@example.com,City 9
User 28289,user28289@example.com,City 10
User 28290,user28290@example.com,City 1
User 28291,user28291@example.com,City 2
User 28292,user28292@example.com,City 3
User 28293,user28293@example.com,City 4
User 28294,user28294@example.com,City 5
User 28295,user28295@example.com,City 6
User 28296,user28296@example.com,City 7
User 28297,user28297@example.com,City 8
User 28298,user28298@example.com,City 9
User 28299,user28299@example.com,City 10
User 28300,user28300@example.com,City 1
User 28301,user28301@example.com,City 2
User 28302,user28302@example.com,City 3
User 28303,user28303@example.com,City 4
User 28304,user28304@example.com,City 5
User 28305,user28305@example.com,City 6
User 28306,user28306@example.com,City 7
User 28307,user28307@example.com,City 8
User 28308,user28308@example.com,City 9
User 28309,user28309@example.com,City 10
User 28310,user28310@example.com,City 1
User 28311,user28311@example.com,City 2
User 28312,user28312@example.com,City 3
User 28313,user28313@example.com,City 4
User 28314,user28314@example.com,City 5
User 28315,user28315@example.com,City 6
User 28316,user28316@example.com,City 7
User 28317,user28317@example.com,City 8
User 28318,user28318@example.com,City 9
User 28319,user28319@example.com,City 10
User 28320,user28320@example.com,City 1
User 28321,user28321@example.com,City 2
User 28322,user28322@example.com,City 3
User 28323,user28323@example.com,City 4
User 28324,user28324@example.com,City 5
User 28325,user28325@example.com,City 6
User 28326,user28326@example.com,City 7
User 28327,user28327@example.com,City 8
User 28328,user28328@example.com,City 9
User 28329,user28329@example.com,City 10
User 28330,user28330@example.com,City 1
User 28331,user28331@example.com,City 2
User 28332,user28332@example.com,City 3
User 28333,user28333@example.com,City 4
User 28334,user28334@example.com,City 5
User 28335,user28335@example.com,City 6
User 28336,user28336@example.com,City 7
User 28337,user28337@example.com,City 8
User 28338,user28338@example.com,City 9
User 28339,user28339@example.com,City 10
User 28340,user28340@example.com,City 1
User 28341,user28341@example.com,City 2
User 28342,user28342@example.com,City 3
User 28343,user28343@example.com,City 4
User 28344,user28344@example.com,City 5
User 28345,user28345@example.com,City 6
User 28346,user28346@example.com,City 7
User 28347,user28347@example.com,City 8
User 28348,user28348@example.com,City 9
User 28349,user28349@example.com,City 10
User 28350,user28350@example.com,City 1
User 28351,user28351@example.com,City 2
User 28352,user28352@example.com,City 3
User 28353,user28353@example.com,City 4
User 28354,user28354@example.com,City 5
User 28355,user28355@example.com,City 6
User 28356,user28356@example.com,City 7
User 28357,user28357@example.com,City 8
User 28358,user28358@example.com,City 9
User 28359,user28359@example.com,City 10
User 28360,user28360@example.com,City 1
User 28361,user28361@example.com,City 2
User 28362,user28362@example.com,City 3
User 28363,user28363@example.com,City 4
User 28364,user28364@example.com,City 5
User 28365,user28365@example.com,City 6
User 28366,user28366@example.com,City 7
User 28367,user28367@example.com,City 8
User 28368,user28368@example.com,City 9
User 28369,user28369@example.com,City 10
User 28370,user28370@example.com,City 1
User 28371,user28371@example.com,City 2
User 28372,user28372@example.com,City 3
User 28373,user28373@example.com,City 4
User 28374,user28374@example.com,City 5
User 28375,user28375@example.com,City 6
User 28376,user28376@example.com,City 7
User 28377,user28377@example.com,City 8
User 28378,user28378@example.com,City 9
User 28379,user28379@example.com,City 10
User 28380,user28380@example.com,City 1
User 28381,user28381@example.com,City 2
User 28382,user28382@example.com,City 3
User 28383,user28383@example.com,City 4
User 28384,user28384@example.com,City 5
User 28385,user28385@example.com,City 6
User 28386,user28386@example.com,City 7
User 28387,user28387@example.com,City 8
User 28388,user28388@example.com,City 9
User 28389,user28389@example.com,City 10
User 28390,user28390@example.com,City 1
User 28391,user28391@example.com,City 2
User 28392,user28392@example.com,City 3
User 28393,user28393@example.com,City 4
User 28394,user28394@example.com,City 5
User 28395,user28395@example.com,City 6
User 28396,user28396@example.com,City 7
User 28397,user28397@example.com,City 8
User 28398,user28398@example.com,City 9
User 28399,user28399@example.com,City 10
User 28400,user28400@example.com,City 1
User 28401,user28401@example.com,City 2
User 28402,user28402@example.com,City 3
User 28403,user28403@example.com,City 4
User 28404,user28404@example.com,City 5
User 28405,user28405@example.com,City 6
User 28406,user28406@example.com,City 7
User 28407,user28407@example.com,City 8
User 28408,user28408@example.com,City 9
User 28409,user28409@example.com,City 10
User 28410,user28410@example.com,City 1
User 28411,user28411@example.com,City 2
User 28412,user28412@example.com,City 3
User 28413,user28413@example.com,City 4
User 28414,user28414@example.com,City 5
User 28415,user28415@example.com,City 6
User 28416,user28416@example.com,City 7
User 28417,user28417@example.com,City 8
User 28418,user28418@example.com,City 9
User 28419,user28419@example.com,City 10
User 28420,user28420@example.com,City 1
User 28421,user28421@example.com,City 2
User 28422,user28422@example.com,City 3
User 28423,user28423@example.com,City 4
User 28424,user28424@example.com,City 5
User 28425,user28425@example.com,City 6
User 28426,user28426@example.com,City 7
User 28427,user28427@example.com,City 8
User 28428,user28428@example.com,City 9
User 28429,user28429@example.com,City 10
User 28430,user28430@example.com,City 1
User 28431,user28431@example.com,City 2
User 28432,user28432@example.com,City 3
User 28433,user28433@example.com,City 4
User 28434,user28434@example.com,City 5
User 28435,user28435@example.com,City 6
User 28436,user28436@example.com,City 7
User 28437,user28437@example.com,City 8
User 28438,user28438@example.com,City 9
User 28439,user28439@example.com,City 10
User 28440,user28440@example.com,City 1
User 28441,user28441@example.com,City 2
User 28442,user28442@example.com,City 3
User 28443,user28443@example.com,City 4
User 28444,user28444@example.com,City 5
User 28445,user28445@example.com,City 6
User 28446,user28446@example.com,City 7
User 28447,user28447@example.com,City 8
User 28448,user28448@example.com,City 9
User 28449,user28449@example.com,City 10
User 28450,user28450@example.com,City 1
User 28451,user28451@example.com,City 2
User 28452,user28452@example.com,City 3
User 28453,user28453@example.com,City 4
User 28454,user28454@example.com,City 5
User 28455,user28455@example.com,City 6
User 28456,user28456@example.com,City 7
User 28457,user28457@example.com,City 8
User 28458,user28458@example.com,City 9
User 28459,user28459@example.com,City 10
User 28460,user28460@example.com,City 1
User 28461,user28461@example.com,City 2
User 28462,user28462@example.com,City 3
User 28463,user28463@example.com,City 4
User 28464,user28464@example.com,City 5
User 28465,user28465@example.com,City 6
User 28466,user28466@example.com,City 7
User 28467,user28467@example.com,City 8
User 28468,user28468@example.com,City 9
User 28469,user28469@example.com,City 10
User 28470,user28470@example.com,City 1
User 28471,user28471@example.com,City 2
User 28472,user28472@example.com,City 3
User 28473,user28473@example.com,City 4
User 28474,user28474@example.com,City 5
User 28475,user28475@example.com,City 6
User 28476,user28476@example.com,City 7
User 28477,user28477@example.com,City 8
User 28478,user28478@example.com,City 9
User 28479,user28479@example.com,City 10
User 28480,user28480@example.com,City 1
User 28481,user28481@example.com,City 2
User 28482,user28482@example.com,City 3
User 28483,user28483@example.com,City 4
User 28484,user28484@example.com,City 5
User 28485,user28485@example.com,City 6
User 28486,user28486@example.com,City 7
User 28487,user28487@example.com,City 8
User 28488,user28488@example.com,City 9
User 28489,user28489@example.com,City 10
User 28490,user28490@example.com,City 1
User 28491,user28491@example.com,City 2
User 28492,user28492@example.com,City 3
User 28493,user28493@example.com,City 4
User 28494,user28494@example.com,City 5
User 28495,user28495@example.com,City 6
User 28496,user28496@example.com,City 7
User 28497,user28497@example.com,City 8
User 28498,user28498@example.com,City 9
User 28499,user28499@example.com,City 10
User 28500,user28500@example.com,City 1
User 28501,user28501@example.com,City 2
User 28502,user28502@example.com,City 3
User 28503,user28503@example.com,City 4
User 28504,user28504@example.com,City 5
User 28505,user28505@example.com,City 6
User 28506,user28506@example.com,City 7
User 28507,user28507@example.com,City 8
User 28508,user28508@example.com,City 9
User 28509,user28509@example.com,City 10
User 28510,user28510@example.com,City 1
User 28511,user28511@example.com,City 2
User 28512,user28512@example.com,City 3
User 28513,user28513@example.com,City 4
User 28514,user28514@example.com,City 5
User 28515,user28515@example.com,City 6
User 28516,user28516@example.com,City 7
User 28517,user28517@example.com,City 8
User 28518,user28518@example.com,City 9
User 28519,user28519@example.com,City 10
User 28520,user28520@example.com,City 1
User 28521,user28521@example.com,City 2
User 28522,user28522@example.com,City 3
User 28523,user28523@example.com,City 4
User 28524,user28524@example.com,City 5
User 28525,user28525@example.com,City 6
User 28526,user28526@example.com,City 7
User 28527,user28527@example.com,City 8
User 28528,user28528@example.com,City 9
User 28529,user28529@example.com,City 10
User 28530,user28530@example.com,City 1
User 28531,user28531@example.com,City 2
User 28532,user28532@example.com,City 3
User 28533,user28533@example.com,City 4
User 28534,user28534@example.com,City 5
User 28535,user28535@example.com,City 6
User 28536,user28536@example.com,City 7
User 28537,user28537@example.com,City 8
User 28538,user28538@example.com,City 9
User 28539,user28539@example.com,City 10
User 28540,user28540@example.com,City 1
User 28541,user28541@example.com,City 2
User 28542,user28542@example.com,City 3
User 28543,user28543@example.com,City 4
User 28544,user28544@example.com,City 5
User 28545,user28545@example.com,City 6
User 28546,user28546@example.com,City 7
User 28547,user28547@example.com,City 8
User 28548,user28548@example.com,City 9
User 28549,user28549@example.com,City 10
User 28550,user28550@example.com,City 1
User 28551,user28551@example.com,City 2
User 28552,user28552@example.com,City 3
User 28553,user28553@example.com,City 4
User 28554,user28554@example.com,City 5
User 28555,user28555@example.com,City 6
User 28556,user28556@example.com,City 7
User 28557,user28557@example.com,City 8
User 28558,user28558@example.com,City 9
User 28559,user28559@example.com,City 10
User 28560,user28560@example.com,City 1
User 28561,user28561@example.com,City 2
User 28562,user28562@example.com,City 3
User 28563,user28563@example.com,City 4
User 28564,user28564@example.com,City 5
User 28565,user28565@example.com,City 6
User 28566,user28566@example.com,City 7
User 28567,user28567@example.com,City 8
User 28568,user28568@example.com,City 9
User 28569,user28569@example.com,City 10
User 28570,user28570@example.com,City 1
User 28571,user28571@example.com,City 2
User 28572,user28572@example.com,City 3
User 28573,user28573@example.com,City 4
User 28574,user28574@example.com,City 5
User 28575,user28575@example.com,City 6
User 28576,user28576@example.com,City 7
User 28577,user28577@example.com,City 8
User 28578,user28578@example.com,City 9
User 28579,user28579@example.com,City 10
User 28580,user28580@example.com,City 1
User 28581,user28581@example.com,City 2
User 28582,user28582@example.com,City 3
User 28583,user28583@example.com,City 4
User 28584,user28584@example.com,City 5
User 28585,user28585@example.com,City 6
User 28586,user28586@example.com,City 7
User 28587,user28587@example.com,City 8
User 28588,user28588@example.com,City 9
User 28589,user28589@example.com,City 10
User 28590,user28590@example.com,City 1
User 28591,user28591@example.com,City 2
User 28592,user28592@example.com,City 3
User 28593,user28593@example.com,City 4
User 28594,user28594@example.com,City 5
User 28595,user28595@example.com,City 6
User 28596,user28596@example.com,City 7
User 28597,user28597@example.com,City 8
User 28598,user28598@example.com,City 9
User 28599,user28599@example.com,City 10
User 28600,user28600@example.com,City 1
User 28601,user28601@example.com,City 2
User 28602,user28602@example.com,City 3
User 28603,user28603@example.com,City 4
User 28604,user28604@example.com,City 5
User 28605,user28605@example.com,City 6
User 28606,user28606@example.com,City 7
User 28607,user28607@example.com,City 8
User 28608,user28608@example.com,City 9
User 28609,user28609@example.com,City 10
User 28610,user28610@example.com,City 1
User 28611,user28611@example.com,City 2
User 28612,user28612@example.com,City 3
User 28613,user28613@example.com,City 4
User 28614,user28614@example.com,City 5
User 28615,user28615@example.com,City 6
User 28616,user28616@example.com,City 7
User 28617,user28617@example.com,City 8
User 28618,user28618@example.com,City 9
User 28619,user28619@example.com,City 10
User 28620,user28620@example.com,City 1
User 28621,user28621@example.com,City 2
User 28622,user28622@example.com,City 3
User 28623,user28623@example.com,City 4
User 28624,user28624@example.com,City 5
User 28625,user28625@example.com,City 6
User 28626,user28626@example.com,City 7
User 28627,user28627@example.com,City 8
User 28628,user28628@example.com,City 9
User 28629,user28629@example.com,City 10
User 28630,user28630@example.com,City 1
User 28631,user28631@example.com,City 2
User 28632,user28632@example.com,City 3
User 28633,user28633@example.com,City 4
User 28634,user28634@example.com,City 5
User 28635,user28635@example.com,City 6
User 28636,user28636@example.com,City 7
User 28637,user28637@example.com,City 8
User 28638,user28638@example.com,City 9
User 28639,user28639@example.com,City 10
User 28640,user28640@example.com,City 1
User 28641,user28641@example.com,City 2
User 28642,user28642@example.com,City 3
User 28643,user28643@example.com,City 4
User 28644,user28644@example.com,City 5
User 28645,user28645@example.com,City 6
User 28646,user28646@example.com,City 7
User 28647,user28647@example.com,City 8
User 28648,user28648@example.com,City 9
User 28649,user28649@example.com,City 10
User 28650,user28650@example.com,City 1
User 28651,user28651@example.com,City 2
User 28652,user28652@example.com,City 3
User 28653,user28653@example.com,City 4
User 28654,user28654@example.com,City 5
User 28655,user28655@example.com,City 6
User 28656,user28656@example.com,City 7
User 28657,user28657@example.com,City 8
User 28658,user28658@example.com,City 9
User 28659,user28659@example.com,City 10
User 28660,user28660@example.com,City 1
User 28661,user28661@example.com,City 2
User 28662,user28662@example.com,City 3
User 28663,user28663@example.com,City 4
User 28664,user28664@example.com,City 5
User 28665,user28665@example.com,City 6
User 28666,user28666@example.com,City 7
User 28667,user28667@example.com,City 8
User 28668,user28668@example.com,City 9
User 28669,user28669@example.com,City 10
User 28670,user28670@example.com,City 1
User 28671,user28671@example.com,City 2
User 28672,user28672@example.com,City 3
User 28673,user28673@example.com,City 4
User 28674,user28674@example.com,City 5
User 28675,user28675@example.com,City 6
User 28676,user28676@example.com,City 7
User 28677,user28677@example.com,City 8
User 28678,user28678@example.com,City 9
User 28679,user28679@example.com,City 10
User 28680,user28680@example.com,City 1
User 28681,user28681@example.com,City 2
User 28682,user28682@example.com,City 3
User 28683,user28683@example.com,City 4
User 28684,user28684@example.com,City 5
User 28685,user28685@example.com,City 6
User 28686,user28686@example.com,City 7
User 28687,user28687@example.com,City 8
User 28688,user28688@example.com,City 9
User 28689,user28689@example.com,City 10
User 28690,user28690@example.com,City 1
User 28691,user28691@example.com,City 2
User 28692,user28692@example.com,City 3
User 28693,user28693@example.com,City 4
User 28694,user28694@example.com,City 5
User 28695,user28695@example.com,City 6
User 28696,user28696@example.com,City 7
User 28697,user28697@example.com,City 8
User 28698,user28698@example.com,City 9
User 28699,user28699@example.com,City 10
User 28700,user28700@example.com,City 1
User 28701,user28701@example.com,City 2
User 28702,user28702@example.com,City 3
User 28703,user28703@example.com,City 4
User 28704,user28704@example.com,City 5
User 28705,user28705@example.com,City 6
User 28706,user28706@example.com,City 7
User 28707,user28707@example.com,City 8
User 28708,user28708@example.com,City 9
User 28709,user28709@example.com,City 10
User 28710,user28710@example.com,City 1
User 28711,user28711@example.com,City 2
User 28712,user28712@example.com,City 3
User 28713,user28713@example.com,City 4
User 28714,user28714@example.com,City 5
User 28715,user28715@example.com,City 6
User 28716,user28716@example.com,City 7
User 28717,user28717@example.com,City 8
User 28718,user28718@example.com,City 9
User 28719,user28719@example.com,City 10
User 28720,user28720@example.com,City 1
User 28721,user28721@example.com,City 2
User 28722,user28722@example.com,City 3
User 28723,user28723@example.com,City 4
User 28724,user28724@example.com,City 5
User 28725,user28725@example.com,City 6
User 28726,user28726@example.com,City 7
User 28727,user28727@example.com,City 8
User 28728,user28728@example.com,City 9
User 28729,user28729@example.com,City 10
User 28730,user28730@example.com,City 1
User 28731,user28731@example.com,City 2
User 28732,user28732@example.com,City 3
User 28733,user28733@example.com,City 4
User 28734,user28734@example.com,City 5
User 28735,user28735@example.com,City 6
User 28736,user28736@example.com,City 7
User 28737,user28737@example.com,City 8
User 28738,user28738@example.com,City 9
User 28739,user28739@example.com,City 10
User 28740,user28740@example.com,City 1
User 28741,user28741@example.com,City 2
User 28742,user28742@example.com,City 3
User 28743,user28743@example.com,City 4
User 28744,user28744@example.com,City 5
User 28745,user28745@example.com,City 6
User 28746,user28746@example.com,City 7
User 28747,user28747@example.com,City 8
User 28748,user28748@example.com,City 9
User 28749,user28749@example.com,City 10
User 28750,user28750@example.com,City 1
User 28751,user28751@example.com,City 2
User 28752,user28752@example.com,City 3
User 28753,user28753@example.com,City 4
User 28754,user28754@example.com,City 5
User 28755,user28755@example.com,City 6
User 28756,user28756@example.com,City 7
User 28757,user28757@example.com,City 8
User 28758,user28758@example.com,City 9
User 28759,user28759@example.com,City 10
User 28760,user28760@example.com,City 1
User 28761,user28761@example.com,City 2
User 28762,user28762@example.com,City 3
User 28763,user28763@example.com,City 4
User 28764,user28764@example.com,City 5
User 28765,user28765@example.com,City 6
User 28766,user28766@example.com,City 7
User 28767,user28767@example.com,City 8
User 28768,user28768@example.com,City 9
User 28769,user28769@example.com,City 10
User 28770,user28770@example.com,City 1
User 28771,user28771@example.com,City 2
User 28772,user28772@example.com,City 3
User 28773,user28773@example.com,City 4
User 28774,user28774@example.com,City 5
User 28775,user28775@example.com,City 6
User 28776,user28776@example.com,City 7
User 28777,user28777@example.com,City 8
User 28778,user28778@example.com,City 9
User 28779,user28779@example.com,City 10
User 28780,user28780@example.com,City 1
User 28781,user28781@example.com,City 2
User 28782,user28782@example.com,City 3
User 28783,user28783@example.com,City 4
User 28784,user28784@example.com,City 5
User 28785,user28785@example.com,City 6
User 28786,user28786@example.com,City 7
User 28787,user28787@example.com,City 8
User 28788,user28788@example.com,City 9
User 28789,user28789@example.com,City 10
User 28790,user28790@example.com,City 1
User 28791,user28791@example.com,City 2
User 28792,user28792@example.com,City 3
User 28793,user28793@example.com,City 4
User 28794,user28794@example.com,City 5
User 28795,user28795@example.com,City 6
User 28796,user28796@example.com,City 7
User 28797,user28797@example.com,City 8
User 28798,user28798@example.com,City 9
User 28799,user28799@example.com,City 10
User 28800,user28800@example.com,City 1
User 28801,user28801@example.com,City 2
User 28802,user28802@example.com,City 3
User 28803,user28803@example.com,City 4
User 28804,user28804@example.com,City 5
User 28805,user28805@example.com,City 6
User 28806,user28806@example.com,City 7
User 28807,user28807@example.com,City 8
User 28808,user28808@example.com,City 9
User 28809,user28809@example.com,City 10
User 28810,user28810@example.com,City 1
User 28811,user28811@example.com,City 2
User 28812,user28812@example.com,City 3
User 28813,user28813@example.com,City 4
User 28814,user28814@example.com,City 5
User 28815,user28815@example.com,City 6
User 28816,user28816@example.com,City 7
User 28817,user28817@example.com,City 8
User 28818,user28818@example.com,City 9
User 28819,user28819@example.com,City 10
User 28820,user28820@example.com,City 1
User 28821,user28821@example.com,City 2
User 28822,user28822@example.com,City 3
User 28823,user28823@example.com,City 4
User 28824,user28824@example.com,City 5
User 28825,user28825@example.com,City 6
User 28826,user28826@example.com,City 7
User 28827,user28827@example.com,City 8
User 28828,user28828@example.com,City 9
User 28829,user28829@example.com,City 10
User 28830,user28830@example.com,City 1
User 28831,user28831@example.com,City 2
User 28832,user28832@example.com,City 3
User 28833,user28833@example.com,City 4
User 28834,user28834@example.com,City 5
User 28835,user28835@example.com,City 6
User 28836,user28836@example.com,City 7
User 28837,user28837@example.com,City 8
User 28838,user28838@example.com,City 9
User 28839,user28839@example.com,City 10
User 28840,user28840@example.com,City 1
User 28841,user28841@example.com,City 2
User 28842,user28842@example.com,City 3
User 28843,user28843@example.com,City 4
User 28844,user28844@example.com,City 5
User 28845,user28845@example.com,City 6
User 28846,user28846@example.com,City 7
User 28847,user28847@example.com,City 8
User 28848,user28848@example.com,City 9
User 28849,user28849@example.com,City 10
User 28850,user28850@example.com,City 1
User 28851,user28851@example.com,City 2
User 28852,user28852@example.com,City 3
User 28853,user28853@example.com,City 4
User 28854,user28854@example.com,City 5
User 28855,user28855@example.com,City 6
User 28856,user28856@example.com,City 7
User 28857,user28857@example.com,City 8
User 28858,user28858@example.com,City 9
User 28859,user28859@example.com,City 10
User 28860,user28860@example.com,City 1
User 28861,user28861@example.com,City 2
User 28862,user28862@example.com,City 3
User 28863,user28863@example.com,City 4
User 28864,user28864@example.com,City 5
User 28865,user28865@example.com,City 6
User 28866,user28866@example.com,City 7
User 28867,user28867@example.com,City 8
User 28868,user28868@example.com,City 9
User 28869,user28869@example.com,City 10
User 28870,user28870@example.com,City 1
User 28871,user28871@example.com,City 2
User 28872,user28872@example.com,City 3
User 28873,user28873@example.com,City 4
User 28874,user28874@example.com,City 5
User 28875,user28875@example.com,City 6
User 28876,user28876@example.com,City 7
User 28877,user28877@example.com,City 8
User 28878,user28878@example.com,City 9
User 28879,user28879@example.com,City 10
User 28880,user28880@example.com,City 1
User 28881,user28881@example.com,City 2
User 28882,user28882@example.com,City 3
User 28883,user28883@example.com,City 4
User 28884,user28884@example.com,City 5
User 28885,user28885@example.com,City 6
User 28886,user28886@example.com,City 7
User 28887,user28887@example.com,City 8
User 28888,user28888@example.com,City 9
User 28889,user28889@example.com,City 10
User 28890,user28890@example.com,City 1
User 28891,user28891@example.com,City 2
User 28892,user28892@example.com,City 3
User 28893,user28893@example.com,City 4
User 28894,user28894@example.com,City 5
User 28895,user28895@example.com,City 6
User 28896,user28896@example.com,City 7
User 28897,user28897@example.com,City 8
User 28898,user28898@example.com,City 9
User 28899,user28899@example.com,City 10
User 28900,user28900@example.com,City 1
User 28901,user28901@example.com,City 2
User 28902,user28902@example.com,City 3
User 28903,user28903@example.com,City 4
User 28904,user28904@example.com,City 5
User 28905,user28905@example.com,City 6
User 28906,user28906@example.com,City 7
User 28907,user28907@example.com,City 8
User 28908,user28908@example.com,City 9
User 28909,user28909@example.com,City 10
User 28910,user28910@example.com,City 1
User 28911,user28911@example.com,City 2
User 28912,user28912@example.com,City 3
User 28913,user28913@example.com,City 4
User 28914,user28914@example.com,City 5
User 28915,user28915@example.com,City 6
User 28916,user28916@example.com,City 7
User 28917,user28917@example.com,City 8
User 28918,user28918@example.com,City 9
User 28919,user28919@example.com,City 10
User 28920,user28920@example.com,City 1
User 28921,user28921@example.com,City 2
User 28922,user28922@example.com,City 3
User 28923,user28923@example.com,City 4
User 28924,user28924@example.com,City 5
User 28925,user28925@example.com,City 6
User 28926,user28926@example.com,City 7
User 28927,user28927@example.com,City 8
User 28928,user28928@example.com,City 9
User 28929,user28929@example.com,City 10
User 28930,user28930@example.com,City 1
User 28931,user28931@example.com,City 2
User 28932,user28932@example.com,City 3
User 28933,user28933@example.com,City 4
User 28934,user28934@example.com,City 5
User 28935,user28935@example.com,City 6
User 28936,user28936@example.com,City 7
User 28937,user28937@example.com,City 8
User 28938,user28938@example.com,City 9
User 28939,user28939@example.com,City 10
User 28940,user28940@example.com,City 1
User 28941,user28941@example.com,City 2
User 28942,user28942@example.com,City 3
User 28943,user28943@example.com,City 4
User 28944,user28944@example.com,City 5
User 28945,user28945@example.com,City 6
User 28946,user28946@example.com,City 7
User 28947,user28947@example.com,City 8
User 28948,user28948@example.com,City 9
User 28949,user28949@example.com,City 10
User 28950,user28950@example.com,City 1
User 28951,user28951@example.com,City 2
User 28952,user28952@example.com,City 3
User 28953,user28953@example.com,City 4
User 28954,user28954@example.com,City 5
User 28955,user28955@example.com,City 6
User 28956,user28956@example.com,City 7
User 28957,user28957@example.com,City 8
User 28958,user28958@example.com,City 9
User 28959,user28959@example.com,City 10
User 28960,user28960@example.com,City 1
User 28961,user28961@example.com,City 2
User 28962,user28962@example.com,City 3
User 28963,user28963@example.com,City 4
User 28964,user28964@example.com,City 5
User 28965,user28965@example.com,City 6
User 28966,user28966@example.com,City 7
User 28967,user28967@example.com,City 8
User 28968,user28968@example.com,City 9
User 28969,user28969@example.com,City 10
User 28970,user28970@example.com,City 1
User 28971,user28971@example.com,City 2
User 28972,user28972@example.com,City 3
User 28973,user28973@example.com,City 4
User 28974,user28974@example.com,City 5
User 28975,user28975@example.com,City 6
User 28976,user28976@example.com,City 7
User 28977,user28977@example.com,City 8
User 28978,user28978@example.com,City 9
User 28979,user28979@example.com,City 10
User 28980,user28980@example.com,City 1
User 28981,user28981@example.com,City 2
User 28982,user28982@example.com,City 3
User 28983,user28983@example.com,City 4
User 28984,user28984@example.com,City 5
User 28985,user28985@example.com,City 6
User 28986,user28986@example.com,City 7
User 28987,user28987@example.com,City 8
User 28988,user28988@example.com,City 9
User 28989,user28989@example.com,City 10
User 28990,user28990@example.com,City 1
User 28991,user28991@example.com,City 2
User 28992,user28992@example.com,City 3
User 28993,user28993@example.com,City 4
User 28994,user28994@example.com,City 5
User 28995,user28995@example.com,City 6
User 28996,user28996@example.com,City 7
User 28997,user28997@example.com,City 8
User 28998,user28998@example.com,City 9
User 28999,user28999@example.com,City 10
User 29000,user29000@example.com,City 1
User 29001,user29001@example.com,City 2
User 29002,user29002@example.com,City 3
User 29003,user29003@example.com,City 4
User 29004,user29004@example.com,City 5
User 29005,user29005@example.com,City 6
User 29006,user29006@example.com,City 7
User 29007,user29007@example.com,City 8
User 29008,user29008@example.com,City 9
User 29009,user29009@example.com,City 10
User 29010,user29010@example.com,City 1
User 29011,user29011@example.com,City 2
User 29012,user29012@example.com,City 3
User 29013,user29013@example.com,City 4
User 29014,user29014@example.com,City 5
User 29015,user29015@example.com,City 6
User 29016,user29016@example.com,City 7
User 29017,user29017@example.com,City 8
User 29018,user29018@example.com,City 9
User 29019,user29019@example.com,City 10
User 29020,user29020@example.com,City 1
User 29021,user29021@example.com,City 2
User 29022,user29022@example.com,City 3
User 29023,user29023@example.com,City 4
User 29024,user29024@example.com,City 5
User 29025,user29025@example.com,City 6
User 29026,user29026@example.com,City 7
User 29027,user29027@example.com,City 8
User 29028,user29028@example.com,City 9
User 29029,user29029@example.com,City 10
User 29030,user29030@example.com,City 1
User 29031,user29031@example.com,City 2
User 29032,user29032@example.com,City 3
User 29033,user29033@example.com,City 4
User 29034,user29034@example.com,City 5
User 29035,user29035@example.com,City 6
User 29036,user29036@example.com,City 7
User 29037,user29037@example.com,City 8
User 29038,user29038@example.com,City 9
User 29039,user29039@example.com,City 10
User 29040,user29040@example.com,City 1
User 29041,user29041@example.com,City 2
User 29042,user29042@example.com,City 3
User 29043,user29043@example.com,City 4
User 29044,user29044@example.com,City 5
User 29045,user29045@example.com,City 6
User 29046,user29046@example.com,City 7
User 29047,user29047@example.com,City 8
User 29048,user29048@example.com,City 9
User 29049,user29049@example.com,City 10
User 29050,user29050@example.com,City 1
User 29051,user29051@example.com,City 2
User 29052,user29052@example.com,City 3
User 29053,user29053@example.com,City 4
User 29054,user29054@example.com,City 5
User 29055,user29055@example.com,City 6
User 29056,user29056@example.com,City 7
User 29057,user29057@example.com,City 8
User 29058,user29058@example.com,City 9
User 29059,user29059@example.com,City 10
User 29060,user29060@example.com,City 1
User 29061,user29061@example.com,City 2
User 29062,user29062@example.com,City 3
User 29063,user29063@example.com,City 4
User 29064,user29064@example.com,City 5
User 29065,user29065@example.com,City 6
User 29066,user29066@example.com,City 7
User 29067,user29067@example.com,City 8
User 29068,user29068@example.com,City 9
User 29069,user29069@example.com,City 10
User 29070,user29070@example.com,City 1
User 29071,user29071@example.com,City 2
User 29072,user29072@example.com,City 3
User 29073,user29073@example.com,City 4
User 29074,user29074@example.com,City 5
User 29075,user29075@example.com,City 6
User 29076,user29076@example.com,City 7
User 29077,user29077@example.com,City 8
User 29078,user29078@example.com,City 9
User 29079,user29079@example.com,City 10
User 29080,user29080@example.com,City 1
User 29081,user29081@example.com,City 2
User 29082,user29082@example.com,City 3
User 29083,user29083@example.com,City 4
User 29084,user29084@example.com,City 5
User 29085,user29085@example.com,City 6
User 29086,user29086@example.com,City 7
User 29087,user29087@example.com,City 8
User 29088,user29088@example.com,City 9
User 29089,user29089@example.com,City 10
User 29090,user29090@example.com,City 1
User 29091,user29091@example.com,City 2
User 29092,user29092@example.com,City 3
User 29093,user29093@example.com,City 4
User 29094,user29094@example.com,City 5
User 29095,user29095@example.com,City 6
User 29096,user29096@example.com,City 7
User 29097,user29097@example.com,City 8
User 29098,user29098@example.com,City 9
User 29099,user29099@example.com,City 10
User 29100,user29100@example.com,City 1
User 29101,user29101@example.com,City 2
User 29102,user29102@example.com,City 3
User 29103,user29103@example.com,City 4
User 29104,user29104@example.com,City 5
User 29105,user29105@example.com,City 6
User 29106,user29106@example.com,City 7
User 29107,user29107@example.com,City 8
User 29108,user29108@example.com,City 9
User 29109,user29109@example.com,City 10
User 29110,user29110@example.com,City 1
User 29111,user29111@example.com,City 2
User 29112,user29112@example.com,City 3
User 29113,user29113@example.com,City 4
User 29114,user29114@example.com,City 5
User 29115,user29115@example.com,City 6
User 29116,user29116@example.com,City 7
User 29117,user29117@example.com,City 8
User 29118,user29118@example.com,City 9
User 29119,user29119@example.com,City 10
User 29120,user29120@example.com,City 1
User 29121,user29121@example.com,City 2
User 29122,user29122@example.com,City 3
User 29123,user29123@example.com,City 4
User 29124,user29124@example.com,City 5
User 29125,user29125@example.com,City 6
User 29126,user29126@example.com,City 7
User 29127,user29127@example.com,City 8
User 29128,user29128@example.com,City 9
User 29129,user29129@example.com,City 10
User 29130,user29130@example.com,City 1
User 29131,user29131@example.com,City 2
User 29132,user29132@example.com,City 3
User 29133,user29133@example.com,City 4
User 29134,user29134@example.com,City 5
User 29135,user29135@example.com,City 6
User 29136,user29136@example.com,City 7
User 29137,user29137@example.com,City 8
User 29138,user29138@example.com,City 9
User 29139,user29139@example.com,City 10
User 29140,user29140@example.com,City 1
User 29141,user29141@example.com,City 2
User 29142,user29142@example.com,City 3
User 29143,user29143@example.com,City 4
User 29144,user29144@example.com,City 5
User 29145,user29145@example.com,City 6
User 29146,user29146@example.com,City 7
User 29147,user29147@example.com,City 8
User 29148,user29148@example.com,City 9
User 29149,user29149@example.com,City 10
User 29150,user29150@example.com,City 1
User 29151,user29151@example.com,City 2
User 29152,user29152@example.com,City 3
User 29153,user29153@example.com,City 4
User 29154,user29154@example.com,City 5
User 29155,user29155@example.com,City 6
User 29156,user29156@example.com,City 7
User 29157,user29157@example.com,City 8
User 29158,user29158@example.com,City 9
User 29159,user29159@example.com,City 10
User 29160,user29160@example.com,City 1
User 29161,user29161@example.com,City 2
User 29162,user29162@example.com,City 3
User 29163,user29163@example.com,City 4
User 29164,user29164@example.com,City 5
User 29165,user29165@example.com,City 6
User 29166,user29166@example.com,City 7
User 29167,user29167@example.com,City 8
User 29168,user29168@example.com,City 9
User 29169,user29169@example.com,City 10
User 29170,user29170@example.com,City 1
User 29171,user29171@example.com,City 2
User 29172,user29172@example.com,City 3
User 29173,user29173@example.com,City 4
User 29174,user29174@example.com,City 5
User 29175,user29175@example.com,City 6
User 29176,user29176@example.com,City 7
User 29177,user29177@example.com,City 8
User 29178,user29178@example.com,City 9
User 29179,user29179@example.com,City 10
User 29180,user29180@example.com,City 1
User 29181,user29181@example.com,City 2
User 29182,user29182@example.com,City 3
User 29183,user29183@example.com,City 4
User 29184,user29184@example.com,City 5
User 29185,user29185@example.com,City 6
User 29186,user29186@example.com,City 7
User 29187,user29187@example.com,City 8
User 29188,user29188@example.com,City 9
User 29189,user29189@example.com,City 10
User 29190,user29190@example.com,City 1
User 29191,user29191@example.com,City 2
User 29192,user29192@example.com,City 3
User 29193,user29193@example.com,City 4
User 29194,user29194@example.com,City 5
User 29195,user29195@example.com,City 6
User 29196,user29196@example.com,City 7
User 29197,user29197@example.com,City 8
User 29198,user29198@example.com,City 9
User 29199,user29199@example.com,City 10
User 29200,user29200@example.com,City 1
User 29201,user29201@example.com,City 2
User 29202,user29202@example.com,City 3
User 29203,user29203@example.com,City 4
User 29204,user29204@example.com,City 5
User 29205,user29205@example.com,City 6
User 29206,user29206@example.com,City 7
User 29207,user29207@example.com,City 8
User 29208,user29208@example.com,City 9
User 29209,user29209@example.com,City 10
User 29210,user29210@example.com,City 1
User 29211,user29211@example.com,City 2
User 29212,user29212@example.com,City 3
User 29213,user29213@example.com,City 4
User 29214,user29214@example.com,City 5
User 29215,user29215@example.com,City 6
User 29216,user29216@example.com,City 7
User 29217,user29217@example.com,City 8
User 29218,user29218@example.com,City 9
User 29219,user29219@example.com,City 10
User 29220,user29220@example.com,City 1
User 29221,user29221@example.com,City 2
User 29222,user29222@example.com,City 3
User 29223,user29223@example.com,City 4
User 29224,user29224@example.com,City 5
User 29225,user29225@example.com,City 6
User 29226,user29226@example.com,City 7
User 29227,user29227@example.com,City 8
User 29228,user29228@example.com,City 9
User 29229,user29229@example.com,City 10
User 29230,user29230@example.com,City 1
User 29231,user29231@example.com,City 2
User 29232,user29232@example.com,City 3
User 29233,user29233@example.com,City 4
User 29234,user29234@example.com,City 5
User 29235,user29235@example.com,City 6
User 29236,user29236@example.com,City 7
User 29237,user29237@example.com,City 8
User 29238,user29238@example.com,City 9
User 29239,user29239@example.com,City 10
User 29240,user29240@example.com,City 1
User 29241,user29241@example.com,City 2
User 29242,user29242@example.com,City 3
User 29243,user29243@example.com,City 4
User 29244,user29244@example.com,City 5
User 29245,user29245@example.com,City 6
User 29246,user29246@example.com,City 7
User 29247,user29247@example.com,City 8
User 29248,user29248@example.com,City 9
User 29249,user29249@example.com,City 10
User 29250,user29250@example.com,City 1
User 29251,user29251@example.com,City 2
User 29252,user29252@example.com,City 3
User 29253,user29253@example.com,City 4
User 29254,user29254@example.com,City 5
User 29255,user29255@example.com,City 6
User 29256,user29256@example.com,City 7
User 29257,user29257@example.com,City 8
User 29258,user29258@example.com,City 9
User 29259,user29259@example.com,City 10
User 29260,user29260@example.com,City 1
User 29261,user29261@example.com,City 2
User 29262,user29262@example.com,City 3
User 29263,user29263@example.com,City 4
User 29264,user29264@example.com,City 5
User 29265,user29265@example.com,City 6
User 29266,user29266@example.com,City 7
User 29267,user29267@example.com,City 8
User 29268,user29268@example.com,City 9
User 29269,user29269@example.com,City 10
User 29270,user29270@example.com,City 1
User 29271,user29271@example.com,City 2
User 29272,user29272@example.com,City 3
User 29273,user29273@example.com,City 4
User 29274,user29274@example.com,City 5
User 29275,user29275@example.com,City 6
User 29276,user29276@example.com,City 7
User 29277,user29277@example.com,City 8
User 29278,user29278@example.com,City 9
User 29279,user29279@example.com,City 10
User 29280,user29280@example.com,City 1
User 29281,user29281@example.com,City 2
User 29282,user29282@example.com,City 3
User 29283,user29283@example.com,City 4
User 29284,user29284@example.com,City 5
User 29285,user29285@example.com,City 6
User 29286,user29286@example.com,City 7
User 29287,user29287@example.com,City 8
User 29288,user29288@example.com,City 9
User 29289,user29289@example.com,City 10
User 29290,user29290@example.com,City 1
User 29291,user29291@example.com,City 2
User 29292,user29292@example.com,City 3
User 29293,user29293@example.com,City 4
User 29294,user29294@example.com,City 5
User 29295,user29295@example.com,City 6
User 29296,user29296@example.com,City 7
User 29297,user29297@example.com,City 8
User 29298,user29298@example.com,City 9
User 29299,user29299@example.com,City 10
User 29300,user29300@example.com,City 1
User 29301,user29301@example.com,City 2
User 29302,user29302@example.com,City 3
User 29303,user29303@example.com,City 4
User 29304,user29304@example.com,City 5
User 29305,user29305@example.com,City 6
User 29306,user29306@example.com,City 7
User 29307,user29307@example.com,City 8
User 29308,user29308@example.com,City 9
User 29309,user29309@example.com,City 10
User 29310,user29310@example.com,City 1
User 29311,user29311@example.com,City 2
User 29312,user29312@example.com,City 3
User 29313,user29313@example.com,City 4
User 29314,user29314@example.com,City 5
User 29315,user29315@example.com,City 6
User 29316,user29316@example.com,City 7
User 29317,user29317@example.com,City 8
User 29318,user29318@example.com,City 9
User 29319,user29319@example.com,City 10
User 29320,user29320@example.com,City 1
User 29321,user29321@example.com,City 2
User 29322,user29322@example.com,City 3
User 29323,user29323@example.com,City 4
User 29324,user29324@example.com,City 5
User 29325,user29325@example.com,City 6
User 29326,user29326@example.com,City 7
User 29327,user29327@example.com,City 8
User 29328,user29328@example.com,City 9
User 29329,user29329@example.com,City 10
User 29330,user29330@example.com,City 1
User 29331,user29331@example.com,City 2
User 29332,user29332@example.com,City 3
User 29333,user29333@example.com,City 4
User 29334,user29334@example.com,City 5
User 29335,user29335@example.com,City 6
User 29336,user29336@example.com,City 7
User 29337,user29337@example.com,City 8
User 29338,user29338@example.com,City 9
User 29339,user29339@example.com,City 10
User 29340,user29340@example.com,City 1
User 29341,user29341@example.com,City 2
User 29342,user29342@example.com,City 3
User 29343,user29343@example.com,City 4
User 29344,user29344@example.com,City 5
User 29345,user29345@example.com,City 6
User 29346,user29346@example.com,City 7
User 29347,user29347@example.com,City 8
User 29348,user29348@example.com,City 9
User 29349,user29349@example.com,City 10
User 29350,user29350@example.com,City 1
User 29351,user29351@example.com,City 2
User 29352,user29352@example.com,City 3
User 29353,user29353@example.com,City 4
User 29354,user29354@example.com,City 5
User 29355,user29355@example.com,City 6
User 29356,user29356@example.com,City 7
User 29357,user29357@example.com,City 8
User 29358,user29358@example.com,City 9
User 29359,user29359@example.com,City 10
User 29360,user29360@example.com,City 1
User 29361,user29361@example.com,City 2
User 29362,user29362@example.com,City 3
User 29363,user29363@example.com,City 4
User 29364,user29364@example.com,City 5
User 29365,user29365@example.com,City 6
User 29366,user29366@example.com,City 7
User 29367,user29367@example.com,City 8
User 29368,user29368@example.com,City 9
User 29369,user29369@example.com,City 10
User 29370,user29370@example.com,City 1
User 29371,user29371@example.com,City 2
User 29372,user29372@example.com,City 3
User 29373,user29373@example.com,City 4
User 29374,user29374@example.com,City 5
User 29375,user29375@example.com,City 6
User 29376,user29376@example.com,City 7
User 29377,user29377@example.com,City 8
User 29378,user29378@example.com,City 9
User 29379,user29379@example.com,City 10
User 29380,user29380@example.com,City 1
User 29381,user29381@example.com,City 2
User 29382,user29382@example.com,City 3
User 29383,user29383@example.com,City 4
User 29384,user29384@example.com,City 5
User 29385,user29385@example.com,City 6
User 29386,user29386@example.com,City 7
User 29387,user29387@example.com,City 8
User 29388,user29388@example.com,City 9
User 29389,user29389@example.com,City 10
User 29390,user29390@example.com,City 1
User 29391,user29391@example.com,City 2
User 29392,user29392@example.com,City 3
User 29393,user29393@example.com,City 4
User 29394,user29394@example.com,City 5
User 29395,user29395@example.com,City 6
User 29396,user29396@example.com,City 7
User 29397,user29397@example.com,City 8
User 29398,user29398@example.com,City 9
User 29399,user29399@example.com,City 10
User 29400,user29400@example.com,City 1
User 29401,user29401@example.com,City 2
User 29402,user29402@example.com,City 3
User 29403,user29403@example.com,City 4
User 29404,user29404@example.com,City 5
User 29405,user29405@example.com,City 6
User 29406,user29406@example.com,City 7
User 29407,user29407@example.com,City 8
User 29408,user29408@example.com,City 9
User 29409,user29409@example.com,City 10
User 29410,user29410@example.com,City 1
User 29411,user29411@example.com,City 2
User 29412,user29412@example.com,City 3
User 29413,user29413@example.com,City 4
User 29414,user29414@example.com,City 5
User 29415,user29415@example.com,City 6
User 29416,user29416@example.com,City 7
User 29417,user29417@example.com,City 8
User 29418,user29418@example.com,City 9
User 29419,user29419@example.com,City 10
User 29420,user29420@example.com,City 1
User 29421,user29421@example.com,City 2
User 29422,user29422@example.com,City 3
User 29423,user29423@example.com,City 4
User 29424,user29424@example.com,City 5
User 29425,user29425@example.com,City 6
User 29426,user29426@example.com,City 7
User 29427,user29427@example.com,City 8
User 29428,user29428@example.com,City 9
User 29429,user29429@example.com,City 10
User 29430,user29430@example.com,City 1
User 29431,user29431@example.com,City 2
User 29432,user29432@example.com,City 3
User 29433,user29433@example.com,City 4
User 29434,user29434@example.com,City 5
User 29435,user29435@example.com,City 6
User 29436,user29436@example.com,City 7
User 29437,user29437@example.com,City 8
User 29438,user29438@example.com,City 9
User 29439,user29439@example.com,City 10
User 29440,user29440@example.com,City 1
User 29441,user29441@example.com,City 2
User 29442,user29442@example.com,City 3
User 29443,user29443@example.com,City 4
User 29444,user29444@example.com,City 5
User 29445,user29445@example.com,City 6
User 29446,user29446@example.com,City 7
User 29447,user29447@example.com,City 8
User 29448,user29448@example.com,City 9
User 29449,user29449@example.com,City 10
User 29450,user29450@example.com,City 1
User 29451,user29451@example.com,City 2
User 29452,user29452@example.com,City 3
User 29453,user29453@example.com,City 4
User 29454,user29454@example.com,City 5
User 29455,user29455@example.com,City 6
User 29456,user29456@example.com,City 7
User 29457,user29457@example.com,City 8
User 29458,user29458@example.com,City 9
User 29459,user29459@example.com,City 10
User 29460,user29460@example.com,City 1
User 29461,user29461@example.com,City 2
User 29462,user29462@example.com,City 3
User 29463,user29463@example.com,City 4
User 29464,user29464@example.com,City 5
User 29465,user29465@example.com,City 6
User 29466,user29466@example.com,City 7
User 29467,user29467@example.com,City 8
User 29468,user29468@example.com,City 9
User 29469,user29469@example.com,City 10
User 29470,user29470@example.com,City 1
User 29471,user29471@example.com,City 2
User 29472,user29472@example.com,City 3
User 29473,user29473@example.com,City 4
User 29474,user29474@example.com,City 5
User 29475,user29475@example.com,City 6
User 29476,user29476@example.com,City 7
User 29477,user29477@example.com,City 8
User 29478,user29478@example.com,City 9
User 29479,user29479@example.com,City 10
User 29480,user29480@example.com,City 1
User 29481,user29481@example.com,City 2
User 29482,user29482@example.com,City 3
User 29483,user29483@example.com,City 4
User 29484,user29484@example.com,City 5
User 29485,user29485@example.com,City 6
User 29486,user29486@example.com,City 7
User 29487,user29487@example.com,City 8
User 29488,user29488@example.com,City 9
User 29489,user29489@example.com,City 10
User 29490,user29490@example.com,City 1
User 29491,user29491@example.com,City 2
User 29492,user29492@example.com,City 3
User 29493,user29493@example.com,City 4
User 29494,user29494@example.com,City 5
User 29495,user29495@example.com,City 6
User 29496,user29496@example.com,City 7
User 29497,user29497@example.com,City 8
User 29498,user29498@example.com,City 9
User 29499,user29499@example.com,City 10
User 29500,user29500@example.com,City 1
User 29501,user29501@example.com,City 2
User 29502,user29502@example.com,City 3
User 29503,user29503@example.com,City 4
User 29504,user29504@example.com,City 5
User 29505,user29505@example.com,City 6
User 29506,user29506@example.com,City 7
User 29507,user29507@example.com,City 8
User 29508,user29508@example.com,City 9
User 29509,user29509@example.com,City 10
User 29510,user29510@example.com,City 1
User 29511,user29511@example.com,City 2
User 29512,user29512@example.com,City 3
User 29513,user29513@example.com,City 4
User 29514,user29514@example.com,City 5
User 29515,user29515@example.com,City 6
User 29516,user29516@example.com,City 7
User 29517,user29517@example.com,City 8
User 29518,user29518@example.com,City 9
User 29519,user29519@example.com,City 10
User 29520,user29520@example.com,City 1
User 29521,user29521@example.com,City 2
User 29522,user29522@example.com,City 3
User 29523,user29523@example.com,City 4
User 29524,user29524@example.com,City 5
User 29525,user29525@example.com,City 6
User 29526,user29526@example.com,City 7
User 29527,user29527@example.com,City 8
User 29528,user29528@example.com,City 9
User 29529,user29529@example.com,City 10
User 29530,user29530@example.com,City 1
User 29531,user29531@example.com,City 2
User 29532,user29532@example.com,City 3
User 29533,user29533@example.com,City 4
User 29534,user29534@example.com,City 5
User 29535,user29535@example.com,City 6
User 29536,user29536@example.com,City 7
User 29537,user29537@example.com,City 8
User 29538,user29538@example.com,City 9
User 29539,user29539@example.com,City 10
User 29540,user29540@example.com,City 1
User 29541,user29541@example.com,City 2
User 29542,user29542@example.com,City 3
User 29543,user29543@example.com,City 4
User 29544,user29544@example.com,City 5
User 29545,user29545@example.com,City 6
User 29546,user29546@example.com,City 7
User 29547,user29547@example.com,City 8
User 29548,user29548@example.com,City 9
User 29549,user29549@example.com,City 10
User 29550,user29550@example.com,City 1
User 29551,user29551@example.com,City 2
User 29552,user29552@example.com,City 3
User 29553,user29553@example.com,City 4
User 29554,user29554@example.com,City 5
User 29555,user29555@example.com,City 6
User 29556,user29556@example.com,City 7
User 29557,user29557@example.com,City 8
User 29558,user29558@example.com,City 9
User 29559,user29559@example.com,City 10
User 29560,user29560@example.com,City 1
User 29561,user29561@example.com,City 2
User 29562,user29562@example.com,City 3
User 29563,user29563@example.com,City 4
User 29564,user29564@example.com,City 5
User 29565,user29565@example.com,City 6
User 29566,user29566@example.com,City 7
User 29567,user29567@example.com,City 8
User 29568,user29568@example.com,City 9
User 29569,user29569@example.com,City 10
User 29570,user29570@example.com,City 1
User 29571,user29571@example.com,City 2
User 29572,user29572@example.com,City 3
User 29573,user29573@example.com,City 4
User 29574,user29574@example.com,City 5
User 29575,user29575@example.com,City 6
User 29576,user29576@example.com,City 7
User 29577,user29577@example.com,City 8
User 29578,user29578@example.com,City 9
User 29579,user29579@example.com,City 10
User 29580,user29580@example.com,City 1
User 29581,user29581@example.com,City 2
User 29582,user29582@example.com,City 3
User 29583,user29583@example.com,City 4
User 29584,user29584@example.com,City 5
User 29585,user29585@example.com,City 6
User 29586,user29586@example.com,City 7
User 29587,user29587@example.com,City 8
User 29588,user29588@example.com,City 9
User 29589,user29589@example.com,City 10
User 29590,user29590@example.com,City 1
User 29591,user29591@example.com,City 2
User 29592,user29592@example.com,City 3
User 29593,user29593@example.com,City 4
User 29594,user29594@example.com,City 5
User 29595,user29595@example.com,City 6
User 29596,user29596@example.com,City 7
User 29597,user29597@example.com,City 8
User 29598,user29598@example.com,City 9
User 29599,user29599@example.com,City 10
User 29600,user29600@example.com,City 1
User 29601,user29601@example.com,City 2
User 29602,user29602@example.com,City 3
User 29603,user29603@example.com,City 4
User 29604,user29604@example.com,City 5
User 29605,user29605@example.com,City 6
User 29606,user29606@example.com,City 7
User 29607,user29607@example.com,City 8
User 29608,user29608@example.com,City 9
User 29609,user29609@example.com,City 10
User 29610,user29610@example.com,City 1
User 29611,user29611@example.com,City 2
User 29612,user29612@example.com,City 3
User 29613,user29613@example.com,City 4
User 29614,user29614@example.com,City 5
User 29615,user29615@example.com,City 6
User 29616,user29616@example.com,City 7
User 29617,user29617@example.com,City 8
User 29618,user29618@example.com,City 9
User 29619,user29619@example.com,City 10
User 29620,user29620@example.com,City 1
User 29621,user29621@example.com,City 2
User 29622,user29622@example.com,City 3
User 29623,user29623@example.com,City 4
User 29624,user29624@example.com,City 5
User 29625,user29625@example.com,City 6
User 29626,user29626@example.com,City 7
User 29627,user29627@example.com,City 8
User 29628,user29628@example.com,City 9
User 29629,user29629@example.com,City 10
User 29630,user29630@example.com,City 1
User 29631,user29631@example.com,City 2
User 29632,user29632@example.com,City 3
User 29633,user29633@example.com,City 4
User 29634,user29634@example.com,City 5
User 29635,user29635@example.com,City 6
User 29636,user29636@example.com,City 7
User 29637,user29637@example.com,City 8
User 29638,user29638@example.com,City 9
User 29639,user29639@example.com,City 10
User 29640,user29640@example.com,City 1
User 29641,user29641@example.com,City 2
User 29642,user29642@example.com,City 3
User 29643,user29643@example.com,City 4
User 29644,user29644@example.com,City 5
User 29645,user29645@example.com,City 6
User 29646,user29646@example.com,City 7
User 29647,user29647@example.com,City 8
User 29648,user29648@example.com,City 9
User 29649,user29649@example.com,City 10
User 29650,user29650@example.com,City 1
User 29651,user29651@example.com,City 2
User 29652,user29652@example.com,City 3
User 29653,user29653@example.com,City 4
User 29654,user29654@example.com,City 5
User 29655,user29655@example.com,City 6
User 29656,user29656@example.com,City 7
User 29657,user29657@example.com,City 8
User 29658,user29658@example.com,City 9
User 29659,user29659@example.com,City 10
User 29660,user29660@example.com,City 1
User 29661,user29661@example.com,City 2
User 29662,user29662@example.com,City 3
User 29663,user29663@example.com,City 4
User 29664,user29664@example.com,City 5
User 29665,user29665@example.com,City 6
User 29666,user29666@example.com,City 7
User 29667,user29667@example.com,City 8
User 29668,user29668@example.com,City 9
User 29669,user29669@example.com,City 10
User 29670,user29670@example.com,City 1
User 29671,user29671@example.com,City 2
User 29672,user29672@example.com,City 3
User 29673,user29673@example.com,City 4
User 29674,user29674@example.com,City 5
User 29675,user29675@example.com,City 6
User 29676,user29676@example.com,City 7
User 29677,user29677@example.com,City 8
User 29678,user29678@example.com,City 9
User 29679,user29679@example.com,City 10
User 29680,user29680@example.com,City 1
User 29681,user29681@example.com,City 2
User 29682,user29682@example.com,City 3
User 29683,user29683@example.com,City 4
User 29684,user29684@example.com,City 5
User 29685,user29685@example.com,City 6
User 29686,user29686@example.com,City 7
User 29687,user29687@example.com,City 8
User 29688,user29688@example.com,City 9
User 29689,user29689@example.com,City 10
User 29690,user29690@example.com,City 1
User 29691,user29691@example.com,City 2
User 29692,user29692@example.com,City 3
User 29693,user29693@example.com,City 4
User 29694,user29694@example.com,City 5
User 29695,user29695@example.com,City 6
User 29696,user29696@example.com,City 7
User 29697,user29697@example.com,City 8
User 29698,user29698@example.com,City 9
User 29699,user29699@example.com,City 10
User 29700,user29700@example.com,City 1
User 29701,user29701@example.com,City 2
User 29702,user29702@example.com,City 3
User 29703,user29703@example.com,City 4
User 29704,user29704@example.com,City 5
User 29705,user29705@example.com,City 6
User 29706,user29706@example.com,City 7
User 29707,user29707@example.com,City 8
User 29708,user29708@example.com,City 9
User 29709,user29709@example.com,City 10
User 29710,user29710@example.com,City 1
User 29711,user29711@example.com,City 2
User 29712,user29712@example.com,City 3
User 29713,user29713@example.com,City 4
User 29714,user29714@example.com,City 5
User 29715,user29715@example.com,City 6
User 29716,user29716@example.com,City 7
User 29717,user29717@example.com,City 8
User 29718,user29718@example.com,City 9
User 29719,user29719@example.com,City 10
User 29720,user29720@example.com,City 1
User 29721,user29721@example.com,City 2
User 29722,user29722@example.com,City 3
User 29723,user29723@example.com,City 4
User 29724,user29724@example.com,City 5
User 29725,user29725@example.com,City 6
User 29726,user29726@example.com,City 7
User 29727,user29727@example.com,City 8
User 29728,user29728@example.com,City 9
User 29729,user29729@example.com,City 10
User 29730,user29730@example.com,City 1
User 29731,user29731@example.com,City 2
User 29732,user29732@example.com,City 3
User 29733,user29733@example.com,City 4
User 29734,user29734@example.com,City 5
User 29735,user29735@example.com,City 6
User 29736,user29736@example.com,City 7
User 29737,user29737@example.com,City 8
User 29738,user29738@example.com,City 9
User 29739,user29739@example.com,City 10
User 29740,user29740@example.com,City 1
User 29741,user29741@example.com,City 2
User 29742,user29742@example.com,City 3
User 29743,user29743@example.com,City 4
User 29744,user29744@example.com,City 5
User 29745,user29745@example.com,City 6
User 29746,user29746@example.com,City 7
User 29747,user29747@example.com,City 8
User 29748,user29748@example.com,City 9
User 29749,user29749@example.com,City 10
User 29750,user29750@example.com,City 1
User 29751,user29751@example.com,City 2
User 29752,user29752@example.com,City 3
User 29753,user29753@example.com,City 4
User 29754,user29754@example.com,City 5
User 29755,user29755@example.com,City 6
User 29756,user29756@example.com,City 7
User 29757,user29757@example.com,City 8
User 29758,user29758@example.com,City 9
User 29759,user29759@example.com,City 10
User 29760,user29760@example.com,City 1
User 29761,user29761@example.com,City 2
User 29762,user29762@example.com,City 3
User 29763,user29763@example.com,City 4
User 29764,user29764@example.com,City 5
User 29765,user29765@example.com,City 6
User 29766,user29766@example.com,City 7
User 29767,user29767@example.com,City 8
User 29768,user29768@example.com,City 9
User 29769,user29769@example.com,City 10
User 29770,user29770@example.com,City 1
User 29771,user29771@example.com,City 2
User 29772,user29772@example.com,City 3
User 29773,user29773@example.com,City 4
User 29774,user29774@example.com,City 5
User 29775,user29775@example.com,City 6
User 29776,user29776@example.com,City 7
User 29777,user29777@example.com,City 8
User 29778,user29778@example.com,City 9
User 29779,user29779@example.com,City 10
User 29780,user29780@example.com,City 1
User 29781,user29781@example.com,City 2
User 29782,user29782@example.com,City 3
User 29783,user29783@example.com,City 4
User 29784,user29784@example.com,City 5
User 29785,user29785@example.com,City 6
User 29786,user29786@example.com,City 7
User 29787,user29787@example.com,City 8
User 29788,user29788@example.com,City 9
User 29789,user29789@example.com,City 10
User 29790,user29790@example.com,City 1
User 29791,user29791@example.com,City 2
User 29792,user29792@example.com,City 3
User 29793,user29793@example.com,City 4
User 29794,user29794@example.com,City 5
User 29795,user29795@example.com,City 6
User 29796,user29796@example.com,City 7
User 29797,user29797@example.com,City 8
User 29798,user29798@example.com,City 9
User 29799,user29799@example.com,City 10
User 29800,user29800@example.com,City 1
User 29801,user29801@example.com,City 2
User 29802,user29802@example.com,City 3
User 29803,user29803@example.com,City 4
User 29804,user29804@example.com,City 5
User 29805,user29805@example.com,City 6
User 29806,user29806@example.com,City 7
User 29807,user29807@example.com,City 8
User 29808,user29808@example.com,City 9
User 29809,user29809@example.com,City 10
User 29810,user29810@example.com,City 1
User 29811,user29811@example.com,City 2
User 29812,user29812@example.com,City 3
User 29813,user29813@example.com,City 4
User 29814,user29814@example.com,City 5
User 29815,user29815@example.com,City 6
User 29816,user29816@example.com,City 7
User 29817,user29817@example.com,City 8
User 29818,user29818@example.com,City 9
User 29819,user29819@example.com,City 10
User 29820,user29820@example.com,City 1
User 29821,user29821@example.com,City 2
User 29822,user29822@example.com,City 3
User 29823,user29823@example.com,City 4
User 29824,user29824@example.com,City 5
User 29825,user29825@example.com,City 6
User 29826,user29826@example.com,City 7
User 29827,user29827@example.com,City 8
User 29828,user29828@example.com,City 9
User 29829,user29829@example.com,City 10
User 29830,user29830@example.com,City 1
User 29831,user29831@example.com,City 2
User 29832,user29832@example.com,City 3
User 29833,user29833@example.com,City 4
User 29834,user29834@example.com,City 5
User 29835,user29835@example.com,City 6
User 29836,user29836@example.com,City 7
User 29837,user29837@example.com,City 8
User 29838,user29838@example.com,City 9
User 29839,user29839@example.com,City 10
User 29840,user29840@example.com,City 1
User 29841,user29841@example.com,City 2
User 29842,user29842@example.com,City 3
User 29843,user29843@example.com,City 4
User 29844,user29844@example.com,City 5
User 29845,user29845@example.com,City 6
User 29846,user29846@example.com,City 7
User 29847,user29847@example.com,City 8
User 29848,user29848@example.com,City 9
User 29849,user29849@example.com,City 10
User 29850,user29850@example.com,City 1
User 29851,user29851@example.com,City 2
User 29852,user29852@example.com,City 3
User 29853,user29853@example.com,City 4
User 29854,user29854@example.com,City 5
User 29855,user29855@example.com,City 6
User 29856,user29856@example.com,City 7
User 29857,user29857@example.com,City 8
User 29858,user29858@example.com,City 9
User 29859,user29859@example.com,City 10
User 29860,user29860@example.com,City 1
User 29861,user29861@example.com,City 2
User 29862,user29862@example.com,City 3
User 29863,user29863@example.com,City 4
User 29864,user29864@example.com,City 5
User 29865,user29865@example.com,City 6
User 29866,user29866@example.com,City 7
User 29867,user29867@example.com,City 8
User 29868,user29868@example.com,City 9
User 29869,user29869@example.com,City 10
User 29870,user29870@example.com,City 1
User 29871,user29871@example.com,City 2
User 29872,user29872@example.com,City 3
User 29873,user29873@example.com,City 4
User 29874,user29874@example.com,City 5
User 29875,user29875@example.com,City 6
User 29876,user29876@example.com,City 7
User 29877,user29877@example.com,City 8
User 29878,user29878@example.com,City 9
User 29879,user29879@example.com,City 10
User 29880,user29880@example.com,City 1
User 29881,user29881@example.com,City 2
User 29882,user29882@example.com,City 3
User 29883,user29883@example.com,City 4
User 29884,user29884@example.com,City 5
User 29885,user29885@example.com,City 6
User 29886,user29886@example.com,City 7
User 29887,user29887@example.com,City 8
User 29888,user29888@example.com,City 9
User 29889,user29889@example.com,City 10
User 29890,user29890@example.com,City 1
User 29891,user29891@example.com,City 2
User 29892,user29892@example.com,City 3
User 29893,user29893@example.com,City 4
User 29894,user29894@example.com,City 5
User 29895,user29895@example.com,City 6
User 29896,user29896@example.com,City 7
User 29897,user29897@example.com,City 8
User 29898,user29898@example.com,City 9
User 29899,user29899@example.com,City 10
User 29900,user29900@example.com,City 1
User 29901,user29901@example.com,City 2
User 29902,user29902@example.com,City 3
User 29903,user29903@example.com,City 4
User 29904,user29904@example.com,City 5
User 29905,user29905@example.com,City 6
User 29906,user29906@example.com,City 7
User 29907,user29907@example.com,City 8
User 29908,user29908@example.com,City 9
User 29909,user29909@example.com,City 10
User 29910,user29910@example.com,City 1
User 29911,user29911@example.com,City 2
User 29912,user29912@example.com,City 3
User 29913,user29913@example.com,City 4
User 29914,user29914@example.com,City 5
User 29915,user29915@example.com,City 6
User 29916,user29916@example.com,City 7
User 29917,user29917@example.com,City 8
User 29918,user29918@example.com,City 9
User 29919,user29919@example.com,City 10
User 29920,user29920@example.com,City 1
User 29921,user29921@example.com,City 2
User 29922,user29922@example.com,City 3
User 29923,user29923@example.com,City 4
User 29924,user29924@example.com,City 5
User 29925,user29925@example.com,City 6
User 29926,user29926@example.com,City 7
User 29927,user29927@example.com,City 8
User 29928,user29928@example.com,City 9
User 29929,user29929@example.com,City 10
User 29930,user29930@example.com,City 1
User 29931,user29931@example.com,City 2
User 29932,user29932@example.com,City 3
User 29933,user29933@example.com,City 4
User 29934,user29934@example.com,City 5
User 29935,user29935@example.com,City 6
User 29936,user29936@example.com,City 7
User 29937,user29937@example.com,City 8
User 29938,user29938@example.com,City 9
User 29939,user29939@example.com,City 10
User 29940,user29940@example.com,City 1
User 29941,user29941@example.com,City 2
User 29942,user29942@example.com,City 3
User 29943,user29943@example.com,City 4
User 29944,user29944@example.com,City 5
User 29945,user29945@example.com,City 6
User 29946,user29946@example.com,City 7
User 29947,user29947@example.com,City 8
User 29948,user29948@example.com,City 9
User 29949,user29949@example.com,City 10
User 29950,user29950@example.com,City 1
User 29951,user29951@example.com,City 2
User 29952,user29952@example.com,City 3
User 29953,user29953@example.com,City 4
User 29954,user29954@example.com,City 5
User 29955,user29955@example.com,City 6
User 29956,user29956@example.com,City 7
User 29957,user29957@example.com,City 8
User 29958,user29958@example.com,City 9
User 29959,user29959@example.com,City 10
User 29960,user29960@example.com,City 1
User 29961,user29961@example.com,City 2
User 29962,user29962@example.com,City 3
User 29963,user29963@example.com,City 4
User 29964,user29964@example.com,City 5
User 29965,user29965@example.com,City 6
User 29966,user29966@example.com,City 7
User 29967,user29967@example.com,City 8
User 29968,user29968@example.com,City 9
User 29969,user29969@example.com,City 10
User 29970,user29970@example.com,City 1
User 29971,user29971@example.com,City 2
User 29972,user29972@example.com,City 3
User 29973,user29973@example.com,City 4
User 29974,user29974@example.com,City 5
User 29975,user29975@example.com,City 6
User 29976,user29976@example.com,City 7
User 29977,user29977@example.com,City 8
User 29978,user29978@example.com,City 9
User 29979,user29979@example.com,City 10
User 29980,user29980@example.com,City 1
User 29981,user29981@example.com,City 2
User 29982,user29982@example.com,City 3
User 29983,user29983@example.com,City 4
User 29984,user29984@example.com,City 5
User 29985,user29985@example.com,City 6
User 29986,user29986@example.com,City 7
User 29987,user29987@example.com,City 8
User 29988,user29988@example.com,City 9
User 29989,user29989@example.com,City 10
User 29990,user29990@example.com,City 1
User 29991,user29991@example.com,City 2
User 29992,user29992@example.com,City 3
User 29993,user29993@example.com,City 4
User 29994,user29994@example.com,City 5
User 29995,user29995@example.com,City 6
User 29996,user29996@example.com,City 7
User 29997,user29997@example.com,City 8
User 29998,user29998@example.com,City 9
User 29999,user29999@example.com,City 10
User 30000,user30000@example.com,City 1
