name,email,city
User 10001,user10001@example.com,City 2
User 10002,user10002@example.com,City 3
User 10003,user10003@example.com,City 4
User 10004,user10004@example.com,City 5
User 10005,user10005@example.com,City 6
User 10006,user10006@example.com,City 7
User 10007,user10007@example.com,City 8
User 10008,user10008@example.com,City 9
User 10009,user10009@example.com,City 10
User 10010,user10010@example.com,City 1
User 10011,user10011@example.com,City 2
User 10012,user10012@example.com,City 3
User 10013,user10013@example.com,City 4
User 10014,user10014@example.com,City 5
User 10015,user10015@example.com,City 6
User 10016,user10016@example.com,City 7
User 10017,user10017@example.com,City 8
User 10018,user10018@example.com,City 9
User 10019,user10019@example.com,City 10
User 10020,user10020@example.com,City 1
User 10021,user10021@example.com,City 2
User 10022,user10022@example.com,City 3
User 10023,user10023@example.com,City 4
User 10024,user10024@example.com,City 5
User 10025,user10025@example.com,City 6
User 10026,user10026@example.com,City 7
User 10027,user10027@example.com,City 8
User 10028,user10028@example.com,City 9
User 10029,user10029@example.com,City 10
User 10030,user10030@example.com,City 1
User 10031,user10031@example.com,City 2
User 10032,user10032@example.com,City 3
User 10033,user10033@example.com,City 4
User 10034,user10034@example.com,City 5
User 10035,user10035@example.com,City 6
User 10036,user10036@example.com,City 7
User 10037,user10037@example.com,City 8
User 10038,user10038@example.com,City 9
User 10039,user10039@example.com,City 10
User 10040,user10040@example.com,City 1
User 10041,user10041@example.com,City 2
User 10042,user10042@example.com,City 3
User 10043,user10043@example.com,City 4
User 10044,user10044@example.com,City 5
User 10045,user10045@example.com,City 6
User 10046,user10046@example.com,City 7
User 10047,user10047@example.com,City 8
User 10048,user10048@example.com,City 9
User 10049,user10049@example.com,City 10
User 10050,user10050@example.com,City 1
User 10051,user10051@example.com,City 2
User 10052,user10052@example.com,City 3
User 10053,user10053@example.com,City 4
User 10054,user10054@example.com,City 5
User 10055,user10055@example.com,City 6
User 10056,user10056@example.com,City 7
User 10057,user10057@example.com,City 8
User 10058,user10058@example.com,City 9
User 10059,user10059@example.com,City 10
User 10060,user10060@example.com,City 1
User 10061,user10061@example.com,City 2
User 10062,user10062@example.com,City 3
User 10063,user10063@example.com,City 4
User 10064,user10064@example.com,City 5
User 10065,user10065@example.com,City 6
User 10066,user10066@example.com,City 7
User 10067,user10067@example.com,City 8
User 10068,user10068@example.com,City 9
User 10069,user10069@example.com,City 10
User 10070,user10070@example.com,City 1
User 10071,user10071@example.com,City 2
User 10072,user10072@example.com,City 3
User 10073,user10073@example.com,City 4
User 10074,user10074@example.com,City 5
User 10075,user10075@example.com,City 6
User 10076,user10076@example.com,City 7
User 10077,user10077@example.com,City 8
User 10078,user10078@example.com,City 9
User 10079,user10079@example.com,City 10
User 10080,user10080@example.com,City 1
User 10081,user10081@example.com,City 2
User 10082,user10082@example.com,City 3
User 10083,user10083@example.com,City 4
User 10084,user10084@example.com,City 5
User 10085,user10085@example.com,City 6
User 10086,user10086@example.com,City 7
User 10087,user10087@example.com,City 8
User 10088,user10088@example.com,City 9
User 10089,user10089@example.com,City 10
User 10090,user10090@example.com,City 1
User 10091,user10091@example.com,City 2
User 10092,user10092@example.com,City 3
User 10093,user10093@example.com,City 4
User 10094,user10094@example.com,City 5
User 10095,user10095@example.com,City 6
User 10096,user10096@example.com,City 7
User 10097,user10097@example.com,City 8
User 10098,user10098@example.com,City 9
User 10099,user10099@example.com,City 10
User 10100,user10100@example.com,City 1
User 10101,user10101@example.com,City 2
User 10102,user10102@example.com,City 3
User 10103,user10103@example.com,City 4
User 10104,user10104@example.com,City 5
User 10105,user10105@example.com,City 6
User 10106,user10106@example.com,City 7
User 10107,user10107@example.com,City 8
User 10108,user10108@example.com,City 9
User 10109,user10109@example.com,City 10
User 10110,user10110@example.com,City 1
User 10111,user10111@example.com,City 2
User 10112,user10112@example.com,City 3
User 10113,user10113@example.com,City 4
User 10114,user10114@example.com,City 5
User 10115,user10115@example.com,City 6
User 10116,user10116@example.com,City 7
User 10117,user10117@example.com,City 8
User 10118,user10118@example.com,City 9
User 10119,user10119@example.com,City 10
User 10120,user10120@example.com,City 1
User 10121,user10121@example.com,City 2
User 10122,user10122@example.com,City 3
User 10123,user10123@example.com,City 4
User 10124,user10124@example.com,City 5
User 10125,user10125@example.com,City 6
User 10126,user10126@example.com,City 7
User 10127,user10127@example.com,City 8
User 10128,user10128@example.com,City 9
User 10129,user10129@example.com,City 10
User 10130,user10130@example.com,City 1
User 10131,user10131@example.com,City 2
User 10132,user10132@example.com,City 3
User 10133,user10133@example.com,City 4
User 10134,user10134@example.com,City 5
User 10135,user10135@example.com,City 6
User 10136,user10136@example.com,City 7
User 10137,user10137@example.com,City 8
User 10138,user10138@example.com,City 9
User 10139,user10139@example.com,City 10
User 10140,user10140@example.com,City 1
User 10141,user10141@example.com,City 2
User 10142,user10142@example.com,City 3
User 10143,user10143@example.com,City 4
User 10144,user10144@example.com,City 5
User 10145,user10145@example.com,City 6
User 10146,user10146@example.com,City 7
User 10147,user10147@example.com,City 8
User 10148,user10148@example.com,City 9
User 10149,user10149@example.com,City 10
User 10150,user10150@example.com,City 1
User 10151,user10151@example.com,City 2
User 10152,user10152@example.com,City 3
User 10153,user10153@example.com,City 4
User 10154,user10154@example.com,City 5
User 10155,user10155@example.com,City 6
User 10156,user10156@example.com,City 7
User 10157,user10157@example.com,City 8
User 10158,user10158@example.com,City 9
User 10159,user10159@example.com,City 10
User 10160,user10160@example.com,City 1
User 10161,user10161@example.com,City 2
User 10162,user10162@example.com,City 3
User 10163,user10163@example.com,City 4
User 10164,user10164@example.com,City 5
User 10165,user10165@example.com,City 6
User 10166,user10166@example.com,City 7
User 10167,user10167@example.com,City 8
User 10168,user10168@example.com,City 9
User 10169,user10169@example.com,City 10
User 10170,user10170@example.com,City 1
User 10171,user10171@example.com,City 2
User 10172,user10172@example.com,City 3
User 10173,user10173@example.com,City 4
User 10174,user10174@example.com,City 5
User 10175,user10175@example.com,City 6
User 10176,user10176@example.com,City 7
User 10177,user10177@example.com,City 8
User 10178,user10178@example.com,City 9
User 10179,user10179@example.com,City 10
User 10180,user10180@example.com,City 1
User 10181,user10181@example.com,City 2
User 10182,user10182@example.com,City 3
User 10183,user10183@example.com,City 4
User 10184,user10184@example.com,City 5
User 10185,user10185@example.com,City 6
User 10186,user10186@example.com,City 7
User 10187,user10187@example.com,City 8
User 10188,user10188@example.com,City 9
User 10189,user10189@example.com,City 10
User 10190,user10190@example.com,City 1
User 10191,user10191@example.com,City 2
User 10192,user10192@example.com,City 3
User 10193,user10193@example.com,City 4
User 10194,user10194@example.com,City 5
User 10195,user10195@example.com,City 6
User 10196,user10196@example.com,City 7
User 10197,user10197@example.com,City 8
User 10198,user10198@example.com,City 9
User 10199,user10199@example.com,City 10
User 10200,user10200@example.com,City 1
User 10201,user10201@example.com,City 2
User 10202,user10202@example.com,City 3
User 10203,user10203@example.com,City 4
User 10204,user10204@example.com,City 5
User 10205,user10205@example.com,City 6
User 10206,user10206@example.com,City 7
User 10207,user10207@example.com,City 8
User 10208,user10208@example.com,City 9
User 10209,user10209@example.com,City 10
User 10210,user10210@example.com,City 1
User 10211,user10211@example.com,City 2
User 10212,user10212@example.com,City 3
User 10213,user10213@example.com,City 4
User 10214,user10214@example.com,City 5
User 10215,user10215@example.com,City 6
User 10216,user10216@example.com,City 7
User 10217,user10217@example.com,City 8
User 10218,user10218@example.com,City 9
User 10219,user10219@example.com,City 10
User 10220,user10220@example.com,City 1
User 10221,user10221@example.com,City 2
User 10222,user10222@example.com,City 3
User 10223,user10223@example.com,City 4
User 10224,user10224@example.com,City 5
User 10225,user10225@example.com,City 6
User 10226,user10226@example.com,City 7
User 10227,user10227@example.com,City 8
User 10228,user10228@example.com,City 9
User 10229,user10229@example.com,City 10
User 10230,user10230@example.com,City 1
User 10231,user10231@example.com,City 2
User 10232,user10232@example.com,City 3
User 10233,user10233@example.com,City 4
User 10234,user10234@example.com,City 5
User 10235,user10235@example.com,City 6
User 10236,user10236@example.com,City 7
User 10237,user10237@example.com,City 8
User 10238,user10238@example.com,City 9
User 10239,user10239@example.com,City 10
User 10240,user10240@example.com,City 1
User 10241,user10241@example.com,City 2
User 10242,user10242@example.com,City 3
User 10243,user10243@example.com,City 4
User 10244,user10244@example.com,City 5
User 10245,user10245@example.com,City 6
User 10246,user10246@example.com,City 7
User 10247,user10247@example.com,City 8
User 10248,user10248@example.com,City 9
User 10249,user10249@example.com,City 10
User 10250,user10250@example.com,City 1
User 10251,user10251@example.com,City 2
User 10252,user10252@example.com,City 3
User 10253,user10253@example.com,City 4
User 10254,user10254@example.com,City 5
User 10255,user10255@example.com,City 6
User 10256,user10256@example.com,City 7
User 10257,user10257@example.com,City 8
User 10258,user10258@example.com,City 9
User 10259,user10259@example.com,City 10
User 10260,user10260@example.com,City 1
User 10261,user10261@example.com,City 2
User 10262,user10262@example.com,City 3
User 10263,user10263@example.com,City 4
User 10264,user10264@example.com,City 5
User 10265,user10265@example.com,City 6
User 10266,user10266@example.com,City 7
User 10267,user10267@example.com,City 8
User 10268,user10268@example.com,City 9
User 10269,user10269@example.com,City 10
User 10270,user10270@example.com,City 1
User 10271,user10271@example.com,City 2
User 10272,user10272@example.com,City 3
User 10273,user10273@example.com,City 4
User 10274,user10274@example.com,City 5
User 10275,user10275@example.com,City 6
User 10276,user10276@example.com,City 7
User 10277,user10277@example.com,City 8
User 10278,user10278@example.com,City 9
User 10279,user10279@example.com,City 10
User 10280,user10280@example.com,City 1
User 10281,user10281@example.com,City 2
User 10282,user10282@example.com,City 3
User 10283,user10283@example.com,City 4
User 10284,user10284@example.com,City 5
User 10285,user10285@example.com,City 6
User 10286,user10286@example.com,City 7
User 10287,user10287@example.com,City 8
User 10288,user10288@example.com,City 9
User 10289,user10289@example.com,City 10
User 10290,user10290@example.com,City 1
User 10291,user10291@example.com,City 2
User 10292,user10292@example.com,City 3
User 10293,user10293@example.com,City 4
User 10294,user10294@example.com,City 5
User 10295,user10295@example.com,City 6
User 10296,user10296@example.com,City 7
User 10297,user10297@example.com,City 8
User 10298,user10298@example.com,City 9
User 10299,user10299@example.com,City 10
User 10300,user10300@example.com,City 1
User 10301,user10301@example.com,City 2
User 10302,user10302@example.com,City 3
User 10303,user10303@example.com,City 4
User 10304,user10304@example.com,City 5
User 10305,user10305@example.com,City 6
User 10306,user10306@example.com,City 7
User 10307,user10307@example.com,City 8
User 10308,user10308@example.com,City 9
User 10309,user10309@example.com,City 10
User 10310,user10310@example.com,City 1
User 10311,user10311@example.com,City 2
User 10312,user10312@example.com,City 3
User 10313,user10313@example.com,City 4
User 10314,user10314@example.com,City 5
User 10315,user10315@example.com,City 6
User 10316,user10316@example.com,City 7
User 10317,user10317@example.com,City 8
User 10318,user10318@example.com,City 9
User 10319,user10319@example.com,City 10
User 10320,user10320@example.com,City 1
User 10321,user10321@example.com,City 2
User 10322,user10322@example.com,City 3
User 10323,user10323@example.com,City 4
User 10324,user10324@example.com,City 5
User 10325,user10325@example.com,City 6
User 10326,user10326@example.com,City 7
User 10327,user10327@example.com,City 8
User 10328,user10328@example.com,City 9
User 10329,user10329@example.com,City 10
User 10330,user10330@example.com,City 1
User 10331,user10331@example.com,City 2
User 10332,user10332@example.com,City 3
User 10333,user10333@example.com,City 4
User 10334,user10334@example.com,City 5
User 10335,user10335@example.com,City 6
User 10336,user10336@example.com,City 7
User 10337,user10337@example.com,City 8
User 10338,user10338@example.com,City 9
User 10339,user10339@example.com,City 10
User 10340,user10340@example.com,City 1
User 10341,user10341@example.com,City 2
User 10342,user10342@example.com,City 3
User 10343,user10343@example.com,City 4
User 10344,user10344@example.com,City 5
User 10345,user10345@example.com,City 6
User 10346,user10346@example.com,City 7
User 10347,user10347@example.com,City 8
User 10348,user10348@example.com,City 9
User 10349,user10349@example.com,City 10
User 10350,user10350@example.com,City 1
User 10351,user10351@example.com,City 2
User 10352,user10352@example.com,City 3
User 10353,user10353@example.com,City 4
User 10354,user10354@example.com,City 5
User 10355,user10355@example.com,City 6
User 10356,user10356@example.com,City 7
User 10357,user10357@example.com,City 8
User 10358,user10358@example.com,City 9
User 10359,user10359@example.com,City 10
User 10360,user10360@example.com,City 1
User 10361,user10361@example.com,City 2
User 10362,user10362@example.com,City 3
User 10363,user10363@example.com,City 4
User 10364,user10364@example.com,City 5
User 10365,user10365@example.com,City 6
User 10366,user10366@example.com,City 7
User 10367,user10367@example.com,City 8
User 10368,user10368@example.com,City 9
User 10369,user10369@example.com,City 10
User 10370,user10370@example.com,City 1
User 10371,user10371@example.com,City 2
User 10372,user10372@example.com,City 3
User 10373,user10373@example.com,City 4
User 10374,user10374@example.com,City 5
User 10375,user10375@example.com,City 6
User 10376,user10376@example.com,City 7
User 10377,user10377@example.com,City 8
User 10378,user10378@example.com,City 9
User 10379,user10379@example.com,City 10
User 10380,user10380@example.com,City 1
User 10381,user10381@example.com,City 2
User 10382,user10382@example.com,City 3
User 10383,user10383@example.com,City 4
User 10384,user10384@example.com,City 5
User 10385,user10385@example.com,City 6
User 10386,user10386@example.com,City 7
User 10387,user10387@example.com,City 8
User 10388,user10388@example.com,City 9
User 10389,user10389@example.com,City 10
User 10390,user10390@example.com,City 1
User 10391,user10391@example.com,City 2
User 10392,user10392@example.com,City 3
User 10393,user10393@example.com,City 4
User 10394,user10394@example.com,City 5
User 10395,user10395@example.com,City 6
User 10396,user10396@example.com,City 7
User 10397,user10397@example.com,City 8
User 10398,user10398@example.com,City 9
User 10399,user10399@example.com,City 10
User 10400,user10400@example.com,City 1
User 10401,user10401@example.com,City 2
User 10402,user10402@example.com,City 3
User 10403,user10403@example.com,City 4
User 10404,user10404@example.com,City 5
User 10405,user10405@example.com,City 6
User 10406,user10406@example.com,City 7
User 10407,user10407@example.com,City 8
User 10408,user10408@example.com,City 9
User 10409,user10409@example.com,City 10
User 10410,user10410@example.com,City 1
User 10411,user10411@example.com,City 2
User 10412,user10412@example.com,City 3
User 10413,user10413@example.com,City 4
User 10414,user10414@example.com,City 5
User 10415,user10415@example.com,City 6
User 10416,user10416@example.com,City 7
User 10417,user10417@example.com,City 8
User 10418,user10418@example.com,City 9
User 10419,user10419@example.com,City 10
User 10420,user10420@example.com,City 1
User 10421,user10421@example.com,City 2
User 10422,user10422@example.com,City 3
User 10423,user10423@example.com,City 4
User 10424,user10424@example.com,City 5
User 10425,user10425@example.com,City 6
User 10426,user10426@example.com,City 7
User 10427,user10427@example.com,City 8
User 10428,user10428@example.com,City 9
User 10429,user10429@example.com,City 10
User 10430,user10430@example.com,City 1
User 10431,user10431@example.com,City 2
User 10432,user10432@example.com,City 3
User 10433,user10433@example.com,City 4
User 10434,user10434@example.com,City 5
User 10435,user10435@example.com,City 6
User 10436,user10436@example.com,City 7
User 10437,user10437@example.com,City 8
User 10438,user10438@example.com,City 9
User 10439,user10439@example.com,City 10
User 10440,user10440@example.com,City 1
User 10441,user10441@example.com,City 2
User 10442,user10442@example.com,City 3
User 10443,user10443@example.com,City 4
User 10444,user10444@example.com,City 5
User 10445,user10445@example.com,City 6
User 10446,user10446@example.com,City 7
User 10447,user10447@example.com,City 8
User 10448,user10448@example.com,City 9
User 10449,user10449@example.com,City 10
User 10450,user10450@example.com,City 1
User 10451,user10451@example.com,City 2
User 10452,user10452@example.com,City 3
User 10453,user10453@example.com,City 4
User 10454,user10454@example.com,City 5
User 10455,user10455@example.com,City 6
User 10456,user10456@example.com,City 7
User 10457,user10457@example.com,City 8
User 10458,user10458@example.com,City 9
User 10459,user10459@example.com,City 10
User 10460,user10460@example.com,City 1
User 10461,user10461@example.com,City 2
User 10462,user10462@example.com,City 3
User 10463,user10463@example.com,City 4
User 10464,user10464@example.com,City 5
User 10465,user10465@example.com,City 6
User 10466,user10466@example.com,City 7
User 10467,user10467@example.com,City 8
User 10468,user10468@example.com,City 9
User 10469,user10469@example.com,City 10
User 10470,user10470@example.com,City 1
User 10471,user10471@example.com,City 2
User 10472,user10472@example.com,City 3
User 10473,user10473@example.com,City 4
User 10474,user10474@example.com,City 5
User 10475,user10475@example.com,City 6
User 10476,user10476@example.com,City 7
User 10477,user10477@example.com,City 8
User 10478,user10478@example.com,City 9
User 10479,user10479@example.com,City 10
User 10480,user10480@example.com,City 1
User 10481,user10481@example.com,City 2
User 10482,user10482@example.com,City 3
User 10483,user10483@example.com,City 4
User 10484,user10484@example.com,City 5
User 10485,user10485@example.com,City 6
User 10486,user10486@example.com,City 7
User 10487,user10487@example.com,City 8
User 10488,user10488@example.com,City 9
User 10489,user10489@example.com,City 10
User 10490,user10490@example.com,City 1
User 10491,user10491@example.com,City 2
User 10492,user10492@example.com,City 3
User 10493,user10493@example.com,City 4
User 10494,user10494@example.com,City 5
User 10495,user10495@example.com,City 6
User 10496,user10496@example.com,City 7
User 10497,user10497@example.com,City 8
User 10498,user10498@example.com,City 9
User 10499,user10499@example.com,City 10
User 10500,user10500@example.com,City 1
User 10501,user10501@example.com,City 2
User 10502,user10502@example.com,City 3
User 10503,user10503@example.com,City 4
User 10504,user10504@example.com,City 5
User 10505,user10505@example.com,City 6
User 10506,user10506@example.com,City 7
User 10507,user10507@example.com,City 8
User 10508,user10508@example.com,City 9
User 10509,user10509@example.com,City 10
User 10510,user10510@example.com,City 1
User 10511,user10511@example.com,City 2
User 10512,user10512@example.com,City 3
User 10513,user10513@example.com,City 4
User 10514,user10514@example.com,City 5
User 10515,user10515@example.com,City 6
User 10516,user10516@example.com,City 7
User 10517,user10517@example.com,City 8
User 10518,user10518@example.com,City 9
User 10519,user10519@example.com,City 10
User 10520,user10520@example.com,City 1
User 10521,user10521@example.com,City 2
User 10522,user10522@example.com,City 3
User 10523,user10523@example.com,City 4
User 10524,user10524@example.com,City 5
User 10525,user10525@example.com,City 6
User 10526,user10526@example.com,City 7
User 10527,user10527@example.com,City 8
User 10528,user10528@example.com,City 9
User 10529,user10529@example.com,City 10
User 10530,user10530@example.com,City 1
User 10531,user10531@example.com,City 2
User 10532,user10532@example.com,City 3
User 10533,user10533@example.com,City 4
User 10534,user10534@example.com,City 5
User 10535,user10535@example.com,City 6
User 10536,user10536@example.com,City 7
User 10537,user10537@example.com,City 8
User 10538,user10538@example.com,City 9
User 10539,user10539@example.com,City 10
User 10540,user10540@example.com,City 1
User 10541,user10541@example.com,City 2
User 10542,user10542@example.com,City 3
User 10543,user10543@example.com,City 4
User 10544,user10544@example.com,City 5
User 10545,user10545@example.com,City 6
User 10546,user10546@example.com,City 7
User 10547,user10547@example.com,City 8
User 10548,user10548@example.com,City 9
User 10549,user10549@example.com,City 10
User 10550,user10550@example.com,City 1
User 10551,user10551@example.com,City 2
User 10552,user10552@example.com,City 3
User 10553,user10553@example.com,City 4
User 10554,user10554@example.com,City 5
User 10555,user10555@example.com,City 6
User 10556,user10556@example.com,City 7
User 10557,user10557@example.com,City 8
User 10558,user10558@example.com,City 9
User 10559,user10559@example.com,City 10
User 10560,user10560@example.com,City 1
User 10561,user10561@example.com,City 2
User 10562,user10562@example.com,City 3
User 10563,user10563@example.com,City 4
User 10564,user10564@example.com,City 5
User 10565,user10565@example.com,City 6
User 10566,user10566@example.com,City 7
User 10567,user10567@example.com,City 8
User 10568,user10568@example.com,City 9
User 10569,user10569@example.com,City 10
User 10570,user10570@example.com,City 1
User 10571,user10571@example.com,City 2
User 10572,user10572@example.com,City 3
User 10573,user10573@example.com,City 4
User 10574,user10574@example.com,City 5
User 10575,user10575@example.com,City 6
User 10576,user10576@example.com,City 7
User 10577,user10577@example.com,City 8
User 10578,user10578@example.com,City 9
User 10579,user10579@example.com,City 10
User 10580,user10580@example.com,City 1
User 10581,user10581@example.com,City 2
User 10582,user10582@example.com,City 3
User 10583,user10583@example.com,City 4
User 10584,user10584@example.com,City 5
User 10585,user10585@example.com,City 6
User 10586,user10586@example.com,City 7
User 10587,user10587@example.com,City 8
User 10588,user10588@example.com,City 9
User 10589,user10589@example.com,City 10
User 10590,user10590@example.com,City 1
User 10591,user10591@example.com,City 2
User 10592,user10592@example.com,City 3
User 10593,user10593@example.com,City 4
User 10594,user10594@example.com,City 5
User 10595,user10595@example.com,City 6
User 10596,user10596@example.com,City 7
User 10597,user10597@example.com,City 8
User 10598,user10598@example.com,City 9
User 10599,user10599@example.com,City 10
User 10600,user10600@example.com,City 1
User 10601,user10601@example.com,City 2
User 10602,user10602@example.com,City 3
User 10603,user10603@example.com,City 4
User 10604,user10604@example.com,City 5
User 10605,user10605@example.com,City 6
User 10606,user10606@example.com,City 7
User 10607,user10607@example.com,City 8
User 10608,user10608@example.com,City 9
User 10609,user10609@example.com,City 10
User 10610,user10610@example.com,City 1
User 10611,user10611@example.com,City 2
User 10612,user10612@example.com,City 3
User 10613,user10613@example.com,City 4
User 10614,user10614@example.com,City 5
User 10615,user10615@example.com,City 6
User 10616,user10616@example.com,City 7
User 10617,user10617@example.com,City 8
User 10618,user10618@example.com,City 9
User 10619,user10619@example.com,City 10
User 10620,user10620@example.com,City 1
User 10621,user10621@example.com,City 2
User 10622,user10622@example.com,City 3
User 10623,user10623@example.com,City 4
User 10624,user10624@example.com,City 5
User 10625,user10625@example.com,City 6
User 10626,user10626@example.com,City 7
User 10627,user10627@example.com,City 8
User 10628,user10628@example.com,City 9
User 10629,user10629@example.com,City 10
User 10630,user10630@example.com,City 1
User 10631,user10631@example.com,City 2
User 10632,user10632@example.com,City 3
User 10633,user10633@example.com,City 4
User 10634,user10634@example.com,City 5
User 10635,user10635@example.com,City 6
User 10636,user10636@example.com,City 7
User 10637,user10637@example.com,City 8
User 10638,user10638@example.com,City 9
User 10639,user10639@example.com,City 10
User 10640,user10640@example.com,City 1
User 10641,user10641@example.com,City 2
User 10642,user10642@example.com,City 3
User 10643,user10643@example.com,City 4
User 10644,user10644@example.com,City 5
User 10645,user10645@example.com,City 6
User 10646,user10646@example.com,City 7
User 10647,user10647@example.com,City 8
User 10648,user10648@example.com,City 9
User 10649,user10649@example.com,City 10
User 10650,user10650@example.com,City 1
User 10651,user10651@example.com,City 2
User 10652,user10652@example.com,City 3
User 10653,user10653@example.com,City 4
User 10654,user10654@example.com,City 5
User 10655,user10655@example.com,City 6
User 10656,user10656@example.com,City 7
User 10657,user10657@example.com,City 8
User 10658,user10658@example.com,City 9
User 10659,user10659@example.com,City 10
User 10660,user10660@example.com,City 1
User 10661,user10661@example.com,City 2
User 10662,user10662@example.com,City 3
User 10663,user10663@example.com,City 4
User 10664,user10664@example.com,City 5
User 10665,user10665@example.com,City 6
User 10666,user10666@example.com,City 7
User 10667,user10667@example.com,City 8
User 10668,user10668@example.com,City 9
User 10669,user10669@example.com,City 10
User 10670,user10670@example.com,City 1
User 10671,user10671@example.com,City 2
User 10672,user10672@example.com,City 3
User 10673,user10673@example.com,City 4
User 10674,user10674@example.com,City 5
User 10675,user10675@example.com,City 6
User 10676,user10676@example.com,City 7
User 10677,user10677@example.com,City 8
User 10678,user10678@example.com,City 9
User 10679,user10679@example.com,City 10
User 10680,user10680@example.com,City 1
User 10681,user10681@example.com,City 2
User 10682,user10682@example.com,City 3
User 10683,user10683@example.com,City 4
User 10684,user10684@example.com,City 5
User 10685,user10685@example.com,City 6
User 10686,user10686@example.com,City 7
User 10687,user10687@example.com,City 8
User 10688,user10688@example.com,City 9
User 10689,user10689@example.com,City 10
User 10690,user10690@example.com,City 1
User 10691,user10691@example.com,City 2
User 10692,user10692@example.com,City 3
User 10693,user10693@example.com,City 4
User 10694,user10694@example.com,City 5
User 10695,user10695@example.com,City 6
User 10696,user10696@example.com,City 7
User 10697,user10697@example.com,City 8
User 10698,user10698@example.com,City 9
User 10699,user10699@example.com,City 10
User 10700,user10700@example.com,City 1
User 10701,user10701@example.com,City 2
User 10702,user10702@example.com,City 3
User 10703,user10703@example.com,City 4
User 10704,user10704@example.com,City 5
User 10705,user10705@example.com,City 6
User 10706,user10706@example.com,City 7
User 10707,user10707@example.com,City 8
User 10708,user10708@example.com,City 9
User 10709,user10709@example.com,City 10
User 10710,user10710@example.com,City 1
User 10711,user10711@example.com,City 2
User 10712,user10712@example.com,City 3
User 10713,user10713@example.com,City 4
User 10714,user10714@example.com,City 5
User 10715,user10715@example.com,City 6
User 10716,user10716@example.com,City 7
User 10717,user10717@example.com,City 8
User 10718,user10718@example.com,City 9
User 10719,user10719@example.com,City 10
User 10720,user10720@example.com,City 1
User 10721,user10721@example.com,City 2
User 10722,user10722@example.com,City 3
User 10723,user10723@example.com,City 4
User 10724,user10724@example.com,City 5
User 10725,user10725@example.com,City 6
User 10726,user10726@example.com,City 7
User 10727,user10727@example.com,City 8
User 10728,user10728@example.com,City 9
User 10729,user10729@example.com,City 10
User 10730,user10730@example.com,City 1
User 10731,user10731@example.com,City 2
User 10732,user10732@example.com,City 3
User 10733,user10733@example.com,City 4
User 10734,user10734@example.com,City 5
User 10735,user10735@example.com,City 6
User 10736,user10736@example.com,City 7
User 10737,user10737@example.com,City 8
User 10738,user10738@example.com,City 9
User 10739,user10739@example.com,City 10
User 10740,user10740@example.com,City 1
User 10741,user10741@example.com,City 2
User 10742,user10742@example.com,City 3
User 10743,user10743@example.com,City 4
User 10744,user10744@example.com,City 5
User 10745,user10745@example.com,City 6
User 10746,user10746@example.com,City 7
User 10747,user10747@example.com,City 8
User 10748,user10748@example.com,City 9
User 10749,user10749@example.com,City 10
User 10750,user10750@example.com,City 1
User 10751,user10751@example.com,City 2
User 10752,user10752@example.com,City 3
User 10753,user10753@example.com,City 4
User 10754,user10754@example.com,City 5
User 10755,user10755@example.com,City 6
User 10756,user10756@example.com,City 7
User 10757,user10757@example.com,City 8
User 10758,user10758@example.com,City 9
User 10759,user10759@example.com,City 10
User 10760,user10760@example.com,City 1
User 10761,user10761@example.com,City 2
User 10762,user10762@example.com,City 3
User 10763,user10763@example.com,City 4
User 10764,user10764@example.com,City 5
User 10765,user10765@example.com,City 6
User 10766,user10766@example.com,City 7
User 10767,user10767@example.com,City 8
User 10768,user10768@example.com,City 9
User 10769,user10769@example.com,City 10
User 10770,user10770@example.com,City 1
User 10771,user10771@example.com,City 2
User 10772,user10772@example.com,City 3
User 10773,user10773@example.com,City 4
User 10774,user10774@example.com,City 5
User 10775,user10775@example.com,City 6
User 10776,user10776@example.com,City 7
User 10777,user10777@example.com,City 8
User 10778,user10778@example.com,City 9
User 10779,user10779@example.com,City 10
User 10780,user10780@example.com,City 1
User 10781,user10781@example.com,City 2
User 10782,user10782@example.com,City 3
User 10783,user10783@example.com,City 4
User 10784,user10784@example.com,City 5
User 10785,user10785@example.com,City 6
User 10786,user10786@example.com,City 7
User 10787,user10787@example.com,City 8
User 10788,user10788@example.com,City 9
User 10789,user10789@example.com,City 10
User 10790,user10790@example.com,City 1
User 10791,user10791@example.com,City 2
User 10792,user10792@example.com,City 3
User 10793,user10793@example.com,City 4
User 10794,user10794@example.com,City 5
User 10795,user10795@example.com,City 6
User 10796,user10796@example.com,City 7
User 10797,user10797@example.com,City 8
User 10798,user10798@example.com,City 9
User 10799,user10799@example.com,City 10
User 10800,user10800@example.com,City 1
User 10801,user10801@example.com,City 2
User 10802,user10802@example.com,City 3
User 10803,user10803@example.com,City 4
User 10804,user10804@example.com,City 5
User 10805,user10805@example.com,City 6
User 10806,user10806@example.com,City 7
User 10807,user10807@example.com,City 8
User 10808,user10808@example.com,City 9
User 10809,user10809@example.com,City 10
User 10810,user10810@example.com,City 1
User 10811,user10811@example.com,City 2
User 10812,user10812@example.com,City 3
User 10813,user10813@example.com,City 4
User 10814,user10814@example.com,City 5
User 10815,user10815@example.com,City 6
User 10816,user10816@example.com,City 7
User 10817,user10817@example.com,City 8
User 10818,user10818@example.com,City 9
User 10819,user10819@example.com,City 10
User 10820,user10820@example.com,City 1
User 10821,user10821@example.com,City 2
User 10822,user10822@example.com,City 3
User 10823,user10823@example.com,City 4
User 10824,user10824@example.com,City 5
User 10825,user10825@example.com,City 6
User 10826,user10826@example.com,City 7
User 10827,user10827@example.com,City 8
User 10828,user10828@example.com,City 9
User 10829,user10829@example.com,City 10
User 10830,user10830@example.com,City 1
User 10831,user10831@example.com,City 2
User 10832,user10832@example.com,City 3
User 10833,user10833@example.com,City 4
User 10834,user10834@example.com,City 5
User 10835,user10835@example.com,City 6
User 10836,user10836@example.com,City 7
User 10837,user10837@example.com,City 8
User 10838,user10838@example.com,City 9
User 10839,user10839@example.com,City 10
User 10840,user10840@example.com,City 1
User 10841,user10841@example.com,City 2
User 10842,user10842@example.com,City 3
User 10843,user10843@example.com,City 4
User 10844,user10844@example.com,City 5
User 10845,user10845@example.com,City 6
User 10846,user10846@example.com,City 7
User 10847,user10847@example.com,City 8
User 10848,user10848@example.com,City 9
User 10849,user10849@example.com,City 10
User 10850,user10850@example.com,City 1
User 10851,user10851@example.com,City 2
User 10852,user10852@example.com,City 3
User 10853,user10853@example.com,City 4
User 10854,user10854@example.com,City 5
User 10855,user10855@example.com,City 6
User 10856,user10856@example.com,City 7
User 10857,user10857@example.com,City 8
User 10858,user10858@example.com,City 9
User 10859,user10859@example.com,City 10
User 10860,user10860@example.com,City 1
User 10861,user10861@example.com,City 2
User 10862,user10862@example.com,City 3
User 10863,user10863@example.com,City 4
User 10864,user10864@example.com,City 5
User 10865,user10865@example.com,City 6
User 10866,user10866@example.com,City 7
User 10867,user10867@example.com,City 8
User 10868,user10868@example.com,City 9
User 10869,user10869@example.com,City 10
User 10870,user10870@example.com,City 1
User 10871,user10871@example.com,City 2
User 10872,user10872@example.com,City 3
User 10873,user10873@example.com,City 4
User 10874,user10874@example.com,City 5
User 10875,user10875@example.com,City 6
User 10876,user10876@example.com,City 7
User 10877,user10877@example.com,City 8
User 10878,user10878@example.com,City 9
User 10879,user10879@example.com,City 10
User 10880,user10880@example.com,City 1
User 10881,user10881@example.com,City 2
User 10882,user10882@example.com,City 3
User 10883,user10883@example.com,City 4
User 10884,user10884@example.com,City 5
User 10885,user10885@example.com,City 6
User 10886,user10886@example.com,City 7
User 10887,user10887@example.com,City 8
User 10888,user10888@example.com,City 9
User 10889,user10889@example.com,City 10
User 10890,user10890@example.com,City 1
User 10891,user10891@example.com,City 2
User 10892,user10892@example.com,City 3
User 10893,user10893@example.com,City 4
User 10894,user10894@example.com,City 5
User 10895,user10895@example.com,City 6
User 10896,user10896@example.com,City 7
User 10897,user10897@example.com,City 8
User 10898,user10898@example.com,City 9
User 10899,user10899@example.com,City 10
User 10900,user10900@example.com,City 1
User 10901,user10901@example.com,City 2
User 10902,user10902@example.com,City 3
User 10903,user10903@example.com,City 4
User 10904,user10904@example.com,City 5
User 10905,user10905@example.com,City 6
User 10906,user10906@example.com,City 7
User 10907,user10907@example.com,City 8
User 10908,user10908@example.com,City 9
User 10909,user10909@example.com,City 10
User 10910,user10910@example.com,City 1
User 10911,user10911@example.com,City 2
User 10912,user10912@example.com,City 3
User 10913,user10913@example.com,City 4
User 10914,user10914@example.com,City 5
User 10915,user10915@example.com,City 6
User 10916,user10916@example.com,City 7
User 10917,user10917@example.com,City 8
User 10918,user10918@example.com,City 9
User 10919,user10919@example.com,City 10
User 10920,user10920@example.com,City 1
User 10921,user10921@example.com,City 2
User 10922,user10922@example.com,City 3
User 10923,user10923@example.com,City 4
User 10924,user10924@example.com,City 5
User 10925,user10925@example.com,City 6
User 10926,user10926@example.com,City 7
User 10927,user10927@example.com,City 8
User 10928,user10928@example.com,City 9
User 10929,user10929@example.com,City 10
User 10930,user10930@example.com,City 1
User 10931,user10931@example.com,City 2
User 10932,user10932@example.com,City 3
User 10933,user10933@example.com,City 4
User 10934,user10934@example.com,City 5
User 10935,user10935@example.com,City 6
User 10936,user10936@example.com,City 7
User 10937,user10937@example.com,City 8
User 10938,user10938@example.com,City 9
User 10939,user10939@example.com,City 10
User 10940,user10940@example.com,City 1
User 10941,user10941@example.com,City 2
User 10942,user10942@example.com,City 3
User 10943,user10943@example.com,City 4
User 10944,user10944@example.com,City 5
User 10945,user10945@example.com,City 6
User 10946,user10946@example.com,City 7
User 10947,user10947@example.com,City 8
User 10948,user10948@example.com,City 9
User 10949,user10949@example.com,City 10
User 10950,user10950@example.com,City 1
User 10951,user10951@example.com,City 2
User 10952,user10952@example.com,City 3
User 10953,user10953@example.com,City 4
User 10954,user10954@example.com,City 5
User 10955,user10955@example.com,City 6
User 10956,user10956@example.com,City 7
User 10957,user10957@example.com,City 8
User 10958,user10958@example.com,City 9
User 10959,user10959@example.com,City 10
User 10960,user10960@example.com,City 1
User 10961,user10961@example.com,City 2
User 10962,user10962@example.com,City 3
User 10963,user10963@example.com,City 4
User 10964,user10964@example.com,City 5
User 10965,user10965@example.com,City 6
User 10966,user10966@example.com,City 7
User 10967,user10967@example.com,City 8
User 10968,user10968@example.com,City 9
User 10969,user10969@example.com,City 10
User 10970,user10970@example.com,City 1
User 10971,user10971@example.com,City 2
User 10972,user10972@example.com,City 3
User 10973,user10973@example.com,City 4
User 10974,user10974@example.com,City 5
User 10975,user10975@example.com,City 6
User 10976,user10976@example.com,City 7
User 10977,user10977@example.com,City 8
User 10978,user10978@example.com,City 9
User 10979,user10979@example.com,City 10
User 10980,user10980@example.com,City 1
User 10981,user10981@example.com,City 2
User 10982,user10982@example.com,City 3
User 10983,user10983@example.com,City 4
User 10984,user10984@example.com,City 5
User 10985,user10985@example.com,City 6
User 10986,user10986@example.com,City 7
User 10987,user10987@example.com,City 8
User 10988,user10988@example.com,City 9
User 10989,user10989@example.com,City 10
User 10990,user10990@example.com,City 1
User 10991,user10991@example.com,City 2
User 10992,user10992@example.com,City 3
User 10993,user10993@example.com,City 4
User 10994,user10994@example.com,City 5
User 10995,user10995@example.com,City 6
User 10996,user10996@example.com,City 7
User 10997,user10997@example.com,City 8
User 10998,user10998@example.com,City 9
User 10999,user10999@example.com,City 10
User 11000,user11000@example.com,City 1
User 11001,user11001@example.com,City 2
User 11002,user11002@example.com,City 3
User 11003,user11003@example.com,City 4
User 11004,user11004@example.com,City 5
User 11005,user11005@example.com,City 6
User 11006,user11006@example.com,City 7
User 11007,user11007@example.com,City 8
User 11008,user11008@example.com,City 9
User 11009,user11009@example.com,City 10
User 11010,user11010@example.com,City 1
User 11011,user11011@example.com,City 2
User 11012,user11012@example.com,City 3
User 11013,user11013@example.com,City 4
User 11014,user11014@example.com,City 5
User 11015,user11015@example.com,City 6
User 11016,user11016@example.com,City 7
User 11017,user11017@example.com,City 8
User 11018,user11018@example.com,City 9
User 11019,user11019@example.com,City 10
User 11020,user11020@example.com,City 1
User 11021,user11021@example.com,City 2
User 11022,user11022@example.com,City 3
User 11023,user11023@example.com,City 4
User 11024,user11024@example.com,City 5
User 11025,user11025@example.com,City 6
User 11026,user11026@example.com,City 7
User 11027,user11027@example.com,City 8
User 11028,user11028@example.com,City 9
User 11029,user11029@example.com,City 10
User 11030,user11030@example.com,City 1
User 11031,user11031@example.com,City 2
User 11032,user11032@example.com,City 3
User 11033,user11033@example.com,City 4
User 11034,user11034@example.com,City 5
User 11035,user11035@example.com,City 6
User 11036,user11036@example.com,City 7
User 11037,user11037@example.com,City 8
User 11038,user11038@example.com,City 9
User 11039,user11039@example.com,City 10
User 11040,user11040@example.com,City 1
User 11041,user11041@example.com,City 2
User 11042,user11042@example.com,City 3
User 11043,user11043@example.com,City 4
User 11044,user11044@example.com,City 5
User 11045,user11045@example.com,City 6
User 11046,user11046@example.com,City 7
User 11047,user11047@example.com,City 8
User 11048,user11048@example.com,City 9
User 11049,user11049@example.com,City 10
User 11050,user11050@example.com,City 1
User 11051,user11051@example.com,City 2
User 11052,user11052@example.com,City 3
User 11053,user11053@example.com,City 4
User 11054,user11054@example.com,City 5
User 11055,user11055@example.com,City 6
User 11056,user11056@example.com,City 7
User 11057,user11057@example.com,City 8
User 11058,user11058@example.com,City 9
User 11059,user11059@example.com,City 10
User 11060,user11060@example.com,City 1
User 11061,user11061@example.com,City 2
User 11062,user11062@example.com,City 3
User 11063,user11063@example.com,City 4
User 11064,user11064@example.com,City 5
User 11065,user11065@example.com,City 6
User 11066,user11066@example.com,City 7
User 11067,user11067@example.com,City 8
User 11068,user11068@example.com,City 9
User 11069,user11069@example.com,City 10
User 11070,user11070@example.com,City 1
User 11071,user11071@example.com,City 2
User 11072,user11072@example.com,City 3
User 11073,user11073@example.com,City 4
User 11074,user11074@example.com,City 5
User 11075,user11075@example.com,City 6
User 11076,user11076@example.com,City 7
User 11077,user11077@example.com,City 8
User 11078,user11078@example.com,City 9
User 11079,user11079@example.com,City 10
User 11080,user11080@example.com,City 1
User 11081,user11081@example.com,City 2
User 11082,user11082@example.com,City 3
User 11083,user11083@example.com,City 4
User 11084,user11084@example.com,City 5
User 11085,user11085@example.com,City 6
User 11086,user11086@example.com,City 7
User 11087,user11087@example.com,City 8
User 11088,user11088@example.com,City 9
User 11089,user11089@example.com,City 10
User 11090,user11090@example.com,City 1
User 11091,user11091@example.com,City 2
User 11092,user11092@example.com,City 3
User 11093,user11093@example.com,City 4
User 11094,user11094@example.com,City 5
User 11095,user11095@example.com,City 6
User 11096,user11096@example.com,City 7
User 11097,user11097@example.com,City 8
User 11098,user11098@example.com,City 9
User 11099,user11099@example.com,City 10
User 11100,user11100@example.com,City 1
User 11101,user11101@example.com,City 2
User 11102,user11102@example.com,City 3
User 11103,user11103@example.com,City 4
User 11104,user11104@example.com,City 5
User 11105,user11105@example.com,City 6
User 11106,user11106@example.com,City 7
User 11107,user11107@example.com,City 8
User 11108,user11108@example.com,City 9
User 11109,user11109@example.com,City 10
User 11110,user11110@example.com,City 1
User 11111,user11111@example.com,City 2
User 11112,user11112@example.com,City 3
User 11113,user11113@example.com,City 4
User 11114,user11114@example.com,City 5
User 11115,user11115@example.com,City 6
User 11116,user11116@example.com,City 7
User 11117,user11117@example.com,City 8
User 11118,user11118@example.com,City 9
User 11119,user11119@example.com,City 10
User 11120,user11120@example.com,City 1
User 11121,user11121@example.com,City 2
User 11122,user11122@example.com,City 3
User 11123,user11123@example.com,City 4
User 11124,user11124@example.com,City 5
User 11125,user11125@example.com,City 6
User 11126,user11126@example.com,City 7
User 11127,user11127@example.com,City 8
User 11128,user11128@example.com,City 9
User 11129,user11129@example.com,City 10
User 11130,user11130@example.com,City 1
User 11131,user11131@example.com,City 2
User 11132,user11132@example.com,City 3
User 11133,user11133@example.com,City 4
User 11134,user11134@example.com,City 5
User 11135,user11135@example.com,City 6
User 11136,user11136@example.com,City 7
User 11137,user11137@example.com,City 8
User 11138,user11138@example.com,City 9
User 11139,user11139@example.com,City 10
User 11140,user11140@example.com,City 1
User 11141,user11141@example.com,City 2
User 11142,user11142@example.com,City 3
User 11143,user11143@example.com,City 4
User 11144,user11144@example.com,City 5
User 11145,user11145@example.com,City 6
User 11146,user11146@example.com,City 7
User 11147,user11147@example.com,City 8
User 11148,user11148@example.com,City 9
User 11149,user11149@example.com,City 10
User 11150,user11150@example.com,City 1
User 11151,user11151@example.com,City 2
User 11152,user11152@example.com,City 3
User 11153,user11153@example.com,City 4
User 11154,user11154@example.com,City 5
User 11155,user11155@example.com,City 6
User 11156,user11156@example.com,City 7
User 11157,user11157@example.com,City 8
User 11158,user11158@example.com,City 9
User 11159,user11159@example.com,City 10
User 11160,user11160@example.com,City 1
User 11161,user11161@example.com,City 2
User 11162,user11162@example.com,City 3
User 11163,user11163@example.com,City 4
User 11164,user11164@example.com,City 5
User 11165,user11165@example.com,City 6
User 11166,user11166@example.com,City 7
User 11167,user11167@example.com,City 8
User 11168,user11168@example.com,City 9
User 11169,user11169@example.com,City 10
User 11170,user11170@example.com,City 1
User 11171,user11171@example.com,City 2
User 11172,user11172@example.com,City 3
User 11173,user11173@example.com,City 4
User 11174,user11174@example.com,City 5
User 11175,user11175@example.com,City 6
User 11176,user11176@example.com,City 7
User 11177,user11177@example.com,City 8
User 11178,user11178@example.com,City 9
User 11179,user11179@example.com,City 10
User 11180,user11180@example.com,City 1
User 11181,user11181@example.com,City 2
User 11182,user11182@example.com,City 3
User 11183,user11183@example.com,City 4
User 11184,user11184@example.com,City 5
User 11185,user11185@example.com,City 6
User 11186,user11186@example.com,City 7
User 11187,user11187@example.com,City 8
User 11188,user11188@example.com,City 9
User 11189,user11189@example.com,City 10
User 11190,user11190@example.com,City 1
User 11191,user11191@example.com,City 2
User 11192,user11192@example.com,City 3
User 11193,user11193@example.com,City 4
User 11194,user11194@example.com,City 5
User 11195,user11195@example.com,City 6
User 11196,user11196@example.com,City 7
User 11197,user11197@example.com,City 8
User 11198,user11198@example.com,City 9
User 11199,user11199@example.com,City 10
User 11200,user11200@example.com,City 1
User 11201,user11201@example.com,City 2
User 11202,user11202@example.com,City 3
User 11203,user11203@example.com,City 4
User 11204,user11204@example.com,City 5
User 11205,user11205@example.com,City 6
User 11206,user11206@example.com,City 7
User 11207,user11207@example.com,City 8
User 11208,user11208@example.com,City 9
User 11209,user11209@example.com,City 10
User 11210,user11210@example.com,City 1
User 11211,user11211@example.com,City 2
User 11212,user11212@example.com,City 3
User 11213,user11213@example.com,City 4
User 11214,user11214@example.com,City 5
User 11215,user11215@example.com,City 6
User 11216,user11216@example.com,City 7
User 11217,user11217@example.com,City 8
User 11218,user11218@example.com,City 9
User 11219,user11219@example.com,City 10
User 11220,user11220@example.com,City 1
User 11221,user11221@example.com,City 2
User 11222,user11222@example.com,City 3
User 11223,user11223@example.com,City 4
User 11224,user11224@example.com,City 5
User 11225,user11225@example.com,City 6
User 11226,user11226@example.com,City 7
User 11227,user11227@example.com,City 8
User 11228,user11228@example.com,City 9
User 11229,user11229@example.com,City 10
User 11230,user11230@example.com,City 1
User 11231,user11231@example.com,City 2
User 11232,user11232@example.com,City 3
User 11233,user11233@example.com,City 4
User 11234,user11234@example.com,City 5
User 11235,user11235@example.com,City 6
User 11236,user11236@example.com,City 7
User 11237,user11237@example.com,City 8
User 11238,user11238@example.com,City 9
User 11239,user11239@example.com,City 10
User 11240,user11240@example.com,City 1
User 11241,user11241@example.com,City 2
User 11242,user11242@example.com,City 3
User 11243,user11243@example.com,City 4
User 11244,user11244@example.com,City 5
User 11245,user11245@example.com,City 6
User 11246,user11246@example.com,City 7
User 11247,user11247@example.com,City 8
User 11248,user11248@example.com,City 9
User 11249,user11249@example.com,City 10
User 11250,user11250@example.com,City 1
User 11251,user11251@example.com,City 2
User 11252,user11252@example.com,City 3
User 11253,user11253@example.com,City 4
User 11254,user11254@example.com,City 5
User 11255,user11255@example.com,City 6
User 11256,user11256@example.com,City 7
User 11257,user11257@example.com,City 8
User 11258,user11258@example.com,City 9
User 11259,user11259@example.com,City 10
User 11260,user11260@example.com,City 1
User 11261,user11261@example.com,City 2
User 11262,user11262@example.com,City 3
User 11263,user11263@example.com,City 4
User 11264,user11264@example.com,City 5
User 11265,user11265@example.com,City 6
User 11266,user11266@example.com,City 7
User 11267,user11267@example.com,City 8
User 11268,user11268@example.com,City 9
User 11269,user11269@example.com,City 10
User 11270,user11270@example.com,City 1
User 11271,user11271@example.com,City 2
User 11272,user11272@example.com,City 3
User 11273,user11273@example.com,City 4
User 11274,user11274@example.com,City 5
User 11275,user11275@example.com,City 6
User 11276,user11276@example.com,City 7
User 11277,user11277@example.com,City 8
User 11278,user11278@example.com,City 9
User 11279,user11279@example.com,City 10
User 11280,user11280@example.com,City 1
User 11281,user11281@example.com,City 2
User 11282,user11282@example.com,City 3
User 11283,user11283@example.com,City 4
User 11284,user11284@example.com,City 5
User 11285,user11285@example.com,City 6
User 11286,user11286@example.com,City 7
User 11287,user11287@example.com,City 8
User 11288,user11288@example.com,City 9
User 11289,user11289@example.com,City 10
User 11290,user11290@example.com,City 1
User 11291,user11291@example.com,City 2
User 11292,user11292@example.com,City 3
User 11293,user11293@example.com,City 4
User 11294,user11294@example.com,City 5
User 11295,user11295@example.com,City 6
User 11296,user11296@example.com,City 7
User 11297,user11297@example.com,City 8
User 11298,user11298@example.com,City 9
User 11299,user11299@example.com,City 10
User 11300,user11300@example.com,City 1
User 11301,user11301@example.com,City 2
User 11302,user11302@example.com,City 3
User 11303,user11303@example.com,City 4
User 11304,user11304@example.com,City 5
User 11305,user11305@example.com,City 6
User 11306,user11306@example.com,City 7
User 11307,user11307@example.com,City 8
User 11308,user11308@example.com,City 9
User 11309,user11309@example.com,City 10
User 11310,user11310@example.com,City 1
User 11311,user11311@example.com,City 2
User 11312,user11312@example.com,City 3
User 11313,user11313@example.com,City 4
User 11314,user11314@example.com,City 5
User 11315,user11315@example.com,City 6
User 11316,user11316@example.com,City 7
User 11317,user11317@example.com,City 8
User 11318,user11318@example.com,City 9
User 11319,user11319@example.com,City 10
User 11320,user11320@example.com,City 1
User 11321,user11321@example.com,City 2
User 11322,user11322@example.com,City 3
User 11323,user11323@example.com,City 4
User 11324,user11324@example.com,City 5
User 11325,user11325@example.com,City 6
User 11326,user11326@example.com,City 7
User 11327,user11327@example.com,City 8
User 11328,user11328@example.com,City 9
User 11329,user11329@example.com,City 10
User 11330,user11330@example.com,City 1
User 11331,user11331@example.com,City 2
User 11332,user11332@example.com,City 3
User 11333,user11333@example.com,City 4
User 11334,user11334@example.com,City 5
User 11335,user11335@example.com,City 6
User 11336,user11336@example.com,City 7
User 11337,user11337@example.com,City 8
User 11338,user11338@example.com,City 9
User 11339,user11339@example.com,City 10
User 11340,user11340@example.com,City 1
User 11341,user11341@example.com,City 2
User 11342,user11342@example.com,City 3
User 11343,user11343@example.com,City 4
User 11344,user11344@example.com,City 5
User 11345,user11345@example.com,City 6
User 11346,user11346@example.com,City 7
User 11347,user11347@example.com,City 8
User 11348,user11348@example.com,City 9
User 11349,user11349@example.com,City 10
User 11350,user11350@example.com,City 1
User 11351,user11351@example.com,City 2
User 11352,user11352@example.com,City 3
User 11353,user11353@example.com,City 4
User 11354,user11354@example.com,City 5
User 11355,user11355@example.com,City 6
User 11356,user11356@example.com,City 7
User 11357,user11357@example.com,City 8
User 11358,user11358@example.com,City 9
User 11359,user11359@example.com,City 10
User 11360,user11360@example.com,City 1
User 11361,user11361@example.com,City 2
User 11362,user11362@example.com,City 3
User 11363,user11363@example.com,City 4
User 11364,user11364@example.com,City 5
User 11365,user11365@example.com,City 6
User 11366,user11366@example.com,City 7
User 11367,user11367@example.com,City 8
User 11368,user11368@example.com,City 9
User 11369,user11369@example.com,City 10
User 11370,user11370@example.com,City 1
User 11371,user11371@example.com,City 2
User 11372,user11372@example.com,City 3
User 11373,user11373@example.com,City 4
User 11374,user11374@example.com,City 5
User 11375,user11375@example.com,City 6
User 11376,user11376@example.com,City 7
User 11377,user11377@example.com,City 8
User 11378,user11378@example.com,City 9
User 11379,user11379@example.com,City 10
User 11380,user11380@example.com,City 1
User 11381,user11381@example.com,City 2
User 11382,user11382@example.com,City 3
User 11383,user11383@example.com,City 4
User 11384,user11384@example.com,City 5
User 11385,user11385@example.com,City 6
User 11386,user11386@example.com,City 7
User 11387,user11387@example.com,City 8
User 11388,user11388@example.com,City 9
User 11389,user11389@example.com,City 10
User 11390,user11390@example.com,City 1
User 11391,user11391@example.com,City 2
User 11392,user11392@example.com,City 3
User 11393,user11393@example.com,City 4
User 11394,user11394@example.com,City 5
User 11395,user11395@example.com,City 6
User 11396,user11396@example.com,City 7
User 11397,user11397@example.com,City 8
User 11398,user11398@example.com,City 9
User 11399,user11399@example.com,City 10
User 11400,user11400@example.com,City 1
User 11401,user11401@example.com,City 2
User 11402,user11402@example.com,City 3
User 11403,user11403@example.com,City 4
User 11404,user11404@example.com,City 5
User 11405,user11405@example.com,City 6
User 11406,user11406@example.com,City 7
User 11407,user11407@example.com,City 8
User 11408,user11408@example.com,City 9
User 11409,user11409@example.com,City 10
User 11410,user11410@example.com,City 1
User 11411,user11411@example.com,City 2
User 11412,user11412@example.com,City 3
User 11413,user11413@example.com,City 4
User 11414,user11414@example.com,City 5
User 11415,user11415@example.com,City 6
User 11416,user11416@example.com,City 7
User 11417,user11417@example.com,City 8
User 11418,user11418@example.com,City 9
User 11419,user11419@example.com,City 10
User 11420,user11420@example.com,City 1
User 11421,user11421@example.com,City 2
User 11422,user11422@example.com,City 3
User 11423,user11423@example.com,City 4
User 11424,user11424@example.com,City 5
User 11425,user11425@example.com,City 6
User 11426,user11426@example.com,City 7
User 11427,user11427@example.com,City 8
User 11428,user11428@example.com,City 9
User 11429,user11429@example.com,City 10
User 11430,user11430@example.com,City 1
User 11431,user11431@example.com,City 2
User 11432,user11432@example.com,City 3
User 11433,user11433@example.com,City 4
User 11434,user11434@example.com,City 5
User 11435,user11435@example.com,City 6
User 11436,user11436@example.com,City 7
User 11437,user11437@example.com,City 8
User 11438,user11438@example.com,City 9
User 11439,user11439@example.com,City 10
User 11440,user11440@example.com,City 1
User 11441,user11441@example.com,City 2
User 11442,user11442@example.com,City 3
User 11443,user11443@example.com,City 4
User 11444,user11444@example.com,City 5
User 11445,user11445@example.com,City 6
User 11446,user11446@example.com,City 7
User 11447,user11447@example.com,City 8
User 11448,user11448@example.com,City 9
User 11449,user11449@example.com,City 10
User 11450,user11450@example.com,City 1
User 11451,user11451@example.com,City 2
User 11452,user11452@example.com,City 3
User 11453,user11453@example.com,City 4
User 11454,user11454@example.com,City 5
User 11455,user11455@example.com,City 6
User 11456,user11456@example.com,City 7
User 11457,user11457@example.com,City 8
User 11458,user11458@example.com,City 9
User 11459,user11459@example.com,City 10
User 11460,user11460@example.com,City 1
User 11461,user11461@example.com,City 2
User 11462,user11462@example.com,City 3
User 11463,user11463@example.com,City 4
User 11464,user11464@example.com,City 5
User 11465,user11465@example.com,City 6
User 11466,user11466@example.com,City 7
User 11467,user11467@example.com,City 8
User 11468,user11468@example.com,City 9
User 11469,user11469@example.com,City 10
User 11470,user11470@example.com,City 1
User 11471,user11471@example.com,City 2
User 11472,user11472@example.com,City 3
User 11473,user11473@example.com,City 4
User 11474,user11474@example.com,City 5
User 11475,user11475@example.com,City 6
User 11476,user11476@example.com,City 7
User 11477,user11477@example.com,City 8
User 11478,user11478@example.com,City 9
User 11479,user11479@example.com,City 10
User 11480,user11480@example.com,City 1
User 11481,user11481@example.com,City 2
User 11482,user11482@example.com,City 3
User 11483,user11483@example.com,City 4
User 11484,user11484@example.com,City 5
User 11485,user11485@example.com,City 6
User 11486,user11486@example.com,City 7
User 11487,user11487@example.com,City 8
User 11488,user11488@example.com,City 9
User 11489,user11489@example.com,City 10
User 11490,user11490@example.com,City 1
User 11491,user11491@example.com,City 2
User 11492,user11492@example.com,City 3
User 11493,user11493@example.com,City 4
User 11494,user11494@example.com,City 5
User 11495,user11495@example.com,City 6
User 11496,user11496@example.com,City 7
User 11497,user11497@example.com,City 8
User 11498,user11498@example.com,City 9
User 11499,user11499@example.com,City 10
User 11500,user11500@example.com,City 1
User 11501,user11501@example.com,City 2
User 11502,user11502@example.com,City 3
User 11503,user11503@example.com,City 4
User 11504,user11504@example.com,City 5
User 11505,user11505@example.com,City 6
User 11506,user11506@example.com,City 7
User 11507,user11507@example.com,City 8
User 11508,user11508@example.com,City 9
User 11509,user11509@example.com,City 10
User 11510,user11510@example.com,City 1
User 11511,user11511@example.com,City 2
User 11512,user11512@example.com,City 3
User 11513,user11513@example.com,City 4
User 11514,user11514@example.com,City 5
User 11515,user11515@example.com,City 6
User 11516,user11516@example.com,City 7
User 11517,user11517@example.com,City 8
User 11518,user11518@example.com,City 9
User 11519,user11519@example.com,City 10
User 11520,user11520@example.com,City 1
User 11521,user11521@example.com,City 2
User 11522,user11522@example.com,City 3
User 11523,user11523@example.com,City 4
User 11524,user11524@example.com,City 5
User 11525,user11525@example.com,City 6
User 11526,user11526@example.com,City 7
User 11527,user11527@example.com,City 8
User 11528,user11528@example.com,City 9
User 11529,user11529@example.com,City 10
User 11530,user11530@example.com,City 1
User 11531,user11531@example.com,City 2
User 11532,user11532@example.com,City 3
User 11533,user11533@example.com,City 4
User 11534,user11534@example.com,City 5
User 11535,user11535@example.com,City 6
User 11536,user11536@example.com,City 7
User 11537,user11537@example.com,City 8
User 11538,user11538@example.com,City 9
User 11539,user11539@example.com,City 10
User 11540,user11540@example.com,City 1
User 11541,user11541@example.com,City 2
User 11542,user11542@example.com,City 3
User 11543,user11543@example.com,City 4
User 11544,user11544@example.com,City 5
User 11545,user11545@example.com,City 6
User 11546,user11546@example.com,City 7
User 11547,user11547@example.com,City 8
User 11548,user11548@example.com,City 9
User 11549,user11549@example.com,City 10
User 11550,user11550@example.com,City 1
User 11551,user11551@example.com,City 2
User 11552,user11552@example.com,City 3
User 11553,user11553@example.com,City 4
User 11554,user11554@example.com,City 5
User 11555,user11555@example.com,City 6
User 11556,user11556@example.com,City 7
User 11557,user11557@example.com,City 8
User 11558,user11558@example.com,City 9
User 11559,user11559@example.com,City 10
User 11560,user11560@example.com,City 1
User 11561,user11561@example.com,City 2
User 11562,user11562@example.com,City 3
User 11563,user11563@example.com,City 4
User 11564,user11564@example.com,City 5
User 11565,user11565@example.com,City 6
User 11566,user11566@example.com,City 7
User 11567,user11567@example.com,City 8
User 11568,user11568@example.com,City 9
User 11569,user11569@example.com,City 10
User 11570,user11570@example.com,City 1
User 11571,user11571@example.com,City 2
User 11572,user11572@example.com,City 3
User 11573,user11573@example.com,City 4
User 11574,user11574@example.com,City 5
User 11575,user11575@example.com,City 6
User 11576,user11576@example.com,City 7
User 11577,user11577@example.com,City 8
User 11578,user11578@example.com,City 9
User 11579,user11579@example.com,City 10
User 11580,user11580@example.com,City 1
User 11581,user11581@example.com,City 2
User 11582,user11582@example.com,City 3
User 11583,user11583@example.com,City 4
User 11584,user11584@example.com,City 5
User 11585,user11585@example.com,City 6
User 11586,user11586@example.com,City 7
User 11587,user11587@example.com,City 8
User 11588,user11588@example.com,City 9
User 11589,user11589@example.com,City 10
User 11590,user11590@example.com,City 1
User 11591,user11591@example.com,City 2
User 11592,user11592@example.com,City 3
User 11593,user11593@example.com,City 4
User 11594,user11594@example.com,City 5
User 11595,user11595@example.com,City 6
User 11596,user11596@example.com,City 7
User 11597,user11597@example.com,City 8
User 11598,user11598@example.com,City 9
User 11599,user11599@example.com,City 10
User 11600,user11600@example.com,City 1
User 11601,user11601@example.com,City 2
User 11602,user11602@example.com,City 3
User 11603,user11603@example.com,City 4
User 11604,user11604@example.com,City 5
User 11605,user11605@example.com,City 6
User 11606,user11606@example.com,City 7
User 11607,user11607@example.com,City 8
User 11608,user11608@example.com,City 9
User 11609,user11609@example.com,City 10
User 11610,user11610@example.com,City 1
User 11611,user11611@example.com,City 2
User 11612,user11612@example.com,City 3
User 11613,user11613@example.com,City 4
User 11614,user11614@example.com,City 5
User 11615,user11615@example.com,City 6
User 11616,user11616@example.com,City 7
User 11617,user11617@example.com,City 8
User 11618,user11618@example.com,City 9
User 11619,user11619@example.com,City 10
User 11620,user11620@example.com,City 1
User 11621,user11621@example.com,City 2
User 11622,user11622@example.com,City 3
User 11623,user11623@example.com,City 4
User 11624,user11624@example.com,City 5
User 11625,user11625@example.com,City 6
User 11626,user11626@example.com,City 7
User 11627,user11627@example.com,City 8
User 11628,user11628@example.com,City 9
User 11629,user11629@example.com,City 10
User 11630,user11630@example.com,City 1
User 11631,user11631@example.com,City 2
User 11632,user11632@example.com,City 3
User 11633,user11633@example.com,City 4
User 11634,user11634@example.com,City 5
User 11635,user11635@example.com,City 6
User 11636,user11636@example.com,City 7
User 11637,user11637@example.com,City 8
User 11638,user11638@example.com,City 9
User 11639,user11639@example.com,City 10
User 11640,user11640@example.com,City 1
User 11641,user11641@example.com,City 2
User 11642,user11642@example.com,City 3
User 11643,user11643@example.com,City 4
User 11644,user11644@example.com,City 5
User 11645,user11645@example.com,City 6
User 11646,user11646@example.com,City 7
User 11647,user11647@example.com,City 8
User 11648,user11648@example.com,City 9
User 11649,user11649@example.com,City 10
User 11650,user11650@example.com,City 1
User 11651,user11651@example.com,City 2
User 11652,user11652@example.com,City 3
User 11653,user11653@example.com,City 4
User 11654,user11654@example.com,City 5
User 11655,user11655@example.com,City 6
User 11656,user11656@example.com,City 7
User 11657,user11657@example.com,City 8
User 11658,user11658@example.com,City 9
User 11659,user11659@example.com,City 10
User 11660,user11660@example.com,City 1
User 11661,user11661@example.com,City 2
User 11662,user11662@example.com,City 3
User 11663,user11663@example.com,City 4
User 11664,user11664@example.com,City 5
User 11665,user11665@example.com,City 6
User 11666,user11666@example.com,City 7
User 11667,user11667@example.com,City 8
User 11668,user11668@example.com,City 9
User 11669,user11669@example.com,City 10
User 11670,user11670@example.com,City 1
User 11671,user11671@example.com,City 2
User 11672,user11672@example.com,City 3
User 11673,user11673@example.com,City 4
User 11674,user11674@example.com,City 5
User 11675,user11675@example.com,City 6
User 11676,user11676@example.com,City 7
User 11677,user11677@example.com,City 8
User 11678,user11678@example.com,City 9
User 11679,user11679@example.com,City 10
User 11680,user11680@example.com,City 1
User 11681,user11681@example.com,City 2
User 11682,user11682@example.com,City 3
User 11683,user11683@example.com,City 4
User 11684,user11684@example.com,City 5
User 11685,user11685@example.com,City 6
User 11686,user11686@example.com,City 7
User 11687,user11687@example.com,City 8
User 11688,user11688@example.com,City 9
User 11689,user11689@example.com,City 10
User 11690,user11690@example.com,City 1
User 11691,user11691@example.com,City 2
User 11692,user11692@example.com,City 3
User 11693,user11693@example.com,City 4
User 11694,user11694@example.com,City 5
User 11695,user11695@example.com,City 6
User 11696,user11696@example.com,City 7
User 11697,user11697@example.com,City 8
User 11698,user11698@example.com,City 9
User 11699,user11699@example.com,City 10
User 11700,user11700@example.com,City 1
User 11701,user11701@example.com,City 2
User 11702,user11702@example.com,City 3
User 11703,user11703@example.com,City 4
User 11704,user11704@example.com,City 5
User 11705,user11705@example.com,City 6
User 11706,user11706@example.com,City 7
User 11707,user11707@example.com,City 8
User 11708,user11708@example.com,City 9
User 11709,user11709@example.com,City 10
User 11710,user11710@example.com,City 1
User 11711,user11711@example.com,City 2
User 11712,user11712@example.com,City 3
User 11713,user11713@example.com,City 4
User 11714,user11714@example.com,City 5
User 11715,user11715@example.com,City 6
User 11716,user11716@example.com,City 7
User 11717,user11717@example.com,City 8
User 11718,user11718@example.com,City 9
User 11719,user11719@example.com,City 10
User 11720,user11720@example.com,City 1
User 11721,user11721@example.com,City 2
User 11722,user11722@example.com,City 3
User 11723,user11723@example.com,City 4
User 11724,user11724@example.com,City 5
User 11725,user11725@example.com,City 6
User 11726,user11726@example.com,City 7
User 11727,user11727@example.com,City 8
User 11728,user11728@example.com,City 9
User 11729,user11729@example.com,City 10
User 11730,user11730@example.com,City 1
User 11731,user11731@example.com,City 2
User 11732,user11732@example.com,City 3
User 11733,user11733@example.com,City 4
User 11734,user11734@example.com,City 5
User 11735,user11735@example.com,City 6
User 11736,user11736@example.com,City 7
User 11737,user11737@example.com,City 8
User 11738,user11738@example.com,City 9
User 11739,user11739@example.com,City 10
User 11740,user11740@example.com,City 1
User 11741,user11741@example.com,City 2
User 11742,user11742@example.com,City 3
User 11743,user11743@example.com,City 4
User 11744,user11744@example.com,City 5
User 11745,user11745@example.com,City 6
User 11746,user11746@example.com,City 7
User 11747,user11747@example.com,City 8
User 11748,user11748@example.com,City 9
User 11749,user11749@example.com,City 10
User 11750,user11750@example.com,City 1
User 11751,user11751@example.com,City 2
User 11752,user11752@example.com,City 3
User 11753,user11753@example.com,City 4
User 11754,user11754@example.com,City 5
User 11755,user11755@example.com,City 6
User 11756,user11756@example.com,City 7
User 11757,user11757@example.com,City 8
User 11758,user11758@example.com,City 9
User 11759,user11759@example.com,City 10
User 11760,user11760@example.com,City 1
User 11761,user11761@example.com,City 2
User 11762,user11762@example.com,City 3
User 11763,user11763@example.com,City 4
User 11764,user11764@example.com,City 5
User 11765,user11765@example.com,City 6
User 11766,user11766@example.com,City 7
User 11767,user11767@example.com,City 8
User 11768,user11768@example.com,City 9
User 11769,user11769@example.com,City 10
User 11770,user11770@example.com,City 1
User 11771,user11771@example.com,City 2
User 11772,user11772@example.com,City 3
User 11773,user11773@example.com,City 4
User 11774,user11774@example.com,City 5
User 11775,user11775@example.com,City 6
User 11776,user11776@example.com,City 7
User 11777,user11777@example.com,City 8
User 11778,user11778@example.com,City 9
User 11779,user11779@example.com,City 10
User 11780,user11780@example.com,City 1
User 11781,user11781@example.com,City 2
User 11782,user11782@example.com,City 3
User 11783,user11783@example.com,City 4
User 11784,user11784@example.com,City 5
User 11785,user11785@example.com,City 6
User 11786,user11786@example.com,City 7
User 11787,user11787@example.com,City 8
User 11788,user11788@example.com,City 9
User 11789,user11789@example.com,City 10
User 11790,user11790@example.com,City 1
User 11791,user11791@example.com,City 2
User 11792,user11792@example.com,City 3
User 11793,user11793@example.com,City 4
User 11794,user11794@example.com,City 5
User 11795,user11795@example.com,City 6
User 11796,user11796@example.com,City 7
User 11797,user11797@example.com,City 8
User 11798,user11798@example.com,City 9
User 11799,user11799@example.com,City 10
User 11800,user11800@example.com,City 1
User 11801,user11801@example.com,City 2
User 11802,user11802@example.com,City 3
User 11803,user11803@example.com,City 4
User 11804,user11804@example.com,City 5
User 11805,user11805@example.com,City 6
User 11806,user11806@example.com,City 7
User 11807,user11807@example.com,City 8
User 11808,user11808@example.com,City 9
User 11809,user11809@example.com,City 10
User 11810,user11810@example.com,City 1
User 11811,user11811@example.com,City 2
User 11812,user11812@example.com,City 3
User 11813,user11813@example.com,City 4
User 11814,user11814@example.com,City 5
User 11815,user11815@example.com,City 6
User 11816,user11816@example.com,City 7
User 11817,user11817@example.com,City 8
User 11818,user11818@example.com,City 9
User 11819,user11819@example.com,City 10
User 11820,user11820@example.com,City 1
User 11821,user11821@example.com,City 2
User 11822,user11822@example.com,City 3
User 11823,user11823@example.com,City 4
User 11824,user11824@example.com,City 5
User 11825,user11825@example.com,City 6
User 11826,user11826@example.com,City 7
User 11827,user11827@example.com,City 8
User 11828,user11828@example.com,City 9
User 11829,user11829@example.com,City 10
User 11830,user11830@example.com,City 1
User 11831,user11831@example.com,City 2
User 11832,user11832@example.com,City 3
User 11833,user11833@example.com,City 4
User 11834,user11834@example.com,City 5
User 11835,user11835@example.com,City 6
User 11836,user11836@example.com,City 7
User 11837,user11837@example.com,City 8
User 11838,user11838@example.com,City 9
User 11839,user11839@example.com,City 10
User 11840,user11840@example.com,City 1
User 11841,user11841@example.com,City 2
User 11842,user11842@example.com,City 3
User 11843,user11843@example.com,City 4
User 11844,user11844@example.com,City 5
User 11845,user11845@example.com,City 6
User 11846,user11846@example.com,City 7
User 11847,user11847@example.com,City 8
User 11848,user11848@example.com,City 9
User 11849,user11849@example.com,City 10
User 11850,user11850@example.com,City 1
User 11851,user11851@example.com,City 2
User 11852,user11852@example.com,City 3
User 11853,user11853@example.com,City 4
User 11854,user11854@example.com,City 5
User 11855,user11855@example.com,City 6
User 11856,user11856@example.com,City 7
User 11857,user11857@example.com,City 8
User 11858,user11858@example.com,City 9
User 11859,user11859@example.com,City 10
User 11860,user11860@example.com,City 1
User 11861,user11861@example.com,City 2
User 11862,user11862@example.com,City 3
User 11863,user11863@example.com,City 4
User 11864,user11864@example.com,City 5
User 11865,user11865@example.com,City 6
User 11866,user11866@example.com,City 7
User 11867,user11867@example.com,City 8
User 11868,user11868@example.com,City 9
User 11869,user11869@example.com,City 10
User 11870,user11870@example.com,City 1
User 11871,user11871@example.com,City 2
User 11872,user11872@example.com,City 3
User 11873,user11873@example.com,City 4
User 11874,user11874@example.com,City 5
User 11875,user11875@example.com,City 6
User 11876,user11876@example.com,City 7
User 11877,user11877@example.com,City 8
User 11878,user11878@example.com,City 9
User 11879,user11879@example.com,City 10
User 11880,user11880@example.com,City 1
User 11881,user11881@example.com,City 2
User 11882,user11882@example.com,City 3
User 11883,user11883@example.com,City 4
User 11884,user11884@example.com,City 5
User 11885,user11885@example.com,City 6
User 11886,user11886@example.com,City 7
User 11887,user11887@example.com,City 8
User 11888,user11888@example.com,City 9
User 11889,user11889@example.com,City 10
User 11890,user11890@example.com,City 1
User 11891,user11891@example.com,City 2
User 11892,user11892@example.com,City 3
User 11893,user11893@example.com,City 4
User 11894,user11894@example.com,City 5
User 11895,user11895@example.com,City 6
User 11896,user11896@example.com,City 7
User 11897,user11897@example.com,City 8
User 11898,user11898@example.com,City 9
User 11899,user11899@example.com,City 10
User 11900,user11900@example.com,City 1
User 11901,user11901@example.com,City 2
User 11902,user11902@example.com,City 3
User 11903,user11903@example.com,City 4
User 11904,user11904@example.com,City 5
User 11905,user11905@example.com,City 6
User 11906,user11906@example.com,City 7
User 11907,user11907@example.com,City 8
User 11908,user11908@example.com,City 9
User 11909,user11909@example.com,City 10
User 11910,user11910@example.com,City 1
User 11911,user11911@example.com,City 2
User 11912,user11912@example.com,City 3
User 11913,user11913@example.com,City 4
User 11914,user11914@example.com,City 5
User 11915,user11915@example.com,City 6
User 11916,user11916@example.com,City 7
User 11917,user11917@example.com,City 8
User 11918,user11918@example.com,City 9
User 11919,user11919@example.com,City 10
User 11920,user11920@example.com,City 1
User 11921,user11921@example.com,City 2
User 11922,user11922@example.com,City 3
User 11923,user11923@example.com,City 4
User 11924,user11924@example.com,City 5
User 11925,user11925@example.com,City 6
User 11926,user11926@example.com,City 7
User 11927,user11927@example.com,City 8
User 11928,user11928@example.com,City 9
User 11929,user11929@example.com,City 10
User 11930,user11930@example.com,City 1
User 11931,user11931@example.com,City 2
User 11932,user11932@example.com,City 3
User 11933,user11933@example.com,City 4
User 11934,user11934@example.com,City 5
User 11935,user11935@example.com,City 6
User 11936,user11936@example.com,City 7
User 11937,user11937@example.com,City 8
User 11938,user11938@example.com,City 9
User 11939,user11939@example.com,City 10
User 11940,user11940@example.com,City 1
User 11941,user11941@example.com,City 2
User 11942,user11942@example.com,City 3
User 11943,user11943@example.com,City 4
User 11944,user11944@example.com,City 5
User 11945,user11945@example.com,City 6
User 11946,user11946@example.com,City 7
User 11947,user11947@example.com,City 8
User 11948,user11948@example.com,City 9
User 11949,user11949@example.com,City 10
User 11950,user11950@example.com,City 1
User 11951,user11951@example.com,City 2
User 11952,user11952@example.com,City 3
User 11953,user11953@example.com,City 4
User 11954,user11954@example.com,City 5
User 11955,user11955@example.com,City 6
User 11956,user11956@example.com,City 7
User 11957,user11957@example.com,City 8
User 11958,user11958@example.com,City 9
User 11959,user11959@example.com,City 10
User 11960,user11960@example.com,City 1
User 11961,user11961@example.com,City 2
User 11962,user11962@example.com,City 3
User 11963,user11963@example.com,City 4
User 11964,user11964@example.com,City 5
User 11965,user11965@example.com,City 6
User 11966,user11966@example.com,City 7
User 11967,user11967@example.com,City 8
User 11968,user11968@example.com,City 9
User 11969,user11969@example.com,City 10
User 11970,user11970@example.com,City 1
User 11971,user11971@example.com,City 2
User 11972,user11972@example.com,City 3
User 11973,user11973@example.com,City 4
User 11974,user11974@example.com,City 5
User 11975,user11975@example.com,City 6
User 11976,user11976@example.com,City 7
User 11977,user11977@example.com,City 8
User 11978,user11978@example.com,City 9
User 11979,user11979@example.com,City 10
User 11980,user11980@example.com,City 1
User 11981,user11981@example.com,City 2
User 11982,user11982@example.com,City 3
User 11983,user11983@example.com,City 4
User 11984,user11984@example.com,City 5
User 11985,user11985@example.com,City 6
User 11986,user11986@example.com,City 7
User 11987,user11987@example.com,City 8
User 11988,user11988@example.com,City 9
User 11989,user11989@example.com,City 10
User 11990,user11990@example.com,City 1
User 11991,user11991@example.com,City 2
User 11992,user11992@example.com,City 3
User 11993,user11993@example.com,City 4
User 11994,user11994@example.com,City 5
User 11995,user11995@example.com,City 6
User 11996,user11996@example.com,City 7
User 11997,user11997@example.com,City 8
User 11998,user11998@example.com,City 9
User 11999,user11999@example.com,City 10
User 12000,user12000@example.com,City 1
User 12001,user12001@example.com,City 2
User 12002,user12002@example.com,City 3
User 12003,user12003@example.com,City 4
User 12004,user12004@example.com,City 5
User 12005,user12005@example.com,City 6
User 12006,user12006@example.com,City 7
User 12007,user12007@example.com,City 8
User 12008,user12008@example.com,City 9
User 12009,user12009@example.com,City 10
User 12010,user12010@example.com,City 1
User 12011,user12011@example.com,City 2
User 12012,user12012@example.com,City 3
User 12013,user12013@example.com,City 4
User 12014,user12014@example.com,City 5
User 12015,user12015@example.com,City 6
User 12016,user12016@example.com,City 7
User 12017,user12017@example.com,City 8
User 12018,user12018@example.com,City 9
User 12019,user12019@example.com,City 10
User 12020,user12020@example.com,City 1
User 12021,user12021@example.com,City 2
User 12022,user12022@example.com,City 3
User 12023,user12023@example.com,City 4
User 12024,user12024@example.com,City 5
User 12025,user12025@example.com,City 6
User 12026,user12026@example.com,City 7
User 12027,user12027@example.com,City 8
User 12028,user12028@example.com,City 9
User 12029,user12029@example.com,City 10
User 12030,user12030@example.com,City 1
User 12031,user12031@example.com,City 2
User 12032,user12032@example.com,City 3
User 12033,user12033@example.com,City 4
User 12034,user12034@example.com,City 5
User 12035,user12035@example.com,City 6
User 12036,user12036@example.com,City 7
User 12037,user12037@example.com,City 8
User 12038,user12038@example.com,City 9
User 12039,user12039@example.com,City 10
User 12040,user12040@example.com,City 1
User 12041,user12041@example.com,City 2
User 12042,user12042@example.com,City 3
User 12043,user12043@example.com,City 4
User 12044,user12044@example.com,City 5
User 12045,user12045@example.com,City 6
User 12046,user12046@example.com,City 7
User 12047,user12047@example.com,City 8
User 12048,user12048@example.com,City 9
User 12049,user12049@example.com,City 10
User 12050,user12050@example.com,City 1
User 12051,user12051@example.com,City 2
User 12052,user12052@example.com,City 3
User 12053,user12053@example.com,City 4
User 12054,user12054@example.com,City 5
User 12055,user12055@example.com,City 6
User 12056,user12056@example.com,City 7
User 12057,user12057@example.com,City 8
User 12058,user12058@example.com,City 9
User 12059,user12059@example.com,City 10
User 12060,user12060@example.com,City 1
User 12061,user12061@example.com,City 2
User 12062,user12062@example.com,City 3
User 12063,user12063@example.com,City 4
User 12064,user12064@example.com,City 5
User 12065,user12065@example.com,City 6
User 12066,user12066@example.com,City 7
User 12067,user12067@example.com,City 8
User 12068,user12068@example.com,City 9
User 12069,user12069@example.com,City 10
User 12070,user12070@example.com,City 1
User 12071,user12071@example.com,City 2
User 12072,user12072@example.com,City 3
User 12073,user12073@example.com,City 4
User 12074,user12074@example.com,City 5
User 12075,user12075@example.com,City 6
User 12076,user12076@example.com,City 7
User 12077,user12077@example.com,City 8
User 12078,user12078@example.com,City 9
User 12079,user12079@example.com,City 10
User 12080,user12080@example.com,City 1
User 12081,user12081@example.com,City 2
User 12082,user12082@example.com,City 3
User 12083,user12083@example.com,City 4
User 12084,user12084@example.com,City 5
User 12085,user12085@example.com,City 6
User 12086,user12086@example.com,City 7
User 12087,user12087@example.com,City 8
User 12088,user12088@example.com,City 9
User 12089,user12089@example.com,City 10
User 12090,user12090@example.com,City 1
User 12091,user12091@example.com,City 2
User 12092,user12092@example.com,City 3
User 12093,user12093@example.com,City 4
User 12094,user12094@example.com,City 5
User 12095,user12095@example.com,City 6
User 12096,user12096@example.com,City 7
User 12097,user12097@example.com,City 8
User 12098,user12098@example.com,City 9
User 12099,user12099@example.com,City 10
User 12100,user12100@example.com,City 1
User 12101,user12101@example.com,City 2
User 12102,user12102@example.com,City 3
User 12103,user12103@example.com,City 4
User 12104,user12104@example.com,City 5
User 12105,user12105@example.com,City 6
User 12106,user12106@example.com,City 7
User 12107,user12107@example.com,City 8
User 12108,user12108@example.com,City 9
User 12109,user12109@example.com,City 10
User 12110,user12110@example.com,City 1
User 12111,user12111@example.com,City 2
User 12112,user12112@example.com,City 3
User 12113,user12113@example.com,City 4
User 12114,user12114@example.com,City 5
User 12115,user12115@example.com,City 6
User 12116,user12116@example.com,City 7
User 12117,user12117@example.com,City 8
User 12118,user12118@example.com,City 9
User 12119,user12119@example.com,City 10
User 12120,user12120@example.com,City 1
User 12121,user12121@example.com,City 2
User 12122,user12122@example.com,City 3
User 12123,user12123@example.com,City 4
User 12124,user12124@example.com,City 5
User 12125,user12125@example.com,City 6
User 12126,user12126@example.com,City 7
User 12127,user12127@example.com,City 8
User 12128,user12128@example.com,City 9
User 12129,user12129@example.com,City 10
User 12130,user12130@example.com,City 1
User 12131,user12131@example.com,City 2
User 12132,user12132@example.com,City 3
User 12133,user12133@example.com,City 4
User 12134,user12134@example.com,City 5
User 12135,user12135@example.com,City 6
User 12136,user12136@example.com,City 7
User 12137,user12137@example.com,City 8
User 12138,user12138@example.com,City 9
User 12139,user12139@example.com,City 10
User 12140,user12140@example.com,City 1
User 12141,user12141@example.com,City 2
User 12142,user12142@example.com,City 3
User 12143,user12143@example.com,City 4
User 12144,user12144@example.com,City 5
User 12145,user12145@example.com,City 6
User 12146,user12146@example.com,City 7
User 12147,user12147@example.com,City 8
User 12148,user12148@example.com,City 9
User 12149,user12149@example.com,City 10
User 12150,user12150@example.com,City 1
User 12151,user12151@example.com,City 2
User 12152,user12152@example.com,City 3
User 12153,user12153@example.com,City 4
User 12154,user12154@example.com,City 5
User 12155,user12155@example.com,City 6
User 12156,user12156@example.com,City 7
User 12157,user12157@example.com,City 8
User 12158,user12158@example.com,City 9
User 12159,user12159@example.com,City 10
User 12160,user12160@example.com,City 1
User 12161,user12161@example.com,City 2
User 12162,user12162@example.com,City 3
User 12163,user12163@example.com,City 4
User 12164,user12164@example.com,City 5
User 12165,user12165@example.com,City 6
User 12166,user12166@example.com,City 7
User 12167,user12167@example.com,City 8
User 12168,user12168@example.com,City 9
User 12169,user12169@example.com,City 10
User 12170,user12170@example.com,City 1
User 12171,user12171@example.com,City 2
User 12172,user12172@example.com,City 3
User 12173,user12173@example.com,City 4
User 12174,user12174@example.com,City 5
User 12175,user12175@example.com,City 6
User 12176,user12176@example.com,City 7
User 12177,user12177@example.com,City 8
User 12178,user12178@example.com,City 9
User 12179,user12179@example.com,City 10
User 12180,user12180@example.com,City 1
User 12181,user12181@example.com,City 2
User 12182,user12182@example.com,City 3
User 12183,user12183@example.com,City 4
User 12184,user12184@example.com,City 5
User 12185,user12185@example.com,City 6
User 12186,user12186@example.com,City 7
User 12187,user12187@example.com,City 8
User 12188,user12188@example.com,City 9
User 12189,user12189@example.com,City 10
User 12190,user12190@example.com,City 1
User 12191,user12191@example.com,City 2
User 12192,user12192@example.com,City 3
User 12193,user12193@example.com,City 4
User 12194,user12194@example.com,City 5
User 12195,user12195@example.com,City 6
User 12196,user12196@example.com,City 7
User 12197,user12197@example.com,City 8
User 12198,user12198@example.com,City 9
User 12199,user12199@example.com,City 10
User 12200,user12200@example.com,City 1
User 12201,user12201@example.com,City 2
User 12202,user12202@example.com,City 3
User 12203,user12203@example.com,City 4
User 12204,user12204@example.com,City 5
User 12205,user12205@example.com,City 6
User 12206,user12206@example.com,City 7
User 12207,user12207@example.com,City 8
User 12208,user12208@example.com,City 9
User 12209,user12209@example.com,City 10
User 12210,user12210@example.com,City 1
User 12211,user12211@example.com,City 2
User 12212,user12212@example.com,City 3
User 12213,user12213@example.com,City 4
User 12214,user12214@example.com,City 5
User 12215,user12215@example.com,City 6
User 12216,user12216@example.com,City 7
User 12217,user12217@example.com,City 8
User 12218,user12218@example.com,City 9
User 12219,user12219@example.com,City 10
User 12220,user12220@example.com,City 1
User 12221,user12221@example.com,City 2
User 12222,user12222@example.com,City 3
User 12223,user12223@example.com,City 4
User 12224,user12224@example.com,City 5
User 12225,user12225@example.com,City 6
User 12226,user12226@example.com,City 7
User 12227,user12227@example.com,City 8
User 12228,user12228@example.com,City 9
User 12229,user12229@example.com,City 10
User 12230,user12230@example.com,City 1
User 12231,user12231@example.com,City 2
User 12232,user12232@example.com,City 3
User 12233,user12233@example.com,City 4
User 12234,user12234@example.com,City 5
User 12235,user12235@example.com,City 6
User 12236,user12236@example.com,City 7
User 12237,user12237@example.com,City 8
User 12238,user12238@example.com,City 9
User 12239,user12239@example.com,City 10
User 12240,user12240@example.com,City 1
User 12241,user12241@example.com,City 2
User 12242,user12242@example.com,City 3
User 12243,user12243@example.com,City 4
User 12244,user12244@example.com,City 5
User 12245,user12245@example.com,City 6
User 12246,user12246@example.com,City 7
User 12247,user12247@example.com,City 8
User 12248,user12248@example.com,City 9
User 12249,user12249@example.com,City 10
User 12250,user12250@example.com,City 1
User 12251,user12251@example.com,City 2
User 12252,user12252@example.com,City 3
User 12253,user12253@example.com,City 4
User 12254,user12254@example.com,City 5
User 12255,user12255@example.com,City 6
User 12256,user12256@example.com,City 7
User 12257,user12257@example.com,City 8
User 12258,user12258@example.com,City 9
User 12259,user12259@example.com,City 10
User 12260,user12260@example.com,City 1
User 12261,user12261@example.com,City 2
User 12262,user12262@example.com,City 3
User 12263,user12263@example.com,City 4
User 12264,user12264@example.com,City 5
User 12265,user12265@example.com,City 6
User 12266,user12266@example.com,City 7
User 12267,user12267@example.com,City 8
User 12268,user12268@example.com,City 9
User 12269,user12269@example.com,City 10
User 12270,user12270@example.com,City 1
User 12271,user12271@example.com,City 2
User 12272,user12272@example.com,City 3
User 12273,user12273@example.com,City 4
User 12274,user12274@example.com,City 5
User 12275,user12275@example.com,City 6
User 12276,user12276@example.com,City 7
User 12277,user12277@example.com,City 8
User 12278,user12278@example.com,City 9
User 12279,user12279@example.com,City 10
User 12280,user12280@example.com,City 1
User 12281,user12281@example.com,City 2
User 12282,user12282@example.com,City 3
User 12283,user12283@example.com,City 4
User 12284,user12284@example.com,City 5
User 12285,user12285@example.com,City 6
User 12286,user12286@example.com,City 7
User 12287,user12287@example.com,City 8
User 12288,user12288@example.com,City 9
User 12289,user12289@example.com,City 10
User 12290,user12290@example.com,City 1
User 12291,user12291@example.com,City 2
User 12292,user12292@example.com,City 3
User 12293,user12293@example.com,City 4
User 12294,user12294@example.com,City 5
User 12295,user12295@example.com,City 6
User 12296,user12296@example.com,City 7
User 12297,user12297@example.com,City 8
User 12298,user12298@example.com,City 9
User 12299,user12299@example.com,City 10
User 12300,user12300@example.com,City 1
User 12301,user12301@example.com,City 2
User 12302,user12302@example.com,City 3
User 12303,user12303@example.com,City 4
User 12304,user12304@example.com,City 5
User 12305,user12305@example.com,City 6
User 12306,user12306@example.com,City 7
User 12307,user12307@example.com,City 8
User 12308,user12308@example.com,City 9
User 12309,user12309@example.com,City 10
User 12310,user12310@example.com,City 1
User 12311,user12311@example.com,City 2
User 12312,user12312@example.com,City 3
User 12313,user12313@example.com,City 4
User 12314,user12314@example.com,City 5
User 12315,user12315@example.com,City 6
User 12316,user12316@example.com,City 7
User 12317,user12317@example.com,City 8
User 12318,user12318@example.com,City 9
User 12319,user12319@example.com,City 10
User 12320,user12320@example.com,City 1
User 12321,user12321@example.com,City 2
User 12322,user12322@example.com,City 3
User 12323,user12323@example.com,City 4
User 12324,user12324@example.com,City 5
User 12325,user12325@example.com,City 6
User 12326,user12326@example.com,City 7
User 12327,user12327@example.com,City 8
User 12328,user12328@example.com,City 9
User 12329,user12329@example.com,City 10
User 12330,user12330@example.com,City 1
User 12331,user12331@example.com,City 2
User 12332,user12332@example.com,City 3
User 12333,user12333@example.com,City 4
User 12334,user12334@example.com,City 5
User 12335,user12335@example.com,City 6
User 12336,user12336@example.com,City 7
User 12337,user12337@example.com,City 8
User 12338,user12338@example.com,City 9
User 12339,user12339@example.com,City 10
User 12340,user12340@example.com,City 1
User 12341,user12341@example.com,City 2
User 12342,user12342@example.com,City 3
User 12343,user12343@example.com,City 4
User 12344,user12344@example.com,City 5
User 12345,user12345@example.com,City 6
User 12346,user12346@example.com,City 7
User 12347,user12347@example.com,City 8
User 12348,user12348@example.com,City 9
User 12349,user12349@example.com,City 10
User 12350,user12350@example.com,City 1
User 12351,user12351@example.com,City 2
User 12352,user12352@example.com,City 3
User 12353,user12353@example.com,City 4
User 12354,user12354@example.com,City 5
User 12355,user12355@example.com,City 6
User 12356,user12356@example.com,City 7
User 12357,user12357@example.com,City 8
User 12358,user12358@example.com,City 9
User 12359,user12359@example.com,City 10
User 12360,user12360@example.com,City 1
User 12361,user12361@example.com,City 2
User 12362,user12362@example.com,City 3
User 12363,user12363@example.com,City 4
User 12364,user12364@example.com,City 5
User 12365,user12365@example.com,City 6
User 12366,user12366@example.com,City 7
User 12367,user12367@example.com,City 8
User 12368,user12368@example.com,City 9
User 12369,user12369@example.com,City 10
User 12370,user12370@example.com,City 1
User 12371,user12371@example.com,City 2
User 12372,user12372@example.com,City 3
User 12373,user12373@example.com,City 4
User 12374,user12374@example.com,City 5
User 12375,user12375@example.com,City 6
User 12376,user12376@example.com,City 7
User 12377,user12377@example.com,City 8
User 12378,user12378@example.com,City 9
User 12379,user12379@example.com,City 10
User 12380,user12380@example.com,City 1
User 12381,user12381@example.com,City 2
User 12382,user12382@example.com,City 3
User 12383,user12383@example.com,City 4
User 12384,user12384@example.com,City 5
User 12385,user12385@example.com,City 6
User 12386,user12386@example.com,City 7
User 12387,user12387@example.com,City 8
User 12388,user12388@example.com,City 9
User 12389,user12389@example.com,City 10
User 12390,user12390@example.com,City 1
User 12391,user12391@example.com,City 2
User 12392,user12392@example.com,City 3
User 12393,user12393@example.com,City 4
User 12394,user12394@example.com,City 5
User 12395,user12395@example.com,City 6
User 12396,user12396@example.com,City 7
User 12397,user12397@example.com,City 8
User 12398,user12398@example.com,City 9
User 12399,user12399@example.com,City 10
User 12400,user12400@example.com,City 1
User 12401,user12401@example.com,City 2
User 12402,user12402@example.com,City 3
User 12403,user12403@example.com,City 4
User 12404,user12404@example.com,City 5
User 12405,user12405@example.com,City 6
User 12406,user12406@example.com,City 7
User 12407,user12407@example.com,City 8
User 12408,user12408@example.com,City 9
User 12409,user12409@example.com,City 10
User 12410,user12410@example.com,City 1
User 12411,user12411@example.com,City 2
User 12412,user12412@example.com,City 3
User 12413,user12413@example.com,City 4
User 12414,user12414@example.com,City 5
User 12415,user12415@example.com,City 6
User 12416,user12416@example.com,City 7
User 12417,user12417@example.com,City 8
User 12418,user12418@example.com,City 9
User 12419,user12419@example.com,City 10
User 12420,user12420@example.com,City 1
User 12421,user12421@example.com,City 2
User 12422,user12422@example.com,City 3
User 12423,user12423@example.com,City 4
User 12424,user12424@example.com,City 5
User 12425,user12425@example.com,City 6
User 12426,user12426@example.com,City 7
User 12427,user12427@example.com,City 8
User 12428,user12428@example.com,City 9
User 12429,user12429@example.com,City 10
User 12430,user12430@example.com,City 1
User 12431,user12431@example.com,City 2
User 12432,user12432@example.com,City 3
User 12433,user12433@example.com,City 4
User 12434,user12434@example.com,City 5
User 12435,user12435@example.com,City 6
User 12436,user12436@example.com,City 7
User 12437,user12437@example.com,City 8
User 12438,user12438@example.com,City 9
User 12439,user12439@example.com,City 10
User 12440,user12440@example.com,City 1
User 12441,user12441@example.com,City 2
User 12442,user12442@example.com,City 3
User 12443,user12443@example.com,City 4
User 12444,user12444@example.com,City 5
User 12445,user12445@example.com,City 6
User 12446,user12446@example.com,City 7
User 12447,user12447@example.com,City 8
User 12448,user12448@example.com,City 9
User 12449,user12449@example.com,City 10
User 12450,user12450@example.com,City 1
User 12451,user12451@example.com,City 2
User 12452,user12452@example.com,City 3
User 12453,user12453@example.com,City 4
User 12454,user12454@example.com,City 5
User 12455,user12455@example.com,City 6
User 12456,user12456@example.com,City 7
User 12457,user12457@example.com,City 8
User 12458,user12458@example.com,City 9
User 12459,user12459@example.com,City 10
User 12460,user12460@example.com,City 1
User 12461,user12461@example.com,City 2
User 12462,user12462@example.com,City 3
User 12463,user12463@example.com,City 4
User 12464,user12464@example.com,City 5
User 12465,user12465@example.com,City 6
User 12466,user12466@example.com,City 7
User 12467,user12467@example.com,City 8
User 12468,user12468@example.com,City 9
User 12469,user12469@example.com,City 10
User 12470,user12470@example.com,City 1
User 12471,user12471@example.com,City 2
User 12472,user12472@example.com,City 3
User 12473,user12473@example.com,City 4
User 12474,user12474@example.com,City 5
User 12475,user12475@example.com,City 6
User 12476,user12476@example.com,City 7
User 12477,user12477@example.com,City 8
User 12478,user12478@example.com,City 9
User 12479,user12479@example.com,City 10
User 12480,user12480@example.com,City 1
User 12481,user12481@example.com,City 2
User 12482,user12482@example.com,City 3
User 12483,user12483@example.com,City 4
User 12484,user12484@example.com,City 5
User 12485,user12485@example.com,City 6
User 12486,user12486@example.com,City 7
User 12487,user12487@example.com,City 8
User 12488,user12488@example.com,City 9
User 12489,user12489@example.com,City 10
User 12490,user12490@example.com,City 1
User 12491,user12491@example.com,City 2
User 12492,user12492@example.com,City 3
User 12493,user12493@example.com,City 4
User 12494,user12494@example.com,City 5
User 12495,user12495@example.com,City 6
User 12496,user12496@example.com,City 7
User 12497,user12497@example.com,City 8
User 12498,user12498@example.com,City 9
User 12499,user12499@example.com,City 10
User 12500,user12500@example.com,City 1
User 12501,user12501@example.com,City 2
User 12502,user12502@example.com,City 3
User 12503,user12503@example.com,City 4
User 12504,user12504@example.com,City 5
User 12505,user12505@example.com,City 6
User 12506,user12506@example.com,City 7
User 12507,user12507@example.com,City 8
User 12508,user12508@example.com,City 9
User 12509,user12509@example.com,City 10
User 12510,user12510@example.com,City 1
User 12511,user12511@example.com,City 2
User 12512,user12512@example.com,City 3
User 12513,user12513@example.com,City 4
User 12514,user12514@example.com,City 5
User 12515,user12515@example.com,City 6
User 12516,user12516@example.com,City 7
User 12517,user12517@example.com,City 8
User 12518,user12518@example.com,City 9
User 12519,user12519@example.com,City 10
User 12520,user12520@example.com,City 1
User 12521,user12521@example.com,City 2
User 12522,user12522@example.com,City 3
User 12523,user12523@example.com,City 4
User 12524,user12524@example.com,City 5
User 12525,user12525@example.com,City 6
User 12526,user12526@example.com,City 7
User 12527,user12527@example.com,City 8
User 12528,user12528@example.com,City 9
User 12529,user12529@example.com,City 10
User 12530,user12530@example.com,City 1
User 12531,user12531@example.com,City 2
User 12532,user12532@example.com,City 3
User 12533,user12533@example.com,City 4
User 12534,user12534@example.com,City 5
User 12535,user12535@example.com,City 6
User 12536,user12536@example.com,City 7
User 12537,user12537@example.com,City 8
User 12538,user12538@example.com,City 9
User 12539,user12539@example.com,City 10
User 12540,user12540@example.com,City 1
User 12541,user12541@example.com,City 2
User 12542,user12542@example.com,City 3
User 12543,user12543@example.com,City 4
User 12544,user12544@example.com,City 5
User 12545,user12545@example.com,City 6
User 12546,user12546@example.com,City 7
User 12547,user12547@example.com,City 8
User 12548,user12548@example.com,City 9
User 12549,user12549@example.com,City 10
User 12550,user12550@example.com,City 1
User 12551,user12551@example.com,City 2
User 12552,user12552@example.com,City 3
User 12553,user12553@example.com,City 4
User 12554,user12554@example.com,City 5
User 12555,user12555@example.com,City 6
User 12556,user12556@example.com,City 7
User 12557,user12557@example.com,City 8
User 12558,user12558@example.com,City 9
User 12559,user12559@example.com,City 10
User 12560,user12560@example.com,City 1
User 12561,user12561@example.com,City 2
User 12562,user12562@example.com,City 3
User 12563,user12563@example.com,City 4
User 12564,user12564@example.com,City 5
User 12565,user12565@example.com,City 6
User 12566,user12566@example.com,City 7
User 12567,user12567@example.com,City 8
User 12568,user12568@example.com,City 9
User 12569,user12569@example.com,City 10
User 12570,user12570@example.com,City 1
User 12571,user12571@example.com,City 2
User 12572,user12572@example.com,City 3
User 12573,user12573@example.com,City 4
User 12574,user12574@example.com,City 5
User 12575,user12575@example.com,City 6
User 12576,user12576@example.com,City 7
User 12577,user12577@example.com,City 8
User 12578,user12578@example.com,City 9
User 12579,user12579@example.com,City 10
User 12580,user12580@example.com,City 1
User 12581,user12581@example.com,City 2
User 12582,user12582@example.com,City 3
User 12583,user12583@example.com,City 4
User 12584,user12584@example.com,City 5
User 12585,user12585@example.com,City 6
User 12586,user12586@example.com,City 7
User 12587,user12587@example.com,City 8
User 12588,user12588@example.com,City 9
User 12589,user12589@example.com,City 10
User 12590,user12590@example.com,City 1
User 12591,user12591@example.com,City 2
User 12592,user12592@example.com,City 3
User 12593,user12593@example.com,City 4
User 12594,user12594@example.com,City 5
User 12595,user12595@example.com,City 6
User 12596,user12596@example.com,City 7
User 12597,user12597@example.com,City 8
User 12598,user12598@example.com,City 9
User 12599,user12599@example.com,City 10
User 12600,user12600@example.com,City 1
User 12601,user12601@example.com,City 2
User 12602,user12602@example.com,City 3
User 12603,user12603@example.com,City 4
User 12604,user12604@example.com,City 5
User 12605,user12605@example.com,City 6
User 12606,user12606@example.com,City 7
User 12607,user12607@example.com,City 8
User 12608,user12608@example.com,City 9
User 12609,user12609@example.com,City 10
User 12610,user12610@example.com,City 1
User 12611,user12611@example.com,City 2
User 12612,user12612@example.com,City 3
User 12613,user12613@example.com,City 4
User 12614,user12614@example.com,City 5
User 12615,user12615@example.com,City 6
User 12616,user12616@example.com,City 7
User 12617,user12617@example.com,City 8
User 12618,user12618@example.com,City 9
User 12619,user12619@example.com,City 10
User 12620,user12620@example.com,City 1
User 12621,user12621@example.com,City 2
User 12622,user12622@example.com,City 3
User 12623,user12623@example.com,City 4
User 12624,user12624@example.com,City 5
User 12625,user12625@example.com,City 6
User 12626,user12626@example.com,City 7
User 12627,user12627@example.com,City 8
User 12628,user12628@example.com,City 9
User 12629,user12629@example.com,City 10
User 12630,user12630@example.com,City 1
User 12631,user12631@example.com,City 2
User 12632,user12632@example.com,City 3
User 12633,user12633@example.com,City 4
User 12634,user12634@example.com,City 5
User 12635,user12635@example.com,City 6
User 12636,user12636@example.com,City 7
User 12637,user12637@example.com,City 8
User 12638,user12638@example.com,City 9
User 12639,user12639@example.com,City 10
User 12640,user12640@example.com,City 1
User 12641,user12641@example.com,City 2
User 12642,user12642@example.com,City 3
User 12643,user12643@example.com,City 4
User 12644,user12644@example.com,City 5
User 12645,user12645@example.com,City 6
User 12646,user12646@example.com,City 7
User 12647,user12647@example.com,City 8
User 12648,user12648@example.com,City 9
User 12649,user12649@example.com,City 10
User 12650,user12650@example.com,City 1
User 12651,user12651@example.com,City 2
User 12652,user12652@example.com,City 3
User 12653,user12653@example.com,City 4
User 12654,user12654@example.com,City 5
User 12655,user12655@example.com,City 6
User 12656,user12656@example.com,City 7
User 12657,user12657@example.com,City 8
User 12658,user12658@example.com,City 9
User 12659,user12659@example.com,City 10
User 12660,user12660@example.com,City 1
User 12661,user12661@example.com,City 2
User 12662,user12662@example.com,City 3
User 12663,user12663@example.com,City 4
User 12664,user12664@example.com,City 5
User 12665,user12665@example.com,City 6
User 12666,user12666@example.com,City 7
User 12667,user12667@example.com,City 8
User 12668,user12668@example.com,City 9
User 12669,user12669@example.com,City 10
User 12670,user12670@example.com,City 1
User 12671,user12671@example.com,City 2
User 12672,user12672@example.com,City 3
User 12673,user12673@example.com,City 4
User 12674,user12674@example.com,City 5
User 12675,user12675@example.com,City 6
User 12676,user12676@example.com,City 7
User 12677,user12677@example.com,City 8
User 12678,user12678@example.com,City 9
User 12679,user12679@example.com,City 10
User 12680,user12680@example.com,City 1
User 12681,user12681@example.com,City 2
User 12682,user12682@example.com,City 3
User 12683,user12683@example.com,City 4
User 12684,user12684@example.com,City 5
User 12685,user12685@example.com,City 6
User 12686,user12686@example.com,City 7
User 12687,user12687@example.com,City 8
User 12688,user12688@example.com,City 9
User 12689,user12689@example.com,City 10
User 12690,user12690@example.com,City 1
User 12691,user12691@example.com,City 2
User 12692,user12692@example.com,City 3
User 12693,user12693@example.com,City 4
User 12694,user12694@example.com,City 5
User 12695,user12695@example.com,City 6
User 12696,user12696@example.com,City 7
User 12697,user12697@example.com,City 8
User 12698,user12698@example.com,City 9
User 12699,user12699@example.com,City 10
User 12700,user12700@example.com,City 1
User 12701,user12701@example.com,City 2
User 12702,user12702@example.com,City 3
User 12703,user12703@example.com,City 4
User 12704,user12704@example.com,City 5
User 12705,user12705@example.com,City 6
User 12706,user12706@example.com,City 7
User 12707,user12707@example.com,City 8
User 12708,user12708@example.com,City 9
User 12709,user12709@example.com,City 10
User 12710,user12710@example.com,City 1
User 12711,user12711@example.com,City 2
User 12712,user12712@example.com,City 3
User 12713,user12713@example.com,City 4
User 12714,user12714@example.com,City 5
User 12715,user12715@example.com,City 6
User 12716,user12716@example.com,City 7
User 12717,user12717@example.com,City 8
User 12718,user12718@example.com,City 9
User 12719,user12719@example.com,City 10
User 12720,user12720@example.com,City 1
User 12721,user12721@example.com,City 2
User 12722,user12722@example.com,City 3
User 12723,user12723@example.com,City 4
User 12724,user12724@example.com,City 5
User 12725,user12725@example.com,City 6
User 12726,user12726@example.com,City 7
User 12727,user12727@example.com,City 8
User 12728,user12728@example.com,City 9
User 12729,user12729@example.com,City 10
User 12730,user12730@example.com,City 1
User 12731,user12731@example.com,City 2
User 12732,user12732@example.com,City 3
User 12733,user12733@example.com,City 4
User 12734,user12734@example.com,City 5
User 12735,user12735@example.com,City 6
User 12736,user12736@example.com,City 7
User 12737,user12737@example.com,City 8
User 12738,user12738@example.com,City 9
User 12739,user12739@example.com,City 10
User 12740,user12740@example.com,City 1
User 12741,user12741@example.com,City 2
User 12742,user12742@example.com,City 3
User 12743,user12743@example.com,City 4
User 12744,user12744@example.com,City 5
User 12745,user12745@example.com,City 6
User 12746,user12746@example.com,City 7
User 12747,user12747@example.com,City 8
User 12748,user12748@example.com,City 9
User 12749,user12749@example.com,City 10
User 12750,user12750@example.com,City 1
User 12751,user12751@example.com,City 2
User 12752,user12752@example.com,City 3
User 12753,user12753@example.com,City 4
User 12754,user12754@example.com,City 5
User 12755,user12755@example.com,City 6
User 12756,user12756@example.com,City 7
User 12757,user12757@example.com,City 8
User 12758,user12758@example.com,City 9
User 12759,user12759@example.com,City 10
User 12760,user12760@example.com,City 1
User 12761,user12761@example.com,City 2
User 12762,user12762@example.com,City 3
User 12763,user12763@example.com,City 4
User 12764,user12764@example.com,City 5
User 12765,user12765@example.com,City 6
User 12766,user12766@example.com,City 7
User 12767,user12767@example.com,City 8
User 12768,user12768@example.com,City 9
User 12769,user12769@example.com,City 10
User 12770,user12770@example.com,City 1
User 12771,user12771@example.com,City 2
User 12772,user12772@example.com,City 3
User 12773,user12773@example.com,City 4
User 12774,user12774@example.com,City 5
User 12775,user12775@example.com,City 6
User 12776,user12776@example.com,City 7
User 12777,user12777@example.com,City 8
User 12778,user12778@example.com,City 9
User 12779,user12779@example.com,City 10
User 12780,user12780@example.com,City 1
User 12781,user12781@example.com,City 2
User 12782,user12782@example.com,City 3
User 12783,user12783@example.com,City 4
User 12784,user12784@example.com,City 5
User 12785,user12785@example.com,City 6
User 12786,user12786@example.com,City 7
User 12787,user12787@example.com,City 8
User 12788,user12788@example.com,City 9
User 12789,user12789@example.com,City 10
User 12790,user12790@example.com,City 1
User 12791,user12791@example.com,City 2
User 12792,user12792@example.com,City 3
User 12793,user12793@example.com,City 4
User 12794,user12794@example.com,City 5
User 12795,user12795@example.com,City 6
User 12796,user12796@example.com,City 7
User 12797,user12797@example.com,City 8
User 12798,user12798@example.com,City 9
User 12799,user12799@example.com,City 10
User 12800,user12800@example.com,City 1
User 12801,user12801@example.com,City 2
User 12802,user12802@example.com,City 3
User 12803,user12803@example.com,City 4
User 12804,user12804@example.com,City 5
User 12805,user12805@example.com,City 6
User 12806,user12806@example.com,City 7
User 12807,user12807@example.com,City 8
User 12808,user12808@example.com,City 9
User 12809,user12809@example.com,City 10
User 12810,user12810@example.com,City 1
User 12811,user12811@example.com,City 2
User 12812,user12812@example.com,City 3
User 12813,user12813@example.com,City 4
User 12814,user12814@example.com,City 5
User 12815,user12815@example.com,City 6
User 12816,user12816@example.com,City 7
User 12817,user12817@example.com,City 8
User 12818,user12818@example.com,City 9
User 12819,user12819@example.com,City 10
User 12820,user12820@example.com,City 1
User 12821,user12821@example.com,City 2
User 12822,user12822@example.com,City 3
User 12823,user12823@example.com,City 4
User 12824,user12824@example.com,City 5
User 12825,user12825@example.com,City 6
User 12826,user12826@example.com,City 7
User 12827,user12827@example.com,City 8
User 12828,user12828@example.com,City 9
User 12829,user12829@example.com,City 10
User 12830,user12830@example.com,City 1
User 12831,user12831@example.com,City 2
User 12832,user12832@example.com,City 3
User 12833,user12833@example.com,City 4
User 12834,user12834@example.com,City 5
User 12835,user12835@example.com,City 6
User 12836,user12836@example.com,City 7
User 12837,user12837@example.com,City 8
User 12838,user12838@example.com,City 9
User 12839,user12839@example.com,City 10
User 12840,user12840@example.com,City 1
User 12841,user12841@example.com,City 2
User 12842,user12842@example.com,City 3
User 12843,user12843@example.com,City 4
User 12844,user12844@example.com,City 5
User 12845,user12845@example.com,City 6
User 12846,user12846@example.com,City 7
User 12847,user12847@example.com,City 8
User 12848,user12848@example.com,City 9
User 12849,user12849@example.com,City 10
User 12850,user12850@example.com,City 1
User 12851,user12851@example.com,City 2
User 12852,user12852@example.com,City 3
User 12853,user12853@example.com,City 4
User 12854,user12854@example.com,City 5
User 12855,user12855@example.com,City 6
User 12856,user12856@example.com,City 7
User 12857,user12857@example.com,City 8
User 12858,user12858@example.com,City 9
User 12859,user12859@example.com,City 10
User 12860,user12860@example.com,City 1
User 12861,user12861@example.com,City 2
User 12862,user12862@example.com,City 3
User 12863,user12863@example.com,City 4
User 12864,user12864@example.com,City 5
User 12865,user12865@example.com,City 6
User 12866,user12866@example.com,City 7
User 12867,user12867@example.com,City 8
User 12868,user12868@example.com,City 9
User 12869,user12869@example.com,City 10
User 12870,user12870@example.com,City 1
User 12871,user12871@example.com,City 2
User 12872,user12872@example.com,City 3
User 12873,user12873@example.com,City 4
User 12874,user12874@example.com,City 5
User 12875,user12875@example.com,City 6
User 12876,user12876@example.com,City 7
User 12877,user12877@example.com,City 8
User 12878,user12878@example.com,City 9
User 12879,user12879@example.com,City 10
User 12880,user12880@example.com,City 1
User 12881,user12881@example.com,City 2
User 12882,user12882@example.com,City 3
User 12883,user12883@example.com,City 4
User 12884,user12884@example.com,City 5
User 12885,user12885@example.com,City 6
User 12886,user12886@example.com,City 7
User 12887,user12887@example.com,City 8
User 12888,user12888@example.com,City 9
User 12889,user12889@example.com,City 10
User 12890,user12890@example.com,City 1
User 12891,user12891@example.com,City 2
User 12892,user12892@example.com,City 3
User 12893,user12893@example.com,City 4
User 12894,user12894@example.com,City 5
User 12895,user12895@example.com,City 6
User 12896,user12896@example.com,City 7
User 12897,user12897@example.com,City 8
User 12898,user12898@example.com,City 9
User 12899,user12899@example.com,City 10
User 12900,user12900@example.com,City 1
User 12901,user12901@example.com,City 2
User 12902,user12902@example.com,City 3
User 12903,user12903@example.com,City 4
User 12904,user12904@example.com,City 5
User 12905,user12905@example.com,City 6
User 12906,user12906@example.com,City 7
User 12907,user12907@example.com,City 8
User 12908,user12908@example.com,City 9
User 12909,user12909@example.com,City 10
User 12910,user12910@example.com,City 1
User 12911,user12911@example.com,City 2
User 12912,user12912@example.com,City 3
User 12913,user12913@example.com,City 4
User 12914,user12914@example.com,City 5
User 12915,user12915@example.com,City 6
User 12916,user12916@example.com,City 7
User 12917,user12917@example.com,City 8
User 12918,user12918@example.com,City 9
User 12919,user12919@example.com,City 10
User 12920,user12920@example.com,City 1
User 12921,user12921@example.com,City 2
User 12922,user12922@example.com,City 3
User 12923,user12923@example.com,City 4
User 12924,user12924@example.com,City 5
User 12925,user12925@example.com,City 6
User 12926,user12926@example.com,City 7
User 12927,user12927@example.com,City 8
User 12928,user12928@example.com,City 9
User 12929,user12929@example.com,City 10
User 12930,user12930@example.com,City 1
User 12931,user12931@example.com,City 2
User 12932,user12932@example.com,City 3
User 12933,user12933@example.com,City 4
User 12934,user12934@example.com,City 5
User 12935,user12935@example.com,City 6
User 12936,user12936@example.com,City 7
User 12937,user12937@example.com,City 8
User 12938,user12938@example.com,City 9
User 12939,user12939@example.com,City 10
User 12940,user12940@example.com,City 1
User 12941,user12941@example.com,City 2
User 12942,user12942@example.com,City 3
User 12943,user12943@example.com,City 4
User 12944,user12944@example.com,City 5
User 12945,user12945@example.com,City 6
User 12946,user12946@example.com,City 7
User 12947,user12947@example.com,City 8
User 12948,user12948@example.com,City 9
User 12949,user12949@example.com,City 10
User 12950,user12950@example.com,City 1
User 12951,user12951@example.com,City 2
User 12952,user12952@example.com,City 3
User 12953,user12953@example.com,City 4
User 12954,user12954@example.com,City 5
User 12955,user12955@example.com,City 6
User 12956,user12956@example.com,City 7
User 12957,user12957@example.com,City 8
User 12958,user12958@example.com,City 9
User 12959,user12959@example.com,City 10
User 12960,user12960@example.com,City 1
User 12961,user12961@example.com,City 2
User 12962,user12962@example.com,City 3
User 12963,user12963@example.com,City 4
User 12964,user12964@example.com,City 5
User 12965,user12965@example.com,City 6
User 12966,user12966@example.com,City 7
User 12967,user12967@example.com,City 8
User 12968,user12968@example.com,City 9
User 12969,user12969@example.com,City 10
User 12970,user12970@example.com,City 1
User 12971,user12971@example.com,City 2
User 12972,user12972@example.com,City 3
User 12973,user12973@example.com,City 4
User 12974,user12974@example.com,City 5
User 12975,user12975@example.com,City 6
User 12976,user12976@example.com,City 7
User 12977,user12977@example.com,City 8
User 12978,user12978@example.com,City 9
User 12979,user12979@example.com,City 10
User 12980,user12980@example.com,City 1
User 12981,user12981@example.com,City 2
User 12982,user12982@example.com,City 3
User 12983,user12983@example.com,City 4
User 12984,user12984@example.com,City 5
User 12985,user12985@example.com,City 6
User 12986,user12986@example.com,City 7
User 12987,user12987@example.com,City 8
User 12988,user12988@example.com,City 9
User 12989,user12989@example.com,City 10
User 12990,user12990@example.com,City 1
User 12991,user12991@example.com,City 2
User 12992,user12992@example.com,City 3
User 12993,user12993@example.com,City 4
User 12994,user12994@example.com,City 5
User 12995,user12995@example.com,City 6
User 12996,user12996@example.com,City 7
User 12997,user12997@example.com,City 8
User 12998,user12998@example.com,City 9
User 12999,user12999@example.com,City 10
User 13000,user13000@example.com,City 1
User 13001,user13001@example.com,City 2
User 13002,user13002@example.com,City 3
User 13003,user13003@example.com,City 4
User 13004,user13004@example.com,City 5
User 13005,user13005@example.com,City 6
User 13006,user13006@example.com,City 7
User 13007,user13007@example.com,City 8
User 13008,user13008@example.com,City 9
User 13009,user13009@example.com,City 10
User 13010,user13010@example.com,City 1
User 13011,user13011@example.com,City 2
User 13012,user13012@example.com,City 3
User 13013,user13013@example.com,City 4
User 13014,user13014@example.com,City 5
User 13015,user13015@example.com,City 6
User 13016,user13016@example.com,City 7
User 13017,user13017@example.com,City 8
User 13018,user13018@example.com,City 9
User 13019,user13019@example.com,City 10
User 13020,user13020@example.com,City 1
User 13021,user13021@example.com,City 2
User 13022,user13022@example.com,City 3
User 13023,user13023@example.com,City 4
User 13024,user13024@example.com,City 5
User 13025,user13025@example.com,City 6
User 13026,user13026@example.com,City 7
User 13027,user13027@example.com,City 8
User 13028,user13028@example.com,City 9
User 13029,user13029@example.com,City 10
User 13030,user13030@example.com,City 1
User 13031,user13031@example.com,City 2
User 13032,user13032@example.com,City 3
User 13033,user13033@example.com,City 4
User 13034,user13034@example.com,City 5
User 13035,user13035@example.com,City 6
User 13036,user13036@example.com,City 7
User 13037,user13037@example.com,City 8
User 13038,user13038@example.com,City 9
User 13039,user13039@example.com,City 10
User 13040,user13040@example.com,City 1
User 13041,user13041@example.com,City 2
User 13042,user13042@example.com,City 3
User 13043,user13043@example.com,City 4
User 13044,user13044@example.com,City 5
User 13045,user13045@example.com,City 6
User 13046,user13046@example.com,City 7
User 13047,user13047@example.com,City 8
User 13048,user13048@example.com,City 9
User 13049,user13049@example.com,City 10
User 13050,user13050@example.com,City 1
User 13051,user13051@example.com,City 2
User 13052,user13052@example.com,City 3
User 13053,user13053@example.com,City 4
User 13054,user13054@example.com,City 5
User 13055,user13055@example.com,City 6
User 13056,user13056@example.com,City 7
User 13057,user13057@example.com,City 8
User 13058,user13058@example.com,City 9
User 13059,user13059@example.com,City 10
User 13060,user13060@example.com,City 1
User 13061,user13061@example.com,City 2
User 13062,user13062@example.com,City 3
User 13063,user13063@example.com,City 4
User 13064,user13064@example.com,City 5
User 13065,user13065@example.com,City 6
User 13066,user13066@example.com,City 7
User 13067,user13067@example.com,City 8
User 13068,user13068@example.com,City 9
User 13069,user13069@example.com,City 10
User 13070,user13070@example.com,City 1
User 13071,user13071@example.com,City 2
User 13072,user13072@example.com,City 3
User 13073,user13073@example.com,City 4
User 13074,user13074@example.com,City 5
User 13075,user13075@example.com,City 6
User 13076,user13076@example.com,City 7
User 13077,user13077@example.com,City 8
User 13078,user13078@example.com,City 9
User 13079,user13079@example.com,City 10
User 13080,user13080@example.com,City 1
User 13081,user13081@example.com,City 2
User 13082,user13082@example.com,City 3
User 13083,user13083@example.com,City 4
User 13084,user13084@example.com,City 5
User 13085,user13085@example.com,City 6
User 13086,user13086@example.com,City 7
User 13087,user13087@example.com,City 8
User 13088,user13088@example.com,City 9
User 13089,user13089@example.com,City 10
User 13090,user13090@example.com,City 1
User 13091,user13091@example.com,City 2
User 13092,user13092@example.com,City 3
User 13093,user13093@example.com,City 4
User 13094,user13094@example.com,City 5
User 13095,user13095@example.com,City 6
User 13096,user13096@example.com,City 7
User 13097,user13097@example.com,City 8
User 13098,user13098@example.com,City 9
User 13099,user13099@example.com,City 10
User 13100,user13100@example.com,City 1
User 13101,user13101@example.com,City 2
User 13102,user13102@example.com,City 3
User 13103,user13103@example.com,City 4
User 13104,user13104@example.com,City 5
User 13105,user13105@example.com,City 6
User 13106,user13106@example.com,City 7
User 13107,user13107@example.com,City 8
User 13108,user13108@example.com,City 9
User 13109,user13109@example.com,City 10
User 13110,user13110@example.com,City 1
User 13111,user13111@example.com,City 2
User 13112,user13112@example.com,City 3
User 13113,user13113@example.com,City 4
User 13114,user13114@example.com,City 5
User 13115,user13115@example.com,City 6
User 13116,user13116@example.com,City 7
User 13117,user13117@example.com,City 8
User 13118,user13118@example.com,City 9
User 13119,user13119@example.com,City 10
User 13120,user13120@example.com,City 1
User 13121,user13121@example.com,City 2
User 13122,user13122@example.com,City 3
User 13123,user13123@example.com,City 4
User 13124,user13124@example.com,City 5
User 13125,user13125@example.com,City 6
User 13126,user13126@example.com,City 7
User 13127,user13127@example.com,City 8
User 13128,user13128@example.com,City 9
User 13129,user13129@example.com,City 10
User 13130,user13130@example.com,City 1
User 13131,user13131@example.com,City 2
User 13132,user13132@example.com,City 3
User 13133,user13133@example.com,City 4
User 13134,user13134@example.com,City 5
User 13135,user13135@example.com,City 6
User 13136,user13136@example.com,City 7
User 13137,user13137@example.com,City 8
User 13138,user13138@example.com,City 9
User 13139,user13139@example.com,City 10
User 13140,user13140@example.com,City 1
User 13141,user13141@example.com,City 2
User 13142,user13142@example.com,City 3
User 13143,user13143@example.com,City 4
User 13144,user13144@example.com,City 5
User 13145,user13145@example.com,City 6
User 13146,user13146@example.com,City 7
User 13147,user13147@example.com,City 8
User 13148,user13148@example.com,City 9
User 13149,user13149@example.com,City 10
User 13150,user13150@example.com,City 1
User 13151,user13151@example.com,City 2
User 13152,user13152@example.com,City 3
User 13153,user13153@example.com,City 4
User 13154,user13154@example.com,City 5
User 13155,user13155@example.com,City 6
User 13156,user13156@example.com,City 7
User 13157,user13157@example.com,City 8
User 13158,user13158@example.com,City 9
User 13159,user13159@example.com,City 10
User 13160,user13160@example.com,City 1
User 13161,user13161@example.com,City 2
User 13162,user13162@example.com,City 3
User 13163,user13163@example.com,City 4
User 13164,user13164@example.com,City 5
User 13165,user13165@example.com,City 6
User 13166,user13166@example.com,City 7
User 13167,user13167@example.com,City 8
User 13168,user13168@example.com,City 9
User 13169,user13169@example.com,City 10
User 13170,user13170@example.com,City 1
User 13171,user13171@example.com,City 2
User 13172,user13172@example.com,City 3
User 13173,user13173@example.com,City 4
User 13174,user13174@example.com,City 5
User 13175,user13175@example.com,City 6
User 13176,user13176@example.com,City 7
User 13177,user13177@example.com,City 8
User 13178,user13178@example.com,City 9
User 13179,user13179@example.com,City 10
User 13180,user13180@example.com,City 1
User 13181,user13181@example.com,City 2
User 13182,user13182@example.com,City 3
User 13183,user13183@example.com,City 4
User 13184,user13184@example.com,City 5
User 13185,user13185@example.com,City 6
User 13186,user13186@example.com,City 7
User 13187,user13187@example.com,City 8
User 13188,user13188@example.com,City 9
User 13189,user13189@example.com,City 10
User 13190,user13190@example.com,City 1
User 13191,user13191@example.com,City 2
User 13192,user13192@example.com,City 3
User 13193,user13193@example.com,City 4
User 13194,user13194@example.com,City 5
User 13195,user13195@example.com,City 6
User 13196,user13196@example.com,City 7
User 13197,user13197@example.com,City 8
User 13198,user13198@example.com,City 9
User 13199,user13199@example.com,City 10
User 13200,user13200@example.com,City 1
User 13201,user13201@example.com,City 2
User 13202,user13202@example.com,City 3
User 13203,user13203@example.com,City 4
User 13204,user13204@example.com,City 5
User 13205,user13205@example.com,City 6
User 13206,user13206@example.com,City 7
User 13207,user13207@example.com,City 8
User 13208,user13208@example.com,City 9
User 13209,user13209@example.com,City 10
User 13210,user13210@example.com,City 1
User 13211,user13211@example.com,City 2
User 13212,user13212@example.com,City 3
User 13213,user13213@example.com,City 4
User 13214,user13214@example.com,City 5
User 13215,user13215@example.com,City 6
User 13216,user13216@example.com,City 7
User 13217,user13217@example.com,City 8
User 13218,user13218@example.com,City 9
User 13219,user13219@example.com,City 10
User 13220,user13220@example.com,City 1
User 13221,user13221@example.com,City 2
User 13222,user13222@example.com,City 3
User 13223,user13223@example.com,City 4
User 13224,user13224@example.com,City 5
User 13225,user13225@example.com,City 6
User 13226,user13226@example.com,City 7
User 13227,user13227@example.com,City 8
User 13228,user13228@example.com,City 9
User 13229,user13229@example.com,City 10
User 13230,user13230@example.com,City 1
User 13231,user13231@example.com,City 2
User 13232,user13232@example.com,City 3
User 13233,user13233@example.com,City 4
User 13234,user13234@example.com,City 5
User 13235,user13235@example.com,City 6
User 13236,user13236@example.com,City 7
User 13237,user13237@example.com,City 8
User 13238,user13238@example.com,City 9
User 13239,user13239@example.com,City 10
User 13240,user13240@example.com,City 1
User 13241,user13241@example.com,City 2
User 13242,user13242@example.com,City 3
User 13243,user13243@example.com,City 4
User 13244,user13244@example.com,City 5
User 13245,user13245@example.com,City 6
User 13246,user13246@example.com,City 7
User 13247,user13247@example.com,City 8
User 13248,user13248@example.com,City 9
User 13249,user13249@example.com,City 10
User 13250,user13250@example.com,City 1
User 13251,user13251@example.com,City 2
User 13252,user13252@example.com,City 3
User 13253,user13253@example.com,City 4
User 13254,user13254@example.com,City 5
User 13255,user13255@example.com,City 6
User 13256,user13256@example.com,City 7
User 13257,user13257@example.com,City 8
User 13258,user13258@example.com,City 9
User 13259,user13259@example.com,City 10
User 13260,user13260@example.com,City 1
User 13261,user13261@example.com,City 2
User 13262,user13262@example.com,City 3
User 13263,user13263@example.com,City 4
User 13264,user13264@example.com,City 5
User 13265,user13265@example.com,City 6
User 13266,user13266@example.com,City 7
User 13267,user13267@example.com,City 8
User 13268,user13268@example.com,City 9
User 13269,user13269@example.com,City 10
User 13270,user13270@example.com,City 1
User 13271,user13271@example.com,City 2
User 13272,user13272@example.com,City 3
User 13273,user13273@example.com,City 4
User 13274,user13274@example.com,City 5
User 13275,user13275@example.com,City 6
User 13276,user13276@example.com,City 7
User 13277,user13277@example.com,City 8
User 13278,user13278@example.com,City 9
User 13279,user13279@example.com,City 10
User 13280,user13280@example.com,City 1
User 13281,user13281@example.com,City 2
User 13282,user13282@example.com,City 3
User 13283,user13283@example.com,City 4
User 13284,user13284@example.com,City 5
User 13285,user13285@example.com,City 6
User 13286,user13286@example.com,City 7
User 13287,user13287@example.com,City 8
User 13288,user13288@example.com,City 9
User 13289,user13289@example.com,City 10
User 13290,user13290@example.com,City 1
User 13291,user13291@example.com,City 2
User 13292,user13292@example.com,City 3
User 13293,user13293@example.com,City 4
User 13294,user13294@example.com,City 5
User 13295,user13295@example.com,City 6
User 13296,user13296@example.com,City 7
User 13297,user13297@example.com,City 8
User 13298,user13298@example.com,City 9
User 13299,user13299@example.com,City 10
User 13300,user13300@example.com,City 1
User 13301,user13301@example.com,City 2
User 13302,user13302@example.com,City 3
User 13303,user13303@example.com,City 4
User 13304,user13304@example.com,City 5
User 13305,user13305@example.com,City 6
User 13306,user13306@example.com,City 7
User 13307,user13307@example.com,City 8
User 13308,user13308@example.com,City 9
User 13309,user13309@example.com,City 10
User 13310,user13310@example.com,City 1
User 13311,user13311@example.com,City 2
User 13312,user13312@example.com,City 3
User 13313,user13313@example.com,City 4
User 13314,user13314@example.com,City 5
User 13315,user13315@example.com,City 6
User 13316,user13316@example.com,City 7
User 13317,user13317@example.com,City 8
User 13318,user13318@example.com,City 9
User 13319,user13319@example.com,City 10
User 13320,user13320@example.com,City 1
User 13321,user13321@example.com,City 2
User 13322,user13322@example.com,City 3
User 13323,user13323@example.com,City 4
User 13324,user13324@example.com,City 5
User 13325,user13325@example.com,City 6
User 13326,user13326@example.com,City 7
User 13327,user13327@example.com,City 8
User 13328,user13328@example.com,City 9
User 13329,user13329@example.com,City 10
User 13330,user13330@example.com,City 1
User 13331,user13331@example.com,City 2
User 13332,user13332@example.com,City 3
User 13333,user13333@example.com,City 4
User 13334,user13334@example.com,City 5
User 13335,user13335@example.com,City 6
User 13336,user13336@example.com,City 7
User 13337,user13337@example.com,City 8
User 13338,user13338@example.com,City 9
User 13339,user13339@example.com,City 10
User 13340,user13340@example.com,City 1
User 13341,user13341@example.com,City 2
User 13342,user13342@example.com,City 3
User 13343,user13343@example.com,City 4
User 13344,user13344@example.com,City 5
User 13345,user13345@example.com,City 6
User 13346,user13346@example.com,City 7
User 13347,user13347@example.com,City 8
User 13348,user13348@example.com,City 9
User 13349,user13349@example.com,City 10
User 13350,user13350@example.com,City 1
User 13351,user13351@example.com,City 2
User 13352,user13352@example.com,City 3
User 13353,user13353@example.com,City 4
User 13354,user13354@example.com,City 5
User 13355,user13355@example.com,City 6
User 13356,user13356@example.com,City 7
User 13357,user13357@example.com,City 8
User 13358,user13358@example.com,City 9
User 13359,user13359@example.com,City 10
User 13360,user13360@example.com,City 1
User 13361,user13361@example.com,City 2
User 13362,user13362@example.com,City 3
User 13363,user13363@example.com,City 4
User 13364,user13364@example.com,City 5
User 13365,user13365@example.com,City 6
User 13366,user13366@example.com,City 7
User 13367,user13367@example.com,City 8
User 13368,user13368@example.com,City 9
User 13369,user13369@example.com,City 10
User 13370,user13370@example.com,City 1
User 13371,user13371@example.com,City 2
User 13372,user13372@example.com,City 3
User 13373,user13373@example.com,City 4
User 13374,user13374@example.com,City 5
User 13375,user13375@example.com,City 6
User 13376,user13376@example.com,City 7
User 13377,user13377@example.com,City 8
User 13378,user13378@example.com,City 9
User 13379,user13379@example.com,City 10
User 13380,user13380@example.com,City 1
User 13381,user13381@example.com,City 2
User 13382,user13382@example.com,City 3
User 13383,user13383@example.com,City 4
User 13384,user13384@example.com,City 5
User 13385,user13385@example.com,City 6
User 13386,user13386@example.com,City 7
User 13387,user13387@example.com,City 8
User 13388,user13388@example.com,City 9
User 13389,user13389@example.com,City 10
User 13390,user13390@example.com,City 1
User 13391,user13391@example.com,City 2
User 13392,user13392@example.com,City 3
User 13393,user13393@example.com,City 4
User 13394,user13394@example.com,City 5
User 13395,user13395@example.com,City 6
User 13396,user13396@example.com,City 7
User 13397,user13397@example.com,City 8
User 13398,user13398@example.com,City 9
User 13399,user13399@example.com,City 10
User 13400,user13400@example.com,City 1
User 13401,user13401@example.com,City 2
User 13402,user13402@example.com,City 3
User 13403,user13403@example.com,City 4
User 13404,user13404@example.com,City 5
User 13405,user13405@example.com,City 6
User 13406,user13406@example.com,City 7
User 13407,user13407@example.com,City 8
User 13408,user13408@example.com,City 9
User 13409,user13409@example.com,City 10
User 13410,user13410@example.com,City 1
User 13411,user13411@example.com,City 2
User 13412,user13412@example.com,City 3
User 13413,user13413@example.com,City 4
User 13414,user13414@example.com,City 5
User 13415,user13415@example.com,City 6
User 13416,user13416@example.com,City 7
User 13417,user13417@example.com,City 8
User 13418,user13418@example.com,City 9
User 13419,user13419@example.com,City 10
User 13420,user13420@example.com,City 1
User 13421,user13421@example.com,City 2
User 13422,user13422@example.com,City 3
User 13423,user13423@example.com,City 4
User 13424,user13424@example.com,City 5
User 13425,user13425@example.com,City 6
User 13426,user13426@example.com,City 7
User 13427,user13427@example.com,City 8
User 13428,user13428@example.com,City 9
User 13429,user13429@example.com,City 10
User 13430,user13430@example.com,City 1
User 13431,user13431@example.com,City 2
User 13432,user13432@example.com,City 3
User 13433,user13433@example.com,City 4
User 13434,user13434@example.com,City 5
User 13435,user13435@example.com,City 6
User 13436,user13436@example.com,City 7
User 13437,user13437@example.com,City 8
User 13438,user13438@example.com,City 9
User 13439,user13439@example.com,City 10
User 13440,user13440@example.com,City 1
User 13441,user13441@example.com,City 2
User 13442,user13442@example.com,City 3
User 13443,user13443@example.com,City 4
User 13444,user13444@example.com,City 5
User 13445,user13445@example.com,City 6
User 13446,user13446@example.com,City 7
User 13447,user13447@example.com,City 8
User 13448,user13448@example.com,City 9
User 13449,user13449@example.com,City 10
User 13450,user13450@example.com,City 1
User 13451,user13451@example.com,City 2
User 13452,user13452@example.com,City 3
User 13453,user13453@example.com,City 4
User 13454,user13454@example.com,City 5
User 13455,user13455@example.com,City 6
User 13456,user13456@example.com,City 7
User 13457,user13457@example.com,City 8
User 13458,user13458@example.com,City 9
User 13459,user13459@example.com,City 10
User 13460,user13460@example.com,City 1
User 13461,user13461@example.com,City 2
User 13462,user13462@example.com,City 3
User 13463,user13463@example.com,City 4
User 13464,user13464@example.com,City 5
User 13465,user13465@example.com,City 6
User 13466,user13466@example.com,City 7
User 13467,user13467@example.com,City 8
User 13468,user13468@example.com,City 9
User 13469,user13469@example.com,City 10
User 13470,user13470@example.com,City 1
User 13471,user13471@example.com,City 2
User 13472,user13472@example.com,City 3
User 13473,user13473@example.com,City 4
User 13474,user13474@example.com,City 5
User 13475,user13475@example.com,City 6
User 13476,user13476@example.com,City 7
User 13477,user13477@example.com,City 8
User 13478,user13478@example.com,City 9
User 13479,user13479@example.com,City 10
User 13480,user13480@example.com,City 1
User 13481,user13481@example.com,City 2
User 13482,user13482@example.com,City 3
User 13483,user13483@example.com,City 4
User 13484,user13484@example.com,City 5
User 13485,user13485@example.com,City 6
User 13486,user13486@example.com,City 7
User 13487,user13487@example.com,City 8
User 13488,user13488@example.com,City 9
User 13489,user13489@example.com,City 10
User 13490,user13490@example.com,City 1
User 13491,user13491@example.com,City 2
User 13492,user13492@example.com,City 3
User 13493,user13493@example.com,City 4
User 13494,user13494@example.com,City 5
User 13495,user13495@example.com,City 6
User 13496,user13496@example.com,City 7
User 13497,user13497@example.com,City 8
User 13498,user13498@example.com,City 9
User 13499,user13499@example.com,City 10
User 13500,user13500@example.com,City 1
User 13501,user13501@example.com,City 2
User 13502,user13502@example.com,City 3
User 13503,user13503@example.com,City 4
User 13504,user13504@example.com,City 5
User 13505,user13505@example.com,City 6
User 13506,user13506@example.com,City 7
User 13507,user13507@example.com,City 8
User 13508,user13508@example.com,City 9
User 13509,user13509@example.com,City 10
User 13510,user13510@example.com,City 1
User 13511,user13511@example.com,City 2
User 13512,user13512@example.com,City 3
User 13513,user13513@example.com,City 4
User 13514,user13514@example.com,City 5
User 13515,user13515@example.com,City 6
User 13516,user13516@example.com,City 7
User 13517,user13517@example.com,City 8
User 13518,user13518@example.com,City 9
User 13519,user13519@example.com,City 10
User 13520,user13520@example.com,City 1
User 13521,user13521@example.com,City 2
User 13522,user13522@example.com,City 3
User 13523,user13523@example.com,City 4
User 13524,user13524@example.com,City 5
User 13525,user13525@example.com,City 6
User 13526,user13526@example.com,City 7
User 13527,user13527@example.com,City 8
User 13528,user13528@example.com,City 9
User 13529,user13529@example.com,City 10
User 13530,user13530@example.com,City 1
User 13531,user13531@example.com,City 2
User 13532,user13532@example.com,City 3
User 13533,user13533@example.com,City 4
User 13534,user13534@example.com,City 5
User 13535,user13535@example.com,City 6
User 13536,user13536@example.com,City 7
User 13537,user13537@example.com,City 8
User 13538,user13538@example.com,City 9
User 13539,user13539@example.com,City 10
User 13540,user13540@example.com,City 1
User 13541,user13541@example.com,City 2
User 13542,user13542@example.com,City 3
User 13543,user13543@example.com,City 4
User 13544,user13544@example.com,City 5
User 13545,user13545@example.com,City 6
User 13546,user13546@example.com,City 7
User 13547,user13547@example.com,City 8
User 13548,user13548@example.com,City 9
User 13549,user13549@example.com,City 10
User 13550,user13550@example.com,City 1
User 13551,user13551@example.com,City 2
User 13552,user13552@example.com,City 3
User 13553,user13553@example.com,City 4
User 13554,user13554@example.com,City 5
User 13555,user13555@example.com,City 6
User 13556,user13556@example.com,City 7
User 13557,user13557@example.com,City 8
User 13558,user13558@example.com,City 9
User 13559,user13559@example.com,City 10
User 13560,user13560@example.com,City 1
User 13561,user13561@example.com,City 2
User 13562,user13562@example.com,City 3
User 13563,user13563@example.com,City 4
User 13564,user13564@example.com,City 5
User 13565,user13565@example.com,City 6
User 13566,user13566@example.com,City 7
User 13567,user13567@example.com,City 8
User 13568,user13568@example.com,City 9
User 13569,user13569@example.com,City 10
User 13570,user13570@example.com,City 1
User 13571,user13571@example.com,City 2
User 13572,user13572@example.com,City 3
User 13573,user13573@example.com,City 4
User 13574,user13574@example.com,City 5
User 13575,user13575@example.com,City 6
User 13576,user13576@example.com,City 7
User 13577,user13577@example.com,City 8
User 13578,user13578@example.com,City 9
User 13579,user13579@example.com,City 10
User 13580,user13580@example.com,City 1
User 13581,user13581@example.com,City 2
User 13582,user13582@example.com,City 3
User 13583,user13583@example.com,City 4
User 13584,user13584@example.com,City 5
User 13585,user13585@example.com,City 6
User 13586,user13586@example.com,City 7
User 13587,user13587@example.com,City 8
User 13588,user13588@example.com,City 9
User 13589,user13589@example.com,City 10
User 13590,user13590@example.com,City 1
User 13591,user13591@example.com,City 2
User 13592,user13592@example.com,City 3
User 13593,user13593@example.com,City 4
User 13594,user13594@example.com,City 5
User 13595,user13595@example.com,City 6
User 13596,user13596@example.com,City 7
User 13597,user13597@example.com,City 8
User 13598,user13598@example.com,City 9
User 13599,user13599@example.com,City 10
User 13600,user13600@example.com,City 1
User 13601,user13601@example.com,City 2
User 13602,user13602@example.com,City 3
User 13603,user13603@example.com,City 4
User 13604,user13604@example.com,City 5
User 13605,user13605@example.com,City 6
User 13606,user13606@example.com,City 7
User 13607,user13607@example.com,City 8
User 13608,user13608@example.com,City 9
User 13609,user13609@example.com,City 10
User 13610,user13610@example.com,City 1
User 13611,user13611@example.com,City 2
User 13612,user13612@example.com,City 3
User 13613,user13613@example.com,City 4
User 13614,user13614@example.com,City 5
User 13615,user13615@example.com,City 6
User 13616,user13616@example.com,City 7
User 13617,user13617@example.com,City 8
User 13618,user13618@example.com,City 9
User 13619,user13619@example.com,City 10
User 13620,user13620@example.com,City 1
User 13621,user13621@example.com,City 2
User 13622,user13622@example.com,City 3
User 13623,user13623@example.com,City 4
User 13624,user13624@example.com,City 5
User 13625,user13625@example.com,City 6
User 13626,user13626@example.com,City 7
User 13627,user13627@example.com,City 8
User 13628,user13628@example.com,City 9
User 13629,user13629@example.com,City 10
User 13630,user13630@example.com,City 1
User 13631,user13631@example.com,City 2
User 13632,user13632@example.com,City 3
User 13633,user13633@example.com,City 4
User 13634,user13634@example.com,City 5
User 13635,user13635@example.com,City 6
User 13636,user13636@example.com,City 7
User 13637,user13637@example.com,City 8
User 13638,user13638@example.com,City 9
User 13639,user13639@example.com,City 10
User 13640,user13640@example.com,City 1
User 13641,user13641@example.com,City 2
User 13642,user13642@example.com,City 3
User 13643,user13643@example.com,City 4
User 13644,user13644@example.com,City 5
User 13645,user13645@example.com,City 6
User 13646,user13646@example.com,City 7
User 13647,user13647@example.com,City 8
User 13648,user13648@example.com,City 9
User 13649,user13649@example.com,City 10
User 13650,user13650@example.com,City 1
User 13651,user13651@example.com,City 2
User 13652,user13652@example.com,City 3
User 13653,user13653@example.com,City 4
User 13654,user13654@example.com,City 5
User 13655,user13655@example.com,City 6
User 13656,user13656@example.com,City 7
User 13657,user13657@example.com,City 8
User 13658,user13658@example.com,City 9
User 13659,user13659@example.com,City 10
User 13660,user13660@example.com,City 1
User 13661,user13661@example.com,City 2
User 13662,user13662@example.com,City 3
User 13663,user13663@example.com,City 4
User 13664,user13664@example.com,City 5
User 13665,user13665@example.com,City 6
User 13666,user13666@example.com,City 7
User 13667,user13667@example.com,City 8
User 13668,user13668@example.com,City 9
User 13669,user13669@example.com,City 10
User 13670,user13670@example.com,City 1
User 13671,user13671@example.com,City 2
User 13672,user13672@example.com,City 3
User 13673,user13673@example.com,City 4
User 13674,user13674@example.com,City 5
User 13675,user13675@example.com,City 6
User 13676,user13676@example.com,City 7
User 13677,user13677@example.com,City 8
User 13678,user13678@example.com,City 9
User 13679,user13679@example.com,City 10
User 13680,user13680@example.com,City 1
User 13681,user13681@example.com,City 2
User 13682,user13682@example.com,City 3
User 13683,user13683@example.com,City 4
User 13684,user13684@example.com,City 5
User 13685,user13685@example.com,City 6
User 13686,user13686@example.com,City 7
User 13687,user13687@example.com,City 8
User 13688,user13688@example.com,City 9
User 13689,user13689@example.com,City 10
User 13690,user13690@example.com,City 1
User 13691,user13691@example.com,City 2
User 13692,user13692@example.com,City 3
User 13693,user13693@example.com,City 4
User 13694,user13694@example.com,City 5
User 13695,user13695@example.com,City 6
User 13696,user13696@example.com,City 7
User 13697,user13697@example.com,City 8
User 13698,user13698@example.com,City 9
User 13699,user13699@example.com,City 10
User 13700,user13700@example.com,City 1
User 13701,user13701@example.com,City 2
User 13702,user13702@example.com,City 3
User 13703,user13703@example.com,City 4
User 13704,user13704@example.com,City 5
User 13705,user13705@example.com,City 6
User 13706,user13706@example.com,City 7
User 13707,user13707@example.com,City 8
User 13708,user13708@example.com,City 9
User 13709,user13709@example.com,City 10
User 13710,user13710@example.com,City 1
User 13711,user13711@example.com,City 2
User 13712,user13712@example.com,City 3
User 13713,user13713@example.com,City 4
User 13714,user13714@example.com,City 5
User 13715,user13715@example.com,City 6
User 13716,user13716@example.com,City 7
User 13717,user13717@example.com,City 8
User 13718,user13718@example.com,City 9
User 13719,user13719@example.com,City 10
User 13720,user13720@example.com,City 1
User 13721,user13721@example.com,City 2
User 13722,user13722@example.com,City 3
User 13723,user13723@example.com,City 4
User 13724,user13724@example.com,City 5
User 13725,user13725@example.com,City 6
User 13726,user13726@example.com,City 7
User 13727,user13727@example.com,City 8
User 13728,user13728@example.com,City 9
User 13729,user13729@example.com,City 10
User 13730,user13730@example.com,City 1
User 13731,user13731@example.com,City 2
User 13732,user13732@example.com,City 3
User 13733,user13733@example.com,City 4
User 13734,user13734@example.com,City 5
User 13735,user13735@example.com,City 6
User 13736,user13736@example.com,City 7
User 13737,user13737@example.com,City 8
User 13738,user13738@example.com,City 9
User 13739,user13739@example.com,City 10
User 13740,user13740@example.com,City 1
User 13741,user13741@example.com,City 2
User 13742,user13742@example.com,City 3
User 13743,user13743@example.com,City 4
User 13744,user13744@example.com,City 5
User 13745,user13745@example.com,City 6
User 13746,user13746@example.com,City 7
User 13747,user13747@example.com,City 8
User 13748,user13748@example.com,City 9
User 13749,user13749@example.com,City 10
User 13750,user13750@example.com,City 1
User 13751,user13751@example.com,City 2
User 13752,user13752@example.com,City 3
User 13753,user13753@example.com,City 4
User 13754,user13754@example.com,City 5
User 13755,user13755@example.com,City 6
User 13756,user13756@example.com,City 7
User 13757,user13757@example.com,City 8
User 13758,user13758@example.com,City 9
User 13759,user13759@example.com,City 10
User 13760,user13760@example.com,City 1
User 13761,user13761@example.com,City 2
User 13762,user13762@example.com,City 3
User 13763,user13763@example.com,City 4
User 13764,user13764@example.com,City 5
User 13765,user13765@example.com,City 6
User 13766,user13766@example.com,City 7
User 13767,user13767@example.com,City 8
User 13768,user13768@example.com,City 9
User 13769,user13769@example.com,City 10
User 13770,user13770@example.com,City 1
User 13771,user13771@example.com,City 2
User 13772,user13772@example.com,City 3
User 13773,user13773@example.com,City 4
User 13774,user13774@example.com,City 5
User 13775,user13775@example.com,City 6
User 13776,user13776@example.com,City 7
User 13777,user13777@example.com,City 8
User 13778,user13778@example.com,City 9
User 13779,user13779@example.com,City 10
User 13780,user13780@example.com,City 1
User 13781,user13781@example.com,City 2
User 13782,user13782@example.com,City 3
User 13783,user13783@example.com,City 4
User 13784,user13784@example.com,City 5
User 13785,user13785@example.com,City 6
User 13786,user13786@example.com,City 7
User 13787,user13787@example.com,City 8
User 13788,user13788@example.com,City 9
User 13789,user13789@example.com,City 10
User 13790,user13790@example.com,City 1
User 13791,user13791@example.com,City 2
User 13792,user13792@example.com,City 3
User 13793,user13793@example.com,City 4
User 13794,user13794@example.com,City 5
User 13795,user13795@example.com,City 6
User 13796,user13796@example.com,City 7
User 13797,user13797@example.com,City 8
User 13798,user13798@example.com,City 9
User 13799,user13799@example.com,City 10
User 13800,user13800@example.com,City 1
User 13801,user13801@example.com,City 2
User 13802,user13802@example.com,City 3
User 13803,user13803@example.com,City 4
User 13804,user13804@example.com,City 5
User 13805,user13805@example.com,City 6
User 13806,user13806@example.com,City 7
User 13807,user13807@example.com,City 8
User 13808,user13808@example.com,City 9
User 13809,user13809@example.com,City 10
User 13810,user13810@example.com,City 1
User 13811,user13811@example.com,City 2
User 13812,user13812@example.com,City 3
User 13813,user13813@example.com,City 4
User 13814,user13814@example.com,City 5
User 13815,user13815@example.com,City 6
User 13816,user13816@example.com,City 7
User 13817,user13817@example.com,City 8
User 13818,user13818@example.com,City 9
User 13819,user13819@example.com,City 10
User 13820,user13820@example.com,City 1
User 13821,user13821@example.com,City 2
User 13822,user13822@example.com,City 3
User 13823,user13823@example.com,City 4
User 13824,user13824@example.com,City 5
User 13825,user13825@example.com,City 6
User 13826,user13826@example.com,City 7
User 13827,user13827@example.com,City 8
User 13828,user13828@example.com,City 9
User 13829,user13829@example.com,City 10
User 13830,user13830@example.com,City 1
User 13831,user13831@example.com,City 2
User 13832,user13832@example.com,City 3
User 13833,user13833@example.com,City 4
User 13834,user13834@example.com,City 5
User 13835,user13835@example.com,City 6
User 13836,user13836@example.com,City 7
User 13837,user13837@example.com,City 8
User 13838,user13838@example.com,City 9
User 13839,user13839@example.com,City 10
User 13840,user13840@example.com,City 1
User 13841,user13841@example.com,City 2
User 13842,user13842@example.com,City 3
User 13843,user13843@example.com,City 4
User 13844,user13844@example.com,City 5
User 13845,user13845@example.com,City 6
User 13846,user13846@example.com,City 7
User 13847,user13847@example.com,City 8
User 13848,user13848@example.com,City 9
User 13849,user13849@example.com,City 10
User 13850,user13850@example.com,City 1
User 13851,user13851@example.com,City 2
User 13852,user13852@example.com,City 3
User 13853,user13853@example.com,City 4
User 13854,user13854@example.com,City 5
User 13855,user13855@example.com,City 6
User 13856,user13856@example.com,City 7
User 13857,user13857@example.com,City 8
User 13858,user13858@example.com,City 9
User 13859,user13859@example.com,City 10
User 13860,user13860@example.com,City 1
User 13861,user13861@example.com,City 2
User 13862,user13862@example.com,City 3
User 13863,user13863@example.com,City 4
User 13864,user13864@example.com,City 5
User 13865,user13865@example.com,City 6
User 13866,user13866@example.com,City 7
User 13867,user13867@example.com,City 8
User 13868,user13868@example.com,City 9
User 13869,user13869@example.com,City 10
User 13870,user13870@example.com,City 1
User 13871,user13871@example.com,City 2
User 13872,user13872@example.com,City 3
User 13873,user13873@example.com,City 4
User 13874,user13874@example.com,City 5
User 13875,user13875@example.com,City 6
User 13876,user13876@example.com,City 7
User 13877,user13877@example.com,City 8
User 13878,user13878@example.com,City 9
User 13879,user13879@example.com,City 10
User 13880,user13880@example.com,City 1
User 13881,user13881@example.com,City 2
User 13882,user13882@example.com,City 3
User 13883,user13883@example.com,City 4
User 13884,user13884@example.com,City 5
User 13885,user13885@example.com,City 6
User 13886,user13886@example.com,City 7
User 13887,user13887@example.com,City 8
User 13888,user13888@example.com,City 9
User 13889,user13889@example.com,City 10
User 13890,user13890@example.com,City 1
User 13891,user13891@example.com,City 2
User 13892,user13892@example.com,City 3
User 13893,user13893@example.com,City 4
User 13894,user13894@example.com,City 5
User 13895,user13895@example.com,City 6
User 13896,user13896@example.com,City 7
User 13897,user13897@example.com,City 8
User 13898,user13898@example.com,City 9
User 13899,user13899@example.com,City 10
User 13900,user13900@example.com,City 1
User 13901,user13901@example.com,City 2
User 13902,user13902@example.com,City 3
User 13903,user13903@example.com,City 4
User 13904,user13904@example.com,City 5
User 13905,user13905@example.com,City 6
User 13906,user13906@example.com,City 7
User 13907,user13907@example.com,City 8
User 13908,user13908@example.com,City 9
User 13909,user13909@example.com,City 10
User 13910,user13910@example.com,City 1
User 13911,user13911@example.com,City 2
User 13912,user13912@example.com,City 3
User 13913,user13913@example.com,City 4
User 13914,user13914@example.com,City 5
User 13915,user13915@example.com,City 6
User 13916,user13916@example.com,City 7
User 13917,user13917@example.com,City 8
User 13918,user13918@example.com,City 9
User 13919,user13919@example.com,City 10
User 13920,user13920@example.com,City 1
User 13921,user13921@example.com,City 2
User 13922,user13922@example.com,City 3
User 13923,user13923@example.com,City 4
User 13924,user13924@example.com,City 5
User 13925,user13925@example.com,City 6
User 13926,user13926@example.com,City 7
User 13927,user13927@example.com,City 8
User 13928,user13928@example.com,City 9
User 13929,user13929@example.com,City 10
User 13930,user13930@example.com,City 1
User 13931,user13931@example.com,City 2
User 13932,user13932@example.com,City 3
User 13933,user13933@example.com,City 4
User 13934,user13934@example.com,City 5
User 13935,user13935@example.com,City 6
User 13936,user13936@example.com,City 7
User 13937,user13937@example.com,City 8
User 13938,user13938@example.com,City 9
User 13939,user13939@example.com,City 10
User 13940,user13940@example.com,City 1
User 13941,user13941@example.com,City 2
User 13942,user13942@example.com,City 3
User 13943,user13943@example.com,City 4
User 13944,user13944@example.com,City 5
User 13945,user13945@example.com,City 6
User 13946,user13946@example.com,City 7
User 13947,user13947@example.com,City 8
User 13948,user13948@example.com,City 9
User 13949,user13949@example.com,City 10
User 13950,user13950@example.com,City 1
User 13951,user13951@example.com,City 2
User 13952,user13952@example.com,City 3
User 13953,user13953@example.com,City 4
User 13954,user13954@example.com,City 5
User 13955,user13955@example.com,City 6
User 13956,user13956@example.com,City 7
User 13957,user13957@example.com,City 8
User 13958,user13958@example.com,City 9
User 13959,user13959@example.com,City 10
User 13960,user13960@example.com,City 1
User 13961,user13961@example.com,City 2
User 13962,user13962@example.com,City 3
User 13963,user13963@example.com,City 4
User 13964,user13964@example.com,City 5
User 13965,user13965@example.com,City 6
User 13966,user13966@example.com,City 7
User 13967,user13967@example.com,City 8
User 13968,user13968@example.com,City 9
User 13969,user13969@example.com,City 10
User 13970,user13970@example.com,City 1
User 13971,user13971@example.com,City 2
User 13972,user13972@example.com,City 3
User 13973,user13973@example.com,City 4
User 13974,user13974@example.com,City 5
User 13975,user13975@example.com,City 6
User 13976,user13976@example.com,City 7
User 13977,user13977@example.com,City 8
User 13978,user13978@example.com,City 9
User 13979,user13979@example.com,City 10
User 13980,user13980@example.com,City 1
User 13981,user13981@example.com,City 2
User 13982,user13982@example.com,City 3
User 13983,user13983@example.com,City 4
User 13984,user13984@example.com,City 5
User 13985,user13985@example.com,City 6
User 13986,user13986@example.com,City 7
User 13987,user13987@example.com,City 8
User 13988,user13988@example.com,City 9
User 13989,user13989@example.com,City 10
User 13990,user13990@example.com,City 1
User 13991,user13991@example.com,City 2
User 13992,user13992@example.com,City 3
User 13993,user13993@example.com,City 4
User 13994,user13994@example.com,City 5
User 13995,user13995@example.com,City 6
User 13996,user13996@example.com,City 7
User 13997,user13997@example.com,City 8
User 13998,user13998@example.com,City 9
User 13999,user13999@example.com,City 10
User 14000,user14000@example.com,City 1
User 14001,user14001@example.com,City 2
User 14002,user14002@example.com,City 3
User 14003,user14003@example.com,City 4
User 14004,user14004@example.com,City 5
User 14005,user14005@example.com,City 6
User 14006,user14006@example.com,City 7
User 14007,user14007@example.com,City 8
User 14008,user14008@example.com,City 9
User 14009,user14009@example.com,City 10
User 14010,user14010@example.com,City 1
User 14011,user14011@example.com,City 2
User 14012,user14012@example.com,City 3
User 14013,user14013@example.com,City 4
User 14014,user14014@example.com,City 5
User 14015,user14015@example.com,City 6
User 14016,user14016@example.com,City 7
User 14017,user14017@example.com,City 8
User 14018,user14018@example.com,City 9
User 14019,user14019@example.com,City 10
User 14020,user14020@example.com,City 1
User 14021,user14021@example.com,City 2
User 14022,user14022@example.com,City 3
User 14023,user14023@example.com,City 4
User 14024,user14024@example.com,City 5
User 14025,user14025@example.com,City 6
User 14026,user14026@example.com,City 7
User 14027,user14027@example.com,City 8
User 14028,user14028@example.com,City 9
User 14029,user14029@example.com,City 10
User 14030,user14030@example.com,City 1
User 14031,user14031@example.com,City 2
User 14032,user14032@example.com,City 3
User 14033,user14033@example.com,City 4
User 14034,user14034@example.com,City 5
User 14035,user14035@example.com,City 6
User 14036,user14036@example.com,City 7
User 14037,user14037@example.com,City 8
User 14038,user14038@example.com,City 9
User 14039,user14039@example.com,City 10
User 14040,user14040@example.com,City 1
User 14041,user14041@example.com,City 2
User 14042,user14042@example.com,City 3
User 14043,user14043@example.com,City 4
User 14044,user14044@example.com,City 5
User 14045,user14045@example.com,City 6
User 14046,user14046@example.com,City 7
User 14047,user14047@example.com,City 8
User 14048,user14048@example.com,City 9
User 14049,user14049@example.com,City 10
User 14050,user14050@example.com,City 1
User 14051,user14051@example.com,City 2
User 14052,user14052@example.com,City 3
User 14053,user14053@example.com,City 4
User 14054,user14054@example.com,City 5
User 14055,user14055@example.com,City 6
User 14056,user14056@example.com,City 7
User 14057,user14057@example.com,City 8
User 14058,user14058@example.com,City 9
User 14059,user14059@example.com,City 10
User 14060,user14060@example.com,City 1
User 14061,user14061@example.com,City 2
User 14062,user14062@example.com,City 3
User 14063,user14063@example.com,City 4
User 14064,user14064@example.com,City 5
User 14065,user14065@example.com,City 6
User 14066,user14066@example.com,City 7
User 14067,user14067@example.com,City 8
User 14068,user14068@example.com,City 9
User 14069,user14069@example.com,City 10
User 14070,user14070@example.com,City 1
User 14071,user14071@example.com,City 2
User 14072,user14072@example.com,City 3
User 14073,user14073@example.com,City 4
User 14074,user14074@example.com,City 5
User 14075,user14075@example.com,City 6
User 14076,user14076@example.com,City 7
User 14077,user14077@example.com,City 8
User 14078,user14078@example.com,City 9
User 14079,user14079@example.com,City 10
User 14080,user14080@example.com,City 1
User 14081,user14081@example.com,City 2
User 14082,user14082@example.com,City 3
User 14083,user14083@example.com,City 4
User 14084,user14084@example.com,City 5
User 14085,user14085@example.com,City 6
User 14086,user14086@example.com,City 7
User 14087,user14087@example.com,City 8
User 14088,user14088@example.com,City 9
User 14089,user14089@example.com,City 10
User 14090,user14090@example.com,City 1
User 14091,user14091@example.com,City 2
User 14092,user14092@example.com,City 3
User 14093,user14093@example.com,City 4
User 14094,user14094@example.com,City 5
User 14095,user14095@example.com,City 6
User 14096,user14096@example.com,City 7
User 14097,user14097@example.com,City 8
User 14098,user14098@example.com,City 9
User 14099,user14099@example.com,City 10
User 14100,user14100@example.com,City 1
User 14101,user14101@example.com,City 2
User 14102,user14102@example.com,City 3
User 14103,user14103@example.com,City 4
User 14104,user14104@example.com,City 5
User 14105,user14105@example.com,City 6
User 14106,user14106@example.com,City 7
User 14107,user14107@example.com,City 8
User 14108,user14108@example.com,City 9
User 14109,user14109@example.com,City 10
User 14110,user14110@example.com,City 1
User 14111,user14111@example.com,City 2
User 14112,user14112@example.com,City 3
User 14113,user14113@example.com,City 4
User 14114,user14114@example.com,City 5
User 14115,user14115@example.com,City 6
User 14116,user14116@example.com,City 7
User 14117,user14117@example.com,City 8
User 14118,user14118@example.com,City 9
User 14119,user14119@example.com,City 10
User 14120,user14120@example.com,City 1
User 14121,user14121@example.com,City 2
User 14122,user14122@example.com,City 3
User 14123,user14123@example.com,City 4
User 14124,user14124@example.com,City 5
User 14125,user14125@example.com,City 6
User 14126,user14126@example.com,City 7
User 14127,user14127@example.com,City 8
User 14128,user14128@example.com,City 9
User 14129,user14129@example.com,City 10
User 14130,user14130@example.com,City 1
User 14131,user14131@example.com,City 2
User 14132,user14132@example.com,City 3
User 14133,user14133@example.com,City 4
User 14134,user14134@example.com,City 5
User 14135,user14135@example.com,City 6
User 14136,user14136@example.com,City 7
User 14137,user14137@example.com,City 8
User 14138,user14138@example.com,City 9
User 14139,user14139@example.com,City 10
User 14140,user14140@example.com,City 1
User 14141,user14141@example.com,City 2
User 14142,user14142@example.com,City 3
User 14143,user14143@example.com,City 4
User 14144,user14144@example.com,City 5
User 14145,user14145@example.com,City 6
User 14146,user14146@example.com,City 7
User 14147,user14147@example.com,City 8
User 14148,user14148@example.com,City 9
User 14149,user14149@example.com,City 10
User 14150,user14150@example.com,City 1
User 14151,user14151@example.com,City 2
User 14152,user14152@example.com,City 3
User 14153,user14153@example.com,City 4
User 14154,user14154@example.com,City 5
User 14155,user14155@example.com,City 6
User 14156,user14156@example.com,City 7
User 14157,user14157@example.com,City 8
User 14158,user14158@example.com,City 9
User 14159,user14159@example.com,City 10
User 14160,user14160@example.com,City 1
User 14161,user14161@example.com,City 2
User 14162,user14162@example.com,City 3
User 14163,user14163@example.com,City 4
User 14164,user14164@example.com,City 5
User 14165,user14165@example.com,City 6
User 14166,user14166@example.com,City 7
User 14167,user14167@example.com,City 8
User 14168,user14168@example.com,City 9
User 14169,user14169@example.com,City 10
User 14170,user14170@example.com,City 1
User 14171,user14171@example.com,City 2
User 14172,user14172@example.com,City 3
User 14173,user14173@example.com,City 4
User 14174,user14174@example.com,City 5
User 14175,user14175@example.com,City 6
User 14176,user14176@example.com,City 7
User 14177,user14177@example.com,City 8
User 14178,user14178@example.com,City 9
User 14179,user14179@example.com,City 10
User 14180,user14180@example.com,City 1
User 14181,user14181@example.com,City 2
User 14182,user14182@example.com,City 3
User 14183,user14183@example.com,City 4
User 14184,user14184@example.com,City 5
User 14185,user14185@example.com,City 6
User 14186,user14186@example.com,City 7
User 14187,user14187@example.com,City 8
User 14188,user14188@example.com,City 9
User 14189,user14189@example.com,City 10
User 14190,user14190@example.com,City 1
User 14191,user14191@example.com,City 2
User 14192,user14192@example.com,City 3
User 14193,user14193@example.com,City 4
User 14194,user14194@example.com,City 5
User 14195,user14195@example.com,City 6
User 14196,user14196@example.com,City 7
User 14197,user14197@example.com,City 8
User 14198,user14198@example.com,City 9
User 14199,user14199@example.com,City 10
User 14200,user14200@example.com,City 1
User 14201,user14201@example.com,City 2
User 14202,user14202@example.com,City 3
User 14203,user14203@example.com,City 4
User 14204,user14204@example.com,City 5
User 14205,user14205@example.com,City 6
User 14206,user14206@example.com,City 7
User 14207,user14207@example.com,City 8
User 14208,user14208@example.com,City 9
User 14209,user14209@example.com,City 10
User 14210,user14210@example.com,City 1
User 14211,user14211@example.com,City 2
User 14212,user14212@example.com,City 3
User 14213,user14213@example.com,City 4
User 14214,user14214@example.com,City 5
User 14215,user14215@example.com,City 6
User 14216,user14216@example.com,City 7
User 14217,user14217@example.com,City 8
User 14218,user14218@example.com,City 9
User 14219,user14219@example.com,City 10
User 14220,user14220@example.com,City 1
User 14221,user14221@example.com,City 2
User 14222,user14222@example.com,City 3
User 14223,user14223@example.com,City 4
User 14224,user14224@example.com,City 5
User 14225,user14225@example.com,City 6
User 14226,user14226@example.com,City 7
User 14227,user14227@example.com,City 8
User 14228,user14228@example.com,City 9
User 14229,user14229@example.com,City 10
User 14230,user14230@example.com,City 1
User 14231,user14231@example.com,City 2
User 14232,user14232@example.com,City 3
User 14233,user14233@example.com,City 4
User 14234,user14234@example.com,City 5
User 14235,user14235@example.com,City 6
User 14236,user14236@example.com,City 7
User 14237,user14237@example.com,City 8
User 14238,user14238@example.com,City 9
User 14239,user14239@example.com,City 10
User 14240,user14240@example.com,City 1
User 14241,user14241@example.com,City 2
User 14242,user14242@example.com,City 3
User 14243,user14243@example.com,City 4
User 14244,user14244@example.com,City 5
User 14245,user14245@example.com,City 6
User 14246,user14246@example.com,City 7
User 14247,user14247@example.com,City 8
User 14248,user14248@example.com,City 9
User 14249,user14249@example.com,City 10
User 14250,user14250@example.com,City 1
User 14251,user14251@example.com,City 2
User 14252,user14252@example.com,City 3
User 14253,user14253@example.com,City 4
User 14254,user14254@example.com,City 5
User 14255,user14255@example.com,City 6
User 14256,user14256@example.com,City 7
User 14257,user14257@example.com,City 8
User 14258,user14258@example.com,City 9
User 14259,user14259@example.com,City 10
User 14260,user14260@example.com,City 1
User 14261,user14261@example.com,City 2
User 14262,user14262@example.com,City 3
User 14263,user14263@example.com,City 4
User 14264,user14264@example.com,City 5
User 14265,user14265@example.com,City 6
User 14266,user14266@example.com,City 7
User 14267,user14267@example.com,City 8
User 14268,user14268@example.com,City 9
User 14269,user14269@example.com,City 10
User 14270,user14270@example.com,City 1
User 14271,user14271@example.com,City 2
User 14272,user14272@example.com,City 3
User 14273,user14273@example.com,City 4
User 14274,user14274@example.com,City 5
User 14275,user14275@example.com,City 6
User 14276,user14276@example.com,City 7
User 14277,user14277@example.com,City 8
User 14278,user14278@example.com,City 9
User 14279,user14279@example.com,City 10
User 14280,user14280@example.com,City 1
User 14281,user14281@example.com,City 2
User 14282,user14282@example.com,City 3
User 14283,user14283@example.com,City 4
User 14284,user14284@example.com,City 5
User 14285,user14285@example.com,City 6
User 14286,user14286@example.com,City 7
User 14287,user14287@example.com,City 8
User 14288,user14288@example.com,City 9
User 14289,user14289@example.com,City 10
User 14290,user14290@example.com,City 1
User 14291,user14291@example.com,City 2
User 14292,user14292@example.com,City 3
User 14293,user14293@example.com,City 4
User 14294,user14294@example.com,City 5
User 14295,user14295@example.com,City 6
User 14296,user14296@example.com,City 7
User 14297,user14297@example.com,City 8
User 14298,user14298@example.com,City 9
User 14299,user14299@example.com,City 10
User 14300,user14300@example.com,City 1
User 14301,user14301@example.com,City 2
User 14302,user14302@example.com,City 3
User 14303,user14303@example.com,City 4
User 14304,user14304@example.com,City 5
User 14305,user14305@example.com,City 6
User 14306,user14306@example.com,City 7
User 14307,user14307@example.com,City 8
User 14308,user14308@example.com,City 9
User 14309,user14309@example.com,City 10
User 14310,user14310@example.com,City 1
User 14311,user14311@example.com,City 2
User 14312,user14312@example.com,City 3
User 14313,user14313@example.com,City 4
User 14314,user14314@example.com,City 5
User 14315,user14315@example.com,City 6
User 14316,user14316@example.com,City 7
User 14317,user14317@example.com,City 8
User 14318,user14318@example.com,City 9
User 14319,user14319@example.com,City 10
User 14320,user14320@example.com,City 1
User 14321,user14321@example.com,City 2
User 14322,user14322@example.com,City 3
User 14323,user14323@example.com,City 4
User 14324,user14324@example.com,City 5
User 14325,user14325@example.com,City 6
User 14326,user14326@example.com,City 7
User 14327,user14327@example.com,City 8
User 14328,user14328@example.com,City 9
User 14329,user14329@example.com,City 10
User 14330,user14330@example.com,City 1
User 14331,user14331@example.com,City 2
User 14332,user14332@example.com,City 3
User 14333,user14333@example.com,City 4
User 14334,user14334@example.com,City 5
User 14335,user14335@example.com,City 6
User 14336,user14336@example.com,City 7
User 14337,user14337@example.com,City 8
User 14338,user14338@example.com,City 9
User 14339,user14339@example.com,City 10
User 14340,user14340@example.com,City 1
User 14341,user14341@example.com,City 2
User 14342,user14342@example.com,City 3
User 14343,user14343@example.com,City 4
User 14344,user14344@example.com,City 5
User 14345,user14345@example.com,City 6
User 14346,user14346@example.com,City 7
User 14347,user14347@example.com,City 8
User 14348,user14348@example.com,City 9
User 14349,user14349@example.com,City 10
User 14350,user14350@example.com,City 1
User 14351,user14351@example.com,City 2
User 14352,user14352@example.com,City 3
User 14353,user14353@example.com,City 4
User 14354,user14354@example.com,City 5
User 14355,user14355@example.com,City 6
User 14356,user14356@example.com,City 7
User 14357,user14357@example.com,City 8
User 14358,user14358@example.com,City 9
User 14359,user14359@example.com,City 10
User 14360,user14360@example.com,City 1
User 14361,user14361@example.com,City 2
User 14362,user14362@example.com,City 3
User 14363,user14363@example.com,City 4
User 14364,user14364@example.com,City 5
User 14365,user14365@example.com,City 6
User 14366,user14366@example.com,City 7
User 14367,user14367@example.com,City 8
User 14368,user14368@example.com,City 9
User 14369,user14369@example.com,City 10
User 14370,user14370@example.com,City 1
User 14371,user14371@example.com,City 2
User 14372,user14372@example.com,City 3
User 14373,user14373@example.com,City 4
User 14374,user14374@example.com,City 5
User 14375,user14375@example.com,City 6
User 14376,user14376@example.com,City 7
User 14377,user14377@example.com,City 8
User 14378,user14378@example.com,City 9
User 14379,user14379@example.com,City 10
User 14380,user14380@example.com,City 1
User 14381,user14381@example.com,City 2
User 14382,user14382@example.com,City 3
User 14383,user14383@example.com,City 4
User 14384,user14384@example.com,City 5
User 14385,user14385@example.com,City 6
User 14386,user14386@example.com,City 7
User 14387,user14387@example.com,City 8
User 14388,user14388@example.com,City 9
User 14389,user14389@example.com,City 10
User 14390,user14390@example.com,City 1
User 14391,user14391@example.com,City 2
User 14392,user14392@example.com,City 3
User 14393,user14393@example.com,City 4
User 14394,user14394@example.com,City 5
User 14395,user14395@example.com,City 6
User 14396,user14396@example.com,City 7
User 14397,user14397@example.com,City 8
User 14398,user14398@example.com,City 9
User 14399,user14399@example.com,City 10
User 14400,user14400@example.com,City 1
User 14401,user14401@example.com,City 2
User 14402,user14402@example.com,City 3
User 14403,user14403@example.com,City 4
User 14404,user14404@example.com,City 5
User 14405,user14405@example.com,City 6
User 14406,user14406@example.com,City 7
User 14407,user14407@example.com,City 8
User 14408,user14408@example.com,City 9
User 14409,user14409@example.com,City 10
User 14410,user14410@example.com,City 1
User 14411,user14411@example.com,City 2
User 14412,user14412@example.com,City 3
User 14413,user14413@example.com,City 4
User 14414,user14414@example.com,City 5
User 14415,user14415@example.com,City 6
User 14416,user14416@example.com,City 7
User 14417,user14417@example.com,City 8
User 14418,user14418@example.com,City 9
User 14419,user14419@example.com,City 10
User 14420,user14420@example.com,City 1
User 14421,user14421@example.com,City 2
User 14422,user14422@example.com,City 3
User 14423,user14423@example.com,City 4
User 14424,user14424@example.com,City 5
User 14425,user14425@example.com,City 6
User 14426,user14426@example.com,City 7
User 14427,user14427@example.com,City 8
User 14428,user14428@example.com,City 9
User 14429,user14429@example.com,City 10
User 14430,user14430@example.com,City 1
User 14431,user14431@example.com,City 2
User 14432,user14432@example.com,City 3
User 14433,user14433@example.com,City 4
User 14434,user14434@example.com,City 5
User 14435,user14435@example.com,City 6
User 14436,user14436@example.com,City 7
User 14437,user14437@example.com,City 8
User 14438,user14438@example.com,City 9
User 14439,user14439@example.com,City 10
User 14440,user14440@example.com,City 1
User 14441,user14441@example.com,City 2
User 14442,user14442@example.com,City 3
User 14443,user14443@example.com,City 4
User 14444,user14444@example.com,City 5
User 14445,user14445@example.com,City 6
User 14446,user14446@example.com,City 7
User 14447,user14447@example.com,City 8
User 14448,user14448@example.com,City 9
User 14449,user14449@example.com,City 10
User 14450,user14450@example.com,City 1
User 14451,user14451@example.com,City 2
User 14452,user14452@example.com,City 3
User 14453,user14453@example.com,City 4
User 14454,user14454@example.com,City 5
User 14455,user14455@example.com,City 6
User 14456,user14456@example.com,City 7
User 14457,user14457@example.com,City 8
User 14458,user14458@example.com,City 9
User 14459,user14459@example.com,City 10
User 14460,user14460@example.com,City 1
User 14461,user14461@example.com,City 2
User 14462,user14462@example.com,City 3
User 14463,user14463@example.com,City 4
User 14464,user14464@example.com,City 5
User 14465,user14465@example.com,City 6
User 14466,user14466@example.com,City 7
User 14467,user14467@example.com,City 8
User 14468,user14468@example.com,City 9
User 14469,user14469@example.com,City 10
User 14470,user14470@example.com,City 1
User 14471,user14471@example.com,City 2
User 14472,user14472@example.com,City 3
User 14473,user14473@example.com,City 4
User 14474,user14474@example.com,City 5
User 14475,user14475@example.com,City 6
User 14476,user14476@example.com,City 7
User 14477,user14477@example.com,City 8
User 14478,user14478@example.com,City 9
User 14479,user14479@example.com,City 10
User 14480,user14480@example.com,City 1
User 14481,user14481@example.com,City 2
User 14482,user14482@example.com,City 3
User 14483,user14483@example.com,City 4
User 14484,user14484@example.com,City 5
User 14485,user14485@example.com,City 6
User 14486,user14486@example.com,City 7
User 14487,user14487@example.com,City 8
User 14488,user14488@example.com,City 9
User 14489,user14489@example.com,City 10
User 14490,user14490@example.com,City 1
User 14491,user14491@example.com,City 2
User 14492,user14492@example.com,City 3
User 14493,user14493@example.com,City 4
User 14494,user14494@example.com,City 5
User 14495,user14495@example.com,City 6
User 14496,user14496@example.com,City 7
User 14497,user14497@example.com,City 8
User 14498,user14498@example.com,City 9
User 14499,user14499@example.com,City 10
User 14500,user14500@example.com,City 1
User 14501,user14501@example.com,City 2
User 14502,user14502@example.com,City 3
User 14503,user14503@example.com,City 4
User 14504,user14504@example.com,City 5
User 14505,user14505@example.com,City 6
User 14506,user14506@example.com,City 7
User 14507,user14507@example.com,City 8
User 14508,user14508@example.com,City 9
User 14509,user14509@example.com,City 10
User 14510,user14510@example.com,City 1
User 14511,user14511@example.com,City 2
User 14512,user14512@example.com,City 3
User 14513,user14513@example.com,City 4
User 14514,user14514@example.com,City 5
User 14515,user14515@example.com,City 6
User 14516,user14516@example.com,City 7
User 14517,user14517@example.com,City 8
User 14518,user14518@example.com,City 9
User 14519,user14519@example.com,City 10
User 14520,user14520@example.com,City 1
User 14521,user14521@example.com,City 2
User 14522,user14522@example.com,City 3
User 14523,user14523@example.com,City 4
User 14524,user14524@example.com,City 5
User 14525,user14525@example.com,City 6
User 14526,user14526@example.com,City 7
User 14527,user14527@example.com,City 8
User 14528,user14528@example.com,City 9
User 14529,user14529@example.com,City 10
User 14530,user14530@example.com,City 1
User 14531,user14531@example.com,City 2
User 14532,user14532@example.com,City 3
User 14533,user14533@example.com,City 4
User 14534,user14534@example.com,City 5
User 14535,user14535@example.com,City 6
User 14536,user14536@example.com,City 7
User 14537,user14537@example.com,City 8
User 14538,user14538@example.com,City 9
User 14539,user14539@example.com,City 10
User 14540,user14540@example.com,City 1
User 14541,user14541@example.com,City 2
User 14542,user14542@example.com,City 3
User 14543,user14543@example.com,City 4
User 14544,user14544@example.com,City 5
User 14545,user14545@example.com,City 6
User 14546,user14546@example.com,City 7
User 14547,user14547@example.com,City 8
User 14548,user14548@example.com,City 9
User 14549,user14549@example.com,City 10
User 14550,user14550@example.com,City 1
User 14551,user14551@example.com,City 2
User 14552,user14552@example.com,City 3
User 14553,user14553@example.com,City 4
User 14554,user14554@example.com,City 5
User 14555,user14555@example.com,City 6
User 14556,user14556@example.com,City 7
User 14557,user14557@example.com,City 8
User 14558,user14558@example.com,City 9
User 14559,user14559@example.com,City 10
User 14560,user14560@example.com,City 1
User 14561,user14561@example.com,City 2
User 14562,user14562@example.com,City 3
User 14563,user14563@example.com,City 4
User 14564,user14564@example.com,City 5
User 14565,user14565@example.com,City 6
User 14566,user14566@example.com,City 7
User 14567,user14567@example.com,City 8
User 14568,user14568@example.com,City 9
User 14569,user14569@example.com,City 10
User 14570,user14570@example.com,City 1
User 14571,user14571@example.com,City 2
User 14572,user14572@example.com,City 3
User 14573,user14573@example.com,City 4
User 14574,user14574@example.com,City 5
User 14575,user14575@example.com,City 6
User 14576,user14576@example.com,City 7
User 14577,user14577@example.com,City 8
User 14578,user14578@example.com,City 9
User 14579,user14579@example.com,City 10
User 14580,user14580@example.com,City 1
User 14581,user14581@example.com,City 2
User 14582,user14582@example.com,City 3
User 14583,user14583@example.com,City 4
User 14584,user14584@example.com,City 5
User 14585,user14585@example.com,City 6
User 14586,user14586@example.com,City 7
User 14587,user14587@example.com,City 8
User 14588,user14588@example.com,City 9
User 14589,user14589@example.com,City 10
User 14590,user14590@example.com,City 1
User 14591,user14591@example.com,City 2
User 14592,user14592@example.com,City 3
User 14593,user14593@example.com,City 4
User 14594,user14594@example.com,City 5
User 14595,user14595@example.com,City 6
User 14596,user14596@example.com,City 7
User 14597,user14597@example.com,City 8
User 14598,user14598@example.com,City 9
User 14599,user14599@example.com,City 10
User 14600,user14600@example.com,City 1
User 14601,user14601@example.com,City 2
User 14602,user14602@example.com,City 3
User 14603,user14603@example.com,City 4
User 14604,user14604@example.com,City 5
User 14605,user14605@example.com,City 6
User 14606,user14606@example.com,City 7
User 14607,user14607@example.com,City 8
User 14608,user14608@example.com,City 9
User 14609,user14609@example.com,City 10
User 14610,user14610@example.com,City 1
User 14611,user14611@example.com,City 2
User 14612,user14612@example.com,City 3
User 14613,user14613@example.com,City 4
User 14614,user14614@example.com,City 5
User 14615,user14615@example.com,City 6
User 14616,user14616@example.com,City 7
User 14617,user14617@example.com,City 8
User 14618,user14618@example.com,City 9
User 14619,user14619@example.com,City 10
User 14620,user14620@example.com,City 1
User 14621,user14621@example.com,City 2
User 14622,user14622@example.com,City 3
User 14623,user14623@example.com,City 4
User 14624,user14624@example.com,City 5
User 14625,user14625@example.com,City 6
User 14626,user14626@example.com,City 7
User 14627,user14627@example.com,City 8
User 14628,user14628@example.com,City 9
User 14629,user14629@example.com,City 10
User 14630,user14630@example.com,City 1
User 14631,user14631@example.com,City 2
User 14632,user14632@example.com,City 3
User 14633,user14633@example.com,City 4
User 14634,user14634@example.com,City 5
User 14635,user14635@example.com,City 6
User 14636,user14636@example.com,City 7
User 14637,user14637@example.com,City 8
User 14638,user14638@example.com,City 9
User 14639,user14639@example.com,City 10
User 14640,user14640@example.com,City 1
User 14641,user14641@example.com,City 2
User 14642,user14642@example.com,City 3
User 14643,user14643@example.com,City 4
User 14644,user14644@example.com,City 5
User 14645,user14645@example.com,City 6
User 14646,user14646@example.com,City 7
User 14647,user14647@example.com,City 8
User 14648,user14648@example.com,City 9
User 14649,user14649@example.com,City 10
User 14650,user14650@example.com,City 1
User 14651,user14651@example.com,City 2
User 14652,user14652@example.com,City 3
User 14653,user14653@example.com,City 4
User 14654,user14654@example.com,City 5
User 14655,user14655@example.com,City 6
User 14656,user14656@example.com,City 7
User 14657,user14657@example.com,City 8
User 14658,user14658@example.com,City 9
User 14659,user14659@example.com,City 10
User 14660,user14660@example.com,City 1
User 14661,user14661@example.com,City 2
User 14662,user14662@example.com,City 3
User 14663,user14663@example.com,City 4
User 14664,user14664@example.com,City 5
User 14665,user14665@example.com,City 6
User 14666,user14666@example.com,City 7
User 14667,user14667@example.com,City 8
User 14668,user14668@example.com,City 9
User 14669,user14669@example.com,City 10
User 14670,user14670@example.com,City 1
User 14671,user14671@example.com,City 2
User 14672,user14672@example.com,City 3
User 14673,user14673@example.com,City 4
User 14674,user14674@example.com,City 5
User 14675,user14675@example.com,City 6
User 14676,user14676@example.com,City 7
User 14677,user14677@example.com,City 8
User 14678,user14678@example.com,City 9
User 14679,user14679@example.com,City 10
User 14680,user14680@example.com,City 1
User 14681,user14681@example.com,City 2
User 14682,user14682@example.com,City 3
User 14683,user14683@example.com,City 4
User 14684,user14684@example.com,City 5
User 14685,user14685@example.com,City 6
User 14686,user14686@example.com,City 7
User 14687,user14687@example.com,City 8
User 14688,user14688@example.com,City 9
User 14689,user14689@example.com,City 10
User 14690,user14690@example.com,City 1
User 14691,user14691@example.com,City 2
User 14692,user14692@example.com,City 3
User 14693,user14693@example.com,City 4
User 14694,user14694@example.com,City 5
User 14695,user14695@example.com,City 6
User 14696,user14696@example.com,City 7
User 14697,user14697@example.com,City 8
User 14698,user14698@example.com,City 9
User 14699,user14699@example.com,City 10
User 14700,user14700@example.com,City 1
User 14701,user14701@example.com,City 2
User 14702,user14702@example.com,City 3
User 14703,user14703@example.com,City 4
User 14704,user14704@example.com,City 5
User 14705,user14705@example.com,City 6
User 14706,user14706@example.com,City 7
User 14707,user14707@example.com,City 8
User 14708,user14708@example.com,City 9
User 14709,user14709@example.com,City 10
User 14710,user14710@example.com,City 1
User 14711,user14711@example.com,City 2
User 14712,user14712@example.com,City 3
User 14713,user14713@example.com,City 4
User 14714,user14714@example.com,City 5
User 14715,user14715@example.com,City 6
User 14716,user14716@example.com,City 7
User 14717,user14717@example.com,City 8
User 14718,user14718@example.com,City 9
User 14719,user14719@example.com,City 10
User 14720,user14720@example.com,City 1
User 14721,user14721@example.com,City 2
User 14722,user14722@example.com,City 3
User 14723,user14723@example.com,City 4
User 14724,user14724@example.com,City 5
User 14725,user14725@example.com,City 6
User 14726,user14726@example.com,City 7
User 14727,user14727@example.com,City 8
User 14728,user14728@example.com,City 9
User 14729,user14729@example.com,City 10
User 14730,user14730@example.com,City 1
User 14731,user14731@example.com,City 2
User 14732,user14732@example.com,City 3
User 14733,user14733@example.com,City 4
User 14734,user14734@example.com,City 5
User 14735,user14735@example.com,City 6
User 14736,user14736@example.com,City 7
User 14737,user14737@example.com,City 8
User 14738,user14738@example.com,City 9
User 14739,user14739@example.com,City 10
User 14740,user14740@example.com,City 1
User 14741,user14741@example.com,City 2
User 14742,user14742@example.com,City 3
User 14743,user14743@example.com,City 4
User 14744,user14744@example.com,City 5
User 14745,user14745@example.com,City 6
User 14746,user14746@example.com,City 7
User 14747,user14747@example.com,City 8
User 14748,user14748@example.com,City 9
User 14749,user14749@example.com,City 10
User 14750,user14750@example.com,City 1
User 14751,user14751@example.com,City 2
User 14752,user14752@example.com,City 3
User 14753,user14753@example.com,City 4
User 14754,user14754@example.com,City 5
User 14755,user14755@example.com,City 6
User 14756,user14756@example.com,City 7
User 14757,user14757@example.com,City 8
User 14758,user14758@example.com,City 9
User 14759,user14759@example.com,City 10
User 14760,user14760@example.com,City 1
User 14761,user14761@example.com,City 2
User 14762,user14762@example.com,City 3
User 14763,user14763@example.com,City 4
User 14764,user14764@example.com,City 5
User 14765,user14765@example.com,City 6
User 14766,user14766@example.com,City 7
User 14767,user14767@example.com,City 8
User 14768,user14768@example.com,City 9
User 14769,user14769@example.com,City 10
User 14770,user14770@example.com,City 1
User 14771,user14771@example.com,City 2
User 14772,user14772@example.com,City 3
User 14773,user14773@example.com,City 4
User 14774,user14774@example.com,City 5
User 14775,user14775@example.com,City 6
User 14776,user14776@example.com,City 7
User 14777,user14777@example.com,City 8
User 14778,user14778@example.com,City 9
User 14779,user14779@example.com,City 10
User 14780,user14780@example.com,City 1
User 14781,user14781@example.com,City 2
User 14782,user14782@example.com,City 3
User 14783,user14783@example.com,City 4
User 14784,user14784@example.com,City 5
User 14785,user14785@example.com,City 6
User 14786,user14786@example.com,City 7
User 14787,user14787@example.com,City 8
User 14788,user14788@example.com,City 9
User 14789,user14789@example.com,City 10
User 14790,user14790@example.com,City 1
User 14791,user14791@example.com,City 2
User 14792,user14792@example.com,City 3
User 14793,user14793@example.com,City 4
User 14794,user14794@example.com,City 5
User 14795,user14795@example.com,City 6
User 14796,user14796@example.com,City 7
User 14797,user14797@example.com,City 8
User 14798,user14798@example.com,City 9
User 14799,user14799@example.com,City 10
User 14800,user14800@example.com,City 1
User 14801,user14801@example.com,City 2
User 14802,user14802@example.com,City 3
User 14803,user14803@example.com,City 4
User 14804,user14804@example.com,City 5
User 14805,user14805@example.com,City 6
User 14806,user14806@example.com,City 7
User 14807,user14807@example.com,City 8
User 14808,user14808@example.com,City 9
User 14809,user14809@example.com,City 10
User 14810,user14810@example.com,City 1
User 14811,user14811@example.com,City 2
User 14812,user14812@example.com,City 3
User 14813,user14813@example.com,City 4
User 14814,user14814@example.com,City 5
User 14815,user14815@example.com,City 6
User 14816,user14816@example.com,City 7
User 14817,user14817@example.com,City 8
User 14818,user14818@example.com,City 9
User 14819,user14819@example.com,City 10
User 14820,user14820@example.com,City 1
User 14821,user14821@example.com,City 2
User 14822,user14822@example.com,City 3
User 14823,user14823@example.com,City 4
User 14824,user14824@example.com,City 5
User 14825,user14825@example.com,City 6
User 14826,user14826@example.com,City 7
User 14827,user14827@example.com,City 8
User 14828,user14828@example.com,City 9
User 14829,user14829@example.com,City 10
User 14830,user14830@example.com,City 1
User 14831,user14831@example.com,City 2
User 14832,user14832@example.com,City 3
User 14833,user14833@example.com,City 4
User 14834,user14834@example.com,City 5
User 14835,user14835@example.com,City 6
User 14836,user14836@example.com,City 7
User 14837,user14837@example.com,City 8
User 14838,user14838@example.com,City 9
User 14839,user14839@example.com,City 10
User 14840,user14840@example.com,City 1
User 14841,user14841@example.com,City 2
User 14842,user14842@example.com,City 3
User 14843,user14843@example.com,City 4
User 14844,user14844@example.com,City 5
User 14845,user14845@example.com,City 6
User 14846,user14846@example.com,City 7
User 14847,user14847@example.com,City 8
User 14848,user14848@example.com,City 9
User 14849,user14849@example.com,City 10
User 14850,user14850@example.com,City 1
User 14851,user14851@example.com,City 2
User 14852,user14852@example.com,City 3
User 14853,user14853@example.com,City 4
User 14854,user14854@example.com,City 5
User 14855,user14855@example.com,City 6
User 14856,user14856@example.com,City 7
User 14857,user14857@example.com,City 8
User 14858,user14858@example.com,City 9
User 14859,user14859@example.com,City 10
User 14860,user14860@example.com,City 1
User 14861,user14861@example.com,City 2
User 14862,user14862@example.com,City 3
User 14863,user14863@example.com,City 4
User 14864,user14864@example.com,City 5
User 14865,user14865@example.com,City 6
User 14866,user14866@example.com,City 7
User 14867,user14867@example.com,City 8
User 14868,user14868@example.com,City 9
User 14869,user14869@example.com,City 10
User 14870,user14870@example.com,City 1
User 14871,user14871@example.com,City 2
User 14872,user14872@example.com,City 3
User 14873,user14873@example.com,City 4
User 14874,user14874@example.com,City 5
User 14875,user14875@example.com,City 6
User 14876,user14876@example.com,City 7
User 14877,user14877@example.com,City 8
User 14878,user14878@example.com,City 9
User 14879,user14879@example.com,City 10
User 14880,user14880@example.com,City 1
User 14881,user14881@example.com,City 2
User 14882,user14882@example.com,City 3
User 14883,user14883@example.com,City 4
User 14884,user14884@example.com,City 5
User 14885,user14885@example.com,City 6
User 14886,user14886@example.com,City 7
User 14887,user14887@example.com,City 8
User 14888,user14888@example.com,City 9
User 14889,user14889@example.com,City 10
User 14890,user14890@example.com,City 1
User 14891,user14891@example.com,City 2
User 14892,user14892@example.com,City 3
User 14893,user14893@example.com,City 4
User 14894,user14894@example.com,City 5
User 14895,user14895@example.com,City 6
User 14896,user14896@example.com,City 7
User 14897,user14897@example.com,City 8
User 14898,user14898@example.com,City 9
User 14899,user14899@example.com,City 10
User 14900,user14900@example.com,City 1
User 14901,user14901@example.com,City 2
User 14902,user14902@example.com,City 3
User 14903,user14903@example.com,City 4
User 14904,user14904@example.com,City 5
User 14905,user14905@example.com,City 6
User 14906,user14906@example.com,City 7
User 14907,user14907@example.com,City 8
User 14908,user14908@example.com,City 9
User 14909,user14909@example.com,City 10
User 14910,user14910@example.com,City 1
User 14911,user14911@example.com,City 2
User 14912,user14912@example.com,City 3
User 14913,user14913@example.com,City 4
User 14914,user14914@example.com,City 5
User 14915,user14915@example.com,City 6
User 14916,user14916@example.com,City 7
User 14917,user14917@example.com,City 8
User 14918,user14918@example.com,City 9
User 14919,user14919@example.com,City 10
User 14920,user14920@example.com,City 1
User 14921,user14921@example.com,City 2
User 14922,user14922@example.com,City 3
User 14923,user14923@example.com,City 4
User 14924,user14924@example.com,City 5
User 14925,user14925@example.com,City 6
User 14926,user14926@example.com,City 7
User 14927,user14927@example.com,City 8
User 14928,user14928@example.com,City 9
User 14929,user14929@example.com,City 10
User 14930,user14930@example.com,City 1
User 14931,user14931@example.com,City 2
User 14932,user14932@example.com,City 3
User 14933,user14933@example.com,City 4
User 14934,user14934@example.com,City 5
User 14935,user14935@example.com,City 6
User 14936,user14936@example.com,City 7
User 14937,user14937@example.com,City 8
User 14938,user14938@example.com,City 9
User 14939,user14939@example.com,City 10
User 14940,user14940@example.com,City 1
User 14941,user14941@example.com,City 2
User 14942,user14942@example.com,City 3
User 14943,user14943@example.com,City 4
User 14944,user14944@example.com,City 5
User 14945,user14945@example.com,City 6
User 14946,user14946@example.com,City 7
User 14947,user14947@example.com,City 8
User 14948,user14948@example.com,City 9
User 14949,user14949@example.com,City 10
User 14950,user14950@example.com,City 1
User 14951,user14951@example.com,City 2
User 14952,user14952@example.com,City 3
User 14953,user14953@example.com,City 4
User 14954,user14954@example.com,City 5
User 14955,user14955@example.com,City 6
User 14956,user14956@example.com,City 7
User 14957,user14957@example.com,City 8
User 14958,user14958@example.com,City 9
User 14959,user14959@example.com,City 10
User 14960,user14960@example.com,City 1
User 14961,user14961@example.com,City 2
User 14962,user14962@example.com,City 3
User 14963,user14963@example.com,City 4
User 14964,user14964@example.com,City 5
User 14965,user14965@example.com,City 6
User 14966,user14966@example.com,City 7
User 14967,user14967@example.com,City 8
User 14968,user14968@example.com,City 9
User 14969,user14969@example.com,City 10
User 14970,user14970@example.com,City 1
User 14971,user14971@example.com,City 2
User 14972,user14972@example.com,City 3
User 14973,user14973@example.com,City 4
User 14974,user14974@example.com,City 5
User 14975,user14975@example.com,City 6
User 14976,user14976@example.com,City 7
User 14977,user14977@example.com,City 8
User 14978,user14978@example.com,City 9
User 14979,user14979@example.com,City 10
User 14980,user14980@example.com,City 1
User 14981,user14981@example.com,City 2
User 14982,user14982@example.com,City 3
User 14983,user14983@example.com,City 4
User 14984,user14984@example.com,City 5
User 14985,user14985@example.com,City 6
User 14986,user14986@example.com,City 7
User 14987,user14987@example.com,City 8
User 14988,user14988@example.com,City 9
User 14989,user14989@example.com,City 10
User 14990,user14990@example.com,City 1
User 14991,user14991@example.com,City 2
User 14992,user14992@example.com,City 3
User 14993,user14993@example.com,City 4
User 14994,user14994@example.com,City 5
User 14995,user14995@example.com,City 6
User 14996,user14996@example.com,City 7
User 14997,user14997@example.com,City 8
User 14998,user14998@example.com,City 9
User 14999,user14999@example.com,City 10
User 15000,user15000@example.com,City 1
