name,email,city
User 45001,user45001@example.com,City 2
User 45002,user45002@example.com,City 3
User 45003,user45003@example.com,City 4
User 45004,user45004@example.com,City 5
User 45005,user45005@example.com,City 6
User 45006,user45006@example.com,City 7
User 45007,user45007@example.com,City 8
User 45008,user45008@example.com,City 9
User 45009,user45009@example.com,City 10
User 45010,user45010@example.com,City 1
User 45011,user45011@example.com,City 2
User 45012,user45012@example.com,City 3
User 45013,user45013@example.com,City 4
User 45014,user45014@example.com,City 5
User 45015,user45015@example.com,City 6
User 45016,user45016@example.com,City 7
User 45017,user45017@example.com,City 8
User 45018,user45018@example.com,City 9
User 45019,user45019@example.com,City 10
User 45020,user45020@example.com,City 1
User 45021,user45021@example.com,City 2
User 45022,user45022@example.com,City 3
User 45023,user45023@example.com,City 4
User 45024,user45024@example.com,City 5
User 45025,user45025@example.com,City 6
User 45026,user45026@example.com,City 7
User 45027,user45027@example.com,City 8
User 45028,user45028@example.com,City 9
User 45029,user45029@example.com,City 10
User 45030,user45030@example.com,City 1
User 45031,user45031@example.com,City 2
User 45032,user45032@example.com,City 3
User 45033,user45033@example.com,City 4
User 45034,user45034@example.com,City 5
User 45035,user45035@example.com,City 6
User 45036,user45036@example.com,City 7
User 45037,user45037@example.com,City 8
User 45038,user45038@example.com,City 9
User 45039,user45039@example.com,City 10
User 45040,user45040@example.com,City 1
User 45041,user45041@example.com,City 2
User 45042,user45042@example.com,City 3
User 45043,user45043@example.com,City 4
User 45044,user45044@example.com,City 5
User 45045,user45045@example.com,City 6
User 45046,user45046@example.com,City 7
User 45047,user45047@example.com,City 8
User 45048,user45048@example.com,City 9
User 45049,user45049@example.com,City 10
User 45050,user45050@example.com,City 1
User 45051,user45051@example.com,City 2
User 45052,user45052@example.com,City 3
User 45053,user45053@example.com,City 4
User 45054,user45054@example.com,City 5
User 45055,user45055@example.com,City 6
User 45056,user45056@example.com,City 7
User 45057,user45057@example.com,City 8
User 45058,user45058@example.com,City 9
User 45059,user45059@example.com,City 10
User 45060,user45060@example.com,City 1
User 45061,user45061@example.com,City 2
User 45062,user45062@example.com,City 3
User 45063,user45063@example.com,City 4
User 45064,user45064@example.com,City 5
User 45065,user45065@example.com,City 6
User 45066,user45066@example.com,City 7
User 45067,user45067@example.com,City 8
User 45068,user45068@example.com,City 9
User 45069,user45069@example.com,City 10
User 45070,user45070@example.com,City 1
User 45071,user45071@example.com,City 2
User 45072,user45072@example.com,City 3
User 45073,user45073@example.com,City 4
User 45074,user45074@example.com,City 5
User 45075,user45075@example.com,City 6
User 45076,user45076@example.com,City 7
User 45077,user45077@example.com,City 8
User 45078,user45078@example.com,City 9
User 45079,user45079@example.com,City 10
User 45080,user45080@example.com,City 1
User 45081,user45081@example.com,City 2
User 45082,user45082@example.com,City 3
User 45083,user45083@example.com,City 4
User 45084,user45084@example.com,City 5
User 45085,user45085@example.com,City 6
User 45086,user45086@example.com,City 7
User 45087,user45087@example.com,City 8
User 45088,user45088@example.com,City 9
User 45089,user45089@example.com,City 10
User 45090,user45090@example.com,City 1
User 45091,user45091@example.com,City 2
User 45092,user45092@example.com,City 3
User 45093,user45093@example.com,City 4
User 45094,user45094@example.com,City 5
User 45095,user45095@example.com,City 6
User 45096,user45096@example.com,City 7
User 45097,user45097@example.com,City 8
User 45098,user45098@example.com,City 9
User 45099,user45099@example.com,City 10
User 45100,user45100@example.com,City 1
User 45101,user45101@example.com,City 2
User 45102,user45102@example.com,City 3
User 45103,user45103@example.com,City 4
User 45104,user45104@example.com,City 5
User 45105,user45105@example.com,City 6
User 45106,user45106@example.com,City 7
User 45107,user45107@example.com,City 8
User 45108,user45108@example.com,City 9
User 45109,user45109@example.com,City 10
User 45110,user45110@example.com,City 1
User 45111,user45111@example.com,City 2
User 45112,user45112@example.com,City 3
User 45113,user45113@example.com,City 4
User 45114,user45114@example.com,City 5
User 45115,user45115@example.com,City 6
User 45116,user45116@example.com,City 7
User 45117,user45117@example.com,City 8
User 45118,user45118@example.com,City 9
User 45119,user45119@example.com,City 10
User 45120,user45120@example.com,City 1
User 45121,user45121@example.com,City 2
User 45122,user45122@example.com,City 3
User 45123,user45123@example.com,City 4
User 45124,user45124@example.com,City 5
User 45125,user45125@example.com,City 6
User 45126,user45126@example.com,City 7
User 45127,user45127@example.com,City 8
User 45128,user45128@example.com,City 9
User 45129,user45129@example.com,City 10
User 45130,user45130@example.com,City 1
User 45131,user45131@example.com,City 2
User 45132,user45132@example.com,City 3
User 45133,user45133@example.com,City 4
User 45134,user45134@example.com,City 5
User 45135,user45135@example.com,City 6
User 45136,user45136@example.com,City 7
User 45137,user45137@example.com,City 8
User 45138,user45138@example.com,City 9
User 45139,user45139@example.com,City 10
User 45140,user45140@example.com,City 1
User 45141,user45141@example.com,City 2
User 45142,user45142@example.com,City 3
User 45143,user45143@example.com,City 4
User 45144,user45144@example.com,City 5
User 45145,user45145@example.com,City 6
User 45146,user45146@example.com,City 7
User 45147,user45147@example.com,City 8
User 45148,user45148@example.com,City 9
User 45149,user45149@example.com,City 10
User 45150,user45150@example.com,City 1
User 45151,user45151@example.com,City 2
User 45152,user45152@example.com,City 3
User 45153,user45153@example.com,City 4
User 45154,user45154@example.com,City 5
User 45155,user45155@example.com,City 6
User 45156,user45156@example.com,City 7
User 45157,user45157@example.com,City 8
User 45158,user45158@example.com,City 9
User 45159,user45159@example.com,City 10
User 45160,user45160@example.com,City 1
User 45161,user45161@example.com,City 2
User 45162,user45162@example.com,City 3
User 45163,user45163@example.com,City 4
User 45164,user45164@example.com,City 5
User 45165,user45165@example.com,City 6
User 45166,user45166@example.com,City 7
User 45167,user45167@example.com,City 8
User 45168,user45168@example.com,City 9
User 45169,user45169@example.com,City 10
User 45170,user45170@example.com,City 1
User 45171,user45171@example.com,City 2
User 45172,user45172@example.com,City 3
User 45173,user45173@example.com,City 4
User 45174,user45174@example.com,City 5
User 45175,user45175@example.com,City 6
User 45176,user45176@example.com,City 7
User 45177,user45177@example.com,City 8
User 45178,user45178@example.com,City 9
User 45179,user45179@example.com,City 10
User 45180,user45180@example.com,City 1
User 45181,user45181@example.com,City 2
User 45182,user45182@example.com,City 3
User 45183,user45183@example.com,City 4
User 45184,user45184@example.com,City 5
User 45185,user45185@example.com,City 6
User 45186,user45186@example.com,City 7
User 45187,user45187@example.com,City 8
User 45188,user45188@example.com,City 9
User 45189,user45189@example.com,City 10
User 45190,user45190@example.com,City 1
User 45191,user45191@example.com,City 2
User 45192,user45192@example.com,City 3
User 45193,user45193@example.com,City 4
User 45194,user45194@example.com,City 5
User 45195,user45195@example.com,City 6
User 45196,user45196@example.com,City 7
User 45197,user45197@example.com,City 8
User 45198,user45198@example.com,City 9
User 45199,user45199@example.com,City 10
User 45200,user45200@example.com,City 1
User 45201,user45201@example.com,City 2
User 45202,user45202@example.com,City 3
User 45203,user45203@example.com,City 4
User 45204,user45204@example.com,City 5
User 45205,user45205@example.com,City 6
User 45206,user45206@example.com,City 7
User 45207,user45207@example.com,City 8
User 45208,user45208@example.com,City 9
User 45209,user45209@example.com,City 10
User 45210,user45210@example.com,City 1
User 45211,user45211@example.com,City 2
User 45212,user45212@example.com,City 3
User 45213,user45213@example.com,City 4
User 45214,user45214@example.com,City 5
User 45215,user45215@example.com,City 6
User 45216,user45216@example.com,City 7
User 45217,user45217@example.com,City 8
User 45218,user45218@example.com,City 9
User 45219,user45219@example.com,City 10
User 45220,user45220@example.com,City 1
User 45221,user45221@example.com,City 2
User 45222,user45222@example.com,City 3
User 45223,user45223@example.com,City 4
User 45224,user45224@example.com,City 5
User 45225,user45225@example.com,City 6
User 45226,user45226@example.com,City 7
User 45227,user45227@example.com,City 8
User 45228,user45228@example.com,City 9
User 45229,user45229@example.com,City 10
User 45230,user45230@example.com,City 1
User 45231,user45231@example.com,City 2
User 45232,user45232@example.com,City 3
User 45233,user45233@example.com,City 4
User 45234,user45234@example.com,City 5
User 45235,user45235@example.com,City 6
User 45236,user45236@example.com,City 7
User 45237,user45237@example.com,City 8
User 45238,user45238@example.com,City 9
User 45239,user45239@example.com,City 10
User 45240,user45240@example.com,City 1
User 45241,user45241@example.com,City 2
User 45242,user45242@example.com,City 3
User 45243,user45243@example.com,City 4
User 45244,user45244@example.com,City 5
User 45245,user45245@example.com,City 6
User 45246,user45246@example.com,City 7
User 45247,user45247@example.com,City 8
User 45248,user45248@example.com,City 9
User 45249,user45249@example.com,City 10
User 45250,user45250@example.com,City 1
User 45251,user45251@example.com,City 2
User 45252,user45252@example.com,City 3
User 45253,user45253@example.com,City 4
User 45254,user45254@example.com,City 5
User 45255,user45255@example.com,City 6
User 45256,user45256@example.com,City 7
User 45257,user45257@example.com,City 8
User 45258,user45258@example.com,City 9
User 45259,user45259@example.com,City 10
User 45260,user45260@example.com,City 1
User 45261,user45261@example.com,City 2
User 45262,user45262@example.com,City 3
User 45263,user45263@example.com,City 4
User 45264,user45264@example.com,City 5
User 45265,user45265@example.com,City 6
User 45266,user45266@example.com,City 7
User 45267,user45267@example.com,City 8
User 45268,user45268@example.com,City 9
User 45269,user45269@example.com,City 10
User 45270,user45270@example.com,City 1
User 45271,user45271@example.com,City 2
User 45272,user45272@example.com,City 3
User 45273,user45273@example.com,City 4
User 45274,user45274@example.com,City 5
User 45275,user45275@example.com,City 6
User 45276,user45276@example.com,City 7
User 45277,user45277@example.com,City 8
User 45278,user45278@example.com,City 9
User 45279,user45279@example.com,City 10
User 45280,user45280@example.com,City 1
User 45281,user45281@example.com,City 2
User 45282,user45282@example.com,City 3
User 45283,user45283@example.com,City 4
User 45284,user45284@example.com,City 5
User 45285,user45285@example.com,City 6
User 45286,user45286@example.com,City 7
User 45287,user45287@example.com,City 8
User 45288,user45288@example.com,City 9
User 45289,user45289@example.com,City 10
User 45290,user45290@example.com,City 1
User 45291,user45291@example.com,City 2
User 45292,user45292@example.com,City 3
User 45293,user45293@example.com,City 4
User 45294,user45294@example.com,City 5
User 45295,user45295@example.com,City 6
User 45296,user45296@example.com,City 7
User 45297,user45297@example.com,City 8
User 45298,user45298@example.com,City 9
User 45299,user45299@example.com,City 10
User 45300,user45300@example.com,City 1
User 45301,user45301@example.com,City 2
User 45302,user45302@example.com,City 3
User 45303,user45303@example.com,City 4
User 45304,user45304@example.com,City 5
User 45305,user45305@example.com,City 6
User 45306,user45306@example.com,City 7
User 45307,user45307@example.com,City 8
User 45308,user45308@example.com,City 9
User 45309,user45309@example.com,City 10
User 45310,user45310@example.com,City 1
User 45311,user45311@example.com,City 2
User 45312,user45312@example.com,City 3
User 45313,user45313@example.com,City 4
User 45314,user45314@example.com,City 5
User 45315,user45315@example.com,City 6
User 45316,user45316@example.com,City 7
User 45317,user45317@example.com,City 8
User 45318,user45318@example.com,City 9
User 45319,user45319@example.com,City 10
User 45320,user45320@example.com,City 1
User 45321,user45321@example.com,City 2
User 45322,user45322@example.com,City 3
User 45323,user45323@example.com,City 4
User 45324,user45324@example.com,City 5
User 45325,user45325@example.com,City 6
User 45326,user45326@example.com,City 7
User 45327,user45327@example.com,City 8
User 45328,user45328@example.com,City 9
User 45329,user45329@example.com,City 10
User 45330,user45330@example.com,City 1
User 45331,user45331@example.com,City 2
User 45332,user45332@example.com,City 3
User 45333,user45333@example.com,City 4
User 45334,user45334@example.com,City 5
User 45335,user45335@example.com,City 6
User 45336,user45336@example.com,City 7
User 45337,user45337@example.com,City 8
User 45338,user45338@example.com,City 9
User 45339,user45339@example.com,City 10
User 45340,user45340@example.com,City 1
User 45341,user45341@example.com,City 2
User 45342,user45342@example.com,City 3
User 45343,user45343@example.com,City 4
User 45344,user45344@example.com,City 5
User 45345,user45345@example.com,City 6
User 45346,user45346@example.com,City 7
User 45347,user45347@example.com,City 8
User 45348,user45348@example.com,City 9
User 45349,user45349@example.com,City 10
User 45350,user45350@example.com,City 1
User 45351,user45351@example.com,City 2
User 45352,user45352@example.com,City 3
User 45353,user45353@example.com,City 4
User 45354,user45354@example.com,City 5
User 45355,user45355@example.com,City 6
User 45356,user45356@example.com,City 7
User 45357,user45357@example.com,City 8
User 45358,user45358@example.com,City 9
User 45359,user45359@example.com,City 10
User 45360,user45360@example.com,City 1
User 45361,user45361@example.com,City 2
User 45362,user45362@example.com,City 3
User 45363,user45363@example.com,City 4
User 45364,user45364@example.com,City 5
User 45365,user45365@example.com,City 6
User 45366,user45366@example.com,City 7
User 45367,user45367@example.com,City 8
User 45368,user45368@example.com,City 9
User 45369,user45369@example.com,City 10
User 45370,user45370@example.com,City 1
User 45371,user45371@example.com,City 2
User 45372,user45372@example.com,City 3
User 45373,user45373@example.com,City 4
User 45374,user45374@example.com,City 5
User 45375,user45375@example.com,City 6
User 45376,user45376@example.com,City 7
User 45377,user45377@example.com,City 8
User 45378,user45378@example.com,City 9
User 45379,user45379@example.com,City 10
User 45380,user45380@example.com,City 1
User 45381,user45381@example.com,City 2
User 45382,user45382@example.com,City 3
User 45383,user45383@example.com,City 4
User 45384,user45384@example.com,City 5
User 45385,user45385@example.com,City 6
User 45386,user45386@example.com,City 7
User 45387,user45387@example.com,City 8
User 45388,user45388@example.com,City 9
User 45389,user45389@example.com,City 10
User 45390,user45390@example.com,City 1
User 45391,user45391@example.com,City 2
User 45392,user45392@example.com,City 3
User 45393,user45393@example.com,City 4
User 45394,user45394@example.com,City 5
User 45395,user45395@example.com,City 6
User 45396,user45396@example.com,City 7
User 45397,user45397@example.com,City 8
User 45398,user45398@example.com,City 9
User 45399,user45399@example.com,City 10
User 45400,user45400@example.com,City 1
User 45401,user45401@example.com,City 2
User 45402,user45402@example.com,City 3
User 45403,user45403@example.com,City 4
User 45404,user45404@example.com,City 5
User 45405,user45405@example.com,City 6
User 45406,user45406@example.com,City 7
User 45407,user45407@example.com,City 8
User 45408,user45408@example.com,City 9
User 45409,user45409@example.com,City 10
User 45410,user45410@example.com,City 1
User 45411,user45411@example.com,City 2
User 45412,user45412@example.com,City 3
User 45413,user45413@example.com,City 4
User 45414,user45414@example.com,City 5
User 45415,user45415@example.com,City 6
User 45416,user45416@example.com,City 7
User 45417,user45417@example.com,City 8
User 45418,user45418@example.com,City 9
User 45419,user45419@example.com,City 10
User 45420,user45420@example.com,City 1
User 45421,user45421@example.com,City 2
User 45422,user45422@example.com,City 3
User 45423,user45423@example.com,City 4
User 45424,user45424@example.com,City 5
User 45425,user45425@example.com,City 6
User 45426,user45426@example.com,City 7
User 45427,user45427@example.com,City 8
User 45428,user45428@example.com,City 9
User 45429,user45429@example.com,City 10
User 45430,user45430@example.com,City 1
User 45431,user45431@example.com,City 2
User 45432,user45432@example.com,City 3
User 45433,user45433@example.com,City 4
User 45434,user45434@example.com,City 5
User 45435,user45435@example.com,City 6
User 45436,user45436@example.com,City 7
User 45437,user45437@example.com,City 8
User 45438,user45438@example.com,City 9
User 45439,user45439@example.com,City 10
User 45440,user45440@example.com,City 1
User 45441,user45441@example.com,City 2
User 45442,user45442@example.com,City 3
User 45443,user45443@example.com,City 4
User 45444,user45444@example.com,City 5
User 45445,user45445@example.com,City 6
User 45446,user45446@example.com,City 7
User 45447,user45447@example.com,City 8
User 45448,user45448@example.com,City 9
User 45449,user45449@example.com,City 10
User 45450,user45450@example.com,City 1
User 45451,user45451@example.com,City 2
User 45452,user45452@example.com,City 3
User 45453,user45453@example.com,City 4
User 45454,user45454@example.com,City 5
User 45455,user45455@example.com,City 6
User 45456,user45456@example.com,City 7
User 45457,user45457@example.com,City 8
User 45458,user45458@example.com,City 9
User 45459,user45459@example.com,City 10
User 45460,user45460@example.com,City 1
User 45461,user45461@example.com,City 2
User 45462,user45462@example.com,City 3
User 45463,user45463@example.com,City 4
User 45464,user45464@example.com,City 5
User 45465,user45465@example.com,City 6
User 45466,user45466@example.com,City 7
User 45467,user45467@example.com,City 8
User 45468,user45468@example.com,City 9
User 45469,user45469@example.com,City 10
User 45470,user45470@example.com,City 1
User 45471,user45471@example.com,City 2
User 45472,user45472@example.com,City 3
User 45473,user45473@example.com,City 4
User 45474,user45474@example.com,City 5
User 45475,user45475@example.com,City 6
User 45476,user45476@example.com,City 7
User 45477,user45477@example.com,City 8
User 45478,user45478@example.com,City 9
User 45479,user45479@example.com,City 10
User 45480,user45480@example.com,City 1
User 45481,user45481@example.com,City 2
User 45482,user45482@example.com,City 3
User 45483,user45483@example.com,City 4
User 45484,user45484@example.com,City 5
User 45485,user45485@example.com,City 6
User 45486,user45486@example.com,City 7
User 45487,user45487@example.com,City 8
User 45488,user45488@example.com,City 9
User 45489,user45489@example.com,City 10
User 45490,user45490@example.com,City 1
User 45491,user45491@example.com,City 2
User 45492,user45492@example.com,City 3
User 45493,user45493@example.com,City 4
User 45494,user45494@example.com,City 5
User 45495,user45495@example.com,City 6
User 45496,user45496@example.com,City 7
User 45497,user45497@example.com,City 8
User 45498,user45498@example.com,City 9
User 45499,user45499@example.com,City 10
User 45500,user45500@example.com,City 1
User 45501,user45501@example.com,City 2
User 45502,user45502@example.com,City 3
User 45503,user45503@example.com,City 4
User 45504,user45504@example.com,City 5
User 45505,user45505@example.com,City 6
User 45506,user45506@example.com,City 7
User 45507,user45507@example.com,City 8
User 45508,user45508@example.com,City 9
User 45509,user45509@example.com,City 10
User 45510,user45510@example.com,City 1
User 45511,user45511@example.com,City 2
User 45512,user45512@example.com,City 3
User 45513,user45513@example.com,City 4
User 45514,user45514@example.com,City 5
User 45515,user45515@example.com,City 6
User 45516,user45516@example.com,City 7
User 45517,user45517@example.com,City 8
User 45518,user45518@example.com,City 9
User 45519,user45519@example.com,City 10
User 45520,user45520@example.com,City 1
User 45521,user45521@example.com,City 2
User 45522,user45522@example.com,City 3
User 45523,user45523@example.com,City 4
User 45524,user45524@example.com,City 5
User 45525,user45525@example.com,City 6
User 45526,user45526@example.com,City 7
User 45527,user45527@example.com,City 8
User 45528,user45528@example.com,City 9
User 45529,user45529@example.com,City 10
User 45530,user45530@example.com,City 1
User 45531,user45531@example.com,City 2
User 45532,user45532@example.com,City 3
User 45533,user45533@example.com,City 4
User 45534,user45534@example.com,City 5
User 45535,user45535@example.com,City 6
User 45536,user45536@example.com,City 7
User 45537,user45537@example.com,City 8
User 45538,user45538@example.com,City 9
User 45539,user45539@example.com,City 10
User 45540,user45540@example.com,City 1
User 45541,user45541@example.com,City 2
User 45542,user45542@example.com,City 3
User 45543,user45543@example.com,City 4
User 45544,user45544@example.com,City 5
User 45545,user45545@example.com,City 6
User 45546,user45546@example.com,City 7
User 45547,user45547@example.com,City 8
User 45548,user45548@example.com,City 9
User 45549,user45549@example.com,City 10
User 45550,user45550@example.com,City 1
User 45551,user45551@example.com,City 2
User 45552,user45552@example.com,City 3
User 45553,user45553@example.com,City 4
User 45554,user45554@example.com,City 5
User 45555,user45555@example.com,City 6
User 45556,user45556@example.com,City 7
User 45557,user45557@example.com,City 8
User 45558,user45558@example.com,City 9
User 45559,user45559@example.com,City 10
User 45560,user45560@example.com,City 1
User 45561,user45561@example.com,City 2
User 45562,user45562@example.com,City 3
User 45563,user45563@example.com,City 4
User 45564,user45564@example.com,City 5
User 45565,user45565@example.com,City 6
User 45566,user45566@example.com,City 7
User 45567,user45567@example.com,City 8
User 45568,user45568@example.com,City 9
User 45569,user45569@example.com,City 10
User 45570,user45570@example.com,City 1
User 45571,user45571@example.com,City 2
User 45572,user45572@example.com,City 3
User 45573,user45573@example.com,City 4
User 45574,user45574@example.com,City 5
User 45575,user45575@example.com,City 6
User 45576,user45576@example.com,City 7
User 45577,user45577@example.com,City 8
User 45578,user45578@example.com,City 9
User 45579,user45579@example.com,City 10
User 45580,user45580@example.com,City 1
User 45581,user45581@example.com,City 2
User 45582,user45582@example.com,City 3
User 45583,user45583@example.com,City 4
User 45584,user45584@example.com,City 5
User 45585,user45585@example.com,City 6
User 45586,user45586@example.com,City 7
User 45587,user45587@example.com,City 8
User 45588,user45588@example.com,City 9
User 45589,user45589@example.com,City 10
User 45590,user45590@example.com,City 1
User 45591,user45591@example.com,City 2
User 45592,user45592@example.com,City 3
User 45593,user45593@example.com,City 4
User 45594,user45594@example.com,City 5
User 45595,user45595@example.com,City 6
User 45596,user45596@example.com,City 7
User 45597,user45597@example.com,City 8
User 45598,user45598@example.com,City 9
User 45599,user45599@example.com,City 10
User 45600,user45600@example.com,City 1
User 45601,user45601@example.com,City 2
User 45602,user45602@example.com,City 3
User 45603,user45603@example.com,City 4
User 45604,user45604@example.com,City 5
User 45605,user45605@example.com,City 6
User 45606,user45606@example.com,City 7
User 45607,user45607@example.com,City 8
User 45608,user45608@example.com,City 9
User 45609,user45609@example.com,City 10
User 45610,user45610@example.com,City 1
User 45611,user45611@example.com,City 2
User 45612,user45612@example.com,City 3
User 45613,user45613@example.com,City 4
User 45614,user45614@example.com,City 5
User 45615,user45615@example.com,City 6
User 45616,user45616@example.com,City 7
User 45617,user45617@example.com,City 8
User 45618,user45618@example.com,City 9
User 45619,user45619@example.com,City 10
User 45620,user45620@example.com,City 1
User 45621,user45621@example.com,City 2
User 45622,user45622@example.com,City 3
User 45623,user45623@example.com,City 4
User 45624,user45624@example.com,City 5
User 45625,user45625@example.com,City 6
User 45626,user45626@example.com,City 7
User 45627,user45627@example.com,City 8
User 45628,user45628@example.com,City 9
User 45629,user45629@example.com,City 10
User 45630,user45630@example.com,City 1
User 45631,user45631@example.com,City 2
User 45632,user45632@example.com,City 3
User 45633,user45633@example.com,City 4
User 45634,user45634@example.com,City 5
User 45635,user45635@example.com,City 6
User 45636,user45636@example.com,City 7
User 45637,user45637@example.com,City 8
User 45638,user45638@example.com,City 9
User 45639,user45639@example.com,City 10
User 45640,user45640@example.com,City 1
User 45641,user45641@example.com,City 2
User 45642,user45642@example.com,City 3
User 45643,user45643@example.com,City 4
User 45644,user45644@example.com,City 5
User 45645,user45645@example.com,City 6
User 45646,user45646@example.com,City 7
User 45647,user45647@example.com,City 8
User 45648,user45648@example.com,City 9
User 45649,user45649@example.com,City 10
User 45650,user45650@example.com,City 1
User 45651,user45651@example.com,City 2
User 45652,user45652@example.com,City 3
User 45653,user45653@example.com,City 4
User 45654,user45654@example.com,City 5
User 45655,user45655@example.com,City 6
User 45656,user45656@example.com,City 7
User 45657,user45657@example.com,City 8
User 45658,user45658@example.com,City 9
User 45659,user45659@example.com,City 10
User 45660,user45660@example.com,City 1
User 45661,user45661@example.com,City 2
User 45662,user45662@example.com,City 3
User 45663,user45663@example.com,City 4
User 45664,user45664@example.com,City 5
User 45665,user45665@example.com,City 6
User 45666,user45666@example.com,City 7
User 45667,user45667@example.com,City 8
User 45668,user45668@example.com,City 9
User 45669,user45669@example.com,City 10
User 45670,user45670@example.com,City 1
User 45671,user45671@example.com,City 2
User 45672,user45672@example.com,City 3
User 45673,user45673@example.com,City 4
User 45674,user45674@example.com,City 5
User 45675,user45675@example.com,City 6
User 45676,user45676@example.com,City 7
User 45677,user45677@example.com,City 8
User 45678,user45678@example.com,City 9
User 45679,user45679@example.com,City 10
User 45680,user45680@example.com,City 1
User 45681,user45681@example.com,City 2
User 45682,user45682@example.com,City 3
User 45683,user45683@example.com,City 4
User 45684,user45684@example.com,City 5
User 45685,user45685@example.com,City 6
User 45686,user45686@example.com,City 7
User 45687,user45687@example.com,City 8
User 45688,user45688@example.com,City 9
User 45689,user45689@example.com,City 10
User 45690,user45690@example.com,City 1
User 45691,user45691@example.com,City 2
User 45692,user45692@example.com,City 3
User 45693,user45693@example.com,City 4
User 45694,user45694@example.com,City 5
User 45695,user45695@example.com,City 6
User 45696,user45696@example.com,City 7
User 45697,user45697@example.com,City 8
User 45698,user45698@example.com,City 9
User 45699,user45699@example.com,City 10
User 45700,user45700@example.com,City 1
User 45701,user45701@example.com,City 2
User 45702,user45702@example.com,City 3
User 45703,user45703@example.com,City 4
User 45704,user45704@example.com,City 5
User 45705,user45705@example.com,City 6
User 45706,user45706@example.com,City 7
User 45707,user45707@example.com,City 8
User 45708,user45708@example.com,City 9
User 45709,user45709@example.com,City 10
User 45710,user45710@example.com,City 1
User 45711,user45711@example.com,City 2
User 45712,user45712@example.com,City 3
User 45713,user45713@example.com,City 4
User 45714,user45714@example.com,City 5
User 45715,user45715@example.com,City 6
User 45716,user45716@example.com,City 7
User 45717,user45717@example.com,City 8
User 45718,user45718@example.com,City 9
User 45719,user45719@example.com,City 10
User 45720,user45720@example.com,City 1
User 45721,user45721@example.com,City 2
User 45722,user45722@example.com,City 3
User 45723,user45723@example.com,City 4
User 45724,user45724@example.com,City 5
User 45725,user45725@example.com,City 6
User 45726,user45726@example.com,City 7
User 45727,user45727@example.com,City 8
User 45728,user45728@example.com,City 9
User 45729,user45729@example.com,City 10
User 45730,user45730@example.com,City 1
User 45731,user45731@example.com,City 2
User 45732,user45732@example.com,City 3
User 45733,user45733@example.com,City 4
User 45734,user45734@example.com,City 5
User 45735,user45735@example.com,City 6
User 45736,user45736@example.com,City 7
User 45737,user45737@example.com,City 8
User 45738,user45738@example.com,City 9
User 45739,user45739@example.com,City 10
User 45740,user45740@example.com,City 1
User 45741,user45741@example.com,City 2
User 45742,user45742@example.com,City 3
User 45743,user45743@example.com,City 4
User 45744,user45744@example.com,City 5
User 45745,user45745@example.com,City 6
User 45746,user45746@example.com,City 7
User 45747,user45747@example.com,City 8
User 45748,user45748@example.com,City 9
User 45749,user45749@example.com,City 10
User 45750,user45750@example.com,City 1
User 45751,user45751@example.com,City 2
User 45752,user45752@example.com,City 3
User 45753,user45753@example.com,City 4
User 45754,user45754@example.com,City 5
User 45755,user45755@example.com,City 6
User 45756,user45756@example.com,City 7
User 45757,user45757@example.com,City 8
User 45758,user45758@example.com,City 9
User 45759,user45759@example.com,City 10
User 45760,user45760@example.com,City 1
User 45761,user45761@example.com,City 2
User 45762,user45762@example.com,City 3
User 45763,user45763@example.com,City 4
User 45764,user45764@example.com,City 5
User 45765,user45765@example.com,City 6
User 45766,user45766@example.com,City 7
User 45767,user45767@example.com,City 8
User 45768,user45768@example.com,City 9
User 45769,user45769@example.com,City 10
User 45770,user45770@example.com,City 1
User 45771,user45771@example.com,City 2
User 45772,user45772@example.com,City 3
User 45773,user45773@example.com,City 4
User 45774,user45774@example.com,City 5
User 45775,user45775@example.com,City 6
User 45776,user45776@example.com,City 7
User 45777,user45777@example.com,City 8
User 45778,user45778@example.com,City 9
User 45779,user45779@example.com,City 10
User 45780,user45780@example.com,City 1
User 45781,user45781@example.com,City 2
User 45782,user45782@example.com,City 3
User 45783,user45783@example.com,City 4
User 45784,user45784@example.com,City 5
User 45785,user45785@example.com,City 6
User 45786,user45786@example.com,City 7
User 45787,user45787@example.com,City 8
User 45788,user45788@example.com,City 9
User 45789,user45789@example.com,City 10
User 45790,user45790@example.com,City 1
User 45791,user45791@example.com,City 2
User 45792,user45792@example.com,City 3
User 45793,user45793@example.com,City 4
User 45794,user45794@example.com,City 5
User 45795,user45795@example.com,City 6
User 45796,user45796@example.com,City 7
User 45797,user45797@example.com,City 8
User 45798,user45798@example.com,City 9
User 45799,user45799@example.com,City 10
User 45800,user45800@example.com,City 1
User 45801,user45801@example.com,City 2
User 45802,user45802@example.com,City 3
User 45803,user45803@example.com,City 4
User 45804,user45804@example.com,City 5
User 45805,user45805@example.com,City 6
User 45806,user45806@example.com,City 7
User 45807,user45807@example.com,City 8
User 45808,user45808@example.com,City 9
User 45809,user45809@example.com,City 10
User 45810,user45810@example.com,City 1
User 45811,user45811@example.com,City 2
User 45812,user45812@example.com,City 3
User 45813,user45813@example.com,City 4
User 45814,user45814@example.com,City 5
User 45815,user45815@example.com,City 6
User 45816,user45816@example.com,City 7
User 45817,user45817@example.com,City 8
User 45818,user45818@example.com,City 9
User 45819,user45819@example.com,City 10
User 45820,user45820@example.com,City 1
User 45821,user45821@example.com,City 2
User 45822,user45822@example.com,City 3
User 45823,user45823@example.com,City 4
User 45824,user45824@example.com,City 5
User 45825,user45825@example.com,City 6
User 45826,user45826@example.com,City 7
User 45827,user45827@example.com,City 8
User 45828,user45828@example.com,City 9
User 45829,user45829@example.com,City 10
User 45830,user45830@example.com,City 1
User 45831,user45831@example.com,City 2
User 45832,user45832@example.com,City 3
User 45833,user45833@example.com,City 4
User 45834,user45834@example.com,City 5
User 45835,user45835@example.com,City 6
User 45836,user45836@example.com,City 7
User 45837,user45837@example.com,City 8
User 45838,user45838@example.com,City 9
User 45839,user45839@example.com,City 10
User 45840,user45840@example.com,City 1
User 45841,user45841@example.com,City 2
User 45842,user45842@example.com,City 3
User 45843,user45843@example.com,City 4
User 45844,user45844@example.com,City 5
User 45845,user45845@example.com,City 6
User 45846,user45846@example.com,City 7
User 45847,user45847@example.com,City 8
User 45848,user45848@example.com,City 9
User 45849,user45849@example.com,City 10
User 45850,user45850@example.com,City 1
User 45851,user45851@example.com,City 2
User 45852,user45852@example.com,City 3
User 45853,user45853@example.com,City 4
User 45854,user45854@example.com,City 5
User 45855,user45855@example.com,City 6
User 45856,user45856@example.com,City 7
User 45857,user45857@example.com,City 8
User 45858,user45858@example.com,City 9
User 45859,user45859@example.com,City 10
User 45860,user45860@example.com,City 1
User 45861,user45861@example.com,City 2
User 45862,user45862@example.com,City 3
User 45863,user45863@example.com,City 4
User 45864,user45864@example.com,City 5
User 45865,user45865@example.com,City 6
User 45866,user45866@example.com,City 7
User 45867,user45867@example.com,City 8
User 45868,user45868@example.com,City 9
User 45869,user45869@example.com,City 10
User 45870,user45870@example.com,City 1
User 45871,user45871@example.com,City 2
User 45872,user45872@example.com,City 3
User 45873,user45873@example.com,City 4
User 45874,user45874@example.com,City 5
User 45875,user45875@example.com,City 6
User 45876,user45876@example.com,City 7
User 45877,user45877@example.com,City 8
User 45878,user45878@example.com,City 9
User 45879,user45879@example.com,City 10
User 45880,user45880@example.com,City 1
User 45881,user45881@example.com,City 2
User 45882,user45882@example.com,City 3
User 45883,user45883@example.com,City 4
User 45884,user45884@example.com,City 5
User 45885,user45885@example.com,City 6
User 45886,user45886@example.com,City 7
User 45887,user45887@example.com,City 8
User 45888,user45888@example.com,City 9
User 45889,user45889@example.com,City 10
User 45890,user45890@example.com,City 1
User 45891,user45891@example.com,City 2
User 45892,user45892@example.com,City 3
User 45893,user45893@example.com,City 4
User 45894,user45894@example.com,City 5
User 45895,user45895@example.com,City 6
User 45896,user45896@example.com,City 7
User 45897,user45897@example.com,City 8
User 45898,user45898@example.com,City 9
User 45899,user45899@example.com,City 10
User 45900,user45900@example.com,City 1
User 45901,user45901@example.com,City 2
User 45902,user45902@example.com,City 3
User 45903,user45903@example.com,City 4
User 45904,user45904@example.com,City 5
User 45905,user45905@example.com,City 6
User 45906,user45906@example.com,City 7
User 45907,user45907@example.com,City 8
User 45908,user45908@example.com,City 9
User 45909,user45909@example.com,City 10
User 45910,user45910@example.com,City 1
User 45911,user45911@example.com,City 2
User 45912,user45912@example.com,City 3
User 45913,user45913@example.com,City 4
User 45914,user45914@example.com,City 5
User 45915,user45915@example.com,City 6
User 45916,user45916@example.com,City 7
User 45917,user45917@example.com,City 8
User 45918,user45918@example.com,City 9
User 45919,user45919@example.com,City 10
User 45920,user45920@example.com,City 1
User 45921,user45921@example.com,City 2
User 45922,user45922@example.com,City 3
User 45923,user45923@example.com,City 4
User 45924,user45924@example.com,City 5
User 45925,user45925@example.com,City 6
User 45926,user45926@example.com,City 7
User 45927,user45927@example.com,City 8
User 45928,user45928@example.com,City 9
User 45929,user45929@example.com,City 10
User 45930,user45930@example.com,City 1
User 45931,user45931@example.com,City 2
User 45932,user45932@example.com,City 3
User 45933,user45933@example.com,City 4
User 45934,user45934@example.com,City 5
User 45935,user45935@example.com,City 6
User 45936,user45936@example.com,City 7
User 45937,user45937@example.com,City 8
User 45938,user45938@example.com,City 9
User 45939,user45939@example.com,City 10
User 45940,user45940@example.com,City 1
User 45941,user45941@example.com,City 2
User 45942,user45942@example.com,City 3
User 45943,user45943@example.com,City 4
User 45944,user45944@example.com,City 5
User 45945,user45945@example.com,City 6
User 45946,user45946@example.com,City 7
User 45947,user45947@example.com,City 8
User 45948,user45948@example.com,City 9
User 45949,user45949@example.com,City 10
User 45950,user45950@example.com,City 1
User 45951,user45951@example.com,City 2
User 45952,user45952@example.com,City 3
User 45953,user45953@example.com,City 4
User 45954,user45954@example.com,City 5
User 45955,user45955@example.com,City 6
User 45956,user45956@example.com,City 7
User 45957,user45957@example.com,City 8
User 45958,user45958@example.com,City 9
User 45959,user45959@example.com,City 10
User 45960,user45960@example.com,City 1
User 45961,user45961@example.com,City 2
User 45962,user45962@example.com,City 3
User 45963,user45963@example.com,City 4
User 45964,user45964@example.com,City 5
User 45965,user45965@example.com,City 6
User 45966,user45966@example.com,City 7
User 45967,user45967@example.com,City 8
User 45968,user45968@example.com,City 9
User 45969,user45969@example.com,City 10
User 45970,user45970@example.com,City 1
User 45971,user45971@example.com,City 2
User 45972,user45972@example.com,City 3
User 45973,user45973@example.com,City 4
User 45974,user45974@example.com,City 5
User 45975,user45975@example.com,City 6
User 45976,user45976@example.com,City 7
User 45977,user45977@example.com,City 8
User 45978,user45978@example.com,City 9
User 45979,user45979@example.com,City 10
User 45980,user45980@example.com,City 1
User 45981,user45981@example.com,City 2
User 45982,user45982@example.com,City 3
User 45983,user45983@example.com,City 4
User 45984,user45984@example.com,City 5
User 45985,user45985@example.com,City 6
User 45986,user45986@example.com,City 7
User 45987,user45987@example.com,City 8
User 45988,user45988@example.com,City 9
User 45989,user45989@example.com,City 10
User 45990,user45990@example.com,City 1
User 45991,user45991@example.com,City 2
User 45992,user45992@example.com,City 3
User 45993,user45993@example.com,City 4
User 45994,user45994@example.com,City 5
User 45995,user45995@example.com,City 6
User 45996,user45996@example.com,City 7
User 45997,user45997@example.com,City 8
User 45998,user45998@example.com,City 9
User 45999,user45999@example.com,City 10
User 46000,user46000@example.com,City 1
User 46001,user46001@example.com,City 2
User 46002,user46002@example.com,City 3
User 46003,user46003@example.com,City 4
User 46004,user46004@example.com,City 5
User 46005,user46005@example.com,City 6
User 46006,user46006@example.com,City 7
User 46007,user46007@example.com,City 8
User 46008,user46008@example.com,City 9
User 46009,user46009@example.com,City 10
User 46010,user46010@example.com,City 1
User 46011,user46011@example.com,City 2
User 46012,user46012@example.com,City 3
User 46013,user46013@example.com,City 4
User 46014,user46014@example.com,City 5
User 46015,user46015@example.com,City 6
User 46016,user46016@example.com,City 7
User 46017,user46017@example.com,City 8
User 46018,user46018@example.com,City 9
User 46019,user46019@example.com,City 10
User 46020,user46020@example.com,City 1
User 46021,user46021@example.com,City 2
User 46022,user46022@example.com,City 3
User 46023,user46023@example.com,City 4
User 46024,user46024@example.com,City 5
User 46025,user46025@example.com,City 6
User 46026,user46026@example.com,City 7
User 46027,user46027@example.com,City 8
User 46028,user46028@example.com,City 9
User 46029,user46029@example.com,City 10
User 46030,user46030@example.com,City 1
User 46031,user46031@example.com,City 2
User 46032,user46032@example.com,City 3
User 46033,user46033@example.com,City 4
User 46034,user46034@example.com,City 5
User 46035,user46035@example.com,City 6
User 46036,user46036@example.com,City 7
User 46037,user46037@example.com,City 8
User 46038,user46038@example.com,City 9
User 46039,user46039@example.com,City 10
User 46040,user46040@example.com,City 1
User 46041,user46041@example.com,City 2
User 46042,user46042@example.com,City 3
User 46043,user46043@example.com,City 4
User 46044,user46044@example.com,City 5
User 46045,user46045@example.com,City 6
User 46046,user46046@example.com,City 7
User 46047,user46047@example.com,City 8
User 46048,user46048@example.com,City 9
User 46049,user46049@example.com,City 10
User 46050,user46050@example.com,City 1
User 46051,user46051@example.com,City 2
User 46052,user46052@example.com,City 3
User 46053,user46053@example.com,City 4
User 46054,user46054@example.com,City 5
User 46055,user46055@example.com,City 6
User 46056,user46056@example.com,City 7
User 46057,user46057@example.com,City 8
User 46058,user46058@example.com,City 9
User 46059,user46059@example.com,City 10
User 46060,user46060@example.com,City 1
User 46061,user46061@example.com,City 2
User 46062,user46062@example.com,City 3
User 46063,user46063@example.com,City 4
User 46064,user46064@example.com,City 5
User 46065,user46065@example.com,City 6
User 46066,user46066@example.com,City 7
User 46067,user46067@example.com,City 8
User 46068,user46068@example.com,City 9
User 46069,user46069@example.com,City 10
User 46070,user46070@example.com,City 1
User 46071,user46071@example.com,City 2
User 46072,user46072@example.com,City 3
User 46073,user46073@example.com,City 4
User 46074,user46074@example.com,City 5
User 46075,user46075@example.com,City 6
User 46076,user46076@example.com,City 7
User 46077,user46077@example.com,City 8
User 46078,user46078@example.com,City 9
User 46079,user46079@example.com,City 10
User 46080,user46080@example.com,City 1
User 46081,user46081@example.com,City 2
User 46082,user46082@example.com,City 3
User 46083,user46083@example.com,City 4
User 46084,user46084@example.com,City 5
User 46085,user46085@example.com,City 6
User 46086,user46086@example.com,City 7
User 46087,user46087@example.com,City 8
User 46088,user46088@example.com,City 9
User 46089,user46089@example.com,City 10
User 46090,user46090@example.com,City 1
User 46091,user46091@example.com,City 2
User 46092,user46092@example.com,City 3
User 46093,user46093@example.com,City 4
User 46094,user46094@example.com,City 5
User 46095,user46095@example.com,City 6
User 46096,user46096@example.com,City 7
User 46097,user46097@example.com,City 8
User 46098,user46098@example.com,City 9
User 46099,user46099@example.com,City 10
User 46100,user46100@example.com,City 1
User 46101,user46101@example.com,City 2
User 46102,user46102@example.com,City 3
User 46103,user46103@example.com,City 4
User 46104,user46104@example.com,City 5
User 46105,user46105@example.com,City 6
User 46106,user46106@example.com,City 7
User 46107,user46107@example.com,City 8
User 46108,user46108@example.com,City 9
User 46109,user46109@example.com,City 10
User 46110,user46110@example.com,City 1
User 46111,user46111@example.com,City 2
User 46112,user46112@example.com,City 3
User 46113,user46113@example.com,City 4
User 46114,user46114@example.com,City 5
User 46115,user46115@example.com,City 6
User 46116,user46116@example.com,City 7
User 46117,user46117@example.com,City 8
User 46118,user46118@example.com,City 9
User 46119,user46119@example.com,City 10
User 46120,user46120@example.com,City 1
User 46121,user46121@example.com,City 2
User 46122,user46122@example.com,City 3
User 46123,user46123@example.com,City 4
User 46124,user46124@example.com,City 5
User 46125,user46125@example.com,City 6
User 46126,user46126@example.com,City 7
User 46127,user46127@example.com,City 8
User 46128,user46128@example.com,City 9
User 46129,user46129@example.com,City 10
User 46130,user46130@example.com,City 1
User 46131,user46131@example.com,City 2
User 46132,user46132@example.com,City 3
User 46133,user46133@example.com,City 4
User 46134,user46134@example.com,City 5
User 46135,user46135@example.com,City 6
User 46136,user46136@example.com,City 7
User 46137,user46137@example.com,City 8
User 46138,user46138@example.com,City 9
User 46139,user46139@example.com,City 10
User 46140,user46140@example.com,City 1
User 46141,user46141@example.com,City 2
User 46142,user46142@example.com,City 3
User 46143,user46143@example.com,City 4
User 46144,user46144@example.com,City 5
User 46145,user46145@example.com,City 6
User 46146,user46146@example.com,City 7
User 46147,user46147@example.com,City 8
User 46148,user46148@example.com,City 9
User 46149,user46149@example.com,City 10
User 46150,user46150@example.com,City 1
User 46151,user46151@example.com,City 2
User 46152,user46152@example.com,City 3
User 46153,user46153@example.com,City 4
User 46154,user46154@example.com,City 5
User 46155,user46155@example.com,City 6
User 46156,user46156@example.com,City 7
User 46157,user46157@example.com,City 8
User 46158,user46158@example.com,City 9
User 46159,user46159@example.com,City 10
User 46160,user46160@example.com,City 1
User 46161,user46161@example.com,City 2
User 46162,user46162@example.com,City 3
User 46163,user46163@example.com,City 4
User 46164,user46164@example.com,City 5
User 46165,user46165@example.com,City 6
User 46166,user46166@example.com,City 7
User 46167,user46167@example.com,City 8
User 46168,user46168@example.com,City 9
User 46169,user46169@example.com,City 10
User 46170,user46170@example.com,City 1
User 46171,user46171@example.com,City 2
User 46172,user46172@example.com,City 3
User 46173,user46173@example.com,City 4
User 46174,user46174@example.com,City 5
User 46175,user46175@example.com,City 6
User 46176,user46176@example.com,City 7
User 46177,user46177@example.com,City 8
User 46178,user46178@example.com,City 9
User 46179,user46179@example.com,City 10
User 46180,user46180@example.com,City 1
User 46181,user46181@example.com,City 2
User 46182,user46182@example.com,City 3
User 46183,user46183@example.com,City 4
User 46184,user46184@example.com,City 5
User 46185,user46185@example.com,City 6
User 46186,user46186@example.com,City 7
User 46187,user46187@example.com,City 8
User 46188,user46188@example.com,City 9
User 46189,user46189@example.com,City 10
User 46190,user46190@example.com,City 1
User 46191,user46191@example.com,City 2
User 46192,user46192@example.com,City 3
User 46193,user46193@example.com,City 4
User 46194,user46194@example.com,City 5
User 46195,user46195@example.com,City 6
User 46196,user46196@example.com,City 7
User 46197,user46197@example.com,City 8
User 46198,user46198@example.com,City 9
User 46199,user46199@example.com,City 10
User 46200,user46200@example.com,City 1
User 46201,user46201@example.com,City 2
User 46202,user46202@example.com,City 3
User 46203,user46203@example.com,City 4
User 46204,user46204@example.com,City 5
User 46205,user46205@example.com,City 6
User 46206,user46206@example.com,City 7
User 46207,user46207@example.com,City 8
User 46208,user46208@example.com,City 9
User 46209,user46209@example.com,City 10
User 46210,user46210@example.com,City 1
User 46211,user46211@example.com,City 2
User 46212,user46212@example.com,City 3
User 46213,user46213@example.com,City 4
User 46214,user46214@example.com,City 5
User 46215,user46215@example.com,City 6
User 46216,user46216@example.com,City 7
User 46217,user46217@example.com,City 8
User 46218,user46218@example.com,City 9
User 46219,user46219@example.com,City 10
User 46220,user46220@example.com,City 1
User 46221,user46221@example.com,City 2
User 46222,user46222@example.com,City 3
User 46223,user46223@example.com,City 4
User 46224,user46224@example.com,City 5
User 46225,user46225@example.com,City 6
User 46226,user46226@example.com,City 7
User 46227,user46227@example.com,City 8
User 46228,user46228@example.com,City 9
User 46229,user46229@example.com,City 10
User 46230,user46230@example.com,City 1
User 46231,user46231@example.com,City 2
User 46232,user46232@example.com,City 3
User 46233,user46233@example.com,City 4
User 46234,user46234@example.com,City 5
User 46235,user46235@example.com,City 6
User 46236,user46236@example.com,City 7
User 46237,user46237@example.com,City 8
User 46238,user46238@example.com,City 9
User 46239,user46239@example.com,City 10
User 46240,user46240@example.com,City 1
User 46241,user46241@example.com,City 2
User 46242,user46242@example.com,City 3
User 46243,user46243@example.com,City 4
User 46244,user46244@example.com,City 5
User 46245,user46245@example.com,City 6
User 46246,user46246@example.com,City 7
User 46247,user46247@example.com,City 8
User 46248,user46248@example.com,City 9
User 46249,user46249@example.com,City 10
User 46250,user46250@example.com,City 1
User 46251,user46251@example.com,City 2
User 46252,user46252@example.com,City 3
User 46253,user46253@example.com,City 4
User 46254,user46254@example.com,City 5
User 46255,user46255@example.com,City 6
User 46256,user46256@example.com,City 7
User 46257,user46257@example.com,City 8
User 46258,user46258@example.com,City 9
User 46259,user46259@example.com,City 10
User 46260,user46260@example.com,City 1
User 46261,user46261@example.com,City 2
User 46262,user46262@example.com,City 3
User 46263,user46263@example.com,City 4
User 46264,user46264@example.com,City 5
User 46265,user46265@example.com,City 6
User 46266,user46266@example.com,City 7
User 46267,user46267@example.com,City 8
User 46268,user46268@example.com,City 9
User 46269,user46269@example.com,City 10
User 46270,user46270@example.com,City 1
User 46271,user46271@example.com,City 2
User 46272,user46272@example.com,City 3
User 46273,user46273@example.com,City 4
User 46274,user46274@example.com,City 5
User 46275,user46275@example.com,City 6
User 46276,user46276@example.com,City 7
User 46277,user46277@example.com,City 8
User 46278,user46278@example.com,City 9
User 46279,user46279@example.com,City 10
User 46280,user46280@example.com,City 1
User 46281,user46281@example.com,City 2
User 46282,user46282@example.com,City 3
User 46283,user46283@example.com,City 4
User 46284,user46284@example.com,City 5
User 46285,user46285@example.com,City 6
User 46286,user46286@example.com,City 7
User 46287,user46287@example.com,City 8
User 46288,user46288@example.com,City 9
User 46289,user46289@example.com,City 10
User 46290,user46290@example.com,City 1
User 46291,user46291@example.com,City 2
User 46292,user46292@example.com,City 3
User 46293,user46293@example.com,City 4
User 46294,user46294@example.com,City 5
User 46295,user46295@example.com,City 6
User 46296,user46296@example.com,City 7
User 46297,user46297@example.com,City 8
User 46298,user46298@example.com,City 9
User 46299,user46299@example.com,City 10
User 46300,user46300@example.com,City 1
User 46301,user46301@example.com,City 2
User 46302,user46302@example.com,City 3
User 46303,user46303@example.com,City 4
User 46304,user46304@example.com,City 5
User 46305,user46305@example.com,City 6
User 46306,user46306@example.com,City 7
User 46307,user46307@example.com,City 8
User 46308,user46308@example.com,City 9
User 46309,user46309@example.com,City 10
User 46310,user46310@example.com,City 1
User 46311,user46311@example.com,City 2
User 46312,user46312@example.com,City 3
User 46313,user46313@example.com,City 4
User 46314,user46314@example.com,City 5
User 46315,user46315@example.com,City 6
User 46316,user46316@example.com,City 7
User 46317,user46317@example.com,City 8
User 46318,user46318@example.com,City 9
User 46319,user46319@example.com,City 10
User 46320,user46320@example.com,City 1
User 46321,user46321@example.com,City 2
User 46322,user46322@example.com,City 3
User 46323,user46323@example.com,City 4
User 46324,user46324@example.com,City 5
User 46325,user46325@example.com,City 6
User 46326,user46326@example.com,City 7
User 46327,user46327@example.com,City 8
User 46328,user46328@example.com,City 9
User 46329,user46329@example.com,City 10
User 46330,user46330@example.com,City 1
User 46331,user46331@example.com,City 2
User 46332,user46332@example.com,City 3
User 46333,user46333@example.com,City 4
User 46334,user46334@example.com,City 5
User 46335,user46335@example.com,City 6
User 46336,user46336@example.com,City 7
User 46337,user46337@example.com,City 8
User 46338,user46338@example.com,City 9
User 46339,user46339@example.com,City 10
User 46340,user46340@example.com,City 1
User 46341,user46341@example.com,City 2
User 46342,user46342@example.com,City 3
User 46343,user46343@example.com,City 4
User 46344,user46344@example.com,City 5
User 46345,user46345@example.com,City 6
User 46346,user46346@example.com,City 7
User 46347,user46347@example.com,City 8
User 46348,user46348@example.com,City 9
User 46349,user46349@example.com,City 10
User 46350,user46350@example.com,City 1
User 46351,user46351@example.com,City 2
User 46352,user46352@example.com,City 3
User 46353,user46353@example.com,City 4
User 46354,user46354@example.com,City 5
User 46355,user46355@example.com,City 6
User 46356,user46356@example.com,City 7
User 46357,user46357@example.com,City 8
User 46358,user46358@example.com,City 9
User 46359,user46359@example.com,City 10
User 46360,user46360@example.com,City 1
User 46361,user46361@example.com,City 2
User 46362,user46362@example.com,City 3
User 46363,user46363@example.com,City 4
User 46364,user46364@example.com,City 5
User 46365,user46365@example.com,City 6
User 46366,user46366@example.com,City 7
User 46367,user46367@example.com,City 8
User 46368,user46368@example.com,City 9
User 46369,user46369@example.com,City 10
User 46370,user46370@example.com,City 1
User 46371,user46371@example.com,City 2
User 46372,user46372@example.com,City 3
User 46373,user46373@example.com,City 4
User 46374,user46374@example.com,City 5
User 46375,user46375@example.com,City 6
User 46376,user46376@example.com,City 7
User 46377,user46377@example.com,City 8
User 46378,user46378@example.com,City 9
User 46379,user46379@example.com,City 10
User 46380,user46380@example.com,City 1
User 46381,user46381@example.com,City 2
User 46382,user46382@example.com,City 3
User 46383,user46383@example.com,City 4
User 46384,user46384@example.com,City 5
User 46385,user46385@example.com,City 6
User 46386,user46386@example.com,City 7
User 46387,user46387@example.com,City 8
User 46388,user46388@example.com,City 9
User 46389,user46389@example.com,City 10
User 46390,user46390@example.com,City 1
User 46391,user46391@example.com,City 2
User 46392,user46392@example.com,City 3
User 46393,user46393@example.com,City 4
User 46394,user46394@example.com,City 5
User 46395,user46395@example.com,City 6
User 46396,user46396@example.com,City 7
User 46397,user46397@example.com,City 8
User 46398,user46398@example.com,City 9
User 46399,user46399@example.com,City 10
User 46400,user46400@example.com,City 1
User 46401,user46401@example.com,City 2
User 46402,user46402@example.com,City 3
User 46403,user46403@example.com,City 4
User 46404,user46404@example.com,City 5
User 46405,user46405@example.com,City 6
User 46406,user46406@example.com,City 7
User 46407,user46407@example.com,City 8
User 46408,user46408@example.com,City 9
User 46409,user46409@example.com,City 10
User 46410,user46410@example.com,City 1
User 46411,user46411@example.com,City 2
User 46412,user46412@example.com,City 3
User 46413,user46413@example.com,City 4
User 46414,user46414@example.com,City 5
User 46415,user46415@example.com,City 6
User 46416,user46416@example.com,City 7
User 46417,user46417@example.com,City 8
User 46418,user46418@example.com,City 9
User 46419,user46419@example.com,City 10
User 46420,user46420@example.com,City 1
User 46421,user46421@example.com,City 2
User 46422,user46422@example.com,City 3
User 46423,user46423@example.com,City 4
User 46424,user46424@example.com,City 5
User 46425,user46425@example.com,City 6
User 46426,user46426@example.com,City 7
User 46427,user46427@example.com,City 8
User 46428,user46428@example.com,City 9
User 46429,user46429@example.com,City 10
User 46430,user46430@example.com,City 1
User 46431,user46431@example.com,City 2
User 46432,user46432@example.com,City 3
User 46433,user46433@example.com,City 4
User 46434,user46434@example.com,City 5
User 46435,user46435@example.com,City 6
User 46436,user46436@example.com,City 7
User 46437,user46437@example.com,City 8
User 46438,user46438@example.com,City 9
User 46439,user46439@example.com,City 10
User 46440,user46440@example.com,City 1
User 46441,user46441@example.com,City 2
User 46442,user46442@example.com,City 3
User 46443,user46443@example.com,City 4
User 46444,user46444@example.com,City 5
User 46445,user46445@example.com,City 6
User 46446,user46446@example.com,City 7
User 46447,user46447@example.com,City 8
User 46448,user46448@example.com,City 9
User 46449,user46449@example.com,City 10
User 46450,user46450@example.com,City 1
User 46451,user46451@example.com,City 2
User 46452,user46452@example.com,City 3
User 46453,user46453@example.com,City 4
User 46454,user46454@example.com,City 5
User 46455,user46455@example.com,City 6
User 46456,user46456@example.com,City 7
User 46457,user46457@example.com,City 8
User 46458,user46458@example.com,City 9
User 46459,user46459@example.com,City 10
User 46460,user46460@example.com,City 1
User 46461,user46461@example.com,City 2
User 46462,user46462@example.com,City 3
User 46463,user46463@example.com,City 4
User 46464,user46464@example.com,City 5
User 46465,user46465@example.com,City 6
User 46466,user46466@example.com,City 7
User 46467,user46467@example.com,City 8
User 46468,user46468@example.com,City 9
User 46469,user46469@example.com,City 10
User 46470,user46470@example.com,City 1
User 46471,user46471@example.com,City 2
User 46472,user46472@example.com,City 3
User 46473,user46473@example.com,City 4
User 46474,user46474@example.com,City 5
User 46475,user46475@example.com,City 6
User 46476,user46476@example.com,City 7
User 46477,user46477@example.com,City 8
User 46478,user46478@example.com,City 9
User 46479,user46479@example.com,City 10
User 46480,user46480@example.com,City 1
User 46481,user46481@example.com,City 2
User 46482,user46482@example.com,City 3
User 46483,user46483@example.com,City 4
User 46484,user46484@example.com,City 5
User 46485,user46485@example.com,City 6
User 46486,user46486@example.com,City 7
User 46487,user46487@example.com,City 8
User 46488,user46488@example.com,City 9
User 46489,user46489@example.com,City 10
User 46490,user46490@example.com,City 1
User 46491,user46491@example.com,City 2
User 46492,user46492@example.com,City 3
User 46493,user46493@example.com,City 4
User 46494,user46494@example.com,City 5
User 46495,user46495@example.com,City 6
User 46496,user46496@example.com,City 7
User 46497,user46497@example.com,City 8
User 46498,user46498@example.com,City 9
User 46499,user46499@example.com,City 10
User 46500,user46500@example.com,City 1
User 46501,user46501@example.com,City 2
User 46502,user46502@example.com,City 3
User 46503,user46503@example.com,City 4
User 46504,user46504@example.com,City 5
User 46505,user46505@example.com,City 6
User 46506,user46506@example.com,City 7
User 46507,user46507@example.com,City 8
User 46508,user46508@example.com,City 9
User 46509,user46509@example.com,City 10
User 46510,user46510@example.com,City 1
User 46511,user46511@example.com,City 2
User 46512,user46512@example.com,City 3
User 46513,user46513@example.com,City 4
User 46514,user46514@example.com,City 5
User 46515,user46515@example.com,City 6
User 46516,user46516@example.com,City 7
User 46517,user46517@example.com,City 8
User 46518,user46518@example.com,City 9
User 46519,user46519@example.com,City 10
User 46520,user46520@example.com,City 1
User 46521,user46521@example.com,City 2
User 46522,user46522@example.com,City 3
User 46523,user46523@example.com,City 4
User 46524,user46524@example.com,City 5
User 46525,user46525@example.com,City 6
User 46526,user46526@example.com,City 7
User 46527,user46527@example.com,City 8
User 46528,user46528@example.com,City 9
User 46529,user46529@example.com,City 10
User 46530,user46530@example.com,City 1
User 46531,user46531@example.com,City 2
User 46532,user46532@example.com,City 3
User 46533,user46533@example.com,City 4
User 46534,user46534@example.com,City 5
User 46535,user46535@example.com,City 6
User 46536,user46536@example.com,City 7
User 46537,user46537@example.com,City 8
User 46538,user46538@example.com,City 9
User 46539,user46539@example.com,City 10
User 46540,user46540@example.com,City 1
User 46541,user46541@example.com,City 2
User 46542,user46542@example.com,City 3
User 46543,user46543@example.com,City 4
User 46544,user46544@example.com,City 5
User 46545,user46545@example.com,City 6
User 46546,user46546@example.com,City 7
User 46547,user46547@example.com,City 8
User 46548,user46548@example.com,City 9
User 46549,user46549@example.com,City 10
User 46550,user46550@example.com,City 1
User 46551,user46551@example.com,City 2
User 46552,user46552@example.com,City 3
User 46553,user46553@example.com,City 4
User 46554,user46554@example.com,City 5
User 46555,user46555@example.com,City 6
User 46556,user46556@example.com,City 7
User 46557,user46557@example.com,City 8
User 46558,user46558@example.com,City 9
User 46559,user46559@example.com,City 10
User 46560,user46560@example.com,City 1
User 46561,user46561@example.com,City 2
User 46562,user46562@example.com,City 3
User 46563,user46563@example.com,City 4
User 46564,user46564@example.com,City 5
User 46565,user46565@example.com,City 6
User 46566,user46566@example.com,City 7
User 46567,user46567@example.com,City 8
User 46568,user46568@example.com,City 9
User 46569,user46569@example.com,City 10
User 46570,user46570@example.com,City 1
User 46571,user46571@example.com,City 2
User 46572,user46572@example.com,City 3
User 46573,user46573@example.com,City 4
User 46574,user46574@example.com,City 5
User 46575,user46575@example.com,City 6
User 46576,user46576@example.com,City 7
User 46577,user46577@example.com,City 8
User 46578,user46578@example.com,City 9
User 46579,user46579@example.com,City 10
User 46580,user46580@example.com,City 1
User 46581,user46581@example.com,City 2
User 46582,user46582@example.com,City 3
User 46583,user46583@example.com,City 4
User 46584,user46584@example.com,City 5
User 46585,user46585@example.com,City 6
User 46586,user46586@example.com,City 7
User 46587,user46587@example.com,City 8
User 46588,user46588@example.com,City 9
User 46589,user46589@example.com,City 10
User 46590,user46590@example.com,City 1
User 46591,user46591@example.com,City 2
User 46592,user46592@example.com,City 3
User 46593,user46593@example.com,City 4
User 46594,user46594@example.com,City 5
User 46595,user46595@example.com,City 6
User 46596,user46596@example.com,City 7
User 46597,user46597@example.com,City 8
User 46598,user46598@example.com,City 9
User 46599,user46599@example.com,City 10
User 46600,user46600@example.com,City 1
User 46601,user46601@example.com,City 2
User 46602,user46602@example.com,City 3
User 46603,user46603@example.com,City 4
User 46604,user46604@example.com,City 5
User 46605,user46605@example.com,City 6
User 46606,user46606@example.com,City 7
User 46607,user46607@example.com,City 8
User 46608,user46608@example.com,City 9
User 46609,user46609@example.com,City 10
User 46610,user46610@example.com,City 1
User 46611,user46611@example.com,City 2
User 46612,user46612@example.com,City 3
User 46613,user46613@example.com,City 4
User 46614,user46614@example.com,City 5
User 46615,user46615@example.com,City 6
User 46616,user46616@example.com,City 7
User 46617,user46617@example.com,City 8
User 46618,user46618@example.com,City 9
User 46619,user46619@example.com,City 10
User 46620,user46620@example.com,City 1
User 46621,user46621@example.com,City 2
User 46622,user46622@example.com,City 3
User 46623,user46623@example.com,City 4
User 46624,user46624@example.com,City 5
User 46625,user46625@example.com,City 6
User 46626,user46626@example.com,City 7
User 46627,user46627@example.com,City 8
User 46628,user46628@example.com,City 9
User 46629,user46629@example.com,City 10
User 46630,user46630@example.com,City 1
User 46631,user46631@example.com,City 2
User 46632,user46632@example.com,City 3
User 46633,user46633@example.com,City 4
User 46634,user46634@example.com,City 5
User 46635,user46635@example.com,City 6
User 46636,user46636@example.com,City 7
User 46637,user46637@example.com,City 8
User 46638,user46638@example.com,City 9
User 46639,user46639@example.com,City 10
User 46640,user46640@example.com,City 1
User 46641,user46641@example.com,City 2
User 46642,user46642@example.com,City 3
User 46643,user46643@example.com,City 4
User 46644,user46644@example.com,City 5
User 46645,user46645@example.com,City 6
User 46646,user46646@example.com,City 7
User 46647,user46647@example.com,City 8
User 46648,user46648@example.com,City 9
User 46649,user46649@example.com,City 10
User 46650,user46650@example.com,City 1
User 46651,user46651@example.com,City 2
User 46652,user46652@example.com,City 3
User 46653,user46653@example.com,City 4
User 46654,user46654@example.com,City 5
User 46655,user46655@example.com,City 6
User 46656,user46656@example.com,City 7
User 46657,user46657@example.com,City 8
User 46658,user46658@example.com,City 9
User 46659,user46659@example.com,City 10
User 46660,user46660@example.com,City 1
User 46661,user46661@example.com,City 2
User 46662,user46662@example.com,City 3
User 46663,user46663@example.com,City 4
User 46664,user46664@example.com,City 5
User 46665,user46665@example.com,City 6
User 46666,user46666@example.com,City 7
User 46667,user46667@example.com,City 8
User 46668,user46668@example.com,City 9
User 46669,user46669@example.com,City 10
User 46670,user46670@example.com,City 1
User 46671,user46671@example.com,City 2
User 46672,user46672@example.com,City 3
User 46673,user46673@example.com,City 4
User 46674,user46674@example.com,City 5
User 46675,user46675@example.com,City 6
User 46676,user46676@example.com,City 7
User 46677,user46677@example.com,City 8
User 46678,user46678@example.com,City 9
User 46679,user46679@example.com,City 10
User 46680,user46680@example.com,City 1
User 46681,user46681@example.com,City 2
User 46682,user46682@example.com,City 3
User 46683,user46683@example.com,City 4
User 46684,user46684@example.com,City 5
User 46685,user46685@example.com,City 6
User 46686,user46686@example.com,City 7
User 46687,user46687@example.com,City 8
User 46688,user46688@example.com,City 9
User 46689,user46689@example.com,City 10
User 46690,user46690@example.com,City 1
User 46691,user46691@example.com,City 2
User 46692,user46692@example.com,City 3
User 46693,user46693@example.com,City 4
User 46694,user46694@example.com,City 5
User 46695,user46695@example.com,City 6
User 46696,user46696@example.com,City 7
User 46697,user46697@example.com,City 8
User 46698,user46698@example.com,City 9
User 46699,user46699@example.com,City 10
User 46700,user46700@example.com,City 1
User 46701,user46701@example.com,City 2
User 46702,user46702@example.com,City 3
User 46703,user46703@example.com,City 4
User 46704,user46704@example.com,City 5
User 46705,user46705@example.com,City 6
User 46706,user46706@example.com,City 7
User 46707,user46707@example.com,City 8
User 46708,user46708@example.com,City 9
User 46709,user46709@example.com,City 10
User 46710,user46710@example.com,City 1
User 46711,user46711@example.com,City 2
User 46712,user46712@example.com,City 3
User 46713,user46713@example.com,City 4
User 46714,user46714@example.com,City 5
User 46715,user46715@example.com,City 6
User 46716,user46716@example.com,City 7
User 46717,user46717@example.com,City 8
User 46718,user46718@example.com,City 9
User 46719,user46719@example.com,City 10
User 46720,user46720@example.com,City 1
User 46721,user46721@example.com,City 2
User 46722,user46722@example.com,City 3
User 46723,user46723@example.com,City 4
User 46724,user46724@example.com,City 5
User 46725,user46725@example.com,City 6
User 46726,user46726@example.com,City 7
User 46727,user46727@example.com,City 8
User 46728,user46728@example.com,City 9
User 46729,user46729@example.com,City 10
User 46730,user46730@example.com,City 1
User 46731,user46731@example.com,City 2
User 46732,user46732@example.com,City 3
User 46733,user46733@example.com,City 4
User 46734,user46734@example.com,City 5
User 46735,user46735@example.com,City 6
User 46736,user46736@example.com,City 7
User 46737,user46737@example.com,City 8
User 46738,user46738@example.com,City 9
User 46739,user46739@example.com,City 10
User 46740,user46740@example.com,City 1
User 46741,user46741@example.com,City 2
User 46742,user46742@example.com,City 3
User 46743,user46743@example.com,City 4
User 46744,user46744@example.com,City 5
User 46745,user46745@example.com,City 6
User 46746,user46746@example.com,City 7
User 46747,user46747@example.com,City 8
User 46748,user46748@example.com,City 9
User 46749,user46749@example.com,City 10
User 46750,user46750@example.com,City 1
User 46751,user46751@example.com,City 2
User 46752,user46752@example.com,City 3
User 46753,user46753@example.com,City 4
User 46754,user46754@example.com,City 5
User 46755,user46755@example.com,City 6
User 46756,user46756@example.com,City 7
User 46757,user46757@example.com,City 8
User 46758,user46758@example.com,City 9
User 46759,user46759@example.com,City 10
User 46760,user46760@example.com,City 1
User 46761,user46761@example.com,City 2
User 46762,user46762@example.com,City 3
User 46763,user46763@example.com,City 4
User 46764,user46764@example.com,City 5
User 46765,user46765@example.com,City 6
User 46766,user46766@example.com,City 7
User 46767,user46767@example.com,City 8
User 46768,user46768@example.com,City 9
User 46769,user46769@example.com,City 10
User 46770,user46770@example.com,City 1
User 46771,user46771@example.com,City 2
User 46772,user46772@example.com,City 3
User 46773,user46773@example.com,City 4
User 46774,user46774@example.com,City 5
User 46775,user46775@example.com,City 6
User 46776,user46776@example.com,City 7
User 46777,user46777@example.com,City 8
User 46778,user46778@example.com,City 9
User 46779,user46779@example.com,City 10
User 46780,user46780@example.com,City 1
User 46781,user46781@example.com,City 2
User 46782,user46782@example.com,City 3
User 46783,user46783@example.com,City 4
User 46784,user46784@example.com,City 5
User 46785,user46785@example.com,City 6
User 46786,user46786@example.com,City 7
User 46787,user46787@example.com,City 8
User 46788,user46788@example.com,City 9
User 46789,user46789@example.com,City 10
User 46790,user46790@example.com,City 1
User 46791,user46791@example.com,City 2
User 46792,user46792@example.com,City 3
User 46793,user46793@example.com,City 4
User 46794,user46794@example.com,City 5
User 46795,user46795@example.com,City 6
User 46796,user46796@example.com,City 7
User 46797,user46797@example.com,City 8
User 46798,user46798@example.com,City 9
User 46799,user46799@example.com,City 10
User 46800,user46800@example.com,City 1
User 46801,user46801@example.com,City 2
User 46802,user46802@example.com,City 3
User 46803,user46803@example.com,City 4
User 46804,user46804@example.com,City 5
User 46805,user46805@example.com,City 6
User 46806,user46806@example.com,City 7
User 46807,user46807@example.com,City 8
User 46808,user46808@example.com,City 9
User 46809,user46809@example.com,City 10
User 46810,user46810@example.com,City 1
User 46811,user46811@example.com,City 2
User 46812,user46812@example.com,City 3
User 46813,user46813@example.com,City 4
User 46814,user46814@example.com,City 5
User 46815,user46815@example.com,City 6
User 46816,user46816@example.com,City 7
User 46817,user46817@example.com,City 8
User 46818,user46818@example.com,City 9
User 46819,user46819@example.com,City 10
User 46820,user46820@example.com,City 1
User 46821,user46821@example.com,City 2
User 46822,user46822@example.com,City 3
User 46823,user46823@example.com,City 4
User 46824,user46824@example.com,City 5
User 46825,user46825@example.com,City 6
User 46826,user46826@example.com,City 7
User 46827,user46827@example.com,City 8
User 46828,user46828@example.com,City 9
User 46829,user46829@example.com,City 10
User 46830,user46830@example.com,City 1
User 46831,user46831@example.com,City 2
User 46832,user46832@example.com,City 3
User 46833,user46833@example.com,City 4
User 46834,user46834@example.com,City 5
User 46835,user46835@example.com,City 6
User 46836,user46836@example.com,City 7
User 46837,user46837@example.com,City 8
User 46838,user46838@example.com,City 9
User 46839,user46839@example.com,City 10
User 46840,user46840@example.com,City 1
User 46841,user46841@example.com,City 2
User 46842,user46842@example.com,City 3
User 46843,user46843@example.com,City 4
User 46844,user46844@example.com,City 5
User 46845,user46845@example.com,City 6
User 46846,user46846@example.com,City 7
User 46847,user46847@example.com,City 8
User 46848,user46848@example.com,City 9
User 46849,user46849@example.com,City 10
User 46850,user46850@example.com,City 1
User 46851,user46851@example.com,City 2
User 46852,user46852@example.com,City 3
User 46853,user46853@example.com,City 4
User 46854,user46854@example.com,City 5
User 46855,user46855@example.com,City 6
User 46856,user46856@example.com,City 7
User 46857,user46857@example.com,City 8
User 46858,user46858@example.com,City 9
User 46859,user46859@example.com,City 10
User 46860,user46860@example.com,City 1
User 46861,user46861@example.com,City 2
User 46862,user46862@example.com,City 3
User 46863,user46863@example.com,City 4
User 46864,user46864@example.com,City 5
User 46865,user46865@example.com,City 6
User 46866,user46866@example.com,City 7
User 46867,user46867@example.com,City 8
User 46868,user46868@example.com,City 9
User 46869,user46869@example.com,City 10
User 46870,user46870@example.com,City 1
User 46871,user46871@example.com,City 2
User 46872,user46872@example.com,City 3
User 46873,user46873@example.com,City 4
User 46874,user46874@example.com,City 5
User 46875,user46875@example.com,City 6
User 46876,user46876@example.com,City 7
User 46877,user46877@example.com,City 8
User 46878,user46878@example.com,City 9
User 46879,user46879@example.com,City 10
User 46880,user46880@example.com,City 1
User 46881,user46881@example.com,City 2
User 46882,user46882@example.com,City 3
User 46883,user46883@example.com,City 4
User 46884,user46884@example.com,City 5
User 46885,user46885@example.com,City 6
User 46886,user46886@example.com,City 7
User 46887,user46887@example.com,City 8
User 46888,user46888@example.com,City 9
User 46889,user46889@example.com,City 10
User 46890,user46890@example.com,City 1
User 46891,user46891@example.com,City 2
User 46892,user46892@example.com,City 3
User 46893,user46893@example.com,City 4
User 46894,user46894@example.com,City 5
User 46895,user46895@example.com,City 6
User 46896,user46896@example.com,City 7
User 46897,user46897@example.com,City 8
User 46898,user46898@example.com,City 9
User 46899,user46899@example.com,City 10
User 46900,user46900@example.com,City 1
User 46901,user46901@example.com,City 2
User 46902,user46902@example.com,City 3
User 46903,user46903@example.com,City 4
User 46904,user46904@example.com,City 5
User 46905,user46905@example.com,City 6
User 46906,user46906@example.com,City 7
User 46907,user46907@example.com,City 8
User 46908,user46908@example.com,City 9
User 46909,user46909@example.com,City 10
User 46910,user46910@example.com,City 1
User 46911,user46911@example.com,City 2
User 46912,user46912@example.com,City 3
User 46913,user46913@example.com,City 4
User 46914,user46914@example.com,City 5
User 46915,user46915@example.com,City 6
User 46916,user46916@example.com,City 7
User 46917,user46917@example.com,City 8
User 46918,user46918@example.com,City 9
User 46919,user46919@example.com,City 10
User 46920,user46920@example.com,City 1
User 46921,user46921@example.com,City 2
User 46922,user46922@example.com,City 3
User 46923,user46923@example.com,City 4
User 46924,user46924@example.com,City 5
User 46925,user46925@example.com,City 6
User 46926,user46926@example.com,City 7
User 46927,user46927@example.com,City 8
User 46928,user46928@example.com,City 9
User 46929,user46929@example.com,City 10
User 46930,user46930@example.com,City 1
User 46931,user46931@example.com,City 2
User 46932,user46932@example.com,City 3
User 46933,user46933@example.com,City 4
User 46934,user46934@example.com,City 5
User 46935,user46935@example.com,City 6
User 46936,user46936@example.com,City 7
User 46937,user46937@example.com,City 8
User 46938,user46938@example.com,City 9
User 46939,user46939@example.com,City 10
User 46940,user46940@example.com,City 1
User 46941,user46941@example.com,City 2
User 46942,user46942@example.com,City 3
User 46943,user46943@example.com,City 4
User 46944,user46944@example.com,City 5
User 46945,user46945@example.com,City 6
User 46946,user46946@example.com,City 7
User 46947,user46947@example.com,City 8
User 46948,user46948@example.com,City 9
User 46949,user46949@example.com,City 10
User 46950,user46950@example.com,City 1
User 46951,user46951@example.com,City 2
User 46952,user46952@example.com,City 3
User 46953,user46953@example.com,City 4
User 46954,user46954@example.com,City 5
User 46955,user46955@example.com,City 6
User 46956,user46956@example.com,City 7
User 46957,user46957@example.com,City 8
User 46958,user46958@example.com,City 9
User 46959,user46959@example.com,City 10
User 46960,user46960@example.com,City 1
User 46961,user46961@example.com,City 2
User 46962,user46962@example.com,City 3
User 46963,user46963@example.com,City 4
User 46964,user46964@example.com,City 5
User 46965,user46965@example.com,City 6
User 46966,user46966@example.com,City 7
User 46967,user46967@example.com,City 8
User 46968,user46968@example.com,City 9
User 46969,user46969@example.com,City 10
User 46970,user46970@example.com,City 1
User 46971,user46971@example.com,City 2
User 46972,user46972@example.com,City 3
User 46973,user46973@example.com,City 4
User 46974,user46974@example.com,City 5
User 46975,user46975@example.com,City 6
User 46976,user46976@example.com,City 7
User 46977,user46977@example.com,City 8
User 46978,user46978@example.com,City 9
User 46979,user46979@example.com,City 10
User 46980,user46980@example.com,City 1
User 46981,user46981@example.com,City 2
User 46982,user46982@example.com,City 3
User 46983,user46983@example.com,City 4
User 46984,user46984@example.com,City 5
User 46985,user46985@example.com,City 6
User 46986,user46986@example.com,City 7
User 46987,user46987@example.com,City 8
User 46988,user46988@example.com,City 9
User 46989,user46989@example.com,City 10
User 46990,user46990@example.com,City 1
User 46991,user46991@example.com,City 2
User 46992,user46992@example.com,City 3
User 46993,user46993@example.com,City 4
User 46994,user46994@example.com,City 5
User 46995,user46995@example.com,City 6
User 46996,user46996@example.com,City 7
User 46997,user46997@example.com,City 8
User 46998,user46998@example.com,City 9
User 46999,user46999@example.com,City 10
User 47000,user47000@example.com,City 1
User 47001,user47001@example.com,City 2
User 47002,user47002@example.com,City 3
User 47003,user47003@example.com,City 4
User 47004,user47004@example.com,City 5
User 47005,user47005@example.com,City 6
User 47006,user47006@example.com,City 7
User 47007,user47007@example.com,City 8
User 47008,user47008@example.com,City 9
User 47009,user47009@example.com,City 10
User 47010,user47010@example.com,City 1
User 47011,user47011@example.com,City 2
User 47012,user47012@example.com,City 3
User 47013,user47013@example.com,City 4
User 47014,user47014@example.com,City 5
User 47015,user47015@example.com,City 6
User 47016,user47016@example.com,City 7
User 47017,user47017@example.com,City 8
User 47018,user47018@example.com,City 9
User 47019,user47019@example.com,City 10
User 47020,user47020@example.com,City 1
User 47021,user47021@example.com,City 2
User 47022,user47022@example.com,City 3
User 47023,user47023@example.com,City 4
User 47024,user47024@example.com,City 5
User 47025,user47025@example.com,City 6
User 47026,user47026@example.com,City 7
User 47027,user47027@example.com,City 8
User 47028,user47028@example.com,City 9
User 47029,user47029@example.com,City 10
User 47030,user47030@example.com,City 1
User 47031,user47031@example.com,City 2
User 47032,user47032@example.com,City 3
User 47033,user47033@example.com,City 4
User 47034,user47034@example.com,City 5
User 47035,user47035@example.com,City 6
User 47036,user47036@example.com,City 7
User 47037,user47037@example.com,City 8
User 47038,user47038@example.com,City 9
User 47039,user47039@example.com,City 10
User 47040,user47040@example.com,City 1
User 47041,user47041@example.com,City 2
User 47042,user47042@example.com,City 3
User 47043,user47043@example.com,City 4
User 47044,user47044@example.com,City 5
User 47045,user47045@example.com,City 6
User 47046,user47046@example.com,City 7
User 47047,user47047@example.com,City 8
User 47048,user47048@example.com,City 9
User 47049,user47049@example.com,City 10
User 47050,user47050@example.com,City 1
User 47051,user47051@example.com,City 2
User 47052,user47052@example.com,City 3
User 47053,user47053@example.com,City 4
User 47054,user47054@example.com,City 5
User 47055,user47055@example.com,City 6
User 47056,user47056@example.com,City 7
User 47057,user47057@example.com,City 8
User 47058,user47058@example.com,City 9
User 47059,user47059@example.com,City 10
User 47060,user47060@example.com,City 1
User 47061,user47061@example.com,City 2
User 47062,user47062@example.com,City 3
User 47063,user47063@example.com,City 4
User 47064,user47064@example.com,City 5
User 47065,user47065@example.com,City 6
User 47066,user47066@example.com,City 7
User 47067,user47067@example.com,City 8
User 47068,user47068@example.com,City 9
User 47069,user47069@example.com,City 10
User 47070,user47070@example.com,City 1
User 47071,user47071@example.com,City 2
User 47072,user47072@example.com,City 3
User 47073,user47073@example.com,City 4
User 47074,user47074@example.com,City 5
User 47075,user47075@example.com,City 6
User 47076,user47076@example.com,City 7
User 47077,user47077@example.com,City 8
User 47078,user47078@example.com,City 9
User 47079,user47079@example.com,City 10
User 47080,user47080@example.com,City 1
User 47081,user47081@example.com,City 2
User 47082,user47082@example.com,City 3
User 47083,user47083@example.com,City 4
User 47084,user47084@example.com,City 5
User 47085,user47085@example.com,City 6
User 47086,user47086@example.com,City 7
User 47087,user47087@example.com,City 8
User 47088,user47088@example.com,City 9
User 47089,user47089@example.com,City 10
User 47090,user47090@example.com,City 1
User 47091,user47091@example.com,City 2
User 47092,user47092@example.com,City 3
User 47093,user47093@example.com,City 4
User 47094,user47094@example.com,City 5
User 47095,user47095@example.com,City 6
User 47096,user47096@example.com,City 7
User 47097,user47097@example.com,City 8
User 47098,user47098@example.com,City 9
User 47099,user47099@example.com,City 10
User 47100,user47100@example.com,City 1
User 47101,user47101@example.com,City 2
User 47102,user47102@example.com,City 3
User 47103,user47103@example.com,City 4
User 47104,user47104@example.com,City 5
User 47105,user47105@example.com,City 6
User 47106,user47106@example.com,City 7
User 47107,user47107@example.com,City 8
User 47108,user47108@example.com,City 9
User 47109,user47109@example.com,City 10
User 47110,user47110@example.com,City 1
User 47111,user47111@example.com,City 2
User 47112,user47112@example.com,City 3
User 47113,user47113@example.com,City 4
User 47114,user47114@example.com,City 5
User 47115,user47115@example.com,City 6
User 47116,user47116@example.com,City 7
User 47117,user47117@example.com,City 8
User 47118,user47118@example.com,City 9
User 47119,user47119@example.com,City 10
User 47120,user47120@example.com,City 1
User 47121,user47121@example.com,City 2
User 47122,user47122@example.com,City 3
User 47123,user47123@example.com,City 4
User 47124,user47124@example.com,City 5
User 47125,user47125@example.com,City 6
User 47126,user47126@example.com,City 7
User 47127,user47127@example.com,City 8
User 47128,user47128@example.com,City 9
User 47129,user47129@example.com,City 10
User 47130,user47130@example.com,City 1
User 47131,user47131@example.com,City 2
User 47132,user47132@example.com,City 3
User 47133,user47133@example.com,City 4
User 47134,user47134@example.com,City 5
User 47135,user47135@example.com,City 6
User 47136,user47136@example.com,City 7
User 47137,user47137@example.com,City 8
User 47138,user47138@example.com,City 9
User 47139,user47139@example.com,City 10
User 47140,user47140@example.com,City 1
User 47141,user47141@example.com,City 2
User 47142,user47142@example.com,City 3
User 47143,user47143@example.com,City 4
User 47144,user47144@example.com,City 5
User 47145,user47145@example.com,City 6
User 47146,user47146@example.com,City 7
User 47147,user47147@example.com,City 8
User 47148,user47148@example.com,City 9
User 47149,user47149@example.com,City 10
User 47150,user47150@example.com,City 1
User 47151,user47151@example.com,City 2
User 47152,user47152@example.com,City 3
User 47153,user47153@example.com,City 4
User 47154,user47154@example.com,City 5
User 47155,user47155@example.com,City 6
User 47156,user47156@example.com,City 7
User 47157,user47157@example.com,City 8
User 47158,user47158@example.com,City 9
User 47159,user47159@example.com,City 10
User 47160,user47160@example.com,City 1
User 47161,user47161@example.com,City 2
User 47162,user47162@example.com,City 3
User 47163,user47163@example.com,City 4
User 47164,user47164@example.com,City 5
User 47165,user47165@example.com,City 6
User 47166,user47166@example.com,City 7
User 47167,user47167@example.com,City 8
User 47168,user47168@example.com,City 9
User 47169,user47169@example.com,City 10
User 47170,user47170@example.com,City 1
User 47171,user47171@example.com,City 2
User 47172,user47172@example.com,City 3
User 47173,user47173@example.com,City 4
User 47174,user47174@example.com,City 5
User 47175,user47175@example.com,City 6
User 47176,user47176@example.com,City 7
User 47177,user47177@example.com,City 8
User 47178,user47178@example.com,City 9
User 47179,user47179@example.com,City 10
User 47180,user47180@example.com,City 1
User 47181,user47181@example.com,City 2
User 47182,user47182@example.com,City 3
User 47183,user47183@example.com,City 4
User 47184,user47184@example.com,City 5
User 47185,user47185@example.com,City 6
User 47186,user47186@example.com,City 7
User 47187,user47187@example.com,City 8
User 47188,user47188@example.com,City 9
User 47189,user47189@example.com,City 10
User 47190,user47190@example.com,City 1
User 47191,user47191@example.com,City 2
User 47192,user47192@example.com,City 3
User 47193,user47193@example.com,City 4
User 47194,user47194@example.com,City 5
User 47195,user47195@example.com,City 6
User 47196,user47196@example.com,City 7
User 47197,user47197@example.com,City 8
User 47198,user47198@example.com,City 9
User 47199,user47199@example.com,City 10
User 47200,user47200@example.com,City 1
User 47201,user47201@example.com,City 2
User 47202,user47202@example.com,City 3
User 47203,user47203@example.com,City 4
User 47204,user47204@example.com,City 5
User 47205,user47205@example.com,City 6
User 47206,user47206@example.com,City 7
User 47207,user47207@example.com,City 8
User 47208,user47208@example.com,City 9
User 47209,user47209@example.com,City 10
User 47210,user47210@example.com,City 1
User 47211,user47211@example.com,City 2
User 47212,user47212@example.com,City 3
User 47213,user47213@example.com,City 4
User 47214,user47214@example.com,City 5
User 47215,user47215@example.com,City 6
User 47216,user47216@example.com,City 7
User 47217,user47217@example.com,City 8
User 47218,user47218@example.com,City 9
User 47219,user47219@example.com,City 10
User 47220,user47220@example.com,City 1
User 47221,user47221@example.com,City 2
User 47222,user47222@example.com,City 3
User 47223,user47223@example.com,City 4
User 47224,user47224@example.com,City 5
User 47225,user47225@example.com,City 6
User 47226,user47226@example.com,City 7
User 47227,user47227@example.com,City 8
User 47228,user47228@example.com,City 9
User 47229,user47229@example.com,City 10
User 47230,user47230@example.com,City 1
User 47231,user47231@example.com,City 2
User 47232,user47232@example.com,City 3
User 47233,user47233@example.com,City 4
User 47234,user47234@example.com,City 5
User 47235,user47235@example.com,City 6
User 47236,user47236@example.com,City 7
User 47237,user47237@example.com,City 8
User 47238,user47238@example.com,City 9
User 47239,user47239@example.com,City 10
User 47240,user47240@example.com,City 1
User 47241,user47241@example.com,City 2
User 47242,user47242@example.com,City 3
User 47243,user47243@example.com,City 4
User 47244,user47244@example.com,City 5
User 47245,user47245@example.com,City 6
User 47246,user47246@example.com,City 7
User 47247,user47247@example.com,City 8
User 47248,user47248@example.com,City 9
User 47249,user47249@example.com,City 10
User 47250,user47250@example.com,City 1
User 47251,user47251@example.com,City 2
User 47252,user47252@example.com,City 3
User 47253,user47253@example.com,City 4
User 47254,user47254@example.com,City 5
User 47255,user47255@example.com,City 6
User 47256,user47256@example.com,City 7
User 47257,user47257@example.com,City 8
User 47258,user47258@example.com,City 9
User 47259,user47259@example.com,City 10
User 47260,user47260@example.com,City 1
User 47261,user47261@example.com,City 2
User 47262,user47262@example.com,City 3
User 47263,user47263@example.com,City 4
User 47264,user47264@example.com,City 5
User 47265,user47265@example.com,City 6
User 47266,user47266@example.com,City 7
User 47267,user47267@example.com,City 8
User 47268,user47268@example.com,City 9
User 47269,user47269@example.com,City 10
User 47270,user47270@example.com,City 1
User 47271,user47271@example.com,City 2
User 47272,user47272@example.com,City 3
User 47273,user47273@example.com,City 4
User 47274,user47274@example.com,City 5
User 47275,user47275@example.com,City 6
User 47276,user47276@example.com,City 7
User 47277,user47277@example.com,City 8
User 47278,user47278@example.com,City 9
User 47279,user47279@example.com,City 10
User 47280,user47280@example.com,City 1
User 47281,user47281@example.com,City 2
User 47282,user47282@example.com,City 3
User 47283,user47283@example.com,City 4
User 47284,user47284@example.com,City 5
User 47285,user47285@example.com,City 6
User 47286,user47286@example.com,City 7
User 47287,user47287@example.com,City 8
User 47288,user47288@example.com,City 9
User 47289,user47289@example.com,City 10
User 47290,user47290@example.com,City 1
User 47291,user47291@example.com,City 2
User 47292,user47292@example.com,City 3
User 47293,user47293@example.com,City 4
User 47294,user47294@example.com,City 5
User 47295,user47295@example.com,City 6
User 47296,user47296@example.com,City 7
User 47297,user47297@example.com,City 8
User 47298,user47298@example.com,City 9
User 47299,user47299@example.com,City 10
User 47300,user47300@example.com,City 1
User 47301,user47301@example.com,City 2
User 47302,user47302@example.com,City 3
User 47303,user47303@example.com,City 4
User 47304,user47304@example.com,City 5
User 47305,user47305@example.com,City 6
User 47306,user47306@example.com,City 7
User 47307,user47307@example.com,City 8
User 47308,user47308@example.com,City 9
User 47309,user47309@example.com,City 10
User 47310,user47310@example.com,City 1
User 47311,user47311@example.com,City 2
User 47312,user47312@example.com,City 3
User 47313,user47313@example.com,City 4
User 47314,user47314@example.com,City 5
User 47315,user47315@example.com,City 6
User 47316,user47316@example.com,City 7
User 47317,user47317@example.com,City 8
User 47318,user47318@example.com,City 9
User 47319,user47319@example.com,City 10
User 47320,user47320@example.com,City 1
User 47321,user47321@example.com,City 2
User 47322,user47322@example.com,City 3
User 47323,user47323@example.com,City 4
User 47324,user47324@example.com,City 5
User 47325,user47325@example.com,City 6
User 47326,user47326@example.com,City 7
User 47327,user47327@example.com,City 8
User 47328,user47328@example.com,City 9
User 47329,user47329@example.com,City 10
User 47330,user47330@example.com,City 1
User 47331,user47331@example.com,City 2
User 47332,user47332@example.com,City 3
User 47333,user47333@example.com,City 4
User 47334,user47334@example.com,City 5
User 47335,user47335@example.com,City 6
User 47336,user47336@example.com,City 7
User 47337,user47337@example.com,City 8
User 47338,user47338@example.com,City 9
User 47339,user47339@example.com,City 10
User 47340,user47340@example.com,City 1
User 47341,user47341@example.com,City 2
User 47342,user47342@example.com,City 3
User 47343,user47343@example.com,City 4
User 47344,user47344@example.com,City 5
User 47345,user47345@example.com,City 6
User 47346,user47346@example.com,City 7
User 47347,user47347@example.com,City 8
User 47348,user47348@example.com,City 9
User 47349,user47349@example.com,City 10
User 47350,user47350@example.com,City 1
User 47351,user47351@example.com,City 2
User 47352,user47352@example.com,City 3
User 47353,user47353@example.com,City 4
User 47354,user47354@example.com,City 5
User 47355,user47355@example.com,City 6
User 47356,user47356@example.com,City 7
User 47357,user47357@example.com,City 8
User 47358,user47358@example.com,City 9
User 47359,user47359@example.com,City 10
User 47360,user47360@example.com,City 1
User 47361,user47361@example.com,City 2
User 47362,user47362@example.com,City 3
User 47363,user47363@example.com,City 4
User 47364,user47364@example.com,City 5
User 47365,user47365@example.com,City 6
User 47366,user47366@example.com,City 7
User 47367,user47367@example.com,City 8
User 47368,user47368@example.com,City 9
User 47369,user47369@example.com,City 10
User 47370,user47370@example.com,City 1
User 47371,user47371@example.com,City 2
User 47372,user47372@example.com,City 3
User 47373,user47373@example.com,City 4
User 47374,user47374@example.com,City 5
User 47375,user47375@example.com,City 6
User 47376,user47376@example.com,City 7
User 47377,user47377@example.com,City 8
User 47378,user47378@example.com,City 9
User 47379,user47379@example.com,City 10
User 47380,user47380@example.com,City 1
User 47381,user47381@example.com,City 2
User 47382,user47382@example.com,City 3
User 47383,user47383@example.com,City 4
User 47384,user47384@example.com,City 5
User 47385,user47385@example.com,City 6
User 47386,user47386@example.com,City 7
User 47387,user47387@example.com,City 8
User 47388,user47388@example.com,City 9
User 47389,user47389@example.com,City 10
User 47390,user47390@example.com,City 1
User 47391,user47391@example.com,City 2
User 47392,user47392@example.com,City 3
User 47393,user47393@example.com,City 4
User 47394,user47394@example.com,City 5
User 47395,user47395@example.com,City 6
User 47396,user47396@example.com,City 7
User 47397,user47397@example.com,City 8
User 47398,user47398@example.com,City 9
User 47399,user47399@example.com,City 10
User 47400,user47400@example.com,City 1
User 47401,user47401@example.com,City 2
User 47402,user47402@example.com,City 3
User 47403,user47403@example.com,City 4
User 47404,user47404@example.com,City 5
User 47405,user47405@example.com,City 6
User 47406,user47406@example.com,City 7
User 47407,user47407@example.com,City 8
User 47408,user47408@example.com,City 9
User 47409,user47409@example.com,City 10
User 47410,user47410@example.com,City 1
User 47411,user47411@example.com,City 2
User 47412,user47412@example.com,City 3
User 47413,user47413@example.com,City 4
User 47414,user47414@example.com,City 5
User 47415,user47415@example.com,City 6
User 47416,user47416@example.com,City 7
User 47417,user47417@example.com,City 8
User 47418,user47418@example.com,City 9
User 47419,user47419@example.com,City 10
User 47420,user47420@example.com,City 1
User 47421,user47421@example.com,City 2
User 47422,user47422@example.com,City 3
User 47423,user47423@example.com,City 4
User 47424,user47424@example.com,City 5
User 47425,user47425@example.com,City 6
User 47426,user47426@example.com,City 7
User 47427,user47427@example.com,City 8
User 47428,user47428@example.com,City 9
User 47429,user47429@example.com,City 10
User 47430,user47430@example.com,City 1
User 47431,user47431@example.com,City 2
User 47432,user47432@example.com,City 3
User 47433,user47433@example.com,City 4
User 47434,user47434@example.com,City 5
User 47435,user47435@example.com,City 6
User 47436,user47436@example.com,City 7
User 47437,user47437@example.com,City 8
User 47438,user47438@example.com,City 9
User 47439,user47439@example.com,City 10
User 47440,user47440@example.com,City 1
User 47441,user47441@example.com,City 2
User 47442,user47442@example.com,City 3
User 47443,user47443@example.com,City 4
User 47444,user47444@example.com,City 5
User 47445,user47445@example.com,City 6
User 47446,user47446@example.com,City 7
User 47447,user47447@example.com,City 8
User 47448,user47448@example.com,City 9
User 47449,user47449@example.com,City 10
User 47450,user47450@example.com,City 1
User 47451,user47451@example.com,City 2
User 47452,user47452@example.com,City 3
User 47453,user47453@example.com,City 4
User 47454,user47454@example.com,City 5
User 47455,user47455@example.com,City 6
User 47456,user47456@example.com,City 7
User 47457,user47457@example.com,City 8
User 47458,user47458@example.com,City 9
User 47459,user47459@example.com,City 10
User 47460,user47460@example.com,City 1
User 47461,user47461@example.com,City 2
User 47462,user47462@example.com,City 3
User 47463,user47463@example.com,City 4
User 47464,user47464@example.com,City 5
User 47465,user47465@example.com,City 6
User 47466,user47466@example.com,City 7
User 47467,user47467@example.com,City 8
User 47468,user47468@example.com,City 9
User 47469,user47469@example.com,City 10
User 47470,user47470@example.com,City 1
User 47471,user47471@example.com,City 2
User 47472,user47472@example.com,City 3
User 47473,user47473@example.com,City 4
User 47474,user47474@example.com,City 5
User 47475,user47475@example.com,City 6
User 47476,user47476@example.com,City 7
User 47477,user47477@example.com,City 8
User 47478,user47478@example.com,City 9
User 47479,user47479@example.com,City 10
User 47480,user47480@example.com,City 1
User 47481,user47481@example.com,City 2
User 47482,user47482@example.com,City 3
User 47483,user47483@example.com,City 4
User 47484,user47484@example.com,City 5
User 47485,user47485@example.com,City 6
User 47486,user47486@example.com,City 7
User 47487,user47487@example.com,City 8
User 47488,user47488@example.com,City 9
User 47489,user47489@example.com,City 10
User 47490,user47490@example.com,City 1
User 47491,user47491@example.com,City 2
User 47492,user47492@example.com,City 3
User 47493,user47493@example.com,City 4
User 47494,user47494@example.com,City 5
User 47495,user47495@example.com,City 6
User 47496,user47496@example.com,City 7
User 47497,user47497@example.com,City 8
User 47498,user47498@example.com,City 9
User 47499,user47499@example.com,City 10
User 47500,user47500@example.com,City 1
User 47501,user47501@example.com,City 2
User 47502,user47502@example.com,City 3
User 47503,user47503@example.com,City 4
User 47504,user47504@example.com,City 5
User 47505,user47505@example.com,City 6
User 47506,user47506@example.com,City 7
User 47507,user47507@example.com,City 8
User 47508,user47508@example.com,City 9
User 47509,user47509@example.com,City 10
User 47510,user47510@example.com,City 1
User 47511,user47511@example.com,City 2
User 47512,user47512@example.com,City 3
User 47513,user47513@example.com,City 4
User 47514,user47514@example.com,City 5
User 47515,user47515@example.com,City 6
User 47516,user47516@example.com,City 7
User 47517,user47517@example.com,City 8
User 47518,user47518@example.com,City 9
User 47519,user47519@example.com,City 10
User 47520,user47520@example.com,City 1
User 47521,user47521@example.com,City 2
User 47522,user47522@example.com,City 3
User 47523,user47523@example.com,City 4
User 47524,user47524@example.com,City 5
User 47525,user47525@example.com,City 6
User 47526,user47526@example.com,City 7
User 47527,user47527@example.com,City 8
User 47528,user47528@example.com,City 9
User 47529,user47529@example.com,City 10
User 47530,user47530@example.com,City 1
User 47531,user47531@example.com,City 2
User 47532,user47532@example.com,City 3
User 47533,user47533@example.com,City 4
User 47534,user47534@example.com,City 5
User 47535,user47535@example.com,City 6
User 47536,user47536@example.com,City 7
User 47537,user47537@example.com,City 8
User 47538,user47538@example.com,City 9
User 47539,user47539@example.com,City 10
User 47540,user47540@example.com,City 1
User 47541,user47541@example.com,City 2
User 47542,user47542@example.com,City 3
User 47543,user47543@example.com,City 4
User 47544,user47544@example.com,City 5
User 47545,user47545@example.com,City 6
User 47546,user47546@example.com,City 7
User 47547,user47547@example.com,City 8
User 47548,user47548@example.com,City 9
User 47549,user47549@example.com,City 10
User 47550,user47550@example.com,City 1
User 47551,user47551@example.com,City 2
User 47552,user47552@example.com,City 3
User 47553,user47553@example.com,City 4
User 47554,user47554@example.com,City 5
User 47555,user47555@example.com,City 6
User 47556,user47556@example.com,City 7
User 47557,user47557@example.com,City 8
User 47558,user47558@example.com,City 9
User 47559,user47559@example.com,City 10
User 47560,user47560@example.com,City 1
User 47561,user47561@example.com,City 2
User 47562,user47562@example.com,City 3
User 47563,user47563@example.com,City 4
User 47564,user47564@example.com,City 5
User 47565,user47565@example.com,City 6
User 47566,user47566@example.com,City 7
User 47567,user47567@example.com,City 8
User 47568,user47568@example.com,City 9
User 47569,user47569@example.com,City 10
User 47570,user47570@example.com,City 1
User 47571,user47571@example.com,City 2
User 47572,user47572@example.com,City 3
User 47573,user47573@example.com,City 4
User 47574,user47574@example.com,City 5
User 47575,user47575@example.com,City 6
User 47576,user47576@example.com,City 7
User 47577,user47577@example.com,City 8
User 47578,user47578@example.com,City 9
User 47579,user47579@example.com,City 10
User 47580,user47580@example.com,City 1
User 47581,user47581@example.com,City 2
User 47582,user47582@example.com,City 3
User 47583,user47583@example.com,City 4
User 47584,user47584@example.com,City 5
User 47585,user47585@example.com,City 6
User 47586,user47586@example.com,City 7
User 47587,user47587@example.com,City 8
User 47588,user47588@example.com,City 9
User 47589,user47589@example.com,City 10
User 47590,user47590@example.com,City 1
User 47591,user47591@example.com,City 2
User 47592,user47592@example.com,City 3
User 47593,user47593@example.com,City 4
User 47594,user47594@example.com,City 5
User 47595,user47595@example.com,City 6
User 47596,user47596@example.com,City 7
User 47597,user47597@example.com,City 8
User 47598,user47598@example.com,City 9
User 47599,user47599@example.com,City 10
User 47600,user47600@example.com,City 1
User 47601,user47601@example.com,City 2
User 47602,user47602@example.com,City 3
User 47603,user47603@example.com,City 4
User 47604,user47604@example.com,City 5
User 47605,user47605@example.com,City 6
User 47606,user47606@example.com,City 7
User 47607,user47607@example.com,City 8
User 47608,user47608@example.com,City 9
User 47609,user47609@example.com,City 10
User 47610,user47610@example.com,City 1
User 47611,user47611@example.com,City 2
User 47612,user47612@example.com,City 3
User 47613,user47613@example.com,City 4
User 47614,user47614@example.com,City 5
User 47615,user47615@example.com,City 6
User 47616,user47616@example.com,City 7
User 47617,user47617@example.com,City 8
User 47618,user47618@example.com,City 9
User 47619,user47619@example.com,City 10
User 47620,user47620@example.com,City 1
User 47621,user47621@example.com,City 2
User 47622,user47622@example.com,City 3
User 47623,user47623@example.com,City 4
User 47624,user47624@example.com,City 5
User 47625,user47625@example.com,City 6
User 47626,user47626@example.com,City 7
User 47627,user47627@example.com,City 8
User 47628,user47628@example.com,City 9
User 47629,user47629@example.com,City 10
User 47630,user47630@example.com,City 1
User 47631,user47631@example.com,City 2
User 47632,user47632@example.com,City 3
User 47633,user47633@example.com,City 4
User 47634,user47634@example.com,City 5
User 47635,user47635@example.com,City 6
User 47636,user47636@example.com,City 7
User 47637,user47637@example.com,City 8
User 47638,user47638@example.com,City 9
User 47639,user47639@example.com,City 10
User 47640,user47640@example.com,City 1
User 47641,user47641@example.com,City 2
User 47642,user47642@example.com,City 3
User 47643,user47643@example.com,City 4
User 47644,user47644@example.com,City 5
User 47645,user47645@example.com,City 6
User 47646,user47646@example.com,City 7
User 47647,user47647@example.com,City 8
User 47648,user47648@example.com,City 9
User 47649,user47649@example.com,City 10
User 47650,user47650@example.com,City 1
User 47651,user47651@example.com,City 2
User 47652,user47652@example.com,City 3
User 47653,user47653@example.com,City 4
User 47654,user47654@example.com,City 5
User 47655,user47655@example.com,City 6
User 47656,user47656@example.com,City 7
User 47657,user47657@example.com,City 8
User 47658,user47658@example.com,City 9
User 47659,user47659@example.com,City 10
User 47660,user47660@example.com,City 1
User 47661,user47661@example.com,City 2
User 47662,user47662@example.com,City 3
User 47663,user47663@example.com,City 4
User 47664,user47664@example.com,City 5
User 47665,user47665@example.com,City 6
User 47666,user47666@example.com,City 7
User 47667,user47667@example.com,City 8
User 47668,user47668@example.com,City 9
User 47669,user47669@example.com,City 10
User 47670,user47670@example.com,City 1
User 47671,user47671@example.com,City 2
User 47672,user47672@example.com,City 3
User 47673,user47673@example.com,City 4
User 47674,user47674@example.com,City 5
User 47675,user47675@example.com,City 6
User 47676,user47676@example.com,City 7
User 47677,user47677@example.com,City 8
User 47678,user47678@example.com,City 9
User 47679,user47679@example.com,City 10
User 47680,user47680@example.com,City 1
User 47681,user47681@example.com,City 2
User 47682,user47682@example.com,City 3
User 47683,user47683@example.com,City 4
User 47684,user47684@example.com,City 5
User 47685,user47685@example.com,City 6
User 47686,user47686@example.com,City 7
User 47687,user47687@example.com,City 8
User 47688,user47688@example.com,City 9
User 47689,user47689@example.com,City 10
User 47690,user47690@example.com,City 1
User 47691,user47691@example.com,City 2
User 47692,user47692@example.com,City 3
User 47693,user47693@example.com,City 4
User 47694,user47694@example.com,City 5
User 47695,user47695@example.com,City 6
User 47696,user47696@example.com,City 7
User 47697,user47697@example.com,City 8
User 47698,user47698@example.com,City 9
User 47699,user47699@example.com,City 10
User 47700,user47700@example.com,City 1
User 47701,user47701@example.com,City 2
User 47702,user47702@example.com,City 3
User 47703,user47703@example.com,City 4
User 47704,user47704@example.com,City 5
User 47705,user47705@example.com,City 6
User 47706,user47706@example.com,City 7
User 47707,user47707@example.com,City 8
User 47708,user47708@example.com,City 9
User 47709,user47709@example.com,City 10
User 47710,user47710@example.com,City 1
User 47711,user47711@example.com,City 2
User 47712,user47712@example.com,City 3
User 47713,user47713@example.com,City 4
User 47714,user47714@example.com,City 5
User 47715,user47715@example.com,City 6
User 47716,user47716@example.com,City 7
User 47717,user47717@example.com,City 8
User 47718,user47718@example.com,City 9
User 47719,user47719@example.com,City 10
User 47720,user47720@example.com,City 1
User 47721,user47721@example.com,City 2
User 47722,user47722@example.com,City 3
User 47723,user47723@example.com,City 4
User 47724,user47724@example.com,City 5
User 47725,user47725@example.com,City 6
User 47726,user47726@example.com,City 7
User 47727,user47727@example.com,City 8
User 47728,user47728@example.com,City 9
User 47729,user47729@example.com,City 10
User 47730,user47730@example.com,City 1
User 47731,user47731@example.com,City 2
User 47732,user47732@example.com,City 3
User 47733,user47733@example.com,City 4
User 47734,user47734@example.com,City 5
User 47735,user47735@example.com,City 6
User 47736,user47736@example.com,City 7
User 47737,user47737@example.com,City 8
User 47738,user47738@example.com,City 9
User 47739,user47739@example.com,City 10
User 47740,user47740@example.com,City 1
User 47741,user47741@example.com,City 2
User 47742,user47742@example.com,City 3
User 47743,user47743@example.com,City 4
User 47744,user47744@example.com,City 5
User 47745,user47745@example.com,City 6
User 47746,user47746@example.com,City 7
User 47747,user47747@example.com,City 8
User 47748,user47748@example.com,City 9
User 47749,user47749@example.com,City 10
User 47750,user47750@example.com,City 1
User 47751,user47751@example.com,City 2
User 47752,user47752@example.com,City 3
User 47753,user47753@example.com,City 4
User 47754,user47754@example.com,City 5
User 47755,user47755@example.com,City 6
User 47756,user47756@example.com,City 7
User 47757,user47757@example.com,City 8
User 47758,user47758@example.com,City 9
User 47759,user47759@example.com,City 10
User 47760,user47760@example.com,City 1
User 47761,user47761@example.com,City 2
User 47762,user47762@example.com,City 3
User 47763,user47763@example.com,City 4
User 47764,user47764@example.com,City 5
User 47765,user47765@example.com,City 6
User 47766,user47766@example.com,City 7
User 47767,user47767@example.com,City 8
User 47768,user47768@example.com,City 9
User 47769,user47769@example.com,City 10
User 47770,user47770@example.com,City 1
User 47771,user47771@example.com,City 2
User 47772,user47772@example.com,City 3
User 47773,user47773@example.com,City 4
User 47774,user47774@example.com,City 5
User 47775,user47775@example.com,City 6
User 47776,user47776@example.com,City 7
User 47777,user47777@example.com,City 8
User 47778,user47778@example.com,City 9
User 47779,user47779@example.com,City 10
User 47780,user47780@example.com,City 1
User 47781,user47781@example.com,City 2
User 47782,user47782@example.com,City 3
User 47783,user47783@example.com,City 4
User 47784,user47784@example.com,City 5
User 47785,user47785@example.com,City 6
User 47786,user47786@example.com,City 7
User 47787,user47787@example.com,City 8
User 47788,user47788@example.com,City 9
User 47789,user47789@example.com,City 10
User 47790,user47790@example.com,City 1
User 47791,user47791@example.com,City 2
User 47792,user47792@example.com,City 3
User 47793,user47793@example.com,City 4
User 47794,user47794@example.com,City 5
User 47795,user47795@example.com,City 6
User 47796,user47796@example.com,City 7
User 47797,user47797@example.com,City 8
User 47798,user47798@example.com,City 9
User 47799,user47799@example.com,City 10
User 47800,user47800@example.com,City 1
User 47801,user47801@example.com,City 2
User 47802,user47802@example.com,City 3
User 47803,user47803@example.com,City 4
User 47804,user47804@example.com,City 5
User 47805,user47805@example.com,City 6
User 47806,user47806@example.com,City 7
User 47807,user47807@example.com,City 8
User 47808,user47808@example.com,City 9
User 47809,user47809@example.com,City 10
User 47810,user47810@example.com,City 1
User 47811,user47811@example.com,City 2
User 47812,user47812@example.com,City 3
User 47813,user47813@example.com,City 4
User 47814,user47814@example.com,City 5
User 47815,user47815@example.com,City 6
User 47816,user47816@example.com,City 7
User 47817,user47817@example.com,City 8
User 47818,user47818@example.com,City 9
User 47819,user47819@example.com,City 10
User 47820,user47820@example.com,City 1
User 47821,user47821@example.com,City 2
User 47822,user47822@example.com,City 3
User 47823,user47823@example.com,City 4
User 47824,user47824@example.com,City 5
User 47825,user47825@example.com,City 6
User 47826,user47826@example.com,City 7
User 47827,user47827@example.com,City 8
User 47828,user47828@example.com,City 9
User 47829,user47829@example.com,City 10
User 47830,user47830@example.com,City 1
User 47831,user47831@example.com,City 2
User 47832,user47832@example.com,City 3
User 47833,user47833@example.com,City 4
User 47834,user47834@example.com,City 5
User 47835,user47835@example.com,City 6
User 47836,user47836@example.com,City 7
User 47837,user47837@example.com,City 8
User 47838,user47838@example.com,City 9
User 47839,user47839@example.com,City 10
User 47840,user47840@example.com,City 1
User 47841,user47841@example.com,City 2
User 47842,user47842@example.com,City 3
User 47843,user47843@example.com,City 4
User 47844,user47844@example.com,City 5
User 47845,user47845@example.com,City 6
User 47846,user47846@example.com,City 7
User 47847,user47847@example.com,City 8
User 47848,user47848@example.com,City 9
User 47849,user47849@example.com,City 10
User 47850,user47850@example.com,City 1
User 47851,user47851@example.com,City 2
User 47852,user47852@example.com,City 3
User 47853,user47853@example.com,City 4
User 47854,user47854@example.com,City 5
User 47855,user47855@example.com,City 6
User 47856,user47856@example.com,City 7
User 47857,user47857@example.com,City 8
User 47858,user47858@example.com,City 9
User 47859,user47859@example.com,City 10
User 47860,user47860@example.com,City 1
User 47861,user47861@example.com,City 2
User 47862,user47862@example.com,City 3
User 47863,user47863@example.com,City 4
User 47864,user47864@example.com,City 5
User 47865,user47865@example.com,City 6
User 47866,user47866@example.com,City 7
User 47867,user47867@example.com,City 8
User 47868,user47868@example.com,City 9
User 47869,user47869@example.com,City 10
User 47870,user47870@example.com,City 1
User 47871,user47871@example.com,City 2
User 47872,user47872@example.com,City 3
User 47873,user47873@example.com,City 4
User 47874,user47874@example.com,City 5
User 47875,user47875@example.com,City 6
User 47876,user47876@example.com,City 7
User 47877,user47877@example.com,City 8
User 47878,user47878@example.com,City 9
User 47879,user47879@example.com,City 10
User 47880,user47880@example.com,City 1
User 47881,user47881@example.com,City 2
User 47882,user47882@example.com,City 3
User 47883,user47883@example.com,City 4
User 47884,user47884@example.com,City 5
User 47885,user47885@example.com,City 6
User 47886,user47886@example.com,City 7
User 47887,user47887@example.com,City 8
User 47888,user47888@example.com,City 9
User 47889,user47889@example.com,City 10
User 47890,user47890@example.com,City 1
User 47891,user47891@example.com,City 2
User 47892,user47892@example.com,City 3
User 47893,user47893@example.com,City 4
User 47894,user47894@example.com,City 5
User 47895,user47895@example.com,City 6
User 47896,user47896@example.com,City 7
User 47897,user47897@example.com,City 8
User 47898,user47898@example.com,City 9
User 47899,user47899@example.com,City 10
User 47900,user47900@example.com,City 1
User 47901,user47901@example.com,City 2
User 47902,user47902@example.com,City 3
User 47903,user47903@example.com,City 4
User 47904,user47904@example.com,City 5
User 47905,user47905@example.com,City 6
User 47906,user47906@example.com,City 7
User 47907,user47907@example.com,City 8
User 47908,user47908@example.com,City 9
User 47909,user47909@example.com,City 10
User 47910,user47910@example.com,City 1
User 47911,user47911@example.com,City 2
User 47912,user47912@example.com,City 3
User 47913,user47913@example.com,City 4
User 47914,user47914@example.com,City 5
User 47915,user47915@example.com,City 6
User 47916,user47916@example.com,City 7
User 47917,user47917@example.com,City 8
User 47918,user47918@example.com,City 9
User 47919,user47919@example.com,City 10
User 47920,user47920@example.com,City 1
User 47921,user47921@example.com,City 2
User 47922,user47922@example.com,City 3
User 47923,user47923@example.com,City 4
User 47924,user47924@example.com,City 5
User 47925,user47925@example.com,City 6
User 47926,user47926@example.com,City 7
User 47927,user47927@example.com,City 8
User 47928,user47928@example.com,City 9
User 47929,user47929@example.com,City 10
User 47930,user47930@example.com,City 1
User 47931,user47931@example.com,City 2
User 47932,user47932@example.com,City 3
User 47933,user47933@example.com,City 4
User 47934,user47934@example.com,City 5
User 47935,user47935@example.com,City 6
User 47936,user47936@example.com,City 7
User 47937,user47937@example.com,City 8
User 47938,user47938@example.com,City 9
User 47939,user47939@example.com,City 10
User 47940,user47940@example.com,City 1
User 47941,user47941@example.com,City 2
User 47942,user47942@example.com,City 3
User 47943,user47943@example.com,City 4
User 47944,user47944@example.com,City 5
User 47945,user47945@example.com,City 6
User 47946,user47946@example.com,City 7
User 47947,user47947@example.com,City 8
User 47948,user47948@example.com,City 9
User 47949,user47949@example.com,City 10
User 47950,user47950@example.com,City 1
User 47951,user47951@example.com,City 2
User 47952,user47952@example.com,City 3
User 47953,user47953@example.com,City 4
User 47954,user47954@example.com,City 5
User 47955,user47955@example.com,City 6
User 47956,user47956@example.com,City 7
User 47957,user47957@example.com,City 8
User 47958,user47958@example.com,City 9
User 47959,user47959@example.com,City 10
User 47960,user47960@example.com,City 1
User 47961,user47961@example.com,City 2
User 47962,user47962@example.com,City 3
User 47963,user47963@example.com,City 4
User 47964,user47964@example.com,City 5
User 47965,user47965@example.com,City 6
User 47966,user47966@example.com,City 7
User 47967,user47967@example.com,City 8
User 47968,user47968@example.com,City 9
User 47969,user47969@example.com,City 10
User 47970,user47970@example.com,City 1
User 47971,user47971@example.com,City 2
User 47972,user47972@example.com,City 3
User 47973,user47973@example.com,City 4
User 47974,user47974@example.com,City 5
User 47975,user47975@example.com,City 6
User 47976,user47976@example.com,City 7
User 47977,user47977@example.com,City 8
User 47978,user47978@example.com,City 9
User 47979,user47979@example.com,City 10
User 47980,user47980@example.com,City 1
User 47981,user47981@example.com,City 2
User 47982,user47982@example.com,City 3
User 47983,user47983@example.com,City 4
User 47984,user47984@example.com,City 5
User 47985,user47985@example.com,City 6
User 47986,user47986@example.com,City 7
User 47987,user47987@example.com,City 8
User 47988,user47988@example.com,City 9
User 47989,user47989@example.com,City 10
User 47990,user47990@example.com,City 1
User 47991,user47991@example.com,City 2
User 47992,user47992@example.com,City 3
User 47993,user47993@example.com,City 4
User 47994,user47994@example.com,City 5
User 47995,user47995@example.com,City 6
User 47996,user47996@example.com,City 7
User 47997,user47997@example.com,City 8
User 47998,user47998@example.com,City 9
User 47999,user47999@example.com,City 10
User 48000,user48000@example.com,City 1
User 48001,user48001@example.com,City 2
User 48002,user48002@example.com,City 3
User 48003,user48003@example.com,City 4
User 48004,user48004@example.com,City 5
User 48005,user48005@example.com,City 6
User 48006,user48006@example.com,City 7
User 48007,user48007@example.com,City 8
User 48008,user48008@example.com,City 9
User 48009,user48009@example.com,City 10
User 48010,user48010@example.com,City 1
User 48011,user48011@example.com,City 2
User 48012,user48012@example.com,City 3
User 48013,user48013@example.com,City 4
User 48014,user48014@example.com,City 5
User 48015,user48015@example.com,City 6
User 48016,user48016@example.com,City 7
User 48017,user48017@example.com,City 8
User 48018,user48018@example.com,City 9
User 48019,user48019@example.com,City 10
User 48020,user48020@example.com,City 1
User 48021,user48021@example.com,City 2
User 48022,user48022@example.com,City 3
User 48023,user48023@example.com,City 4
User 48024,user48024@example.com,City 5
User 48025,user48025@example.com,City 6
User 48026,user48026@example.com,City 7
User 48027,user48027@example.com,City 8
User 48028,user48028@example.com,City 9
User 48029,user48029@example.com,City 10
User 48030,user48030@example.com,City 1
User 48031,user48031@example.com,City 2
User 48032,user48032@example.com,City 3
User 48033,user48033@example.com,City 4
User 48034,user48034@example.com,City 5
User 48035,user48035@example.com,City 6
User 48036,user48036@example.com,City 7
User 48037,user48037@example.com,City 8
User 48038,user48038@example.com,City 9
User 48039,user48039@example.com,City 10
User 48040,user48040@example.com,City 1
User 48041,user48041@example.com,City 2
User 48042,user48042@example.com,City 3
User 48043,user48043@example.com,City 4
User 48044,user48044@example.com,City 5
User 48045,user48045@example.com,City 6
User 48046,user48046@example.com,City 7
User 48047,user48047@example.com,City 8
User 48048,user48048@example.com,City 9
User 48049,user48049@example.com,City 10
User 48050,user48050@example.com,City 1
User 48051,user48051@example.com,City 2
User 48052,user48052@example.com,City 3
User 48053,user48053@example.com,City 4
User 48054,user48054@example.com,City 5
User 48055,user48055@example.com,City 6
User 48056,user48056@example.com,City 7
User 48057,user48057@example.com,City 8
User 48058,user48058@example.com,City 9
User 48059,user48059@example.com,City 10
User 48060,user48060@example.com,City 1
User 48061,user48061@example.com,City 2
User 48062,user48062@example.com,City 3
User 48063,user48063@example.com,City 4
User 48064,user48064@example.com,City 5
User 48065,user48065@example.com,City 6
User 48066,user48066@example.com,City 7
User 48067,user48067@example.com,City 8
User 48068,user48068@example.com,City 9
User 48069,user48069@example.com,City 10
User 48070,user48070@example.com,City 1
User 48071,user48071@example.com,City 2
User 48072,user48072@example.com,City 3
User 48073,user48073@example.com,City 4
User 48074,user48074@example.com,City 5
User 48075,user48075@example.com,City 6
User 48076,user48076@example.com,City 7
User 48077,user48077@example.com,City 8
User 48078,user48078@example.com,City 9
User 48079,user48079@example.com,City 10
User 48080,user48080@example.com,City 1
User 48081,user48081@example.com,City 2
User 48082,user48082@example.com,City 3
User 48083,user48083@example.com,City 4
User 48084,user48084@example.com,City 5
User 48085,user48085@example.com,City 6
User 48086,user48086@example.com,City 7
User 48087,user48087@example.com,City 8
User 48088,user48088@example.com,City 9
User 48089,user48089@example.com,City 10
User 48090,user48090@example.com,City 1
User 48091,user48091@example.com,City 2
User 48092,user48092@example.com,City 3
User 48093,user48093@example.com,City 4
User 48094,user48094@example.com,City 5
User 48095,user48095@example.com,City 6
User 48096,user48096@example.com,City 7
User 48097,user48097@example.com,City 8
User 48098,user48098@example.com,City 9
User 48099,user48099@example.com,City 10
User 48100,user48100@example.com,City 1
User 48101,user48101@example.com,City 2
User 48102,user48102@example.com,City 3
User 48103,user48103@example.com,City 4
User 48104,user48104@example.com,City 5
User 48105,user48105@example.com,City 6
User 48106,user48106@example.com,City 7
User 48107,user48107@example.com,City 8
User 48108,user48108@example.com,City 9
User 48109,user48109@example.com,City 10
User 48110,user48110@example.com,City 1
User 48111,user48111@example.com,City 2
User 48112,user48112@example.com,City 3
User 48113,user48113@example.com,City 4
User 48114,user48114@example.com,City 5
User 48115,user48115@example.com,City 6
User 48116,user48116@example.com,City 7
User 48117,user48117@example.com,City 8
User 48118,user48118@example.com,City 9
User 48119,user48119@example.com,City 10
User 48120,user48120@example.com,City 1
User 48121,user48121@example.com,City 2
User 48122,user48122@example.com,City 3
User 48123,user48123@example.com,City 4
User 48124,user48124@example.com,City 5
User 48125,user48125@example.com,City 6
User 48126,user48126@example.com,City 7
User 48127,user48127@example.com,City 8
User 48128,user48128@example.com,City 9
User 48129,user48129@example.com,City 10
User 48130,user48130@example.com,City 1
User 48131,user48131@example.com,City 2
User 48132,user48132@example.com,City 3
User 48133,user48133@example.com,City 4
User 48134,user48134@example.com,City 5
User 48135,user48135@example.com,City 6
User 48136,user48136@example.com,City 7
User 48137,user48137@example.com,City 8
User 48138,user48138@example.com,City 9
User 48139,user48139@example.com,City 10
User 48140,user48140@example.com,City 1
User 48141,user48141@example.com,City 2
User 48142,user48142@example.com,City 3
User 48143,user48143@example.com,City 4
User 48144,user48144@example.com,City 5
User 48145,user48145@example.com,City 6
User 48146,user48146@example.com,City 7
User 48147,user48147@example.com,City 8
User 48148,user48148@example.com,City 9
User 48149,user48149@example.com,City 10
User 48150,user48150@example.com,City 1
User 48151,user48151@example.com,City 2
User 48152,user48152@example.com,City 3
User 48153,user48153@example.com,City 4
User 48154,user48154@example.com,City 5
User 48155,user48155@example.com,City 6
User 48156,user48156@example.com,City 7
User 48157,user48157@example.com,City 8
User 48158,user48158@example.com,City 9
User 48159,user48159@example.com,City 10
User 48160,user48160@example.com,City 1
User 48161,user48161@example.com,City 2
User 48162,user48162@example.com,City 3
User 48163,user48163@example.com,City 4
User 48164,user48164@example.com,City 5
User 48165,user48165@example.com,City 6
User 48166,user48166@example.com,City 7
User 48167,user48167@example.com,City 8
User 48168,user48168@example.com,City 9
User 48169,user48169@example.com,City 10
User 48170,user48170@example.com,City 1
User 48171,user48171@example.com,City 2
User 48172,user48172@example.com,City 3
User 48173,user48173@example.com,City 4
User 48174,user48174@example.com,City 5
User 48175,user48175@example.com,City 6
User 48176,user48176@example.com,City 7
User 48177,user48177@example.com,City 8
User 48178,user48178@example.com,City 9
User 48179,user48179@example.com,City 10
User 48180,user48180@example.com,City 1
User 48181,user48181@example.com,City 2
User 48182,user48182@example.com,City 3
User 48183,user48183@example.com,City 4
User 48184,user48184@example.com,City 5
User 48185,user48185@example.com,City 6
User 48186,user48186@example.com,City 7
User 48187,user48187@example.com,City 8
User 48188,user48188@example.com,City 9
User 48189,user48189@example.com,City 10
User 48190,user48190@example.com,City 1
User 48191,user48191@example.com,City 2
User 48192,user48192@example.com,City 3
User 48193,user48193@example.com,City 4
User 48194,user48194@example.com,City 5
User 48195,user48195@example.com,City 6
User 48196,user48196@example.com,City 7
User 48197,user48197@example.com,City 8
User 48198,user48198@example.com,City 9
User 48199,user48199@example.com,City 10
User 48200,user48200@example.com,City 1
User 48201,user48201@example.com,City 2
User 48202,user48202@example.com,City 3
User 48203,user48203@example.com,City 4
User 48204,user48204@example.com,City 5
User 48205,user48205@example.com,City 6
User 48206,user48206@example.com,City 7
User 48207,user48207@example.com,City 8
User 48208,user48208@example.com,City 9
User 48209,user48209@example.com,City 10
User 48210,user48210@example.com,City 1
User 48211,user48211@example.com,City 2
User 48212,user48212@example.com,City 3
User 48213,user48213@example.com,City 4
User 48214,user48214@example.com,City 5
User 48215,user48215@example.com,City 6
User 48216,user48216@example.com,City 7
User 48217,user48217@example.com,City 8
User 48218,user48218@example.com,City 9
User 48219,user48219@example.com,City 10
User 48220,user48220@example.com,City 1
User 48221,user48221@example.com,City 2
User 48222,user48222@example.com,City 3
User 48223,user48223@example.com,City 4
User 48224,user48224@example.com,City 5
User 48225,user48225@example.com,City 6
User 48226,user48226@example.com,City 7
User 48227,user48227@example.com,City 8
User 48228,user48228@example.com,City 9
User 48229,user48229@example.com,City 10
User 48230,user48230@example.com,City 1
User 48231,user48231@example.com,City 2
User 48232,user48232@example.com,City 3
User 48233,user48233@example.com,City 4
User 48234,user48234@example.com,City 5
User 48235,user48235@example.com,City 6
User 48236,user48236@example.com,City 7
User 48237,user48237@example.com,City 8
User 48238,user48238@example.com,City 9
User 48239,user48239@example.com,City 10
User 48240,user48240@example.com,City 1
User 48241,user48241@example.com,City 2
User 48242,user48242@example.com,City 3
User 48243,user48243@example.com,City 4
User 48244,user48244@example.com,City 5
User 48245,user48245@example.com,City 6
User 48246,user48246@example.com,City 7
User 48247,user48247@example.com,City 8
User 48248,user48248@example.com,City 9
User 48249,user48249@example.com,City 10
User 48250,user48250@example.com,City 1
User 48251,user48251@example.com,City 2
User 48252,user48252@example.com,City 3
User 48253,user48253@example.com,City 4
User 48254,user48254@example.com,City 5
User 48255,user48255@example.com,City 6
User 48256,user48256@example.com,City 7
User 48257,user48257@example.com,City 8
User 48258,user48258@example.com,City 9
User 48259,user48259@example.com,City 10
User 48260,user48260@example.com,City 1
User 48261,user48261@example.com,City 2
User 48262,user48262@example.com,City 3
User 48263,user48263@example.com,City 4
User 48264,user48264@example.com,City 5
User 48265,user48265@example.com,City 6
User 48266,user48266@example.com,City 7
User 48267,user48267@example.com,City 8
User 48268,user48268@example.com,City 9
User 48269,user48269@example.com,City 10
User 48270,user48270@example.com,City 1
User 48271,user48271@example.com,City 2
User 48272,user48272@example.com,City 3
User 48273,user48273@example.com,City 4
User 48274,user48274@example.com,City 5
User 48275,user48275@example.com,City 6
User 48276,user48276@example.com,City 7
User 48277,user48277@example.com,City 8
User 48278,user48278@example.com,City 9
User 48279,user48279@example.com,City 10
User 48280,user48280@example.com,City 1
User 48281,user48281@example.com,City 2
User 48282,user48282@example.com,City 3
User 48283,user48283@example.com,City 4
User 48284,user48284@example.com,City 5
User 48285,user48285@example.com,City 6
User 48286,user48286@example.com,City 7
User 48287,user48287@example.com,City 8
User 48288,user48288@example.com,City 9
User 48289,user48289@example.com,City 10
User 48290,user48290@example.com,City 1
User 48291,user48291@example.com,City 2
User 48292,user48292@example.com,City 3
User 48293,user48293@example.com,City 4
User 48294,user48294@example.com,City 5
User 48295,user48295@example.com,City 6
User 48296,user48296@example.com,City 7
User 48297,user48297@example.com,City 8
User 48298,user48298@example.com,City 9
User 48299,user48299@example.com,City 10
User 48300,user48300@example.com,City 1
User 48301,user48301@example.com,City 2
User 48302,user48302@example.com,City 3
User 48303,user48303@example.com,City 4
User 48304,user48304@example.com,City 5
User 48305,user48305@example.com,City 6
User 48306,user48306@example.com,City 7
User 48307,user48307@example.com,City 8
User 48308,user48308@example.com,City 9
User 48309,user48309@example.com,City 10
User 48310,user48310@example.com,City 1
User 48311,user48311@example.com,City 2
User 48312,user48312@example.com,City 3
User 48313,user48313@example.com,City 4
User 48314,user48314@example.com,City 5
User 48315,user48315@example.com,City 6
User 48316,user48316@example.com,City 7
User 48317,user48317@example.com,City 8
User 48318,user48318@example.com,City 9
User 48319,user48319@example.com,City 10
User 48320,user48320@example.com,City 1
User 48321,user48321@example.com,City 2
User 48322,user48322@example.com,City 3
User 48323,user48323@example.com,City 4
User 48324,user48324@example.com,City 5
User 48325,user48325@example.com,City 6
User 48326,user48326@example.com,City 7
User 48327,user48327@example.com,City 8
User 48328,user48328@example.com,City 9
User 48329,user48329@example.com,City 10
User 48330,user48330@example.com,City 1
User 48331,user48331@example.com,City 2
User 48332,user48332@example.com,City 3
User 48333,user48333@example.com,City 4
User 48334,user48334@example.com,City 5
User 48335,user48335@example.com,City 6
User 48336,user48336@example.com,City 7
User 48337,user48337@example.com,City 8
User 48338,user48338@example.com,City 9
User 48339,user48339@example.com,City 10
User 48340,user48340@example.com,City 1
User 48341,user48341@example.com,City 2
User 48342,user48342@example.com,City 3
User 48343,user48343@example.com,City 4
User 48344,user48344@example.com,City 5
User 48345,user48345@example.com,City 6
User 48346,user48346@example.com,City 7
User 48347,user48347@example.com,City 8
User 48348,user48348@example.com,City 9
User 48349,user48349@example.com,City 10
User 48350,user48350@example.com,City 1
User 48351,user48351@example.com,City 2
User 48352,user48352@example.com,City 3
User 48353,user48353@example.com,City 4
User 48354,user48354@example.com,City 5
User 48355,user48355@example.com,City 6
User 48356,user48356@example.com,City 7
User 48357,user48357@example.com,City 8
User 48358,user48358@example.com,City 9
User 48359,user48359@example.com,City 10
User 48360,user48360@example.com,City 1
User 48361,user48361@example.com,City 2
User 48362,user48362@example.com,City 3
User 48363,user48363@example.com,City 4
User 48364,user48364@example.com,City 5
User 48365,user48365@example.com,City 6
User 48366,user48366@example.com,City 7
User 48367,user48367@example.com,City 8
User 48368,user48368@example.com,City 9
User 48369,user48369@example.com,City 10
User 48370,user48370@example.com,City 1
User 48371,user48371@example.com,City 2
User 48372,user48372@example.com,City 3
User 48373,user48373@example.com,City 4
User 48374,user48374@example.com,City 5
User 48375,user48375@example.com,City 6
User 48376,user48376@example.com,City 7
User 48377,user48377@example.com,City 8
User 48378,user48378@example.com,City 9
User 48379,user48379@example.com,City 10
User 48380,user48380@example.com,City 1
User 48381,user48381@example.com,City 2
User 48382,user48382@example.com,City 3
User 48383,user48383@example.com,City 4
User 48384,user48384@example.com,City 5
User 48385,user48385@example.com,City 6
User 48386,user48386@example.com,City 7
User 48387,user48387@example.com,City 8
User 48388,user48388@example.com,City 9
User 48389,user48389@example.com,City 10
User 48390,user48390@example.com,City 1
User 48391,user48391@example.com,City 2
User 48392,user48392@example.com,City 3
User 48393,user48393@example.com,City 4
User 48394,user48394@example.com,City 5
User 48395,user48395@example.com,City 6
User 48396,user48396@example.com,City 7
User 48397,user48397@example.com,City 8
User 48398,user48398@example.com,City 9
User 48399,user48399@example.com,City 10
User 48400,user48400@example.com,City 1
User 48401,user48401@example.com,City 2
User 48402,user48402@example.com,City 3
User 48403,user48403@example.com,City 4
User 48404,user48404@example.com,City 5
User 48405,user48405@example.com,City 6
User 48406,user48406@example.com,City 7
User 48407,user48407@example.com,City 8
User 48408,user48408@example.com,City 9
User 48409,user48409@example.com,City 10
User 48410,user48410@example.com,City 1
User 48411,user48411@example.com,City 2
User 48412,user48412@example.com,City 3
User 48413,user48413@example.com,City 4
User 48414,user48414@example.com,City 5
User 48415,user48415@example.com,City 6
User 48416,user48416@example.com,City 7
User 48417,user48417@example.com,City 8
User 48418,user48418@example.com,City 9
User 48419,user48419@example.com,City 10
User 48420,user48420@example.com,City 1
User 48421,user48421@example.com,City 2
User 48422,user48422@example.com,City 3
User 48423,user48423@example.com,City 4
User 48424,user48424@example.com,City 5
User 48425,user48425@example.com,City 6
User 48426,user48426@example.com,City 7
User 48427,user48427@example.com,City 8
User 48428,user48428@example.com,City 9
User 48429,user48429@example.com,City 10
User 48430,user48430@example.com,City 1
User 48431,user48431@example.com,City 2
User 48432,user48432@example.com,City 3
User 48433,user48433@example.com,City 4
User 48434,user48434@example.com,City 5
User 48435,user48435@example.com,City 6
User 48436,user48436@example.com,City 7
User 48437,user48437@example.com,City 8
User 48438,user48438@example.com,City 9
User 48439,user48439@example.com,City 10
User 48440,user48440@example.com,City 1
User 48441,user48441@example.com,City 2
User 48442,user48442@example.com,City 3
User 48443,user48443@example.com,City 4
User 48444,user48444@example.com,City 5
User 48445,user48445@example.com,City 6
User 48446,user48446@example.com,City 7
User 48447,user48447@example.com,City 8
User 48448,user48448@example.com,City 9
User 48449,user48449@example.com,City 10
User 48450,user48450@example.com,City 1
User 48451,user48451@example.com,City 2
User 48452,user48452@example.com,City 3
User 48453,user48453@example.com,City 4
User 48454,user48454@example.com,City 5
User 48455,user48455@example.com,City 6
User 48456,user48456@example.com,City 7
User 48457,user48457@example.com,City 8
User 48458,user48458@example.com,City 9
User 48459,user48459@example.com,City 10
User 48460,user48460@example.com,City 1
User 48461,user48461@example.com,City 2
User 48462,user48462@example.com,City 3
User 48463,user48463@example.com,City 4
User 48464,user48464@example.com,City 5
User 48465,user48465@example.com,City 6
User 48466,user48466@example.com,City 7
User 48467,user48467@example.com,City 8
User 48468,user48468@example.com,City 9
User 48469,user48469@example.com,City 10
User 48470,user48470@example.com,City 1
User 48471,user48471@example.com,City 2
User 48472,user48472@example.com,City 3
User 48473,user48473@example.com,City 4
User 48474,user48474@example.com,City 5
User 48475,user48475@example.com,City 6
User 48476,user48476@example.com,City 7
User 48477,user48477@example.com,City 8
User 48478,user48478@example.com,City 9
User 48479,user48479@example.com,City 10
User 48480,user48480@example.com,City 1
User 48481,user48481@example.com,City 2
User 48482,user48482@example.com,City 3
User 48483,user48483@example.com,City 4
User 48484,user48484@example.com,City 5
User 48485,user48485@example.com,City 6
User 48486,user48486@example.com,City 7
User 48487,user48487@example.com,City 8
User 48488,user48488@example.com,City 9
User 48489,user48489@example.com,City 10
User 48490,user48490@example.com,City 1
User 48491,user48491@example.com,City 2
User 48492,user48492@example.com,City 3
User 48493,user48493@example.com,City 4
User 48494,user48494@example.com,City 5
User 48495,user48495@example.com,City 6
User 48496,user48496@example.com,City 7
User 48497,user48497@example.com,City 8
User 48498,user48498@example.com,City 9
User 48499,user48499@example.com,City 10
User 48500,user48500@example.com,City 1
User 48501,user48501@example.com,City 2
User 48502,user48502@example.com,City 3
User 48503,user48503@example.com,City 4
User 48504,user48504@example.com,City 5
User 48505,user48505@example.com,City 6
User 48506,user48506@example.com,City 7
User 48507,user48507@example.com,City 8
User 48508,user48508@example.com,City 9
User 48509,user48509@example.com,City 10
User 48510,user48510@example.com,City 1
User 48511,user48511@example.com,City 2
User 48512,user48512@example.com,City 3
User 48513,user48513@example.com,City 4
User 48514,user48514@example.com,City 5
User 48515,user48515@example.com,City 6
User 48516,user48516@example.com,City 7
User 48517,user48517@example.com,City 8
User 48518,user48518@example.com,City 9
User 48519,user48519@example.com,City 10
User 48520,user48520@example.com,City 1
User 48521,user48521@example.com,City 2
User 48522,user48522@example.com,City 3
User 48523,user48523@example.com,City 4
User 48524,user48524@example.com,City 5
User 48525,user48525@example.com,City 6
User 48526,user48526@example.com,City 7
User 48527,user48527@example.com,City 8
User 48528,user48528@example.com,City 9
User 48529,user48529@example.com,City 10
User 48530,user48530@example.com,City 1
User 48531,user48531@example.com,City 2
User 48532,user48532@example.com,City 3
User 48533,user48533@example.com,City 4
User 48534,user48534@example.com,City 5
User 48535,user48535@example.com,City 6
User 48536,user48536@example.com,City 7
User 48537,user48537@example.com,City 8
User 48538,user48538@example.com,City 9
User 48539,user48539@example.com,City 10
User 48540,user48540@example.com,City 1
User 48541,user48541@example.com,City 2
User 48542,user48542@example.com,City 3
User 48543,user48543@example.com,City 4
User 48544,user48544@example.com,City 5
User 48545,user48545@example.com,City 6
User 48546,user48546@example.com,City 7
User 48547,user48547@example.com,City 8
User 48548,user48548@example.com,City 9
User 48549,user48549@example.com,City 10
User 48550,user48550@example.com,City 1
User 48551,user48551@example.com,City 2
User 48552,user48552@example.com,City 3
User 48553,user48553@example.com,City 4
User 48554,user48554@example.com,City 5
User 48555,user48555@example.com,City 6
User 48556,user48556@example.com,City 7
User 48557,user48557@example.com,City 8
User 48558,user48558@example.com,City 9
User 48559,user48559@example.com,City 10
User 48560,user48560@example.com,City 1
User 48561,user48561@example.com,City 2
User 48562,user48562@example.com,City 3
User 48563,user48563@example.com,City 4
User 48564,user48564@example.com,City 5
User 48565,user48565@example.com,City 6
User 48566,user48566@example.com,City 7
User 48567,user48567@example.com,City 8
User 48568,user48568@example.com,City 9
User 48569,user48569@example.com,City 10
User 48570,user48570@example.com,City 1
User 48571,user48571@example.com,City 2
User 48572,user48572@example.com,City 3
User 48573,user48573@example.com,City 4
User 48574,user48574@example.com,City 5
User 48575,user48575@example.com,City 6
User 48576,user48576@example.com,City 7
User 48577,user48577@example.com,City 8
User 48578,user48578@example.com,City 9
User 48579,user48579@example.com,City 10
User 48580,user48580@example.com,City 1
User 48581,user48581@example.com,City 2
User 48582,user48582@example.com,City 3
User 48583,user48583@example.com,City 4
User 48584,user48584@example.com,City 5
User 48585,user48585@example.com,City 6
User 48586,user48586@example.com,City 7
User 48587,user48587@example.com,City 8
User 48588,user48588@example.com,City 9
User 48589,user48589@example.com,City 10
User 48590,user48590@example.com,City 1
User 48591,user48591@example.com,City 2
User 48592,user48592@example.com,City 3
User 48593,user48593@example.com,City 4
User 48594,user48594@example.com,City 5
User 48595,user48595@example.com,City 6
User 48596,user48596@example.com,City 7
User 48597,user48597@example.com,City 8
User 48598,user48598@example.com,City 9
User 48599,user48599@example.com,City 10
User 48600,user48600@example.com,City 1
User 48601,user48601@example.com,City 2
User 48602,user48602@example.com,City 3
User 48603,user48603@example.com,City 4
User 48604,user48604@example.com,City 5
User 48605,user48605@example.com,City 6
User 48606,user48606@example.com,City 7
User 48607,user48607@example.com,City 8
User 48608,user48608@example.com,City 9
User 48609,user48609@example.com,City 10
User 48610,user48610@example.com,City 1
User 48611,user48611@example.com,City 2
User 48612,user48612@example.com,City 3
User 48613,user48613@example.com,City 4
User 48614,user48614@example.com,City 5
User 48615,user48615@example.com,City 6
User 48616,user48616@example.com,City 7
User 48617,user48617@example.com,City 8
User 48618,user48618@example.com,City 9
User 48619,user48619@example.com,City 10
User 48620,user48620@example.com,City 1
User 48621,user48621@example.com,City 2
User 48622,user48622@example.com,City 3
User 48623,user48623@example.com,City 4
User 48624,user48624@example.com,City 5
User 48625,user48625@example.com,City 6
User 48626,user48626@example.com,City 7
User 48627,user48627@example.com,City 8
User 48628,user48628@example.com,City 9
User 48629,user48629@example.com,City 10
User 48630,user48630@example.com,City 1
User 48631,user48631@example.com,City 2
User 48632,user48632@example.com,City 3
User 48633,user48633@example.com,City 4
User 48634,user48634@example.com,City 5
User 48635,user48635@example.com,City 6
User 48636,user48636@example.com,City 7
User 48637,user48637@example.com,City 8
User 48638,user48638@example.com,City 9
User 48639,user48639@example.com,City 10
User 48640,user48640@example.com,City 1
User 48641,user48641@example.com,City 2
User 48642,user48642@example.com,City 3
User 48643,user48643@example.com,City 4
User 48644,user48644@example.com,City 5
User 48645,user48645@example.com,City 6
User 48646,user48646@example.com,City 7
User 48647,user48647@example.com,City 8
User 48648,user48648@example.com,City 9
User 48649,user48649@example.com,City 10
User 48650,user48650@example.com,City 1
User 48651,user48651@example.com,City 2
User 48652,user48652@example.com,City 3
User 48653,user48653@example.com,City 4
User 48654,user48654@example.com,City 5
User 48655,user48655@example.com,City 6
User 48656,user48656@example.com,City 7
User 48657,user48657@example.com,City 8
User 48658,user48658@example.com,City 9
User 48659,user48659@example.com,City 10
User 48660,user48660@example.com,City 1
User 48661,user48661@example.com,City 2
User 48662,user48662@example.com,City 3
User 48663,user48663@example.com,City 4
User 48664,user48664@example.com,City 5
User 48665,user48665@example.com,City 6
User 48666,user48666@example.com,City 7
User 48667,user48667@example.com,City 8
User 48668,user48668@example.com,City 9
User 48669,user48669@example.com,City 10
User 48670,user48670@example.com,City 1
User 48671,user48671@example.com,City 2
User 48672,user48672@example.com,City 3
User 48673,user48673@example.com,City 4
User 48674,user48674@example.com,City 5
User 48675,user48675@example.com,City 6
User 48676,user48676@example.com,City 7
User 48677,user48677@example.com,City 8
User 48678,user48678@example.com,City 9
User 48679,user48679@example.com,City 10
User 48680,user48680@example.com,City 1
User 48681,user48681@example.com,City 2
User 48682,user48682@example.com,City 3
User 48683,user48683@example.com,City 4
User 48684,user48684@example.com,City 5
User 48685,user48685@example.com,City 6
User 48686,user48686@example.com,City 7
User 48687,user48687@example.com,City 8
User 48688,user48688@example.com,City 9
User 48689,user48689@example.com,City 10
User 48690,user48690@example.com,City 1
User 48691,user48691@example.com,City 2
User 48692,user48692@example.com,City 3
User 48693,user48693@example.com,City 4
User 48694,user48694@example.com,City 5
User 48695,user48695@example.com,City 6
User 48696,user48696@example.com,City 7
User 48697,user48697@example.com,City 8
User 48698,user48698@example.com,City 9
User 48699,user48699@example.com,City 10
User 48700,user48700@example.com,City 1
User 48701,user48701@example.com,City 2
User 48702,user48702@example.com,City 3
User 48703,user48703@example.com,City 4
User 48704,user48704@example.com,City 5
User 48705,user48705@example.com,City 6
User 48706,user48706@example.com,City 7
User 48707,user48707@example.com,City 8
User 48708,user48708@example.com,City 9
User 48709,user48709@example.com,City 10
User 48710,user48710@example.com,City 1
User 48711,user48711@example.com,City 2
User 48712,user48712@example.com,City 3
User 48713,user48713@example.com,City 4
User 48714,user48714@example.com,City 5
User 48715,user48715@example.com,City 6
User 48716,user48716@example.com,City 7
User 48717,user48717@example.com,City 8
User 48718,user48718@example.com,City 9
User 48719,user48719@example.com,City 10
User 48720,user48720@example.com,City 1
User 48721,user48721@example.com,City 2
User 48722,user48722@example.com,City 3
User 48723,user48723@example.com,City 4
User 48724,user48724@example.com,City 5
User 48725,user48725@example.com,City 6
User 48726,user48726@example.com,City 7
User 48727,user48727@example.com,City 8
User 48728,user48728@example.com,City 9
User 48729,user48729@example.com,City 10
User 48730,user48730@example.com,City 1
User 48731,user48731@example.com,City 2
User 48732,user48732@example.com,City 3
User 48733,user48733@example.com,City 4
User 48734,user48734@example.com,City 5
User 48735,user48735@example.com,City 6
User 48736,user48736@example.com,City 7
User 48737,user48737@example.com,City 8
User 48738,user48738@example.com,City 9
User 48739,user48739@example.com,City 10
User 48740,user48740@example.com,City 1
User 48741,user48741@example.com,City 2
User 48742,user48742@example.com,City 3
User 48743,user48743@example.com,City 4
User 48744,user48744@example.com,City 5
User 48745,user48745@example.com,City 6
User 48746,user48746@example.com,City 7
User 48747,user48747@example.com,City 8
User 48748,user48748@example.com,City 9
User 48749,user48749@example.com,City 10
User 48750,user48750@example.com,City 1
User 48751,user48751@example.com,City 2
User 48752,user48752@example.com,City 3
User 48753,user48753@example.com,City 4
User 48754,user48754@example.com,City 5
User 48755,user48755@example.com,City 6
User 48756,user48756@example.com,City 7
User 48757,user48757@example.com,City 8
User 48758,user48758@example.com,City 9
User 48759,user48759@example.com,City 10
User 48760,user48760@example.com,City 1
User 48761,user48761@example.com,City 2
User 48762,user48762@example.com,City 3
User 48763,user48763@example.com,City 4
User 48764,user48764@example.com,City 5
User 48765,user48765@example.com,City 6
User 48766,user48766@example.com,City 7
User 48767,user48767@example.com,City 8
User 48768,user48768@example.com,City 9
User 48769,user48769@example.com,City 10
User 48770,user48770@example.com,City 1
User 48771,user48771@example.com,City 2
User 48772,user48772@example.com,City 3
User 48773,user48773@example.com,City 4
User 48774,user48774@example.com,City 5
User 48775,user48775@example.com,City 6
User 48776,user48776@example.com,City 7
User 48777,user48777@example.com,City 8
User 48778,user48778@example.com,City 9
User 48779,user48779@example.com,City 10
User 48780,user48780@example.com,City 1
User 48781,user48781@example.com,City 2
User 48782,user48782@example.com,City 3
User 48783,user48783@example.com,City 4
User 48784,user48784@example.com,City 5
User 48785,user48785@example.com,City 6
User 48786,user48786@example.com,City 7
User 48787,user48787@example.com,City 8
User 48788,user48788@example.com,City 9
User 48789,user48789@example.com,City 10
User 48790,user48790@example.com,City 1
User 48791,user48791@example.com,City 2
User 48792,user48792@example.com,City 3
User 48793,user48793@example.com,City 4
User 48794,user48794@example.com,City 5
User 48795,user48795@example.com,City 6
User 48796,user48796@example.com,City 7
User 48797,user48797@example.com,City 8
User 48798,user48798@example.com,City 9
User 48799,user48799@example.com,City 10
User 48800,user48800@example.com,City 1
User 48801,user48801@example.com,City 2
User 48802,user48802@example.com,City 3
User 48803,user48803@example.com,City 4
User 48804,user48804@example.com,City 5
User 48805,user48805@example.com,City 6
User 48806,user48806@example.com,City 7
User 48807,user48807@example.com,City 8
User 48808,user48808@example.com,City 9
User 48809,user48809@example.com,City 10
User 48810,user48810@example.com,City 1
User 48811,user48811@example.com,City 2
User 48812,user48812@example.com,City 3
User 48813,user48813@example.com,City 4
User 48814,user48814@example.com,City 5
User 48815,user48815@example.com,City 6
User 48816,user48816@example.com,City 7
User 48817,user48817@example.com,City 8
User 48818,user48818@example.com,City 9
User 48819,user48819@example.com,City 10
User 48820,user48820@example.com,City 1
User 48821,user48821@example.com,City 2
User 48822,user48822@example.com,City 3
User 48823,user48823@example.com,City 4
User 48824,user48824@example.com,City 5
User 48825,user48825@example.com,City 6
User 48826,user48826@example.com,City 7
User 48827,user48827@example.com,City 8
User 48828,user48828@example.com,City 9
User 48829,user48829@example.com,City 10
User 48830,user48830@example.com,City 1
User 48831,user48831@example.com,City 2
User 48832,user48832@example.com,City 3
User 48833,user48833@example.com,City 4
User 48834,user48834@example.com,City 5
User 48835,user48835@example.com,City 6
User 48836,user48836@example.com,City 7
User 48837,user48837@example.com,City 8
User 48838,user48838@example.com,City 9
User 48839,user48839@example.com,City 10
User 48840,user48840@example.com,City 1
User 48841,user48841@example.com,City 2
User 48842,user48842@example.com,City 3
User 48843,user48843@example.com,City 4
User 48844,user48844@example.com,City 5
User 48845,user48845@example.com,City 6
User 48846,user48846@example.com,City 7
User 48847,user48847@example.com,City 8
User 48848,user48848@example.com,City 9
User 48849,user48849@example.com,City 10
User 48850,user48850@example.com,City 1
User 48851,user48851@example.com,City 2
User 48852,user48852@example.com,City 3
User 48853,user48853@example.com,City 4
User 48854,user48854@example.com,City 5
User 48855,user48855@example.com,City 6
User 48856,user48856@example.com,City 7
User 48857,user48857@example.com,City 8
User 48858,user48858@example.com,City 9
User 48859,user48859@example.com,City 10
User 48860,user48860@example.com,City 1
User 48861,user48861@example.com,City 2
User 48862,user48862@example.com,City 3
User 48863,user48863@example.com,City 4
User 48864,user48864@example.com,City 5
User 48865,user48865@example.com,City 6
User 48866,user48866@example.com,City 7
User 48867,user48867@example.com,City 8
User 48868,user48868@example.com,City 9
User 48869,user48869@example.com,City 10
User 48870,user48870@example.com,City 1
User 48871,user48871@example.com,City 2
User 48872,user48872@example.com,City 3
User 48873,user48873@example.com,City 4
User 48874,user48874@example.com,City 5
User 48875,user48875@example.com,City 6
User 48876,user48876@example.com,City 7
User 48877,user48877@example.com,City 8
User 48878,user48878@example.com,City 9
User 48879,user48879@example.com,City 10
User 48880,user48880@example.com,City 1
User 48881,user48881@example.com,City 2
User 48882,user48882@example.com,City 3
User 48883,user48883@example.com,City 4
User 48884,user48884@example.com,City 5
User 48885,user48885@example.com,City 6
User 48886,user48886@example.com,City 7
User 48887,user48887@example.com,City 8
User 48888,user48888@example.com,City 9
User 48889,user48889@example.com,City 10
User 48890,user48890@example.com,City 1
User 48891,user48891@example.com,City 2
User 48892,user48892@example.com,City 3
User 48893,user48893@example.com,City 4
User 48894,user48894@example.com,City 5
User 48895,user48895@example.com,City 6
User 48896,user48896@example.com,City 7
User 48897,user48897@example.com,City 8
User 48898,user48898@example.com,City 9
User 48899,user48899@example.com,City 10
User 48900,user48900@example.com,City 1
User 48901,user48901@example.com,City 2
User 48902,user48902@example.com,City 3
User 48903,user48903@example.com,City 4
User 48904,user48904@example.com,City 5
User 48905,user48905@example.com,City 6
User 48906,user48906@example.com,City 7
User 48907,user48907@example.com,City 8
User 48908,user48908@example.com,City 9
User 48909,user48909@example.com,City 10
User 48910,user48910@example.com,City 1
User 48911,user48911@example.com,City 2
User 48912,user48912@example.com,City 3
User 48913,user48913@example.com,City 4
User 48914,user48914@example.com,City 5
User 48915,user48915@example.com,City 6
User 48916,user48916@example.com,City 7
User 48917,user48917@example.com,City 8
User 48918,user48918@example.com,City 9
User 48919,user48919@example.com,City 10
User 48920,user48920@example.com,City 1
User 48921,user48921@example.com,City 2
User 48922,user48922@example.com,City 3
User 48923,user48923@example.com,City 4
User 48924,user48924@example.com,City 5
User 48925,user48925@example.com,City 6
User 48926,user48926@example.com,City 7
User 48927,user48927@example.com,City 8
User 48928,user48928@example.com,City 9
User 48929,user48929@example.com,City 10
User 48930,user48930@example.com,City 1
User 48931,user48931@example.com,City 2
User 48932,user48932@example.com,City 3
User 48933,user48933@example.com,City 4
User 48934,user48934@example.com,City 5
User 48935,user48935@example.com,City 6
User 48936,user48936@example.com,City 7
User 48937,user48937@example.com,City 8
User 48938,user48938@example.com,City 9
User 48939,user48939@example.com,City 10
User 48940,user48940@example.com,City 1
User 48941,user48941@example.com,City 2
User 48942,user48942@example.com,City 3
User 48943,user48943@example.com,City 4
User 48944,user48944@example.com,City 5
User 48945,user48945@example.com,City 6
User 48946,user48946@example.com,City 7
User 48947,user48947@example.com,City 8
User 48948,user48948@example.com,City 9
User 48949,user48949@example.com,City 10
User 48950,user48950@example.com,City 1
User 48951,user48951@example.com,City 2
User 48952,user48952@example.com,City 3
User 48953,user48953@example.com,City 4
User 48954,user48954@example.com,City 5
User 48955,user48955@example.com,City 6
User 48956,user48956@example.com,City 7
User 48957,user48957@example.com,City 8
User 48958,user48958@example.com,City 9
User 48959,user48959@example.com,City 10
User 48960,user48960@example.com,City 1
User 48961,user48961@example.com,City 2
User 48962,user48962@example.com,City 3
User 48963,user48963@example.com,City 4
User 48964,user48964@example.com,City 5
User 48965,user48965@example.com,City 6
User 48966,user48966@example.com,City 7
User 48967,user48967@example.com,City 8
User 48968,user48968@example.com,City 9
User 48969,user48969@example.com,City 10
User 48970,user48970@example.com,City 1
User 48971,user48971@example.com,City 2
User 48972,user48972@example.com,City 3
User 48973,user48973@example.com,City 4
User 48974,user48974@example.com,City 5
User 48975,user48975@example.com,City 6
User 48976,user48976@example.com,City 7
User 48977,user48977@example.com,City 8
User 48978,user48978@example.com,City 9
User 48979,user48979@example.com,City 10
User 48980,user48980@example.com,City 1
User 48981,user48981@example.com,City 2
User 48982,user48982@example.com,City 3
User 48983,user48983@example.com,City 4
User 48984,user48984@example.com,City 5
User 48985,user48985@example.com,City 6
User 48986,user48986@example.com,City 7
User 48987,user48987@example.com,City 8
User 48988,user48988@example.com,City 9
User 48989,user48989@example.com,City 10
User 48990,user48990@example.com,City 1
User 48991,user48991@example.com,City 2
User 48992,user48992@example.com,City 3
User 48993,user48993@example.com,City 4
User 48994,user48994@example.com,City 5
User 48995,user48995@example.com,City 6
User 48996,user48996@example.com,City 7
User 48997,user48997@example.com,City 8
User 48998,user48998@example.com,City 9
User 48999,user48999@example.com,City 10
User 49000,user49000@example.com,City 1
User 49001,user49001@example.com,City 2
User 49002,user49002@example.com,City 3
User 49003,user49003@example.com,City 4
User 49004,user49004@example.com,City 5
User 49005,user49005@example.com,City 6
User 49006,user49006@example.com,City 7
User 49007,user49007@example.com,City 8
User 49008,user49008@example.com,City 9
User 49009,user49009@example.com,City 10
User 49010,user49010@example.com,City 1
User 49011,user49011@example.com,City 2
User 49012,user49012@example.com,City 3
User 49013,user49013@example.com,City 4
User 49014,user49014@example.com,City 5
User 49015,user49015@example.com,City 6
User 49016,user49016@example.com,City 7
User 49017,user49017@example.com,City 8
User 49018,user49018@example.com,City 9
User 49019,user49019@example.com,City 10
User 49020,user49020@example.com,City 1
User 49021,user49021@example.com,City 2
User 49022,user49022@example.com,City 3
User 49023,user49023@example.com,City 4
User 49024,user49024@example.com,City 5
User 49025,user49025@example.com,City 6
User 49026,user49026@example.com,City 7
User 49027,user49027@example.com,City 8
User 49028,user49028@example.com,City 9
User 49029,user49029@example.com,City 10
User 49030,user49030@example.com,City 1
User 49031,user49031@example.com,City 2
User 49032,user49032@example.com,City 3
User 49033,user49033@example.com,City 4
User 49034,user49034@example.com,City 5
User 49035,user49035@example.com,City 6
User 49036,user49036@example.com,City 7
User 49037,user49037@example.com,City 8
User 49038,user49038@example.com,City 9
User 49039,user49039@example.com,City 10
User 49040,user49040@example.com,City 1
User 49041,user49041@example.com,City 2
User 49042,user49042@example.com,City 3
User 49043,user49043@example.com,City 4
User 49044,user49044@example.com,City 5
User 49045,user49045@example.com,City 6
User 49046,user49046@example.com,City 7
User 49047,user49047@example.com,City 8
User 49048,user49048@example.com,City 9
User 49049,user49049@example.com,City 10
User 49050,user49050@example.com,City 1
User 49051,user49051@example.com,City 2
User 49052,user49052@example.com,City 3
User 49053,user49053@example.com,City 4
User 49054,user49054@example.com,City 5
User 49055,user49055@example.com,City 6
User 49056,user49056@example.com,City 7
User 49057,user49057@example.com,City 8
User 49058,user49058@example.com,City 9
User 49059,user49059@example.com,City 10
User 49060,user49060@example.com,City 1
User 49061,user49061@example.com,City 2
User 49062,user49062@example.com,City 3
User 49063,user49063@example.com,City 4
User 49064,user49064@example.com,City 5
User 49065,user49065@example.com,City 6
User 49066,user49066@example.com,City 7
User 49067,user49067@example.com,City 8
User 49068,user49068@example.com,City 9
User 49069,user49069@example.com,City 10
User 49070,user49070@example.com,City 1
User 49071,user49071@example.com,City 2
User 49072,user49072@example.com,City 3
User 49073,user49073@example.com,City 4
User 49074,user49074@example.com,City 5
User 49075,user49075@example.com,City 6
User 49076,user49076@example.com,City 7
User 49077,user49077@example.com,City 8
User 49078,user49078@example.com,City 9
User 49079,user49079@example.com,City 10
User 49080,user49080@example.com,City 1
User 49081,user49081@example.com,City 2
User 49082,user49082@example.com,City 3
User 49083,user49083@example.com,City 4
User 49084,user49084@example.com,City 5
User 49085,user49085@example.com,City 6
User 49086,user49086@example.com,City 7
User 49087,user49087@example.com,City 8
User 49088,user49088@example.com,City 9
User 49089,user49089@example.com,City 10
User 49090,user49090@example.com,City 1
User 49091,user49091@example.com,City 2
User 49092,user49092@example.com,City 3
User 49093,user49093@example.com,City 4
User 49094,user49094@example.com,City 5
User 49095,user49095@example.com,City 6
User 49096,user49096@example.com,City 7
User 49097,user49097@example.com,City 8
User 49098,user49098@example.com,City 9
User 49099,user49099@example.com,City 10
User 49100,user49100@example.com,City 1
User 49101,user49101@example.com,City 2
User 49102,user49102@example.com,City 3
User 49103,user49103@example.com,City 4
User 49104,user49104@example.com,City 5
User 49105,user49105@example.com,City 6
User 49106,user49106@example.com,City 7
User 49107,user49107@example.com,City 8
User 49108,user49108@example.com,City 9
User 49109,user49109@example.com,City 10
User 49110,user49110@example.com,City 1
User 49111,user49111@example.com,City 2
User 49112,user49112@example.com,City 3
User 49113,user49113@example.com,City 4
User 49114,user49114@example.com,City 5
User 49115,user49115@example.com,City 6
User 49116,user49116@example.com,City 7
User 49117,user49117@example.com,City 8
User 49118,user49118@example.com,City 9
User 49119,user49119@example.com,City 10
User 49120,user49120@example.com,City 1
User 49121,user49121@example.com,City 2
User 49122,user49122@example.com,City 3
User 49123,user49123@example.com,City 4
User 49124,user49124@example.com,City 5
User 49125,user49125@example.com,City 6
User 49126,user49126@example.com,City 7
User 49127,user49127@example.com,City 8
User 49128,user49128@example.com,City 9
User 49129,user49129@example.com,City 10
User 49130,user49130@example.com,City 1
User 49131,user49131@example.com,City 2
User 49132,user49132@example.com,City 3
User 49133,user49133@example.com,City 4
User 49134,user49134@example.com,City 5
User 49135,user49135@example.com,City 6
User 49136,user49136@example.com,City 7
User 49137,user49137@example.com,City 8
User 49138,user49138@example.com,City 9
User 49139,user49139@example.com,City 10
User 49140,user49140@example.com,City 1
User 49141,user49141@example.com,City 2
User 49142,user49142@example.com,City 3
User 49143,user49143@example.com,City 4
User 49144,user49144@example.com,City 5
User 49145,user49145@example.com,City 6
User 49146,user49146@example.com,City 7
User 49147,user49147@example.com,City 8
User 49148,user49148@example.com,City 9
User 49149,user49149@example.com,City 10
User 49150,user49150@example.com,City 1
User 49151,user49151@example.com,City 2
User 49152,user49152@example.com,City 3
User 49153,user49153@example.com,City 4
User 49154,user49154@example.com,City 5
User 49155,user49155@example.com,City 6
User 49156,user49156@example.com,City 7
User 49157,user49157@example.com,City 8
User 49158,user49158@example.com,City 9
User 49159,user49159@example.com,City 10
User 49160,user49160@example.com,City 1
User 49161,user49161@example.com,City 2
User 49162,user49162@example.com,City 3
User 49163,user49163@example.com,City 4
User 49164,user49164@example.com,City 5
User 49165,user49165@example.com,City 6
User 49166,user49166@example.com,City 7
User 49167,user49167@example.com,City 8
User 49168,user49168@example.com,City 9
User 49169,user49169@example.com,City 10
User 49170,user49170@example.com,City 1
User 49171,user49171@example.com,City 2
User 49172,user49172@example.com,City 3
User 49173,user49173@example.com,City 4
User 49174,user49174@example.com,City 5
User 49175,user49175@example.com,City 6
User 49176,user49176@example.com,City 7
User 49177,user49177@example.com,City 8
User 49178,user49178@example.com,City 9
User 49179,user49179@example.com,City 10
User 49180,user49180@example.com,City 1
User 49181,user49181@example.com,City 2
User 49182,user49182@example.com,City 3
User 49183,user49183@example.com,City 4
User 49184,user49184@example.com,City 5
User 49185,user49185@example.com,City 6
User 49186,user49186@example.com,City 7
User 49187,user49187@example.com,City 8
User 49188,user49188@example.com,City 9
User 49189,user49189@example.com,City 10
User 49190,user49190@example.com,City 1
User 49191,user49191@example.com,City 2
User 49192,user49192@example.com,City 3
User 49193,user49193@example.com,City 4
User 49194,user49194@example.com,City 5
User 49195,user49195@example.com,City 6
User 49196,user49196@example.com,City 7
User 49197,user49197@example.com,City 8
User 49198,user49198@example.com,City 9
User 49199,user49199@example.com,City 10
User 49200,user49200@example.com,City 1
User 49201,user49201@example.com,City 2
User 49202,user49202@example.com,City 3
User 49203,user49203@example.com,City 4
User 49204,user49204@example.com,City 5
User 49205,user49205@example.com,City 6
User 49206,user49206@example.com,City 7
User 49207,user49207@example.com,City 8
User 49208,user49208@example.com,City 9
User 49209,user49209@example.com,City 10
User 49210,user49210@example.com,City 1
User 49211,user49211@example.com,City 2
User 49212,user49212@example.com,City 3
User 49213,user49213@example.com,City 4
User 49214,user49214@example.com,City 5
User 49215,user49215@example.com,City 6
User 49216,user49216@example.com,City 7
User 49217,user49217@example.com,City 8
User 49218,user49218@example.com,City 9
User 49219,user49219@example.com,City 10
User 49220,user49220@example.com,City 1
User 49221,user49221@example.com,City 2
User 49222,user49222@example.com,City 3
User 49223,user49223@example.com,City 4
User 49224,user49224@example.com,City 5
User 49225,user49225@example.com,City 6
User 49226,user49226@example.com,City 7
User 49227,user49227@example.com,City 8
User 49228,user49228@example.com,City 9
User 49229,user49229@example.com,City 10
User 49230,user49230@example.com,City 1
User 49231,user49231@example.com,City 2
User 49232,user49232@example.com,City 3
User 49233,user49233@example.com,City 4
User 49234,user49234@example.com,City 5
User 49235,user49235@example.com,City 6
User 49236,user49236@example.com,City 7
User 49237,user49237@example.com,City 8
User 49238,user49238@example.com,City 9
User 49239,user49239@example.com,City 10
User 49240,user49240@example.com,City 1
User 49241,user49241@example.com,City 2
User 49242,user49242@example.com,City 3
User 49243,user49243@example.com,City 4
User 49244,user49244@example.com,City 5
User 49245,user49245@example.com,City 6
User 49246,user49246@example.com,City 7
User 49247,user49247@example.com,City 8
User 49248,user49248@example.com,City 9
User 49249,user49249@example.com,City 10
User 49250,user49250@example.com,City 1
User 49251,user49251@example.com,City 2
User 49252,user49252@example.com,City 3
User 49253,user49253@example.com,City 4
User 49254,user49254@example.com,City 5
User 49255,user49255@example.com,City 6
User 49256,user49256@example.com,City 7
User 49257,user49257@example.com,City 8
User 49258,user49258@example.com,City 9
User 49259,user49259@example.com,City 10
User 49260,user49260@example.com,City 1
User 49261,user49261@example.com,City 2
User 49262,user49262@example.com,City 3
User 49263,user49263@example.com,City 4
User 49264,user49264@example.com,City 5
User 49265,user49265@example.com,City 6
User 49266,user49266@example.com,City 7
User 49267,user49267@example.com,City 8
User 49268,user49268@example.com,City 9
User 49269,user49269@example.com,City 10
User 49270,user49270@example.com,City 1
User 49271,user49271@example.com,City 2
User 49272,user49272@example.com,City 3
User 49273,user49273@example.com,City 4
User 49274,user49274@example.com,City 5
User 49275,user49275@example.com,City 6
User 49276,user49276@example.com,City 7
User 49277,user49277@example.com,City 8
User 49278,user49278@example.com,City 9
User 49279,user49279@example.com,City 10
User 49280,user49280@example.com,City 1
User 49281,user49281@example.com,City 2
User 49282,user49282@example.com,City 3
User 49283,user49283@example.com,City 4
User 49284,user49284@example.com,City 5
User 49285,user49285@example.com,City 6
User 49286,user49286@example.com,City 7
User 49287,user49287@example.com,City 8
User 49288,user49288@example.com,City 9
User 49289,user49289@example.com,City 10
User 49290,user49290@example.com,City 1
User 49291,user49291@example.com,City 2
User 49292,user49292@example.com,City 3
User 49293,user49293@example.com,City 4
User 49294,user49294@example.com,City 5
User 49295,user49295@example.com,City 6
User 49296,user49296@example.com,City 7
User 49297,user49297@example.com,City 8
User 49298,user49298@example.com,City 9
User 49299,user49299@example.com,City 10
User 49300,user49300@example.com,City 1
User 49301,user49301@example.com,City 2
User 49302,user49302@example.com,City 3
User 49303,user49303@example.com,City 4
User 49304,user49304@example.com,City 5
User 49305,user49305@example.com,City 6
User 49306,user49306@example.com,City 7
User 49307,user49307@example.com,City 8
User 49308,user49308@example.com,City 9
User 49309,user49309@example.com,City 10
User 49310,user49310@example.com,City 1
User 49311,user49311@example.com,City 2
User 49312,user49312@example.com,City 3
User 49313,user49313@example.com,City 4
User 49314,user49314@example.com,City 5
User 49315,user49315@example.com,City 6
User 49316,user49316@example.com,City 7
User 49317,user49317@example.com,City 8
User 49318,user49318@example.com,City 9
User 49319,user49319@example.com,City 10
User 49320,user49320@example.com,City 1
User 49321,user49321@example.com,City 2
User 49322,user49322@example.com,City 3
User 49323,user49323@example.com,City 4
User 49324,user49324@example.com,City 5
User 49325,user49325@example.com,City 6
User 49326,user49326@example.com,City 7
User 49327,user49327@example.com,City 8
User 49328,user49328@example.com,City 9
User 49329,user49329@example.com,City 10
User 49330,user49330@example.com,City 1
User 49331,user49331@example.com,City 2
User 49332,user49332@example.com,City 3
User 49333,user49333@example.com,City 4
User 49334,user49334@example.com,City 5
User 49335,user49335@example.com,City 6
User 49336,user49336@example.com,City 7
User 49337,user49337@example.com,City 8
User 49338,user49338@example.com,City 9
User 49339,user49339@example.com,City 10
User 49340,user49340@example.com,City 1
User 49341,user49341@example.com,City 2
User 49342,user49342@example.com,City 3
User 49343,user49343@example.com,City 4
User 49344,user49344@example.com,City 5
User 49345,user49345@example.com,City 6
User 49346,user49346@example.com,City 7
User 49347,user49347@example.com,City 8
User 49348,user49348@example.com,City 9
User 49349,user49349@example.com,City 10
User 49350,user49350@example.com,City 1
User 49351,user49351@example.com,City 2
User 49352,user49352@example.com,City 3
User 49353,user49353@example.com,City 4
User 49354,user49354@example.com,City 5
User 49355,user49355@example.com,City 6
User 49356,user49356@example.com,City 7
User 49357,user49357@example.com,City 8
User 49358,user49358@example.com,City 9
User 49359,user49359@example.com,City 10
User 49360,user49360@example.com,City 1
User 49361,user49361@example.com,City 2
User 49362,user49362@example.com,City 3
User 49363,user49363@example.com,City 4
User 49364,user49364@example.com,City 5
User 49365,user49365@example.com,City 6
User 49366,user49366@example.com,City 7
User 49367,user49367@example.com,City 8
User 49368,user49368@example.com,City 9
User 49369,user49369@example.com,City 10
User 49370,user49370@example.com,City 1
User 49371,user49371@example.com,City 2
User 49372,user49372@example.com,City 3
User 49373,user49373@example.com,City 4
User 49374,user49374@example.com,City 5
User 49375,user49375@example.com,City 6
User 49376,user49376@example.com,City 7
User 49377,user49377@example.com,City 8
User 49378,user49378@example.com,City 9
User 49379,user49379@example.com,City 10
User 49380,user49380@example.com,City 1
User 49381,user49381@example.com,City 2
User 49382,user49382@example.com,City 3
User 49383,user49383@example.com,City 4
User 49384,user49384@example.com,City 5
User 49385,user49385@example.com,City 6
User 49386,user49386@example.com,City 7
User 49387,user49387@example.com,City 8
User 49388,user49388@example.com,City 9
User 49389,user49389@example.com,City 10
User 49390,user49390@example.com,City 1
User 49391,user49391@example.com,City 2
User 49392,user49392@example.com,City 3
User 49393,user49393@example.com,City 4
User 49394,user49394@example.com,City 5
User 49395,user49395@example.com,City 6
User 49396,user49396@example.com,City 7
User 49397,user49397@example.com,City 8
User 49398,user49398@example.com,City 9
User 49399,user49399@example.com,City 10
User 49400,user49400@example.com,City 1
User 49401,user49401@example.com,City 2
User 49402,user49402@example.com,City 3
User 49403,user49403@example.com,City 4
User 49404,user49404@example.com,City 5
User 49405,user49405@example.com,City 6
User 49406,user49406@example.com,City 7
User 49407,user49407@example.com,City 8
User 49408,user49408@example.com,City 9
User 49409,user49409@example.com,City 10
User 49410,user49410@example.com,City 1
User 49411,user49411@example.com,City 2
User 49412,user49412@example.com,City 3
User 49413,user49413@example.com,City 4
User 49414,user49414@example.com,City 5
User 49415,user49415@example.com,City 6
User 49416,user49416@example.com,City 7
User 49417,user49417@example.com,City 8
User 49418,user49418@example.com,City 9
User 49419,user49419@example.com,City 10
User 49420,user49420@example.com,City 1
User 49421,user49421@example.com,City 2
User 49422,user49422@example.com,City 3
User 49423,user49423@example.com,City 4
User 49424,user49424@example.com,City 5
User 49425,user49425@example.com,City 6
User 49426,user49426@example.com,City 7
User 49427,user49427@example.com,City 8
User 49428,user49428@example.com,City 9
User 49429,user49429@example.com,City 10
User 49430,user49430@example.com,City 1
User 49431,user49431@example.com,City 2
User 49432,user49432@example.com,City 3
User 49433,user49433@example.com,City 4
User 49434,user49434@example.com,City 5
User 49435,user49435@example.com,City 6
User 49436,user49436@example.com,City 7
User 49437,user49437@example.com,City 8
User 49438,user49438@example.com,City 9
User 49439,user49439@example.com,City 10
User 49440,user49440@example.com,City 1
User 49441,user49441@example.com,City 2
User 49442,user49442@example.com,City 3
User 49443,user49443@example.com,City 4
User 49444,user49444@example.com,City 5
User 49445,user49445@example.com,City 6
User 49446,user49446@example.com,City 7
User 49447,user49447@example.com,City 8
User 49448,user49448@example.com,City 9
User 49449,user49449@example.com,City 10
User 49450,user49450@example.com,City 1
User 49451,user49451@example.com,City 2
User 49452,user49452@example.com,City 3
User 49453,user49453@example.com,City 4
User 49454,user49454@example.com,City 5
User 49455,user49455@example.com,City 6
User 49456,user49456@example.com,City 7
User 49457,user49457@example.com,City 8
User 49458,user49458@example.com,City 9
User 49459,user49459@example.com,City 10
User 49460,user49460@example.com,City 1
User 49461,user49461@example.com,City 2
User 49462,user49462@example.com,City 3
User 49463,user49463@example.com,City 4
User 49464,user49464@example.com,City 5
User 49465,user49465@example.com,City 6
User 49466,user49466@example.com,City 7
User 49467,user49467@example.com,City 8
User 49468,user49468@example.com,City 9
User 49469,user49469@example.com,City 10
User 49470,user49470@example.com,City 1
User 49471,user49471@example.com,City 2
User 49472,user49472@example.com,City 3
User 49473,user49473@example.com,City 4
User 49474,user49474@example.com,City 5
User 49475,user49475@example.com,City 6
User 49476,user49476@example.com,City 7
User 49477,user49477@example.com,City 8
User 49478,user49478@example.com,City 9
User 49479,user49479@example.com,City 10
User 49480,user49480@example.com,City 1
User 49481,user49481@example.com,City 2
User 49482,user49482@example.com,City 3
User 49483,user49483@example.com,City 4
User 49484,user49484@example.com,City 5
User 49485,user49485@example.com,City 6
User 49486,user49486@example.com,City 7
User 49487,user49487@example.com,City 8
User 49488,user49488@example.com,City 9
User 49489,user49489@example.com,City 10
User 49490,user49490@example.com,City 1
User 49491,user49491@example.com,City 2
User 49492,user49492@example.com,City 3
User 49493,user49493@example.com,City 4
User 49494,user49494@example.com,City 5
User 49495,user49495@example.com,City 6
User 49496,user49496@example.com,City 7
User 49497,user49497@example.com,City 8
User 49498,user49498@example.com,City 9
User 49499,user49499@example.com,City 10
User 49500,user49500@example.com,City 1
User 49501,user49501@example.com,City 2
User 49502,user49502@example.com,City 3
User 49503,user49503@example.com,City 4
User 49504,user49504@example.com,City 5
User 49505,user49505@example.com,City 6
User 49506,user49506@example.com,City 7
User 49507,user49507@example.com,City 8
User 49508,user49508@example.com,City 9
User 49509,user49509@example.com,City 10
User 49510,user49510@example.com,City 1
User 49511,user49511@example.com,City 2
User 49512,user49512@example.com,City 3
User 49513,user49513@example.com,City 4
User 49514,user49514@example.com,City 5
User 49515,user49515@example.com,City 6
User 49516,user49516@example.com,City 7
User 49517,user49517@example.com,City 8
User 49518,user49518@example.com,City 9
User 49519,user49519@example.com,City 10
User 49520,user49520@example.com,City 1
User 49521,user49521@example.com,City 2
User 49522,user49522@example.com,City 3
User 49523,user49523@example.com,City 4
User 49524,user49524@example.com,City 5
User 49525,user49525@example.com,City 6
User 49526,user49526@example.com,City 7
User 49527,user49527@example.com,City 8
User 49528,user49528@example.com,City 9
User 49529,user49529@example.com,City 10
User 49530,user49530@example.com,City 1
User 49531,user49531@example.com,City 2
User 49532,user49532@example.com,City 3
User 49533,user49533@example.com,City 4
User 49534,user49534@example.com,City 5
User 49535,user49535@example.com,City 6
User 49536,user49536@example.com,City 7
User 49537,user49537@example.com,City 8
User 49538,user49538@example.com,City 9
User 49539,user49539@example.com,City 10
User 49540,user49540@example.com,City 1
User 49541,user49541@example.com,City 2
User 49542,user49542@example.com,City 3
User 49543,user49543@example.com,City 4
User 49544,user49544@example.com,City 5
User 49545,user49545@example.com,City 6
User 49546,user49546@example.com,City 7
User 49547,user49547@example.com,City 8
User 49548,user49548@example.com,City 9
User 49549,user49549@example.com,City 10
User 49550,user49550@example.com,City 1
User 49551,user49551@example.com,City 2
User 49552,user49552@example.com,City 3
User 49553,user49553@example.com,City 4
User 49554,user49554@example.com,City 5
User 49555,user49555@example.com,City 6
User 49556,user49556@example.com,City 7
User 49557,user49557@example.com,City 8
User 49558,user49558@example.com,City 9
User 49559,user49559@example.com,City 10
User 49560,user49560@example.com,City 1
User 49561,user49561@example.com,City 2
User 49562,user49562@example.com,City 3
User 49563,user49563@example.com,City 4
User 49564,user49564@example.com,City 5
User 49565,user49565@example.com,City 6
User 49566,user49566@example.com,City 7
User 49567,user49567@example.com,City 8
User 49568,user49568@example.com,City 9
User 49569,user49569@example.com,City 10
User 49570,user49570@example.com,City 1
User 49571,user49571@example.com,City 2
User 49572,user49572@example.com,City 3
User 49573,user49573@example.com,City 4
User 49574,user49574@example.com,City 5
User 49575,user49575@example.com,City 6
User 49576,user49576@example.com,City 7
User 49577,user49577@example.com,City 8
User 49578,user49578@example.com,City 9
User 49579,user49579@example.com,City 10
User 49580,user49580@example.com,City 1
User 49581,user49581@example.com,City 2
User 49582,user49582@example.com,City 3
User 49583,user49583@example.com,City 4
User 49584,user49584@example.com,City 5
User 49585,user49585@example.com,City 6
User 49586,user49586@example.com,City 7
User 49587,user49587@example.com,City 8
User 49588,user49588@example.com,City 9
User 49589,user49589@example.com,City 10
User 49590,user49590@example.com,City 1
User 49591,user49591@example.com,City 2
User 49592,user49592@example.com,City 3
User 49593,user49593@example.com,City 4
User 49594,user49594@example.com,City 5
User 49595,user49595@example.com,City 6
User 49596,user49596@example.com,City 7
User 49597,user49597@example.com,City 8
User 49598,user49598@example.com,City 9
User 49599,user49599@example.com,City 10
User 49600,user49600@example.com,City 1
User 49601,user49601@example.com,City 2
User 49602,user49602@example.com,City 3
User 49603,user49603@example.com,City 4
User 49604,user49604@example.com,City 5
User 49605,user49605@example.com,City 6
User 49606,user49606@example.com,City 7
User 49607,user49607@example.com,City 8
User 49608,user49608@example.com,City 9
User 49609,user49609@example.com,City 10
User 49610,user49610@example.com,City 1
User 49611,user49611@example.com,City 2
User 49612,user49612@example.com,City 3
User 49613,user49613@example.com,City 4
User 49614,user49614@example.com,City 5
User 49615,user49615@example.com,City 6
User 49616,user49616@example.com,City 7
User 49617,user49617@example.com,City 8
User 49618,user49618@example.com,City 9
User 49619,user49619@example.com,City 10
User 49620,user49620@example.com,City 1
User 49621,user49621@example.com,City 2
User 49622,user49622@example.com,City 3
User 49623,user49623@example.com,City 4
User 49624,user49624@example.com,City 5
User 49625,user49625@example.com,City 6
User 49626,user49626@example.com,City 7
User 49627,user49627@example.com,City 8
User 49628,user49628@example.com,City 9
User 49629,user49629@example.com,City 10
User 49630,user49630@example.com,City 1
User 49631,user49631@example.com,City 2
User 49632,user49632@example.com,City 3
User 49633,user49633@example.com,City 4
User 49634,user49634@example.com,City 5
User 49635,user49635@example.com,City 6
User 49636,user49636@example.com,City 7
User 49637,user49637@example.com,City 8
User 49638,user49638@example.com,City 9
User 49639,user49639@example.com,City 10
User 49640,user49640@example.com,City 1
User 49641,user49641@example.com,City 2
User 49642,user49642@example.com,City 3
User 49643,user49643@example.com,City 4
User 49644,user49644@example.com,City 5
User 49645,user49645@example.com,City 6
User 49646,user49646@example.com,City 7
User 49647,user49647@example.com,City 8
User 49648,user49648@example.com,City 9
User 49649,user49649@example.com,City 10
User 49650,user49650@example.com,City 1
User 49651,user49651@example.com,City 2
User 49652,user49652@example.com,City 3
User 49653,user49653@example.com,City 4
User 49654,user49654@example.com,City 5
User 49655,user49655@example.com,City 6
User 49656,user49656@example.com,City 7
User 49657,user49657@example.com,City 8
User 49658,user49658@example.com,City 9
User 49659,user49659@example.com,City 10
User 49660,user49660@example.com,City 1
User 49661,user49661@example.com,City 2
User 49662,user49662@example.com,City 3
User 49663,user49663@example.com,City 4
User 49664,user49664@example.com,City 5
User 49665,user49665@example.com,City 6
User 49666,user49666@example.com,City 7
User 49667,user49667@example.com,City 8
User 49668,user49668@example.com,City 9
User 49669,user49669@example.com,City 10
User 49670,user49670@example.com,City 1
User 49671,user49671@example.com,City 2
User 49672,user49672@example.com,City 3
User 49673,user49673@example.com,City 4
User 49674,user49674@example.com,City 5
User 49675,user49675@example.com,City 6
User 49676,user49676@example.com,City 7
User 49677,user49677@example.com,City 8
User 49678,user49678@example.com,City 9
User 49679,user49679@example.com,City 10
User 49680,user49680@example.com,City 1
User 49681,user49681@example.com,City 2
User 49682,user49682@example.com,City 3
User 49683,user49683@example.com,City 4
User 49684,user49684@example.com,City 5
User 49685,user49685@example.com,City 6
User 49686,user49686@example.com,City 7
User 49687,user49687@example.com,City 8
User 49688,user49688@example.com,City 9
User 49689,user49689@example.com,City 10
User 49690,user49690@example.com,City 1
User 49691,user49691@example.com,City 2
User 49692,user49692@example.com,City 3
User 49693,user49693@example.com,City 4
User 49694,user49694@example.com,City 5
User 49695,user49695@example.com,City 6
User 49696,user49696@example.com,City 7
User 49697,user49697@example.com,City 8
User 49698,user49698@example.com,City 9
User 49699,user49699@example.com,City 10
User 49700,user49700@example.com,City 1
User 49701,user49701@example.com,City 2
User 49702,user49702@example.com,City 3
User 49703,user49703@example.com,City 4
User 49704,user49704@example.com,City 5
User 49705,user49705@example.com,City 6
User 49706,user49706@example.com,City 7
User 49707,user49707@example.com,City 8
User 49708,user49708@example.com,City 9
User 49709,user49709@example.com,City 10
User 49710,user49710@example.com,City 1
User 49711,user49711@example.com,City 2
User 49712,user49712@example.com,City 3
User 49713,user49713@example.com,City 4
User 49714,user49714@example.com,City 5
User 49715,user49715@example.com,City 6
User 49716,user49716@example.com,City 7
User 49717,user49717@example.com,City 8
User 49718,user49718@example.com,City 9
User 49719,user49719@example.com,City 10
User 49720,user49720@example.com,City 1
User 49721,user49721@example.com,City 2
User 49722,user49722@example.com,City 3
User 49723,user49723@example.com,City 4
User 49724,user49724@example.com,City 5
User 49725,user49725@example.com,City 6
User 49726,user49726@example.com,City 7
User 49727,user49727@example.com,City 8
User 49728,user49728@example.com,City 9
User 49729,user49729@example.com,City 10
User 49730,user49730@example.com,City 1
User 49731,user49731@example.com,City 2
User 49732,user49732@example.com,City 3
User 49733,user49733@example.com,City 4
User 49734,user49734@example.com,City 5
User 49735,user49735@example.com,City 6
User 49736,user49736@example.com,City 7
User 49737,user49737@example.com,City 8
User 49738,user49738@example.com,City 9
User 49739,user49739@example.com,City 10
User 49740,user49740@example.com,City 1
User 49741,user49741@example.com,City 2
User 49742,user49742@example.com,City 3
User 49743,user49743@example.com,City 4
User 49744,user49744@example.com,City 5
User 49745,user49745@example.com,City 6
User 49746,user49746@example.com,City 7
User 49747,user49747@example.com,City 8
User 49748,user49748@example.com,City 9
User 49749,user49749@example.com,City 10
User 49750,user49750@example.com,City 1
User 49751,user49751@example.com,City 2
User 49752,user49752@example.com,City 3
User 49753,user49753@example.com,City 4
User 49754,user49754@example.com,City 5
User 49755,user49755@example.com,City 6
User 49756,user49756@example.com,City 7
User 49757,user49757@example.com,City 8
User 49758,user49758@example.com,City 9
User 49759,user49759@example.com,City 10
User 49760,user49760@example.com,City 1
User 49761,user49761@example.com,City 2
User 49762,user49762@example.com,City 3
User 49763,user49763@example.com,City 4
User 49764,user49764@example.com,City 5
User 49765,user49765@example.com,City 6
User 49766,user49766@example.com,City 7
User 49767,user49767@example.com,City 8
User 49768,user49768@example.com,City 9
User 49769,user49769@example.com,City 10
User 49770,user49770@example.com,City 1
User 49771,user49771@example.com,City 2
User 49772,user49772@example.com,City 3
User 49773,user49773@example.com,City 4
User 49774,user49774@example.com,City 5
User 49775,user49775@example.com,City 6
User 49776,user49776@example.com,City 7
User 49777,user49777@example.com,City 8
User 49778,user49778@example.com,City 9
User 49779,user49779@example.com,City 10
User 49780,user49780@example.com,City 1
User 49781,user49781@example.com,City 2
User 49782,user49782@example.com,City 3
User 49783,user49783@example.com,City 4
User 49784,user49784@example.com,City 5
User 49785,user49785@example.com,City 6
User 49786,user49786@example.com,City 7
User 49787,user49787@example.com,City 8
User 49788,user49788@example.com,City 9
User 49789,user49789@example.com,City 10
User 49790,user49790@example.com,City 1
User 49791,user49791@example.com,City 2
User 49792,user49792@example.com,City 3
User 49793,user49793@example.com,City 4
User 49794,user49794@example.com,City 5
User 49795,user49795@example.com,City 6
User 49796,user49796@example.com,City 7
User 49797,user49797@example.com,City 8
User 49798,user49798@example.com,City 9
User 49799,user49799@example.com,City 10
User 49800,user49800@example.com,City 1
User 49801,user49801@example.com,City 2
User 49802,user49802@example.com,City 3
User 49803,user49803@example.com,City 4
User 49804,user49804@example.com,City 5
User 49805,user49805@example.com,City 6
User 49806,user49806@example.com,City 7
User 49807,user49807@example.com,City 8
User 49808,user49808@example.com,City 9
User 49809,user49809@example.com,City 10
User 49810,user49810@example.com,City 1
User 49811,user49811@example.com,City 2
User 49812,user49812@example.com,City 3
User 49813,user49813@example.com,City 4
User 49814,user49814@example.com,City 5
User 49815,user49815@example.com,City 6
User 49816,user49816@example.com,City 7
User 49817,user49817@example.com,City 8
User 49818,user49818@example.com,City 9
User 49819,user49819@example.com,City 10
User 49820,user49820@example.com,City 1
User 49821,user49821@example.com,City 2
User 49822,user49822@example.com,City 3
User 49823,user49823@example.com,City 4
User 49824,user49824@example.com,City 5
User 49825,user49825@example.com,City 6
User 49826,user49826@example.com,City 7
User 49827,user49827@example.com,City 8
User 49828,user49828@example.com,City 9
User 49829,user49829@example.com,City 10
User 49830,user49830@example.com,City 1
User 49831,user49831@example.com,City 2
User 49832,user49832@example.com,City 3
User 49833,user49833@example.com,City 4
User 49834,user49834@example.com,City 5
User 49835,user49835@example.com,City 6
User 49836,user49836@example.com,City 7
User 49837,user49837@example.com,City 8
User 49838,user49838@example.com,City 9
User 49839,user49839@example.com,City 10
User 49840,user49840@example.com,City 1
User 49841,user49841@example.com,City 2
User 49842,user49842@example.com,City 3
User 49843,user49843@example.com,City 4
User 49844,user49844@example.com,City 5
User 49845,user49845@example.com,City 6
User 49846,user49846@example.com,City 7
User 49847,user49847@example.com,City 8
User 49848,user49848@example.com,City 9
User 49849,user49849@example.com,City 10
User 49850,user49850@example.com,City 1
User 49851,user49851@example.com,City 2
User 49852,user49852@example.com,City 3
User 49853,user49853@example.com,City 4
User 49854,user49854@example.com,City 5
User 49855,user49855@example.com,City 6
User 49856,user49856@example.com,City 7
User 49857,user49857@example.com,City 8
User 49858,user49858@example.com,City 9
User 49859,user49859@example.com,City 10
User 49860,user49860@example.com,City 1
User 49861,user49861@example.com,City 2
User 49862,user49862@example.com,City 3
User 49863,user49863@example.com,City 4
User 49864,user49864@example.com,City 5
User 49865,user49865@example.com,City 6
User 49866,user49866@example.com,City 7
User 49867,user49867@example.com,City 8
User 49868,user49868@example.com,City 9
User 49869,user49869@example.com,City 10
User 49870,user49870@example.com,City 1
User 49871,user49871@example.com,City 2
User 49872,user49872@example.com,City 3
User 49873,user49873@example.com,City 4
User 49874,user49874@example.com,City 5
User 49875,user49875@example.com,City 6
User 49876,user49876@example.com,City 7
User 49877,user49877@example.com,City 8
User 49878,user49878@example.com,City 9
User 49879,user49879@example.com,City 10
User 49880,user49880@example.com,City 1
User 49881,user49881@example.com,City 2
User 49882,user49882@example.com,City 3
User 49883,user49883@example.com,City 4
User 49884,user49884@example.com,City 5
User 49885,user49885@example.com,City 6
User 49886,user49886@example.com,City 7
User 49887,user49887@example.com,City 8
User 49888,user49888@example.com,City 9
User 49889,user49889@example.com,City 10
User 49890,user49890@example.com,City 1
User 49891,user49891@example.com,City 2
User 49892,user49892@example.com,City 3
User 49893,user49893@example.com,City 4
User 49894,user49894@example.com,City 5
User 49895,user49895@example.com,City 6
User 49896,user49896@example.com,City 7
User 49897,user49897@example.com,City 8
User 49898,user49898@example.com,City 9
User 49899,user49899@example.com,City 10
User 49900,user49900@example.com,City 1
User 49901,user49901@example.com,City 2
User 49902,user49902@example.com,City 3
User 49903,user49903@example.com,City 4
User 49904,user49904@example.com,City 5
User 49905,user49905@example.com,City 6
User 49906,user49906@example.com,City 7
User 49907,user49907@example.com,City 8
User 49908,user49908@example.com,City 9
User 49909,user49909@example.com,City 10
User 49910,user49910@example.com,City 1
User 49911,user49911@example.com,City 2
User 49912,user49912@example.com,City 3
User 49913,user49913@example.com,City 4
User 49914,user49914@example.com,City 5
User 49915,user49915@example.com,City 6
User 49916,user49916@example.com,City 7
User 49917,user49917@example.com,City 8
User 49918,user49918@example.com,City 9
User 49919,user49919@example.com,City 10
User 49920,user49920@example.com,City 1
User 49921,user49921@example.com,City 2
User 49922,user49922@example.com,City 3
User 49923,user49923@example.com,City 4
User 49924,user49924@example.com,City 5
User 49925,user49925@example.com,City 6
User 49926,user49926@example.com,City 7
User 49927,user49927@example.com,City 8
User 49928,user49928@example.com,City 9
User 49929,user49929@example.com,City 10
User 49930,user49930@example.com,City 1
User 49931,user49931@example.com,City 2
User 49932,user49932@example.com,City 3
User 49933,user49933@example.com,City 4
User 49934,user49934@example.com,City 5
User 49935,user49935@example.com,City 6
User 49936,user49936@example.com,City 7
User 49937,user49937@example.com,City 8
User 49938,user49938@example.com,City 9
User 49939,user49939@example.com,City 10
User 49940,user49940@example.com,City 1
User 49941,user49941@example.com,City 2
User 49942,user49942@example.com,City 3
User 49943,user49943@example.com,City 4
User 49944,user49944@example.com,City 5
User 49945,user49945@example.com,City 6
User 49946,user49946@example.com,City 7
User 49947,user49947@example.com,City 8
User 49948,user49948@example.com,City 9
User 49949,user49949@example.com,City 10
User 49950,user49950@example.com,City 1
User 49951,user49951@example.com,City 2
User 49952,user49952@example.com,City 3
User 49953,user49953@example.com,City 4
User 49954,user49954@example.com,City 5
User 49955,user49955@example.com,City 6
User 49956,user49956@example.com,City 7
User 49957,user49957@example.com,City 8
User 49958,user49958@example.com,City 9
User 49959,user49959@example.com,City 10
User 49960,user49960@example.com,City 1
User 49961,user49961@example.com,City 2
User 49962,user49962@example.com,City 3
User 49963,user49963@example.com,City 4
User 49964,user49964@example.com,City 5
User 49965,user49965@example.com,City 6
User 49966,user49966@example.com,City 7
User 49967,user49967@example.com,City 8
User 49968,user49968@example.com,City 9
User 49969,user49969@example.com,City 10
User 49970,user49970@example.com,City 1
User 49971,user49971@example.com,City 2
User 49972,user49972@example.com,City 3
User 49973,user49973@example.com,City 4
User 49974,user49974@example.com,City 5
User 49975,user49975@example.com,City 6
User 49976,user49976@example.com,City 7
User 49977,user49977@example.com,City 8
User 49978,user49978@example.com,City 9
User 49979,user49979@example.com,City 10
User 49980,user49980@example.com,City 1
User 49981,user49981@example.com,City 2
User 49982,user49982@example.com,City 3
User 49983,user49983@example.com,City 4
User 49984,user49984@example.com,City 5
User 49985,user49985@example.com,City 6
User 49986,user49986@example.com,City 7
User 49987,user49987@example.com,City 8
User 49988,user49988@example.com,City 9
User 49989,user49989@example.com,City 10
User 49990,user49990@example.com,City 1
User 49991,user49991@example.com,City 2
User 49992,user49992@example.com,City 3
User 49993,user49993@example.com,City 4
User 49994,user49994@example.com,City 5
User 49995,user49995@example.com,City 6
User 49996,user49996@example.com,City 7
User 49997,user49997@example.com,City 8
User 49998,user49998@example.com,City 9
User 49999,user49999@example.com,City 10
User 50000,user50000@example.com,City 1
