name,email,city
User 40001,user40001@example.com,City 2
User 40002,user40002@example.com,City 3
User 40003,user40003@example.com,City 4
User 40004,user40004@example.com,City 5
User 40005,user40005@example.com,City 6
User 40006,user40006@example.com,City 7
User 40007,user40007@example.com,City 8
User 40008,user40008@example.com,City 9
User 40009,user40009@example.com,City 10
User 40010,user40010@example.com,City 1
User 40011,user40011@example.com,City 2
User 40012,user40012@example.com,City 3
User 40013,user40013@example.com,City 4
User 40014,user40014@example.com,City 5
User 40015,user40015@example.com,City 6
User 40016,user40016@example.com,City 7
User 40017,user40017@example.com,City 8
User 40018,user40018@example.com,City 9
User 40019,user40019@example.com,City 10
User 40020,user40020@example.com,City 1
User 40021,user40021@example.com,City 2
User 40022,user40022@example.com,City 3
User 40023,user40023@example.com,City 4
User 40024,user40024@example.com,City 5
User 40025,user40025@example.com,City 6
User 40026,user40026@example.com,City 7
User 40027,user40027@example.com,City 8
User 40028,user40028@example.com,City 9
User 40029,user40029@example.com,City 10
User 40030,user40030@example.com,City 1
User 40031,user40031@example.com,City 2
User 40032,user40032@example.com,City 3
User 40033,user40033@example.com,City 4
User 40034,user40034@example.com,City 5
User 40035,user40035@example.com,City 6
User 40036,user40036@example.com,City 7
User 40037,user40037@example.com,City 8
User 40038,user40038@example.com,City 9
User 40039,user40039@example.com,City 10
User 40040,user40040@example.com,City 1
User 40041,user40041@example.com,City 2
User 40042,user40042@example.com,City 3
User 40043,user40043@example.com,City 4
User 40044,user40044@example.com,City 5
User 40045,user40045@example.com,City 6
User 40046,user40046@example.com,City 7
User 40047,user40047@example.com,City 8
User 40048,user40048@example.com,City 9
User 40049,user40049@example.com,City 10
User 40050,user40050@example.com,City 1
User 40051,user40051@example.com,City 2
User 40052,user40052@example.com,City 3
User 40053,user40053@example.com,City 4
User 40054,user40054@example.com,City 5
User 40055,user40055@example.com,City 6
User 40056,user40056@example.com,City 7
User 40057,user40057@example.com,City 8
User 40058,user40058@example.com,City 9
User 40059,user40059@example.com,City 10
User 40060,user40060@example.com,City 1
User 40061,user40061@example.com,City 2
User 40062,user40062@example.com,City 3
User 40063,user40063@example.com,City 4
User 40064,user40064@example.com,City 5
User 40065,user40065@example.com,City 6
User 40066,user40066@example.com,City 7
User 40067,user40067@example.com,City 8
User 40068,user40068@example.com,City 9
User 40069,user40069@example.com,City 10
User 40070,user40070@example.com,City 1
User 40071,user40071@example.com,City 2
User 40072,user40072@example.com,City 3
User 40073,user40073@example.com,City 4
User 40074,user40074@example.com,City 5
User 40075,user40075@example.com,City 6
User 40076,user40076@example.com,City 7
User 40077,user40077@example.com,City 8
User 40078,user40078@example.com,City 9
User 40079,user40079@example.com,City 10
User 40080,user40080@example.com,City 1
User 40081,user40081@example.com,City 2
User 40082,user40082@example.com,City 3
User 40083,user40083@example.com,City 4
User 40084,user40084@example.com,City 5
User 40085,user40085@example.com,City 6
User 40086,user40086@example.com,City 7
User 40087,user40087@example.com,City 8
User 40088,user40088@example.com,City 9
User 40089,user40089@example.com,City 10
User 40090,user40090@example.com,City 1
User 40091,user40091@example.com,City 2
User 40092,user40092@example.com,City 3
User 40093,user40093@example.com,City 4
User 40094,user40094@example.com,City 5
User 40095,user40095@example.com,City 6
User 40096,user40096@example.com,City 7
User 40097,user40097@example.com,City 8
User 40098,user40098@example.com,City 9
User 40099,user40099@example.com,City 10
User 40100,user40100@example.com,City 1
User 40101,user40101@example.com,City 2
User 40102,user40102@example.com,City 3
User 40103,user40103@example.com,City 4
User 40104,user40104@example.com,City 5
User 40105,user40105@example.com,City 6
User 40106,user40106@example.com,City 7
User 40107,user40107@example.com,City 8
User 40108,user40108@example.com,City 9
User 40109,user40109@example.com,City 10
User 40110,user40110@example.com,City 1
User 40111,user40111@example.com,City 2
User 40112,user40112@example.com,City 3
User 40113,user40113@example.com,City 4
User 40114,user40114@example.com,City 5
User 40115,user40115@example.com,City 6
User 40116,user40116@example.com,City 7
User 40117,user40117@example.com,City 8
User 40118,user40118@example.com,City 9
User 40119,user40119@example.com,City 10
User 40120,user40120@example.com,City 1
User 40121,user40121@example.com,City 2
User 40122,user40122@example.com,City 3
User 40123,user40123@example.com,City 4
User 40124,user40124@example.com,City 5
User 40125,user40125@example.com,City 6
User 40126,user40126@example.com,City 7
User 40127,user40127@example.com,City 8
User 40128,user40128@example.com,City 9
User 40129,user40129@example.com,City 10
User 40130,user40130@example.com,City 1
User 40131,user40131@example.com,City 2
User 40132,user40132@example.com,City 3
User 40133,user40133@example.com,City 4
User 40134,user40134@example.com,City 5
User 40135,user40135@example.com,City 6
User 40136,user40136@example.com,City 7
User 40137,user40137@example.com,City 8
User 40138,user40138@example.com,City 9
User 40139,user40139@example.com,City 10
User 40140,user40140@example.com,City 1
User 40141,user40141@example.com,City 2
User 40142,user40142@example.com,City 3
User 40143,user40143@example.com,City 4
User 40144,user40144@example.com,City 5
User 40145,user40145@example.com,City 6
User 40146,user40146@example.com,City 7
User 40147,user40147@example.com,City 8
User 40148,user40148@example.com,City 9
User 40149,user40149@example.com,City 10
User 40150,user40150@example.com,City 1
User 40151,user40151@example.com,City 2
User 40152,user40152@example.com,City 3
User 40153,user40153@example.com,City 4
User 40154,user40154@example.com,City 5
User 40155,user40155@example.com,City 6
User 40156,user40156@example.com,City 7
User 40157,user40157@example.com,City 8
User 40158,user40158@example.com,City 9
User 40159,user40159@example.com,City 10
User 40160,user40160@example.com,City 1
User 40161,user40161@example.com,City 2
User 40162,user40162@example.com,City 3
User 40163,user40163@example.com,City 4
User 40164,user40164@example.com,City 5
User 40165,user40165@example.com,City 6
User 40166,user40166@example.com,City 7
User 40167,user40167@example.com,City 8
User 40168,user40168@example.com,City 9
User 40169,user40169@example.com,City 10
User 40170,user40170@example.com,City 1
User 40171,user40171@example.com,City 2
User 40172,user40172@example.com,City 3
User 40173,user40173@example.com,City 4
User 40174,user40174@example.com,City 5
User 40175,user40175@example.com,City 6
User 40176,user40176@example.com,City 7
User 40177,user40177@example.com,City 8
User 40178,user40178@example.com,City 9
User 40179,user40179@example.com,City 10
User 40180,user40180@example.com,City 1
User 40181,user40181@example.com,City 2
User 40182,user40182@example.com,City 3
User 40183,user40183@example.com,City 4
User 40184,user40184@example.com,City 5
User 40185,user40185@example.com,City 6
User 40186,user40186@example.com,City 7
User 40187,user40187@example.com,City 8
User 40188,user40188@example.com,City 9
User 40189,user40189@example.com,City 10
User 40190,user40190@example.com,City 1
User 40191,user40191@example.com,City 2
User 40192,user40192@example.com,City 3
User 40193,user40193@example.com,City 4
User 40194,user40194@example.com,City 5
User 40195,user40195@example.com,City 6
User 40196,user40196@example.com,City 7
User 40197,user40197@example.com,City 8
User 40198,user40198@example.com,City 9
User 40199,user40199@example.com,City 10
User 40200,user40200@example.com,City 1
User 40201,user40201@example.com,City 2
User 40202,user40202@example.com,City 3
User 40203,user40203@example.com,City 4
User 40204,user40204@example.com,City 5
User 40205,user40205@example.com,City 6
User 40206,user40206@example.com,City 7
User 40207,user40207@example.com,City 8
User 40208,user40208@example.com,City 9
User 40209,user40209@example.com,City 10
User 40210,user40210@example.com,City 1
User 40211,user40211@example.com,City 2
User 40212,user40212@example.com,City 3
User 40213,user40213@example.com,City 4
User 40214,user40214@example.com,City 5
User 40215,user40215@example.com,City 6
User 40216,user40216@example.com,City 7
User 40217,user40217@example.com,City 8
User 40218,user40218@example.com,City 9
User 40219,user40219@example.com,City 10
User 40220,user40220@example.com,City 1
User 40221,user40221@example.com,City 2
User 40222,user40222@example.com,City 3
User 40223,user40223@example.com,City 4
User 40224,user40224@example.com,City 5
User 40225,user40225@example.com,City 6
User 40226,user40226@example.com,City 7
User 40227,user40227@example.com,City 8
User 40228,user40228@example.com,City 9
User 40229,user40229@example.com,City 10
User 40230,user40230@example.com,City 1
User 40231,user40231@example.com,City 2
User 40232,user40232@example.com,City 3
User 40233,user40233@example.com,City 4
User 40234,user40234@example.com,City 5
User 40235,user40235@example.com,City 6
User 40236,user40236@example.com,City 7
User 40237,user40237@example.com,City 8
User 40238,user40238@example.com,City 9
User 40239,user40239@example.com,City 10
User 40240,user40240@example.com,City 1
User 40241,user40241@example.com,City 2
User 40242,user40242@example.com,City 3
User 40243,user40243@example.com,City 4
User 40244,user40244@example.com,City 5
User 40245,user40245@example.com,City 6
User 40246,user40246@example.com,City 7
User 40247,user40247@example.com,City 8
User 40248,user40248@example.com,City 9
User 40249,user40249@example.com,City 10
User 40250,user40250@example.com,City 1
User 40251,user40251@example.com,City 2
User 40252,user40252@example.com,City 3
User 40253,user40253@example.com,City 4
User 40254,user40254@example.com,City 5
User 40255,user40255@example.com,City 6
User 40256,user40256@example.com,City 7
User 40257,user40257@example.com,City 8
User 40258,user40258@example.com,City 9
User 40259,user40259@example.com,City 10
User 40260,user40260@example.com,City 1
User 40261,user40261@example.com,City 2
User 40262,user40262@example.com,City 3
User 40263,user40263@example.com,City 4
User 40264,user40264@example.com,City 5
User 40265,user40265@example.com,City 6
User 40266,user40266@example.com,City 7
User 40267,user40267@example.com,City 8
User 40268,user40268@example.com,City 9
User 40269,user40269@example.com,City 10
User 40270,user40270@example.com,City 1
User 40271,user40271@example.com,City 2
User 40272,user40272@example.com,City 3
User 40273,user40273@example.com,City 4
User 40274,user40274@example.com,City 5
User 40275,user40275@example.com,City 6
User 40276,user40276@example.com,City 7
User 40277,user40277@example.com,City 8
User 40278,user40278@example.com,City 9
User 40279,user40279@example.com,City 10
User 40280,user40280@example.com,City 1
User 40281,user40281@example.com,City 2
User 40282,user40282@example.com,City 3
User 40283,user40283@example.com,City 4
User 40284,user40284@example.com,City 5
User 40285,user40285@example.com,City 6
User 40286,user40286@example.com,City 7
User 40287,user40287@example.com,City 8
User 40288,user40288@example.com,City 9
User 40289,user40289@example.com,City 10
User 40290,user40290@example.com,City 1
User 40291,user40291@example.com,City 2
User 40292,user40292@example.com,City 3
User 40293,user40293@example.com,City 4
User 40294,user40294@example.com,City 5
User 40295,user40295@example.com,City 6
User 40296,user40296@example.com,City 7
User 40297,user40297@example.com,City 8
User 40298,user40298@example.com,City 9
User 40299,user40299@example.com,City 10
User 40300,user40300@example.com,City 1
User 40301,user40301@example.com,City 2
User 40302,user40302@example.com,City 3
User 40303,user40303@example.com,City 4
User 40304,user40304@example.com,City 5
User 40305,user40305@example.com,City 6
User 40306,user40306@example.com,City 7
User 40307,user40307@example.com,City 8
User 40308,user40308@example.com,City 9
User 40309,user40309@example.com,City 10
User 40310,user40310@example.com,City 1
User 40311,user40311@example.com,City 2
User 40312,user40312@example.com,City 3
User 40313,user40313@example.com,City 4
User 40314,user40314@example.com,City 5
User 40315,user40315@example.com,City 6
User 40316,user40316@example.com,City 7
User 40317,user40317@example.com,City 8
User 40318,user40318@example.com,City 9
User 40319,user40319@example.com,City 10
User 40320,user40320@example.com,City 1
User 40321,user40321@example.com,City 2
User 40322,user40322@example.com,City 3
User 40323,user40323@example.com,City 4
User 40324,user40324@example.com,City 5
User 40325,user40325@example.com,City 6
User 40326,user40326@example.com,City 7
User 40327,user40327@example.com,City 8
User 40328,user40328@example.com,City 9
User 40329,user40329@example.com,City 10
User 40330,user40330@example.com,City 1
User 40331,user40331@example.com,City 2
User 40332,user40332@example.com,City 3
User 40333,user40333@example.com,City 4
User 40334,user40334@example.com,City 5
User 40335,user40335@example.com,City 6
User 40336,user40336@example.com,City 7
User 40337,user40337@example.com,City 8
User 40338,user40338@example.com,City 9
User 40339,user40339@example.com,City 10
User 40340,user40340@example.com,City 1
User 40341,user40341@example.com,City 2
User 40342,user40342@example.com,City 3
User 40343,user40343@example.com,City 4
User 40344,user40344@example.com,City 5
User 40345,user40345@example.com,City 6
User 40346,user40346@example.com,City 7
User 40347,user40347@example.com,City 8
User 40348,user40348@example.com,City 9
User 40349,user40349@example.com,City 10
User 40350,user40350@example.com,City 1
User 40351,user40351@example.com,City 2
User 40352,user40352@example.com,City 3
User 40353,user40353@example.com,City 4
User 40354,user40354@example.com,City 5
User 40355,user40355@example.com,City 6
User 40356,user40356@example.com,City 7
User 40357,user40357@example.com,City 8
User 40358,user40358@example.com,City 9
User 40359,user40359@example.com,City 10
User 40360,user40360@example.com,City 1
User 40361,user40361@example.com,City 2
User 40362,user40362@example.com,City 3
User 40363,user40363@example.com,City 4
User 40364,user40364@example.com,City 5
User 40365,user40365@example.com,City 6
User 40366,user40366@example.com,City 7
User 40367,user40367@example.com,City 8
User 40368,user40368@example.com,City 9
User 40369,user40369@example.com,City 10
User 40370,user40370@example.com,City 1
User 40371,user40371@example.com,City 2
User 40372,user40372@example.com,City 3
User 40373,user40373@example.com,City 4
User 40374,user40374@example.com,City 5
User 40375,user40375@example.com,City 6
User 40376,user40376@example.com,City 7
User 40377,user40377@example.com,City 8
User 40378,user40378@example.com,City 9
User 40379,user40379@example.com,City 10
User 40380,user40380@example.com,City 1
User 40381,user40381@example.com,City 2
User 40382,user40382@example.com,City 3
User 40383,user40383@example.com,City 4
User 40384,user40384@example.com,City 5
User 40385,user40385@example.com,City 6
User 40386,user40386@example.com,City 7
User 40387,user40387@example.com,City 8
User 40388,user40388@example.com,City 9
User 40389,user40389@example.com,City 10
User 40390,user40390@example.com,City 1
User 40391,user40391@example.com,City 2
User 40392,user40392@example.com,City 3
User 40393,user40393@example.com,City 4
User 40394,user40394@example.com,City 5
User 40395,user40395@example.com,City 6
User 40396,user40396@example.com,City 7
User 40397,user40397@example.com,City 8
User 40398,user40398@example.com,City 9
User 40399,user40399@example.com,City 10
User 40400,user40400@example.com,City 1
User 40401,user40401@example.com,City 2
User 40402,user40402@example.com,City 3
User 40403,user40403@example.com,City 4
User 40404,user40404@example.com,City 5
User 40405,user40405@example.com,City 6
User 40406,user40406@example.com,City 7
User 40407,user40407@example.com,City 8
User 40408,user40408@example.com,City 9
User 40409,user40409@example.com,City 10
User 40410,user40410@example.com,City 1
User 40411,user40411@example.com,City 2
User 40412,user40412@example.com,City 3
User 40413,user40413@example.com,City 4
User 40414,user40414@example.com,City 5
User 40415,user40415@example.com,City 6
User 40416,user40416@example.com,City 7
User 40417,user40417@example.com,City 8
User 40418,user40418@example.com,City 9
User 40419,user40419@example.com,City 10
User 40420,user40420@example.com,City 1
User 40421,user40421@example.com,City 2
User 40422,user40422@example.com,City 3
User 40423,user40423@example.com,City 4
User 40424,user40424@example.com,City 5
User 40425,user40425@example.com,City 6
User 40426,user40426@example.com,City 7
User 40427,user40427@example.com,City 8
User 40428,user40428@example.com,City 9
User 40429,user40429@example.com,City 10
User 40430,user40430@example.com,City 1
User 40431,user40431@example.com,City 2
User 40432,user40432@example.com,City 3
User 40433,user40433@example.com,City 4
User 40434,user40434@example.com,City 5
User 40435,user40435@example.com,City 6
User 40436,user40436@example.com,City 7
User 40437,user40437@example.com,City 8
User 40438,user40438@example.com,City 9
User 40439,user40439@example.com,City 10
User 40440,user40440@example.com,City 1
User 40441,user40441@example.com,City 2
User 40442,user40442@example.com,City 3
User 40443,user40443@example.com,City 4
User 40444,user40444@example.com,City 5
User 40445,user40445@example.com,City 6
User 40446,user40446@example.com,City 7
User 40447,user40447@example.com,City 8
User 40448,user40448@example.com,City 9
User 40449,user40449@example.com,City 10
User 40450,user40450@example.com,City 1
User 40451,user40451@example.com,City 2
User 40452,user40452@example.com,City 3
User 40453,user40453@example.com,City 4
User 40454,user40454@example.com,City 5
User 40455,user40455@example.com,City 6
User 40456,user40456@example.com,City 7
User 40457,user40457@example.com,City 8
User 40458,user40458@example.com,City 9
User 40459,user40459@example.com,City 10
User 40460,user40460@example.com,City 1
User 40461,user40461@example.com,City 2
User 40462,user40462@example.com,City 3
User 40463,user40463@example.com,City 4
User 40464,user40464@example.com,City 5
User 40465,user40465@example.com,City 6
User 40466,user40466@example.com,City 7
User 40467,user40467@example.com,City 8
User 40468,user40468@example.com,City 9
User 40469,user40469@example.com,City 10
User 40470,user40470@example.com,City 1
User 40471,user40471@example.com,City 2
User 40472,user40472@example.com,City 3
User 40473,user40473@example.com,City 4
User 40474,user40474@example.com,City 5
User 40475,user40475@example.com,City 6
User 40476,user40476@example.com,City 7
User 40477,user40477@example.com,City 8
User 40478,user40478@example.com,City 9
User 40479,user40479@example.com,City 10
User 40480,user40480@example.com,City 1
User 40481,user40481@example.com,City 2
User 40482,user40482@example.com,City 3
User 40483,user40483@example.com,City 4
User 40484,user40484@example.com,City 5
User 40485,user40485@example.com,City 6
User 40486,user40486@example.com,City 7
User 40487,user40487@example.com,City 8
User 40488,user40488@example.com,City 9
User 40489,user40489@example.com,City 10
User 40490,user40490@example.com,City 1
User 40491,user40491@example.com,City 2
User 40492,user40492@example.com,City 3
User 40493,user40493@example.com,City 4
User 40494,user40494@example.com,City 5
User 40495,user40495@example.com,City 6
User 40496,user40496@example.com,City 7
User 40497,user40497@example.com,City 8
User 40498,user40498@example.com,City 9
User 40499,user40499@example.com,City 10
User 40500,user40500@example.com,City 1
User 40501,user40501@example.com,City 2
User 40502,user40502@example.com,City 3
User 40503,user40503@example.com,City 4
User 40504,user40504@example.com,City 5
User 40505,user40505@example.com,City 6
User 40506,user40506@example.com,City 7
User 40507,user40507@example.com,City 8
User 40508,user40508@example.com,City 9
User 40509,user40509@example.com,City 10
User 40510,user40510@example.com,City 1
User 40511,user40511@example.com,City 2
User 40512,user40512@example.com,City 3
User 40513,user40513@example.com,City 4
User 40514,user40514@example.com,City 5
User 40515,user40515@example.com,City 6
User 40516,user40516@example.com,City 7
User 40517,user40517@example.com,City 8
User 40518,user40518@example.com,City 9
User 40519,user40519@example.com,City 10
User 40520,user40520@example.com,City 1
User 40521,user40521@example.com,City 2
User 40522,user40522@example.com,City 3
User 40523,user40523@example.com,City 4
User 40524,user40524@example.com,City 5
User 40525,user40525@example.com,City 6
User 40526,user40526@example.com,City 7
User 40527,user40527@example.com,City 8
User 40528,user40528@example.com,City 9
User 40529,user40529@example.com,City 10
User 40530,user40530@example.com,City 1
User 40531,user40531@example.com,City 2
User 40532,user40532@example.com,City 3
User 40533,user40533@example.com,City 4
User 40534,user40534@example.com,City 5
User 40535,user40535@example.com,City 6
User 40536,user40536@example.com,City 7
User 40537,user40537@example.com,City 8
User 40538,user40538@example.com,City 9
User 40539,user40539@example.com,City 10
User 40540,user40540@example.com,City 1
User 40541,user40541@example.com,City 2
User 40542,user40542@example.com,City 3
User 40543,user40543@example.com,City 4
User 40544,user40544@example.com,City 5
User 40545,user40545@example.com,City 6
User 40546,user40546@example.com,City 7
User 40547,user40547@example.com,City 8
User 40548,user40548@example.com,City 9
User 40549,user40549@example.com,City 10
User 40550,user40550@example.com,City 1
User 40551,user40551@example.com,City 2
User 40552,user40552@example.com,City 3
User 40553,user40553@example.com,City 4
User 40554,user40554@example.com,City 5
User 40555,user40555@example.com,City 6
User 40556,user40556@example.com,City 7
User 40557,user40557@example.com,City 8
User 40558,user40558@example.com,City 9
User 40559,user40559@example.com,City 10
User 40560,user40560@example.com,City 1
User 40561,user40561@example.com,City 2
User 40562,user40562@example.com,City 3
User 40563,user40563@example.com,City 4
User 40564,user40564@example.com,City 5
User 40565,user40565@example.com,City 6
User 40566,user40566@example.com,City 7
User 40567,user40567@example.com,City 8
User 40568,user40568@example.com,City 9
User 40569,user40569@example.com,City 10
User 40570,user40570@example.com,City 1
User 40571,user40571@example.com,City 2
User 40572,user40572@example.com,City 3
User 40573,user40573@example.com,City 4
User 40574,user40574@example.com,City 5
User 40575,user40575@example.com,City 6
User 40576,user40576@example.com,City 7
User 40577,user40577@example.com,City 8
User 40578,user40578@example.com,City 9
User 40579,user40579@example.com,City 10
User 40580,user40580@example.com,City 1
User 40581,user40581@example.com,City 2
User 40582,user40582@example.com,City 3
User 40583,user40583@example.com,City 4
User 40584,user40584@example.com,City 5
User 40585,user40585@example.com,City 6
User 40586,user40586@example.com,City 7
User 40587,user40587@example.com,City 8
User 40588,user40588@example.com,City 9
User 40589,user40589@example.com,City 10
User 40590,user40590@example.com,City 1
User 40591,user40591@example.com,City 2
User 40592,user40592@example.com,City 3
User 40593,user40593@example.com,City 4
User 40594,user40594@example.com,City 5
User 40595,user40595@example.com,City 6
User 40596,user40596@example.com,City 7
User 40597,user40597@example.com,City 8
User 40598,user40598@example.com,City 9
User 40599,user40599@example.com,City 10
User 40600,user40600@example.com,City 1
User 40601,user40601@example.com,City 2
User 40602,user40602@example.com,City 3
User 40603,user40603@example.com,City 4
User 40604,user40604@example.com,City 5
User 40605,user40605@example.com,City 6
User 40606,user40606@example.com,City 7
User 40607,user40607@example.com,City 8
User 40608,user40608@example.com,City 9
User 40609,user40609@example.com,City 10
User 40610,user40610@example.com,City 1
User 40611,user40611@example.com,City 2
User 40612,user40612@example.com,City 3
User 40613,user40613@example.com,City 4
User 40614,user40614@example.com,City 5
User 40615,user40615@example.com,City 6
User 40616,user40616@example.com,City 7
User 40617,user40617@example.com,City 8
User 40618,user40618@example.com,City 9
User 40619,user40619@example.com,City 10
User 40620,user40620@example.com,City 1
User 40621,user40621@example.com,City 2
User 40622,user40622@example.com,City 3
User 40623,user40623@example.com,City 4
User 40624,user40624@example.com,City 5
User 40625,user40625@example.com,City 6
User 40626,user40626@example.com,City 7
User 40627,user40627@example.com,City 8
User 40628,user40628@example.com,City 9
User 40629,user40629@example.com,City 10
User 40630,user40630@example.com,City 1
User 40631,user40631@example.com,City 2
User 40632,user40632@example.com,City 3
User 40633,user40633@example.com,City 4
User 40634,user40634@example.com,City 5
User 40635,user40635@example.com,City 6
User 40636,user40636@example.com,City 7
User 40637,user40637@example.com,City 8
User 40638,user40638@example.com,City 9
User 40639,user40639@example.com,City 10
User 40640,user40640@example.com,City 1
User 40641,user40641@example.com,City 2
User 40642,user40642@example.com,City 3
User 40643,user40643@example.com,City 4
User 40644,user40644@example.com,City 5
User 40645,user40645@example.com,City 6
User 40646,user40646@example.com,City 7
User 40647,user40647@example.com,City 8
User 40648,user40648@example.com,City 9
User 40649,user40649@example.com,City 10
User 40650,user40650@example.com,City 1
User 40651,user40651@example.com,City 2
User 40652,user40652@example.com,City 3
User 40653,user40653@example.com,City 4
User 40654,user40654@example.com,City 5
User 40655,user40655@example.com,City 6
User 40656,user40656@example.com,City 7
User 40657,user40657@example.com,City 8
User 40658,user40658@example.com,City 9
User 40659,user40659@example.com,City 10
User 40660,user40660@example.com,City 1
User 40661,user40661@example.com,City 2
User 40662,user40662@example.com,City 3
User 40663,user40663@example.com,City 4
User 40664,user40664@example.com,City 5
User 40665,user40665@example.com,City 6
User 40666,user40666@example.com,City 7
User 40667,user40667@example.com,City 8
User 40668,user40668@example.com,City 9
User 40669,user40669@example.com,City 10
User 40670,user40670@example.com,City 1
User 40671,user40671@example.com,City 2
User 40672,user40672@example.com,City 3
User 40673,user40673@example.com,City 4
User 40674,user40674@example.com,City 5
User 40675,user40675@example.com,City 6
User 40676,user40676@example.com,City 7
User 40677,user40677@example.com,City 8
User 40678,user40678@example.com,City 9
User 40679,user40679@example.com,City 10
User 40680,user40680@example.com,City 1
User 40681,user40681@example.com,City 2
User 40682,user40682@example.com,City 3
User 40683,user40683@example.com,City 4
User 40684,user40684@example.com,City 5
User 40685,user40685@example.com,City 6
User 40686,user40686@example.com,City 7
User 40687,user40687@example.com,City 8
User 40688,user40688@example.com,City 9
User 40689,user40689@example.com,City 10
User 40690,user40690@example.com,City 1
User 40691,user40691@example.com,City 2
User 40692,user40692@example.com,City 3
User 40693,user40693@example.com,City 4
User 40694,user40694@example.com,City 5
User 40695,user40695@example.com,City 6
User 40696,user40696@example.com,City 7
User 40697,user40697@example.com,City 8
User 40698,user40698@example.com,City 9
User 40699,user40699@example.com,City 10
User 40700,user40700@example.com,City 1
User 40701,user40701@example.com,City 2
User 40702,user40702@example.com,City 3
User 40703,user40703@example.com,City 4
User 40704,user40704@example.com,City 5
User 40705,user40705@example.com,City 6
User 40706,user40706@example.com,City 7
User 40707,user40707@example.com,City 8
User 40708,user40708@example.com,City 9
User 40709,user40709@example.com,City 10
User 40710,user40710@example.com,City 1
User 40711,user40711@example.com,City 2
User 40712,user40712@example.com,City 3
User 40713,user40713@example.com,City 4
User 40714,user40714@example.com,City 5
User 40715,user40715@example.com,City 6
User 40716,user40716@example.com,City 7
User 40717,user40717@example.com,City 8
User 40718,user40718@example.com,City 9
User 40719,user40719@example.com,City 10
User 40720,user40720@example.com,City 1
User 40721,user40721@example.com,City 2
User 40722,user40722@example.com,City 3
User 40723,user40723@example.com,City 4
User 40724,user40724@example.com,City 5
User 40725,user40725@example.com,City 6
User 40726,user40726@example.com,City 7
User 40727,user40727@example.com,City 8
User 40728,user40728@example.com,City 9
User 40729,user40729@example.com,City 10
User 40730,user40730@example.com,City 1
User 40731,user40731@example.com,City 2
User 40732,user40732@example.com,City 3
User 40733,user40733@example.com,City 4
User 40734,user40734@example.com,City 5
User 40735,user40735@example.com,City 6
User 40736,user40736@example.com,City 7
User 40737,user40737@example.com,City 8
User 40738,user40738@example.com,City 9
User 40739,user40739@example.com,City 10
User 40740,user40740@example.com,City 1
User 40741,user40741@example.com,City 2
User 40742,user40742@example.com,City 3
User 40743,user40743@example.com,City 4
User 40744,user40744@example.com,City 5
User 40745,user40745@example.com,City 6
User 40746,user40746@example.com,City 7
User 40747,user40747@example.com,City 8
User 40748,user40748@example.com,City 9
User 40749,user40749@example.com,City 10
User 40750,user40750@example.com,City 1
User 40751,user40751@example.com,City 2
User 40752,user40752@example.com,City 3
User 40753,user40753@example.com,City 4
User 40754,user40754@example.com,City 5
User 40755,user40755@example.com,City 6
User 40756,user40756@example.com,City 7
User 40757,user40757@example.com,City 8
User 40758,user40758@example.com,City 9
User 40759,user40759@example.com,City 10
User 40760,user40760@example.com,City 1
User 40761,user40761@example.com,City 2
User 40762,user40762@example.com,City 3
User 40763,user40763@example.com,City 4
User 40764,user40764@example.com,City 5
User 40765,user40765@example.com,City 6
User 40766,user40766@example.com,City 7
User 40767,user40767@example.com,City 8
User 40768,user40768@example.com,City 9
User 40769,user40769@example.com,City 10
User 40770,user40770@example.com,City 1
User 40771,user40771@example.com,City 2
User 40772,user40772@example.com,City 3
User 40773,user40773@example.com,City 4
User 40774,user40774@example.com,City 5
User 40775,user40775@example.com,City 6
User 40776,user40776@example.com,City 7
User 40777,user40777@example.com,City 8
User 40778,user40778@example.com,City 9
User 40779,user40779@example.com,City 10
User 40780,user40780@example.com,City 1
User 40781,user40781@example.com,City 2
User 40782,user40782@example.com,City 3
User 40783,user40783@example.com,City 4
User 40784,user40784@example.com,City 5
User 40785,user40785@example.com,City 6
User 40786,user40786@example.com,City 7
User 40787,user40787@example.com,City 8
User 40788,user40788@example.com,City 9
User 40789,user40789@example.com,City 10
User 40790,user40790@example.com,City 1
User 40791,user40791@example.com,City 2
User 40792,user40792@example.com,City 3
User 40793,user40793@example.com,City 4
User 40794,user40794@example.com,City 5
User 40795,user40795@example.com,City 6
User 40796,user40796@example.com,City 7
User 40797,user40797@example.com,City 8
User 40798,user40798@example.com,City 9
User 40799,user40799@example.com,City 10
User 40800,user40800@example.com,City 1
User 40801,user40801@example.com,City 2
User 40802,user40802@example.com,City 3
User 40803,user40803@example.com,City 4
User 40804,user40804@example.com,City 5
User 40805,user40805@example.com,City 6
User 40806,user40806@example.com,City 7
User 40807,user40807@example.com,City 8
User 40808,user40808@example.com,City 9
User 40809,user40809@example.com,City 10
User 40810,user40810@example.com,City 1
User 40811,user40811@example.com,City 2
User 40812,user40812@example.com,City 3
User 40813,user40813@example.com,City 4
User 40814,user40814@example.com,City 5
User 40815,user40815@example.com,City 6
User 40816,user40816@example.com,City 7
User 40817,user40817@example.com,City 8
User 40818,user40818@example.com,City 9
User 40819,user40819@example.com,City 10
User 40820,user40820@example.com,City 1
User 40821,user40821@example.com,City 2
User 40822,user40822@example.com,City 3
User 40823,user40823@example.com,City 4
User 40824,user40824@example.com,City 5
User 40825,user40825@example.com,City 6
User 40826,user40826@example.com,City 7
User 40827,user40827@example.com,City 8
User 40828,user40828@example.com,City 9
User 40829,user40829@example.com,City 10
User 40830,user40830@example.com,City 1
User 40831,user40831@example.com,City 2
User 40832,user40832@example.com,City 3
User 40833,user40833@example.com,City 4
User 40834,user40834@example.com,City 5
User 40835,user40835@example.com,City 6
User 40836,user40836@example.com,City 7
User 40837,user40837@example.com,City 8
User 40838,user40838@example.com,City 9
User 40839,user40839@example.com,City 10
User 40840,user40840@example.com,City 1
User 40841,user40841@example.com,City 2
User 40842,user40842@example.com,City 3
User 40843,user40843@example.com,City 4
User 40844,user40844@example.com,City 5
User 40845,user40845@example.com,City 6
User 40846,user40846@example.com,City 7
User 40847,user40847@example.com,City 8
User 40848,user40848@example.com,City 9
User 40849,user40849@example.com,City 10
User 40850,user40850@example.com,City 1
User 40851,user40851@example.com,City 2
User 40852,user40852@example.com,City 3
User 40853,user40853@example.com,City 4
User 40854,user40854@example.com,City 5
User 40855,user40855@example.com,City 6
User 40856,user40856@example.com,City 7
User 40857,user40857@example.com,City 8
User 40858,user40858@example.com,City 9
User 40859,user40859@example.com,City 10
User 40860,user40860@example.com,City 1
User 40861,user40861@example.com,City 2
User 40862,user40862@example.com,City 3
User 40863,user40863@example.com,City 4
User 40864,user40864@example.com,City 5
User 40865,user40865@example.com,City 6
User 40866,user40866@example.com,City 7
User 40867,user40867@example.com,City 8
User 40868,user40868@example.com,City 9
User 40869,user40869@example.com,City 10
User 40870,user40870@example.com,City 1
User 40871,user40871@example.com,City 2
User 40872,user40872@example.com,City 3
User 40873,user40873@example.com,City 4
User 40874,user40874@example.com,City 5
User 40875,user40875@example.com,City 6
User 40876,user40876@example.com,City 7
User 40877,user40877@example.com,City 8
User 40878,user40878@example.com,City 9
User 40879,user40879@example.com,City 10
User 40880,user40880@example.com,City 1
User 40881,user40881@example.com,City 2
User 40882,user40882@example.com,City 3
User 40883,user40883@example.com,City 4
User 40884,user40884@example.com,City 5
User 40885,user40885@example.com,City 6
User 40886,user40886@example.com,City 7
User 40887,user40887@example.com,City 8
User 40888,user40888@example.com,City 9
User 40889,user40889@example.com,City 10
User 40890,user40890@example.com,City 1
User 40891,user40891@example.com,City 2
User 40892,user40892@example.com,City 3
User 40893,user40893@example.com,City 4
User 40894,user40894@example.com,City 5
User 40895,user40895@example.com,City 6
User 40896,user40896@example.com,City 7
User 40897,user40897@example.com,City 8
User 40898,user40898@example.com,City 9
User 40899,user40899@example.com,City 10
User 40900,user40900@example.com,City 1
User 40901,user40901@example.com,City 2
User 40902,user40902@example.com,City 3
User 40903,user40903@example.com,City 4
User 40904,user40904@example.com,City 5
User 40905,user40905@example.com,City 6
User 40906,user40906@example.com,City 7
User 40907,user40907@example.com,City 8
User 40908,user40908@example.com,City 9
User 40909,user40909@example.com,City 10
User 40910,user40910@example.com,City 1
User 40911,user40911@example.com,City 2
User 40912,user40912@example.com,City 3
User 40913,user40913@example.com,City 4
User 40914,user40914@example.com,City 5
User 40915,user40915@example.com,City 6
User 40916,user40916@example.com,City 7
User 40917,user40917@example.com,City 8
User 40918,user40918@example.com,City 9
User 40919,user40919@example.com,City 10
User 40920,user40920@example.com,City 1
User 40921,user40921@example.com,City 2
User 40922,user40922@example.com,City 3
User 40923,user40923@example.com,City 4
User 40924,user40924@example.com,City 5
User 40925,user40925@example.com,City 6
User 40926,user40926@example.com,City 7
User 40927,user40927@example.com,City 8
User 40928,user40928@example.com,City 9
User 40929,user40929@example.com,City 10
User 40930,user40930@example.com,City 1
User 40931,user40931@example.com,City 2
User 40932,user40932@example.com,City 3
User 40933,user40933@example.com,City 4
User 40934,user40934@example.com,City 5
User 40935,user40935@example.com,City 6
User 40936,user40936@example.com,City 7
User 40937,user40937@example.com,City 8
User 40938,user40938@example.com,City 9
User 40939,user40939@example.com,City 10
User 40940,user40940@example.com,City 1
User 40941,user40941@example.com,City 2
User 40942,user40942@example.com,City 3
User 40943,user40943@example.com,City 4
User 40944,user40944@example.com,City 5
User 40945,user40945@example.com,City 6
User 40946,user40946@example.com,City 7
User 40947,user40947@example.com,City 8
User 40948,user40948@example.com,City 9
User 40949,user40949@example.com,City 10
User 40950,user40950@example.com,City 1
User 40951,user40951@example.com,City 2
User 40952,user40952@example.com,City 3
User 40953,user40953@example.com,City 4
User 40954,user40954@example.com,City 5
User 40955,user40955@example.com,City 6
User 40956,user40956@example.com,City 7
User 40957,user40957@example.com,City 8
User 40958,user40958@example.com,City 9
User 40959,user40959@example.com,City 10
User 40960,user40960@example.com,City 1
User 40961,user40961@example.com,City 2
User 40962,user40962@example.com,City 3
User 40963,user40963@example.com,City 4
User 40964,user40964@example.com,City 5
User 40965,user40965@example.com,City 6
User 40966,user40966@example.com,City 7
User 40967,user40967@example.com,City 8
User 40968,user40968@example.com,City 9
User 40969,user40969@example.com,City 10
User 40970,user40970@example.com,City 1
User 40971,user40971@example.com,City 2
User 40972,user40972@example.com,City 3
User 40973,user40973@example.com,City 4
User 40974,user40974@example.com,City 5
User 40975,user40975@example.com,City 6
User 40976,user40976@example.com,City 7
User 40977,user40977@example.com,City 8
User 40978,user40978@example.com,City 9
User 40979,user40979@example.com,City 10
User 40980,user40980@example.com,City 1
User 40981,user40981@example.com,City 2
User 40982,user40982@example.com,City 3
User 40983,user40983@example.com,City 4
User 40984,user40984@example.com,City 5
User 40985,user40985@example.com,City 6
User 40986,user40986@example.com,City 7
User 40987,user40987@example.com,City 8
User 40988,user40988@example.com,City 9
User 40989,user40989@example.com,City 10
User 40990,user40990@example.com,City 1
User 40991,user40991@example.com,City 2
User 40992,user40992@example.com,City 3
User 40993,user40993@example.com,City 4
User 40994,user40994@example.com,City 5
User 40995,user40995@example.com,City 6
User 40996,user40996@example.com,City 7
User 40997,user40997@example.com,City 8
User 40998,user40998@example.com,City 9
User 40999,user40999@example.com,City 10
User 41000,user41000@example.com,City 1
User 41001,user41001@example.com,City 2
User 41002,user41002@example.com,City 3
User 41003,user41003@example.com,City 4
User 41004,user41004@example.com,City 5
User 41005,user41005@example.com,City 6
User 41006,user41006@example.com,City 7
User 41007,user41007@example.com,City 8
User 41008,user41008@example.com,City 9
User 41009,user41009@example.com,City 10
User 41010,user41010@example.com,City 1
User 41011,user41011@example.com,City 2
User 41012,user41012@example.com,City 3
User 41013,user41013@example.com,City 4
User 41014,user41014@example.com,City 5
User 41015,user41015@example.com,City 6
User 41016,user41016@example.com,City 7
User 41017,user41017@example.com,City 8
User 41018,user41018@example.com,City 9
User 41019,user41019@example.com,City 10
User 41020,user41020@example.com,City 1
User 41021,user41021@example.com,City 2
User 41022,user41022@example.com,City 3
User 41023,user41023@example.com,City 4
User 41024,user41024@example.com,City 5
User 41025,user41025@example.com,City 6
User 41026,user41026@example.com,City 7
User 41027,user41027@example.com,City 8
User 41028,user41028@example.com,City 9
User 41029,user41029@example.com,City 10
User 41030,user41030@example.com,City 1
User 41031,user41031@example.com,City 2
User 41032,user41032@example.com,City 3
User 41033,user41033@example.com,City 4
User 41034,user41034@example.com,City 5
User 41035,user41035@example.com,City 6
User 41036,user41036@example.com,City 7
User 41037,user41037@example.com,City 8
User 41038,user41038@example.com,City 9
User 41039,user41039@example.com,City 10
User 41040,user41040@example.com,City 1
User 41041,user41041@example.com,City 2
User 41042,user41042@example.com,City 3
User 41043,user41043@example.com,City 4
User 41044,user41044@example.com,City 5
User 41045,user41045@example.com,City 6
User 41046,user41046@example.com,City 7
User 41047,user41047@example.com,City 8
User 41048,user41048@example.com,City 9
User 41049,user41049@example.com,City 10
User 41050,user41050@example.com,City 1
User 41051,user41051@example.com,City 2
User 41052,user41052@example.com,City 3
User 41053,user41053@example.com,City 4
User 41054,user41054@example.com,City 5
User 41055,user41055@example.com,City 6
User 41056,user41056@example.com,City 7
User 41057,user41057@example.com,City 8
User 41058,user41058@example.com,City 9
User 41059,user41059@example.com,City 10
User 41060,user41060@example.com,City 1
User 41061,user41061@example.com,City 2
User 41062,user41062@example.com,City 3
User 41063,user41063@example.com,City 4
User 41064,user41064@example.com,City 5
User 41065,user41065@example.com,City 6
User 41066,user41066@example.com,City 7
User 41067,user41067@example.com,City 8
User 41068,user41068@example.com,City 9
User 41069,user41069@example.com,City 10
User 41070,user41070@example.com,City 1
User 41071,user41071@example.com,City 2
User 41072,user41072@example.com,City 3
User 41073,user41073@example.com,City 4
User 41074,user41074@example.com,City 5
User 41075,user41075@example.com,City 6
User 41076,user41076@example.com,City 7
User 41077,user41077@example.com,City 8
User 41078,user41078@example.com,City 9
User 41079,user41079@example.com,City 10
User 41080,user41080@example.com,City 1
User 41081,user41081@example.com,City 2
User 41082,user41082@example.com,City 3
User 41083,user41083@example.com,City 4
User 41084,user41084@example.com,City 5
User 41085,user41085@example.com,City 6
User 41086,user41086@example.com,City 7
User 41087,user41087@example.com,City 8
User 41088,user41088@example.com,City 9
User 41089,user41089@example.com,City 10
User 41090,user41090@example.com,City 1
User 41091,user41091@example.com,City 2
User 41092,user41092@example.com,City 3
User 41093,user41093@example.com,City 4
User 41094,user41094@example.com,City 5
User 41095,user41095@example.com,City 6
User 41096,user41096@example.com,City 7
User 41097,user41097@example.com,City 8
User 41098,user41098@example.com,City 9
User 41099,user41099@example.com,City 10
User 41100,user41100@example.com,City 1
User 41101,user41101@example.com,City 2
User 41102,user41102@example.com,City 3
User 41103,user41103@example.com,City 4
User 41104,user41104@example.com,City 5
User 41105,user41105@example.com,City 6
User 41106,user41106@example.com,City 7
User 41107,user41107@example.com,City 8
User 41108,user41108@example.com,City 9
User 41109,user41109@example.com,City 10
User 41110,user41110@example.com,City 1
User 41111,user41111@example.com,City 2
User 41112,user41112@example.com,City 3
User 41113,user41113@example.com,City 4
User 41114,user41114@example.com,City 5
User 41115,user41115@example.com,City 6
User 41116,user41116@example.com,City 7
User 41117,user41117@example.com,City 8
User 41118,user41118@example.com,City 9
User 41119,user41119@example.com,City 10
User 41120,user41120@example.com,City 1
User 41121,user41121@example.com,City 2
User 41122,user41122@example.com,City 3
User 41123,user41123@example.com,City 4
User 41124,user41124@example.com,City 5
User 41125,user41125@example.com,City 6
User 41126,user41126@example.com,City 7
User 41127,user41127@example.com,City 8
User 41128,user41128@example.com,City 9
User 41129,user41129@example.com,City 10
User 41130,user41130@example.com,City 1
User 41131,user41131@example.com,City 2
User 41132,user41132@example.com,City 3
User 41133,user41133@example.com,City 4
User 41134,user41134@example.com,City 5
User 41135,user41135@example.com,City 6
User 41136,user41136@example.com,City 7
User 41137,user41137@example.com,City 8
User 41138,user41138@example.com,City 9
User 41139,user41139@example.com,City 10
User 41140,user41140@example.com,City 1
User 41141,user41141@example.com,City 2
User 41142,user41142@example.com,City 3
User 41143,user41143@example.com,City 4
User 41144,user41144@example.com,City 5
User 41145,user41145@example.com,City 6
User 41146,user41146@example.com,City 7
User 41147,user41147@example.com,City 8
User 41148,user41148@example.com,City 9
User 41149,user41149@example.com,City 10
User 41150,user41150@example.com,City 1
User 41151,user41151@example.com,City 2
User 41152,user41152@example.com,City 3
User 41153,user41153@example.com,City 4
User 41154,user41154@example.com,City 5
User 41155,user41155@example.com,City 6
User 41156,user41156@example.com,City 7
User 41157,user41157@example.com,City 8
User 41158,user41158@example.com,City 9
User 41159,user41159@example.com,City 10
User 41160,user41160@example.com,City 1
User 41161,user41161@example.com,City 2
User 41162,user41162@example.com,City 3
User 41163,user41163@example.com,City 4
User 41164,user41164@example.com,City 5
User 41165,user41165@example.com,City 6
User 41166,user41166@example.com,City 7
User 41167,user41167@example.com,City 8
User 41168,user41168@example.com,City 9
User 41169,user41169@example.com,City 10
User 41170,user41170@example.com,City 1
User 41171,user41171@example.com,City 2
User 41172,user41172@example.com,City 3
User 41173,user41173@example.com,City 4
User 41174,user41174@example.com,City 5
User 41175,user41175@example.com,City 6
User 41176,user41176@example.com,City 7
User 41177,user41177@example.com,City 8
User 41178,user41178@example.com,City 9
User 41179,user41179@example.com,City 10
User 41180,user41180@example.com,City 1
User 41181,user41181@example.com,City 2
User 41182,user41182@example.com,City 3
User 41183,user41183@example.com,City 4
User 41184,user41184@example.com,City 5
User 41185,user41185@example.com,City 6
User 41186,user41186@example.com,City 7
User 41187,user41187@example.com,City 8
User 41188,user41188@example.com,City 9
User 41189,user41189@example.com,City 10
User 41190,user41190@example.com,City 1
User 41191,user41191@example.com,City 2
User 41192,user41192@example.com,City 3
User 41193,user41193@example.com,City 4
User 41194,user41194@example.com,City 5
User 41195,user41195@example.com,City 6
User 41196,user41196@example.com,City 7
User 41197,user41197@example.com,City 8
User 41198,user41198@example.com,City 9
User 41199,user41199@example.com,City 10
User 41200,user41200@example.com,City 1
User 41201,user41201@example.com,City 2
User 41202,user41202@example.com,City 3
User 41203,user41203@example.com,City 4
User 41204,user41204@example.com,City 5
User 41205,user41205@example.com,City 6
User 41206,user41206@example.com,City 7
User 41207,user41207@example.com,City 8
User 41208,user41208@example.com,City 9
User 41209,user41209@example.com,City 10
User 41210,user41210@example.com,City 1
User 41211,user41211@example.com,City 2
User 41212,user41212@example.com,City 3
User 41213,user41213@example.com,City 4
User 41214,user41214@example.com,City 5
User 41215,user41215@example.com,City 6
User 41216,user41216@example.com,City 7
User 41217,user41217@example.com,City 8
User 41218,user41218@example.com,City 9
User 41219,user41219@example.com,City 10
User 41220,user41220@example.com,City 1
User 41221,user41221@example.com,City 2
User 41222,user41222@example.com,City 3
User 41223,user41223@example.com,City 4
User 41224,user41224@example.com,City 5
User 41225,user41225@example.com,City 6
User 41226,user41226@example.com,City 7
User 41227,user41227@example.com,City 8
User 41228,user41228@example.com,City 9
User 41229,user41229@example.com,City 10
User 41230,user41230@example.com,City 1
User 41231,user41231@example.com,City 2
User 41232,user41232@example.com,City 3
User 41233,user41233@example.com,City 4
User 41234,user41234@example.com,City 5
User 41235,user41235@example.com,City 6
User 41236,user41236@example.com,City 7
User 41237,user41237@example.com,City 8
User 41238,user41238@example.com,City 9
User 41239,user41239@example.com,City 10
User 41240,user41240@example.com,City 1
User 41241,user41241@example.com,City 2
User 41242,user41242@example.com,City 3
User 41243,user41243@example.com,City 4
User 41244,user41244@example.com,City 5
User 41245,user41245@example.com,City 6
User 41246,user41246@example.com,City 7
User 41247,user41247@example.com,City 8
User 41248,user41248@example.com,City 9
User 41249,user41249@example.com,City 10
User 41250,user41250@example.com,City 1
User 41251,user41251@example.com,City 2
User 41252,user41252@example.com,City 3
User 41253,user41253@example.com,City 4
User 41254,user41254@example.com,City 5
User 41255,user41255@example.com,City 6
User 41256,user41256@example.com,City 7
User 41257,user41257@example.com,City 8
User 41258,user41258@example.com,City 9
User 41259,user41259@example.com,City 10
User 41260,user41260@example.com,City 1
User 41261,user41261@example.com,City 2
User 41262,user41262@example.com,City 3
User 41263,user41263@example.com,City 4
User 41264,user41264@example.com,City 5
User 41265,user41265@example.com,City 6
User 41266,user41266@example.com,City 7
User 41267,user41267@example.com,City 8
User 41268,user41268@example.com,City 9
User 41269,user41269@example.com,City 10
User 41270,user41270@example.com,City 1
User 41271,user41271@example.com,City 2
User 41272,user41272@example.com,City 3
User 41273,user41273@example.com,City 4
User 41274,user41274@example.com,City 5
User 41275,user41275@example.com,City 6
User 41276,user41276@example.com,City 7
User 41277,user41277@example.com,City 8
User 41278,user41278@example.com,City 9
User 41279,user41279@example.com,City 10
User 41280,user41280@example.com,City 1
User 41281,user41281@example.com,City 2
User 41282,user41282@example.com,City 3
User 41283,user41283@example.com,City 4
User 41284,user41284@example.com,City 5
User 41285,user41285@example.com,City 6
User 41286,user41286@example.com,City 7
User 41287,user41287@example.com,City 8
User 41288,user41288@example.com,City 9
User 41289,user41289@example.com,City 10
User 41290,user41290@example.com,City 1
User 41291,user41291@example.com,City 2
User 41292,user41292@example.com,City 3
User 41293,user41293@example.com,City 4
User 41294,user41294@example.com,City 5
User 41295,user41295@example.com,City 6
User 41296,user41296@example.com,City 7
User 41297,user41297@example.com,City 8
User 41298,user41298@example.com,City 9
User 41299,user41299@example.com,City 10
User 41300,user41300@example.com,City 1
User 41301,user41301@example.com,City 2
User 41302,user41302@example.com,City 3
User 41303,user41303@example.com,City 4
User 41304,user41304@example.com,City 5
User 41305,user41305@example.com,City 6
User 41306,user41306@example.com,City 7
User 41307,user41307@example.com,City 8
User 41308,user41308@example.com,City 9
User 41309,user41309@example.com,City 10
User 41310,user41310@example.com,City 1
User 41311,user41311@example.com,City 2
User 41312,user41312@example.com,City 3
User 41313,user41313@example.com,City 4
User 41314,user41314@example.com,City 5
User 41315,user41315@example.com,City 6
User 41316,user41316@example.com,City 7
User 41317,user41317@example.com,City 8
User 41318,user41318@example.com,City 9
User 41319,user41319@example.com,City 10
User 41320,user41320@example.com,City 1
User 41321,user41321@example.com,City 2
User 41322,user41322@example.com,City 3
User 41323,user41323@example.com,City 4
User 41324,user41324@example.com,City 5
User 41325,user41325@example.com,City 6
User 41326,user41326@example.com,City 7
User 41327,user41327@example.com,City 8
User 41328,user41328@example.com,City 9
User 41329,user41329@example.com,City 10
User 41330,user41330@example.com,City 1
User 41331,user41331@example.com,City 2
User 41332,user41332@example.com,City 3
User 41333,user41333@example.com,City 4
User 41334,user41334@example.com,City 5
User 41335,user41335@example.com,City 6
User 41336,user41336@example.com,City 7
User 41337,user41337@example.com,City 8
User 41338,user41338@example.com,City 9
User 41339,user41339@example.com,City 10
User 41340,user41340@example.com,City 1
User 41341,user41341@example.com,City 2
User 41342,user41342@example.com,City 3
User 41343,user41343@example.com,City 4
User 41344,user41344@example.com,City 5
User 41345,user41345@example.com,City 6
User 41346,user41346@example.com,City 7
User 41347,user41347@example.com,City 8
User 41348,user41348@example.com,City 9
User 41349,user41349@example.com,City 10
User 41350,user41350@example.com,City 1
User 41351,user41351@example.com,City 2
User 41352,user41352@example.com,City 3
User 41353,user41353@example.com,City 4
User 41354,user41354@example.com,City 5
User 41355,user41355@example.com,City 6
User 41356,user41356@example.com,City 7
User 41357,user41357@example.com,City 8
User 41358,user41358@example.com,City 9
User 41359,user41359@example.com,City 10
User 41360,user41360@example.com,City 1
User 41361,user41361@example.com,City 2
User 41362,user41362@example.com,City 3
User 41363,user41363@example.com,City 4
User 41364,user41364@example.com,City 5
User 41365,user41365@example.com,City 6
User 41366,user41366@example.com,City 7
User 41367,user41367@example.com,City 8
User 41368,user41368@example.com,City 9
User 41369,user41369@example.com,City 10
User 41370,user41370@example.com,City 1
User 41371,user41371@example.com,City 2
User 41372,user41372@example.com,City 3
User 41373,user41373@example.com,City 4
User 41374,user41374@example.com,City 5
User 41375,user41375@example.com,City 6
User 41376,user41376@example.com,City 7
User 41377,user41377@example.com,City 8
User 41378,user41378@example.com,City 9
User 41379,user41379@example.com,City 10
User 41380,user41380@example.com,City 1
User 41381,user41381@example.com,City 2
User 41382,user41382@example.com,City 3
User 41383,user41383@example.com,City 4
User 41384,user41384@example.com,City 5
User 41385,user41385@example.com,City 6
User 41386,user41386@example.com,City 7
User 41387,user41387@example.com,City 8
User 41388,user41388@example.com,City 9
User 41389,user41389@example.com,City 10
User 41390,user41390@example.com,City 1
User 41391,user41391@example.com,City 2
User 41392,user41392@example.com,City 3
User 41393,user41393@example.com,City 4
User 41394,user41394@example.com,City 5
User 41395,user41395@example.com,City 6
User 41396,user41396@example.com,City 7
User 41397,user41397@example.com,City 8
User 41398,user41398@example.com,City 9
User 41399,user41399@example.com,City 10
User 41400,user41400@example.com,City 1
User 41401,user41401@example.com,City 2
User 41402,user41402@example.com,City 3
User 41403,user41403@example.com,City 4
User 41404,user41404@example.com,City 5
User 41405,user41405@example.com,City 6
User 41406,user41406@example.com,City 7
User 41407,user41407@example.com,City 8
User 41408,user41408@example.com,City 9
User 41409,user41409@example.com,City 10
User 41410,user41410@example.com,City 1
User 41411,user41411@example.com,City 2
User 41412,user41412@example.com,City 3
User 41413,user41413@example.com,City 4
User 41414,user41414@example.com,City 5
User 41415,user41415@example.com,City 6
User 41416,user41416@example.com,City 7
User 41417,user41417@example.com,City 8
User 41418,user41418@example.com,City 9
User 41419,user41419@example.com,City 10
User 41420,user41420@example.com,City 1
User 41421,user41421@example.com,City 2
User 41422,user41422@example.com,City 3
User 41423,user41423@example.com,City 4
User 41424,user41424@example.com,City 5
User 41425,user41425@example.com,City 6
User 41426,user41426@example.com,City 7
User 41427,user41427@example.com,City 8
User 41428,user41428@example.com,City 9
User 41429,user41429@example.com,City 10
User 41430,user41430@example.com,City 1
User 41431,user41431@example.com,City 2
User 41432,user41432@example.com,City 3
User 41433,user41433@example.com,City 4
User 41434,user41434@example.com,City 5
User 41435,user41435@example.com,City 6
User 41436,user41436@example.com,City 7
User 41437,user41437@example.com,City 8
User 41438,user41438@example.com,City 9
User 41439,user41439@example.com,City 10
User 41440,user41440@example.com,City 1
User 41441,user41441@example.com,City 2
User 41442,user41442@example.com,City 3
User 41443,user41443@example.com,City 4
User 41444,user41444@example.com,City 5
User 41445,user41445@example.com,City 6
User 41446,user41446@example.com,City 7
User 41447,user41447@example.com,City 8
User 41448,user41448@example.com,City 9
User 41449,user41449@example.com,City 10
User 41450,user41450@example.com,City 1
User 41451,user41451@example.com,City 2
User 41452,user41452@example.com,City 3
User 41453,user41453@example.com,City 4
User 41454,user41454@example.com,City 5
User 41455,user41455@example.com,City 6
User 41456,user41456@example.com,City 7
User 41457,user41457@example.com,City 8
User 41458,user41458@example.com,City 9
User 41459,user41459@example.com,City 10
User 41460,user41460@example.com,City 1
User 41461,user41461@example.com,City 2
User 41462,user41462@example.com,City 3
User 41463,user41463@example.com,City 4
User 41464,user41464@example.com,City 5
User 41465,user41465@example.com,City 6
User 41466,user41466@example.com,City 7
User 41467,user41467@example.com,City 8
User 41468,user41468@example.com,City 9
User 41469,user41469@example.com,City 10
User 41470,user41470@example.com,City 1
User 41471,user41471@example.com,City 2
User 41472,user41472@example.com,City 3
User 41473,user41473@example.com,City 4
User 41474,user41474@example.com,City 5
User 41475,user41475@example.com,City 6
User 41476,user41476@example.com,City 7
User 41477,user41477@example.com,City 8
User 41478,user41478@example.com,City 9
User 41479,user41479@example.com,City 10
User 41480,user41480@example.com,City 1
User 41481,user41481@example.com,City 2
User 41482,user41482@example.com,City 3
User 41483,user41483@example.com,City 4
User 41484,user41484@example.com,City 5
User 41485,user41485@example.com,City 6
User 41486,user41486@example.com,City 7
User 41487,user41487@example.com,City 8
User 41488,user41488@example.com,City 9
User 41489,user41489@example.com,City 10
User 41490,user41490@example.com,City 1
User 41491,user41491@example.com,City 2
User 41492,user41492@example.com,City 3
User 41493,user41493@example.com,City 4
User 41494,user41494@example.com,City 5
User 41495,user41495@example.com,City 6
User 41496,user41496@example.com,City 7
User 41497,user41497@example.com,City 8
User 41498,user41498@example.com,City 9
User 41499,user41499@example.com,City 10
User 41500,user41500@example.com,City 1
User 41501,user41501@example.com,City 2
User 41502,user41502@example.com,City 3
User 41503,user41503@example.com,City 4
User 41504,user41504@example.com,City 5
User 41505,user41505@example.com,City 6
User 41506,user41506@example.com,City 7
User 41507,user41507@example.com,City 8
User 41508,user41508@example.com,City 9
User 41509,user41509@example.com,City 10
User 41510,user41510@example.com,City 1
User 41511,user41511@example.com,City 2
User 41512,user41512@example.com,City 3
User 41513,user41513@example.com,City 4
User 41514,user41514@example.com,City 5
User 41515,user41515@example.com,City 6
User 41516,user41516@example.com,City 7
User 41517,user41517@example.com,City 8
User 41518,user41518@example.com,City 9
User 41519,user41519@example.com,City 10
User 41520,user41520@example.com,City 1
User 41521,user41521@example.com,City 2
User 41522,user41522@example.com,City 3
User 41523,user41523@example.com,City 4
User 41524,user41524@example.com,City 5
User 41525,user41525@example.com,City 6
User 41526,user41526@example.com,City 7
User 41527,user41527@example.com,City 8
User 41528,user41528@example.com,City 9
User 41529,user41529@example.com,City 10
User 41530,user41530@example.com,City 1
User 41531,user41531@example.com,City 2
User 41532,user41532@example.com,City 3
User 41533,user41533@example.com,City 4
User 41534,user41534@example.com,City 5
User 41535,user41535@example.com,City 6
User 41536,user41536@example.com,City 7
User 41537,user41537@example.com,City 8
User 41538,user41538@example.com,City 9
User 41539,user41539@example.com,City 10
User 41540,user41540@example.com,City 1
User 41541,user41541@example.com,City 2
User 41542,user41542@example.com,City 3
User 41543,user41543@example.com,City 4
User 41544,user41544@example.com,City 5
User 41545,user41545@example.com,City 6
User 41546,user41546@example.com,City 7
User 41547,user41547@example.com,City 8
User 41548,user41548@example.com,City 9
User 41549,user41549@example.com,City 10
User 41550,user41550@example.com,City 1
User 41551,user41551@example.com,City 2
User 41552,user41552@example.com,City 3
User 41553,user41553@example.com,City 4
User 41554,user41554@example.com,City 5
User 41555,user41555@example.com,City 6
User 41556,user41556@example.com,City 7
User 41557,user41557@example.com,City 8
User 41558,user41558@example.com,City 9
User 41559,user41559@example.com,City 10
User 41560,user41560@example.com,City 1
User 41561,user41561@example.com,City 2
User 41562,user41562@example.com,City 3
User 41563,user41563@example.com,City 4
User 41564,user41564@example.com,City 5
User 41565,user41565@example.com,City 6
User 41566,user41566@example.com,City 7
User 41567,user41567@example.com,City 8
User 41568,user41568@example.com,City 9
User 41569,user41569@example.com,City 10
User 41570,user41570@example.com,City 1
User 41571,user41571@example.com,City 2
User 41572,user41572@example.com,City 3
User 41573,user41573@example.com,City 4
User 41574,user41574@example.com,City 5
User 41575,user41575@example.com,City 6
User 41576,user41576@example.com,City 7
User 41577,user41577@example.com,City 8
User 41578,user41578@example.com,City 9
User 41579,user41579@example.com,City 10
User 41580,user41580@example.com,City 1
User 41581,user41581@example.com,City 2
User 41582,user41582@example.com,City 3
User 41583,user41583@example.com,City 4
User 41584,user41584@example.com,City 5
User 41585,user41585@example.com,City 6
User 41586,user41586@example.com,City 7
User 41587,user41587@example.com,City 8
User 41588,user41588@example.com,City 9
User 41589,user41589@example.com,City 10
User 41590,user41590@example.com,City 1
User 41591,user41591@example.com,City 2
User 41592,user41592@example.com,City 3
User 41593,user41593@example.com,City 4
User 41594,user41594@example.com,City 5
User 41595,user41595@example.com,City 6
User 41596,user41596@example.com,City 7
User 41597,user41597@example.com,City 8
User 41598,user41598@example.com,City 9
User 41599,user41599@example.com,City 10
User 41600,user41600@example.com,City 1
User 41601,user41601@example.com,City 2
User 41602,user41602@example.com,City 3
User 41603,user41603@example.com,City 4
User 41604,user41604@example.com,City 5
User 41605,user41605@example.com,City 6
User 41606,user41606@example.com,City 7
User 41607,user41607@example.com,City 8
User 41608,user41608@example.com,City 9
User 41609,user41609@example.com,City 10
User 41610,user41610@example.com,City 1
User 41611,user41611@example.com,City 2
User 41612,user41612@example.com,City 3
User 41613,user41613@example.com,City 4
User 41614,user41614@example.com,City 5
User 41615,user41615@example.com,City 6
User 41616,user41616@example.com,City 7
User 41617,user41617@example.com,City 8
User 41618,user41618@example.com,City 9
User 41619,user41619@example.com,City 10
User 41620,user41620@example.com,City 1
User 41621,user41621@example.com,City 2
User 41622,user41622@example.com,City 3
User 41623,user41623@example.com,City 4
User 41624,user41624@example.com,City 5
User 41625,user41625@example.com,City 6
User 41626,user41626@example.com,City 7
User 41627,user41627@example.com,City 8
User 41628,user41628@example.com,City 9
User 41629,user41629@example.com,City 10
User 41630,user41630@example.com,City 1
User 41631,user41631@example.com,City 2
User 41632,user41632@example.com,City 3
User 41633,user41633@example.com,City 4
User 41634,user41634@example.com,City 5
User 41635,user41635@example.com,City 6
User 41636,user41636@example.com,City 7
User 41637,user41637@example.com,City 8
User 41638,user41638@example.com,City 9
User 41639,user41639@example.com,City 10
User 41640,user41640@example.com,City 1
User 41641,user41641@example.com,City 2
User 41642,user41642@example.com,City 3
User 41643,user41643@example.com,City 4
User 41644,user41644@example.com,City 5
User 41645,user41645@example.com,City 6
User 41646,user41646@example.com,City 7
User 41647,user41647@example.com,City 8
User 41648,user41648@example.com,City 9
User 41649,user41649@example.com,City 10
User 41650,user41650@example.com,City 1
User 41651,user41651@example.com,City 2
User 41652,user41652@example.com,City 3
User 41653,user41653@example.com,City 4
User 41654,user41654@example.com,City 5
User 41655,user41655@example.com,City 6
User 41656,user41656@example.com,City 7
User 41657,user41657@example.com,City 8
User 41658,user41658@example.com,City 9
User 41659,user41659@example.com,City 10
User 41660,user41660@example.com,City 1
User 41661,user41661@example.com,City 2
User 41662,user41662@example.com,City 3
User 41663,user41663@example.com,City 4
User 41664,user41664@example.com,City 5
User 41665,user41665@example.com,City 6
User 41666,user41666@example.com,City 7
User 41667,user41667@example.com,City 8
User 41668,user41668@example.com,City 9
User 41669,user41669@example.com,City 10
User 41670,user41670@example.com,City 1
User 41671,user41671@example.com,City 2
User 41672,user41672@example.com,City 3
User 41673,user41673@example.com,City 4
User 41674,user41674@example.com,City 5
User 41675,user41675@example.com,City 6
User 41676,user41676@example.com,City 7
User 41677,user41677@example.com,City 8
User 41678,user41678@example.com,City 9
User 41679,user41679@example.com,City 10
User 41680,user41680@example.com,City 1
User 41681,user41681@example.com,City 2
User 41682,user41682@example.com,City 3
User 41683,user41683@example.com,City 4
User 41684,user41684@example.com,City 5
User 41685,user41685@example.com,City 6
User 41686,user41686@example.com,City 7
User 41687,user41687@example.com,City 8
User 41688,user41688@example.com,City 9
User 41689,user41689@example.com,City 10
User 41690,user41690@example.com,City 1
User 41691,user41691@example.com,City 2
User 41692,user41692@example.com,City 3
User 41693,user41693@example.com,City 4
User 41694,user41694@example.com,City 5
User 41695,user41695@example.com,City 6
User 41696,user41696@example.com,City 7
User 41697,user41697@example.com,City 8
User 41698,user41698@example.com,City 9
User 41699,user41699@example.com,City 10
User 41700,user41700@example.com,City 1
User 41701,user41701@example.com,City 2
User 41702,user41702@example.com,City 3
User 41703,user41703@example.com,City 4
User 41704,user41704@example.com,City 5
User 41705,user41705@example.com,City 6
User 41706,user41706@example.com,City 7
User 41707,user41707@example.com,City 8
User 41708,user41708@example.com,City 9
User 41709,user41709@example.com,City 10
User 41710,user41710@example.com,City 1
User 41711,user41711@example.com,City 2
User 41712,user41712@example.com,City 3
User 41713,user41713@example.com,City 4
User 41714,user41714@example.com,City 5
User 41715,user41715@example.com,City 6
User 41716,user41716@example.com,City 7
User 41717,user41717@example.com,City 8
User 41718,user41718@example.com,City 9
User 41719,user41719@example.com,City 10
User 41720,user41720@example.com,City 1
User 41721,user41721@example.com,City 2
User 41722,user41722@example.com,City 3
User 41723,user41723@example.com,City 4
User 41724,user41724@example.com,City 5
User 41725,user41725@example.com,City 6
User 41726,user41726@example.com,City 7
User 41727,user41727@example.com,City 8
User 41728,user41728@example.com,City 9
User 41729,user41729@example.com,City 10
User 41730,user41730@example.com,City 1
User 41731,user41731@example.com,City 2
User 41732,user41732@example.com,City 3
User 41733,user41733@example.com,City 4
User 41734,user41734@example.com,City 5
User 41735,user41735@example.com,City 6
User 41736,user41736@example.com,City 7
User 41737,user41737@example.com,City 8
User 41738,user41738@example.com,City 9
User 41739,user41739@example.com,City 10
User 41740,user41740@example.com,City 1
User 41741,user41741@example.com,City 2
User 41742,user41742@example.com,City 3
User 41743,user41743@example.com,City 4
User 41744,user41744@example.com,City 5
User 41745,user41745@example.com,City 6
User 41746,user41746@example.com,City 7
User 41747,user41747@example.com,City 8
User 41748,user41748@example.com,City 9
User 41749,user41749@example.com,City 10
User 41750,user41750@example.com,City 1
User 41751,user41751@example.com,City 2
User 41752,user41752@example.com,City 3
User 41753,user41753@example.com,City 4
User 41754,user41754@example.com,City 5
User 41755,user41755@example.com,City 6
User 41756,user41756@example.com,City 7
User 41757,user41757@example.com,City 8
User 41758,user41758@example.com,City 9
User 41759,user41759@example.com,City 10
User 41760,user41760@example.com,City 1
User 41761,user41761@example.com,City 2
User 41762,user41762@example.com,City 3
User 41763,user41763@example.com,City 4
User 41764,user41764@example.com,City 5
User 41765,user41765@example.com,City 6
User 41766,user41766@example.com,City 7
User 41767,user41767@example.com,City 8
User 41768,user41768@example.com,City 9
User 41769,user41769@example.com,City 10
User 41770,user41770@example.com,City 1
User 41771,user41771@example.com,City 2
User 41772,user41772@example.com,City 3
User 41773,user41773@example.com,City 4
User 41774,user41774@example.com,City 5
User 41775,user41775@example.com,City 6
User 41776,user41776@example.com,City 7
User 41777,user41777@example.com,City 8
User 41778,user41778@example.com,City 9
User 41779,user41779@example.com,City 10
User 41780,user41780@example.com,City 1
User 41781,user41781@example.com,City 2
User 41782,user41782@example.com,City 3
User 41783,user41783@example.com,City 4
User 41784,user41784@example.com,City 5
User 41785,user41785@example.com,City 6
User 41786,user41786@example.com,City 7
User 41787,user41787@example.com,City 8
User 41788,user41788@example.com,City 9
User 41789,user41789@example.com,City 10
User 41790,user41790@example.com,City 1
User 41791,user41791@example.com,City 2
User 41792,user41792@example.com,City 3
User 41793,user41793@example.com,City 4
User 41794,user41794@example.com,City 5
User 41795,user41795@example.com,City 6
User 41796,user41796@example.com,City 7
User 41797,user41797@example.com,City 8
User 41798,user41798@example.com,City 9
User 41799,user41799@example.com,City 10
User 41800,user41800@example.com,City 1
User 41801,user41801@example.com,City 2
User 41802,user41802@example.com,City 3
User 41803,user41803@example.com,City 4
User 41804,user41804@example.com,City 5
User 41805,user41805@example.com,City 6
User 41806,user41806@example.com,City 7
User 41807,user41807@example.com,City 8
User 41808,user41808@example.com,City 9
User 41809,user41809@example.com,City 10
User 41810,user41810@example.com,City 1
User 41811,user41811@example.com,City 2
User 41812,user41812@example.com,City 3
User 41813,user41813@example.com,City 4
User 41814,user41814@example.com,City 5
User 41815,user41815@example.com,City 6
User 41816,user41816@example.com,City 7
User 41817,user41817@example.com,City 8
User 41818,user41818@example.com,City 9
User 41819,user41819@example.com,City 10
User 41820,user41820@example.com,City 1
User 41821,user41821@example.com,City 2
User 41822,user41822@example.com,City 3
User 41823,user41823@example.com,City 4
User 41824,user41824@example.com,City 5
User 41825,user41825@example.com,City 6
User 41826,user41826@example.com,City 7
User 41827,user41827@example.com,City 8
User 41828,user41828@example.com,City 9
User 41829,user41829@example.com,City 10
User 41830,user41830@example.com,City 1
User 41831,user41831@example.com,City 2
User 41832,user41832@example.com,City 3
User 41833,user41833@example.com,City 4
User 41834,user41834@example.com,City 5
User 41835,user41835@example.com,City 6
User 41836,user41836@example.com,City 7
User 41837,user41837@example.com,City 8
User 41838,user41838@example.com,City 9
User 41839,user41839@example.com,City 10
User 41840,user41840@example.com,City 1
User 41841,user41841@example.com,City 2
User 41842,user41842@example.com,City 3
User 41843,user41843@example.com,City 4
User 41844,user41844@example.com,City 5
User 41845,user41845@example.com,City 6
User 41846,user41846@example.com,City 7
User 41847,user41847@example.com,City 8
User 41848,user41848@example.com,City 9
User 41849,user41849@example.com,City 10
User 41850,user41850@example.com,City 1
User 41851,user41851@example.com,City 2
User 41852,user41852@example.com,City 3
User 41853,user41853@example.com,City 4
User 41854,user41854@example.com,City 5
User 41855,user41855@example.com,City 6
User 41856,user41856@example.com,City 7
User 41857,user41857@example.com,City 8
User 41858,user41858@example.com,City 9
User 41859,user41859@example.com,City 10
User 41860,user41860@example.com,City 1
User 41861,user41861@example.com,City 2
User 41862,user41862@example.com,City 3
User 41863,user41863@example.com,City 4
User 41864,user41864@example.com,City 5
User 41865,user41865@example.com,City 6
User 41866,user41866@example.com,City 7
User 41867,user41867@example.com,City 8
User 41868,user41868@example.com,City 9
User 41869,user41869@example.com,City 10
User 41870,user41870@example.com,City 1
User 41871,user41871@example.com,City 2
User 41872,user41872@example.com,City 3
User 41873,user41873@example.com,City 4
User 41874,user41874@example.com,City 5
User 41875,user41875@example.com,City 6
User 41876,user41876@example.com,City 7
User 41877,user41877@example.com,City 8
User 41878,user41878@example.com,City 9
User 41879,user41879@example.com,City 10
User 41880,user41880@example.com,City 1
User 41881,user41881@example.com,City 2
User 41882,user41882@example.com,City 3
User 41883,user41883@example.com,City 4
User 41884,user41884@example.com,City 5
User 41885,user41885@example.com,City 6
User 41886,user41886@example.com,City 7
User 41887,user41887@example.com,City 8
User 41888,user41888@example.com,City 9
User 41889,user41889@example.com,City 10
User 41890,user41890@example.com,City 1
User 41891,user41891@example.com,City 2
User 41892,user41892@example.com,City 3
User 41893,user41893@example.com,City 4
User 41894,user41894@example.com,City 5
User 41895,user41895@example.com,City 6
User 41896,user41896@example.com,City 7
User 41897,user41897@example.com,City 8
User 41898,user41898@example.com,City 9
User 41899,user41899@example.com,City 10
User 41900,user41900@example.com,City 1
User 41901,user41901@example.com,City 2
User 41902,user41902@example.com,City 3
User 41903,user41903@example.com,City 4
User 41904,user41904@example.com,City 5
User 41905,user41905@example.com,City 6
User 41906,user41906@example.com,City 7
User 41907,user41907@example.com,City 8
User 41908,user41908@example.com,City 9
User 41909,user41909@example.com,City 10
User 41910,user41910@example.com,City 1
User 41911,user41911@example.com,City 2
User 41912,user41912@example.com,City 3
User 41913,user41913@example.com,City 4
User 41914,user41914@example.com,City 5
User 41915,user41915@example.com,City 6
User 41916,user41916@example.com,City 7
User 41917,user41917@example.com,City 8
User 41918,user41918@example.com,City 9
User 41919,user41919@example.com,City 10
User 41920,user41920@example.com,City 1
User 41921,user41921@example.com,City 2
User 41922,user41922@example.com,City 3
User 41923,user41923@example.com,City 4
User 41924,user41924@example.com,City 5
User 41925,user41925@example.com,City 6
User 41926,user41926@example.com,City 7
User 41927,user41927@example.com,City 8
User 41928,user41928@example.com,City 9
User 41929,user41929@example.com,City 10
User 41930,user41930@example.com,City 1
User 41931,user41931@example.com,City 2
User 41932,user41932@example.com,City 3
User 41933,user41933@example.com,City 4
User 41934,user41934@example.com,City 5
User 41935,user41935@example.com,City 6
User 41936,user41936@example.com,City 7
User 41937,user41937@example.com,City 8
User 41938,user41938@example.com,City 9
User 41939,user41939@example.com,City 10
User 41940,user41940@example.com,City 1
User 41941,user41941@example.com,City 2
User 41942,user41942@example.com,City 3
User 41943,user41943@example.com,City 4
User 41944,user41944@example.com,City 5
User 41945,user41945@example.com,City 6
User 41946,user41946@example.com,City 7
User 41947,user41947@example.com,City 8
User 41948,user41948@example.com,City 9
User 41949,user41949@example.com,City 10
User 41950,user41950@example.com,City 1
User 41951,user41951@example.com,City 2
User 41952,user41952@example.com,City 3
User 41953,user41953@example.com,City 4
User 41954,user41954@example.com,City 5
User 41955,user41955@example.com,City 6
User 41956,user41956@example.com,City 7
User 41957,user41957@example.com,City 8
User 41958,user41958@example.com,City 9
User 41959,user41959@example.com,City 10
User 41960,user41960@example.com,City 1
User 41961,user41961@example.com,City 2
User 41962,user41962@example.com,City 3
User 41963,user41963@example.com,City 4
User 41964,user41964@example.com,City 5
User 41965,user41965@example.com,City 6
User 41966,user41966@example.com,City 7
User 41967,user41967@example.com,City 8
User 41968,user41968@example.com,City 9
User 41969,user41969@example.com,City 10
User 41970,user41970@example.com,City 1
User 41971,user41971@example.com,City 2
User 41972,user41972@example.com,City 3
User 41973,user41973@example.com,City 4
User 41974,user41974@example.com,City 5
User 41975,user41975@example.com,City 6
User 41976,user41976@example.com,City 7
User 41977,user41977@example.com,City 8
User 41978,user41978@example.com,City 9
User 41979,user41979@example.com,City 10
User 41980,user41980@example.com,City 1
User 41981,user41981@example.com,City 2
User 41982,user41982@example.com,City 3
User 41983,user41983@example.com,City 4
User 41984,user41984@example.com,City 5
User 41985,user41985@example.com,City 6
User 41986,user41986@example.com,City 7
User 41987,user41987@example.com,City 8
User 41988,user41988@example.com,City 9
User 41989,user41989@example.com,City 10
User 41990,user41990@example.com,City 1
User 41991,user41991@example.com,City 2
User 41992,user41992@example.com,City 3
User 41993,user41993@example.com,City 4
User 41994,user41994@example.com,City 5
User 41995,user41995@example.com,City 6
User 41996,user41996@example.com,City 7
User 41997,user41997@example.com,City 8
User 41998,user41998@example.com,City 9
User 41999,user41999@example.com,City 10
User 42000,user42000@example.com,City 1
User 42001,user42001@example.com,City 2
User 42002,user42002@example.com,City 3
User 42003,user42003@example.com,City 4
User 42004,user42004@example.com,City 5
User 42005,user42005@example.com,City 6
User 42006,user42006@example.com,City 7
User 42007,user42007@example.com,City 8
User 42008,user42008@example.com,City 9
User 42009,user42009@example.com,City 10
User 42010,user42010@example.com,City 1
User 42011,user42011@example.com,City 2
User 42012,user42012@example.com,City 3
User 42013,user42013@example.com,City 4
User 42014,user42014@example.com,City 5
User 42015,user42015@example.com,City 6
User 42016,user42016@example.com,City 7
User 42017,user42017@example.com,City 8
User 42018,user42018@example.com,City 9
User 42019,user42019@example.com,City 10
User 42020,user42020@example.com,City 1
User 42021,user42021@example.com,City 2
User 42022,user42022@example.com,City 3
User 42023,user42023@example.com,City 4
User 42024,user42024@example.com,City 5
User 42025,user42025@example.com,City 6
User 42026,user42026@example.com,City 7
User 42027,user42027@example.com,City 8
User 42028,user42028@example.com,City 9
User 42029,user42029@example.com,City 10
User 42030,user42030@example.com,City 1
User 42031,user42031@example.com,City 2
User 42032,user42032@example.com,City 3
User 42033,user42033@example.com,City 4
User 42034,user42034@example.com,City 5
User 42035,user42035@example.com,City 6
User 42036,user42036@example.com,City 7
User 42037,user42037@example.com,City 8
User 42038,user42038@example.com,City 9
User 42039,user42039@example.com,City 10
User 42040,user42040@example.com,City 1
User 42041,user42041@example.com,City 2
User 42042,user42042@example.com,City 3
User 42043,user42043@example.com,City 4
User 42044,user42044@example.com,City 5
User 42045,user42045@example.com,City 6
User 42046,user42046@example.com,City 7
User 42047,user42047@example.com,City 8
User 42048,user42048@example.com,City 9
User 42049,user42049@example.com,City 10
User 42050,user42050@example.com,City 1
User 42051,user42051@example.com,City 2
User 42052,user42052@example.com,City 3
User 42053,user42053@example.com,City 4
User 42054,user42054@example.com,City 5
User 42055,user42055@example.com,City 6
User 42056,user42056@example.com,City 7
User 42057,user42057@example.com,City 8
User 42058,user42058@example.com,City 9
User 42059,user42059@example.com,City 10
User 42060,user42060@example.com,City 1
User 42061,user42061@example.com,City 2
User 42062,user42062@example.com,City 3
User 42063,user42063@example.com,City 4
User 42064,user42064@example.com,City 5
User 42065,user42065@example.com,City 6
User 42066,user42066@example.com,City 7
User 42067,user42067@example.com,City 8
User 42068,user42068@example.com,City 9
User 42069,user42069@example.com,City 10
User 42070,user42070@example.com,City 1
User 42071,user42071@example.com,City 2
User 42072,user42072@example.com,City 3
User 42073,user42073@example.com,City 4
User 42074,user42074@example.com,City 5
User 42075,user42075@example.com,City 6
User 42076,user42076@example.com,City 7
User 42077,user42077@example.com,City 8
User 42078,user42078@example.com,City 9
User 42079,user42079@example.com,City 10
User 42080,user42080@example.com,City 1
User 42081,user42081@example.com,City 2
User 42082,user42082@example.com,City 3
User 42083,user42083@example.com,City 4
User 42084,user42084@example.com,City 5
User 42085,user42085@example.com,City 6
User 42086,user42086@example.com,City 7
User 42087,user42087@example.com,City 8
User 42088,user42088@example.com,City 9
User 42089,user42089@example.com,City 10
User 42090,user42090@example.com,City 1
User 42091,user42091@example.com,City 2
User 42092,user42092@example.com,City 3
User 42093,user42093@example.com,City 4
User 42094,user42094@example.com,City 5
User 42095,user42095@example.com,City 6
User 42096,user42096@example.com,City 7
User 42097,user42097@example.com,City 8
User 42098,user42098@example.com,City 9
User 42099,user42099@example.com,City 10
User 42100,user42100@example.com,City 1
User 42101,user42101@example.com,City 2
User 42102,user42102@example.com,City 3
User 42103,user42103@example.com,City 4
User 42104,user42104@example.com,City 5
User 42105,user42105@example.com,City 6
User 42106,user42106@example.com,City 7
User 42107,user42107@example.com,City 8
User 42108,user42108@example.com,City 9
User 42109,user42109@example.com,City 10
User 42110,user42110@example.com,City 1
User 42111,user42111@example.com,City 2
User 42112,user42112@example.com,City 3
User 42113,user42113@example.com,City 4
User 42114,user42114@example.com,City 5
User 42115,user42115@example.com,City 6
User 42116,user42116@example.com,City 7
User 42117,user42117@example.com,City 8
User 42118,user42118@example.com,City 9
User 42119,user42119@example.com,City 10
User 42120,user42120@example.com,City 1
User 42121,user42121@example.com,City 2
User 42122,user42122@example.com,City 3
User 42123,user42123@example.com,City 4
User 42124,user42124@example.com,City 5
User 42125,user42125@example.com,City 6
User 42126,user42126@example.com,City 7
User 42127,user42127@example.com,City 8
User 42128,user42128@example.com,City 9
User 42129,user42129@example.com,City 10
User 42130,user42130@example.com,City 1
User 42131,user42131@example.com,City 2
User 42132,user42132@example.com,City 3
User 42133,user42133@example.com,City 4
User 42134,user42134@example.com,City 5
User 42135,user42135@example.com,City 6
User 42136,user42136@example.com,City 7
User 42137,user42137@example.com,City 8
User 42138,user42138@example.com,City 9
User 42139,user42139@example.com,City 10
User 42140,user42140@example.com,City 1
User 42141,user42141@example.com,City 2
User 42142,user42142@example.com,City 3
User 42143,user42143@example.com,City 4
User 42144,user42144@example.com,City 5
User 42145,user42145@example.com,City 6
User 42146,user42146@example.com,City 7
User 42147,user42147@example.com,City 8
User 42148,user42148@example.com,City 9
User 42149,user42149@example.com,City 10
User 42150,user42150@example.com,City 1
User 42151,user42151@example.com,City 2
User 42152,user42152@example.com,City 3
User 42153,user42153@example.com,City 4
User 42154,user42154@example.com,City 5
User 42155,user42155@example.com,City 6
User 42156,user42156@example.com,City 7
User 42157,user42157@example.com,City 8
User 42158,user42158@example.com,City 9
User 42159,user42159@example.com,City 10
User 42160,user42160@example.com,City 1
User 42161,user42161@example.com,City 2
User 42162,user42162@example.com,City 3
User 42163,user42163@example.com,City 4
User 42164,user42164@example.com,City 5
User 42165,user42165@example.com,City 6
User 42166,user42166@example.com,City 7
User 42167,user42167@example.com,City 8
User 42168,user42168@example.com,City 9
User 42169,user42169@example.com,City 10
User 42170,user42170@example.com,City 1
User 42171,user42171@example.com,City 2
User 42172,user42172@example.com,City 3
User 42173,user42173@example.com,City 4
User 42174,user42174@example.com,City 5
User 42175,user42175@example.com,City 6
User 42176,user42176@example.com,City 7
User 42177,user42177@example.com,City 8
User 42178,user42178@example.com,City 9
User 42179,user42179@example.com,City 10
User 42180,user42180@example.com,City 1
User 42181,user42181@example.com,City 2
User 42182,user42182@example.com,City 3
User 42183,user42183@example.com,City 4
User 42184,user42184@example.com,City 5
User 42185,user42185@example.com,City 6
User 42186,user42186@example.com,City 7
User 42187,user42187@example.com,City 8
User 42188,user42188@example.com,City 9
User 42189,user42189@example.com,City 10
User 42190,user42190@example.com,City 1
User 42191,user42191@example.com,City 2
User 42192,user42192@example.com,City 3
User 42193,user42193@example.com,City 4
User 42194,user42194@example.com,City 5
User 42195,user42195@example.com,City 6
User 42196,user42196@example.com,City 7
User 42197,user42197@example.com,City 8
User 42198,user42198@example.com,City 9
User 42199,user42199@example.com,City 10
User 42200,user42200@example.com,City 1
User 42201,user42201@example.com,City 2
User 42202,user42202@example.com,City 3
User 42203,user42203@example.com,City 4
User 42204,user42204@example.com,City 5
User 42205,user42205@example.com,City 6
User 42206,user42206@example.com,City 7
User 42207,user42207@example.com,City 8
User 42208,user42208@example.com,City 9
User 42209,user42209@example.com,City 10
User 42210,user42210@example.com,City 1
User 42211,user42211@example.com,City 2
User 42212,user42212@example.com,City 3
User 42213,user42213@example.com,City 4
User 42214,user42214@example.com,City 5
User 42215,user42215@example.com,City 6
User 42216,user42216@example.com,City 7
User 42217,user42217@example.com,City 8
User 42218,user42218@example.com,City 9
User 42219,user42219@example.com,City 10
User 42220,user42220@example.com,City 1
User 42221,user42221@example.com,City 2
User 42222,user42222@example.com,City 3
User 42223,user42223@example.com,City 4
User 42224,user42224@example.com,City 5
User 42225,user42225@example.com,City 6
User 42226,user42226@example.com,City 7
User 42227,user42227@example.com,City 8
User 42228,user42228@example.com,City 9
User 42229,user42229@example.com,City 10
User 42230,user42230@example.com,City 1
User 42231,user42231@example.com,City 2
User 42232,user42232@example.com,City 3
User 42233,user42233@example.com,City 4
User 42234,user42234@example.com,City 5
User 42235,user42235@example.com,City 6
User 42236,user42236@example.com,City 7
User 42237,user42237@example.com,City 8
User 42238,user42238@example.com,City 9
User 42239,user42239@example.com,City 10
User 42240,user42240@example.com,City 1
User 42241,user42241@example.com,City 2
User 42242,user42242@example.com,City 3
User 42243,user42243@example.com,City 4
User 42244,user42244@example.com,City 5
User 42245,user42245@example.com,City 6
User 42246,user42246@example.com,City 7
User 42247,user42247@example.com,City 8
User 42248,user42248@example.com,City 9
User 42249,user42249@example.com,City 10
User 42250,user42250@example.com,City 1
User 42251,user42251@example.com,City 2
User 42252,user42252@example.com,City 3
User 42253,user42253@example.com,City 4
User 42254,user42254@example.com,City 5
User 42255,user42255@example.com,City 6
User 42256,user42256@example.com,City 7
User 42257,user42257@example.com,City 8
User 42258,user42258@example.com,City 9
User 42259,user42259@example.com,City 10
User 42260,user42260@example.com,City 1
User 42261,user42261@example.com,City 2
User 42262,user42262@example.com,City 3
User 42263,user42263@example.com,City 4
User 42264,user42264@example.com,City 5
User 42265,user42265@example.com,City 6
User 42266,user42266@example.com,City 7
User 42267,user42267@example.com,City 8
User 42268,user42268@example.com,City 9
User 42269,user42269@example.com,City 10
User 42270,user42270@example.com,City 1
User 42271,user42271@example.com,City 2
User 42272,user42272@example.com,City 3
User 42273,user42273@example.com,City 4
User 42274,user42274@example.com,City 5
User 42275,user42275@example.com,City 6
User 42276,user42276@example.com,City 7
User 42277,user42277@example.com,City 8
User 42278,user42278@example.com,City 9
User 42279,user42279@example.com,City 10
User 42280,user42280@example.com,City 1
User 42281,user42281@example.com,City 2
User 42282,user42282@example.com,City 3
User 42283,user42283@example.com,City 4
User 42284,user42284@example.com,City 5
User 42285,user42285@example.com,City 6
User 42286,user42286@example.com,City 7
User 42287,user42287@example.com,City 8
User 42288,user42288@example.com,City 9
User 42289,user42289@example.com,City 10
User 42290,user42290@example.com,City 1
User 42291,user42291@example.com,City 2
User 42292,user42292@example.com,City 3
User 42293,user42293@example.com,City 4
User 42294,user42294@example.com,City 5
User 42295,user42295@example.com,City 6
User 42296,user42296@example.com,City 7
User 42297,user42297@example.com,City 8
User 42298,user42298@example.com,City 9
User 42299,user42299@example.com,City 10
User 42300,user42300@example.com,City 1
User 42301,user42301@example.com,City 2
User 42302,user42302@example.com,City 3
User 42303,user42303@example.com,City 4
User 42304,user42304@example.com,City 5
User 42305,user42305@example.com,City 6
User 42306,user42306@example.com,City 7
User 42307,user42307@example.com,City 8
User 42308,user42308@example.com,City 9
User 42309,user42309@example.com,City 10
User 42310,user42310@example.com,City 1
User 42311,user42311@example.com,City 2
User 42312,user42312@example.com,City 3
User 42313,user42313@example.com,City 4
User 42314,user42314@example.com,City 5
User 42315,user42315@example.com,City 6
User 42316,user42316@example.com,City 7
User 42317,user42317@example.com,City 8
User 42318,user42318@example.com,City 9
User 42319,user42319@example.com,City 10
User 42320,user42320@example.com,City 1
User 42321,user42321@example.com,City 2
User 42322,user42322@example.com,City 3
User 42323,user42323@example.com,City 4
User 42324,user42324@example.com,City 5
User 42325,user42325@example.com,City 6
User 42326,user42326@example.com,City 7
User 42327,user42327@example.com,City 8
User 42328,user42328@example.com,City 9
User 42329,user42329@example.com,City 10
User 42330,user42330@example.com,City 1
User 42331,user42331@example.com,City 2
User 42332,user42332@example.com,City 3
User 42333,user42333@example.com,City 4
User 42334,user42334@example.com,City 5
User 42335,user42335@example.com,City 6
User 42336,user42336@example.com,City 7
User 42337,user42337@example.com,City 8
User 42338,user42338@example.com,City 9
User 42339,user42339@example.com,City 10
User 42340,user42340@example.com,City 1
User 42341,user42341@example.com,City 2
User 42342,user42342@example.com,City 3
User 42343,user42343@example.com,City 4
User 42344,user42344@example.com,City 5
User 42345,user42345@example.com,City 6
User 42346,user42346@example.com,City 7
User 42347,user42347@example.com,City 8
User 42348,user42348@example.com,City 9
User 42349,user42349@example.com,City 10
User 42350,user42350@example.com,City 1
User 42351,user42351@example.com,City 2
User 42352,user42352@example.com,City 3
User 42353,user42353@example.com,City 4
User 42354,user42354@example.com,City 5
User 42355,user42355@example.com,City 6
User 42356,user42356@example.com,City 7
User 42357,user42357@example.com,City 8
User 42358,user42358@example.com,City 9
User 42359,user42359@example.com,City 10
User 42360,user42360@example.com,City 1
User 42361,user42361@example.com,City 2
User 42362,user42362@example.com,City 3
User 42363,user42363@example.com,City 4
User 42364,user42364@example.com,City 5
User 42365,user42365@example.com,City 6
User 42366,user42366@example.com,City 7
User 42367,user42367@example.com,City 8
User 42368,user42368@example.com,City 9
User 42369,user42369@example.com,City 10
User 42370,user42370@example.com,City 1
User 42371,user42371@example.com,City 2
User 42372,user42372@example.com,City 3
User 42373,user42373@example.com,City 4
User 42374,user42374@example.com,City 5
User 42375,user42375@example.com,City 6
User 42376,user42376@example.com,City 7
User 42377,user42377@example.com,City 8
User 42378,user42378@example.com,City 9
User 42379,user42379@example.com,City 10
User 42380,user42380@example.com,City 1
User 42381,user42381@example.com,City 2
User 42382,user42382@example.com,City 3
User 42383,user42383@example.com,City 4
User 42384,user42384@example.com,City 5
User 42385,user42385@example.com,City 6
User 42386,user42386@example.com,City 7
User 42387,user42387@example.com,City 8
User 42388,user42388@example.com,City 9
User 42389,user42389@example.com,City 10
User 42390,user42390@example.com,City 1
User 42391,user42391@example.com,City 2
User 42392,user42392@example.com,City 3
User 42393,user42393@example.com,City 4
User 42394,user42394@example.com,City 5
User 42395,user42395@example.com,City 6
User 42396,user42396@example.com,City 7
User 42397,user42397@example.com,City 8
User 42398,user42398@example.com,City 9
User 42399,user42399@example.com,City 10
User 42400,user42400@example.com,City 1
User 42401,user42401@example.com,City 2
User 42402,user42402@example.com,City 3
User 42403,user42403@example.com,City 4
User 42404,user42404@example.com,City 5
User 42405,user42405@example.com,City 6
User 42406,user42406@example.com,City 7
User 42407,user42407@example.com,City 8
User 42408,user42408@example.com,City 9
User 42409,user42409@example.com,City 10
User 42410,user42410@example.com,City 1
User 42411,user42411@example.com,City 2
User 42412,user42412@example.com,City 3
User 42413,user42413@example.com,City 4
User 42414,user42414@example.com,City 5
User 42415,user42415@example.com,City 6
User 42416,user42416@example.com,City 7
User 42417,user42417@example.com,City 8
User 42418,user42418@example.com,City 9
User 42419,user42419@example.com,City 10
User 42420,user42420@example.com,City 1
User 42421,user42421@example.com,City 2
User 42422,user42422@example.com,City 3
User 42423,user42423@example.com,City 4
User 42424,user42424@example.com,City 5
User 42425,user42425@example.com,City 6
User 42426,user42426@example.com,City 7
User 42427,user42427@example.com,City 8
User 42428,user42428@example.com,City 9
User 42429,user42429@example.com,City 10
User 42430,user42430@example.com,City 1
User 42431,user42431@example.com,City 2
User 42432,user42432@example.com,City 3
User 42433,user42433@example.com,City 4
User 42434,user42434@example.com,City 5
User 42435,user42435@example.com,City 6
User 42436,user42436@example.com,City 7
User 42437,user42437@example.com,City 8
User 42438,user42438@example.com,City 9
User 42439,user42439@example.com,City 10
User 42440,user42440@example.com,City 1
User 42441,user42441@example.com,City 2
User 42442,user42442@example.com,City 3
User 42443,user42443@example.com,City 4
User 42444,user42444@example.com,City 5
User 42445,user42445@example.com,City 6
User 42446,user42446@example.com,City 7
User 42447,user42447@example.com,City 8
User 42448,user42448@example.com,City 9
User 42449,user42449@example.com,City 10
User 42450,user42450@example.com,City 1
User 42451,user42451@example.com,City 2
User 42452,user42452@example.com,City 3
User 42453,user42453@example.com,City 4
User 42454,user42454@example.com,City 5
User 42455,user42455@example.com,City 6
User 42456,user42456@example.com,City 7
User 42457,user42457@example.com,City 8
User 42458,user42458@example.com,City 9
User 42459,user42459@example.com,City 10
User 42460,user42460@example.com,City 1
User 42461,user42461@example.com,City 2
User 42462,user42462@example.com,City 3
User 42463,user42463@example.com,City 4
User 42464,user42464@example.com,City 5
User 42465,user42465@example.com,City 6
User 42466,user42466@example.com,City 7
User 42467,user42467@example.com,City 8
User 42468,user42468@example.com,City 9
User 42469,user42469@example.com,City 10
User 42470,user42470@example.com,City 1
User 42471,user42471@example.com,City 2
User 42472,user42472@example.com,City 3
User 42473,user42473@example.com,City 4
User 42474,user42474@example.com,City 5
User 42475,user42475@example.com,City 6
User 42476,user42476@example.com,City 7
User 42477,user42477@example.com,City 8
User 42478,user42478@example.com,City 9
User 42479,user42479@example.com,City 10
User 42480,user42480@example.com,City 1
User 42481,user42481@example.com,City 2
User 42482,user42482@example.com,City 3
User 42483,user42483@example.com,City 4
User 42484,user42484@example.com,City 5
User 42485,user42485@example.com,City 6
User 42486,user42486@example.com,City 7
User 42487,user42487@example.com,City 8
User 42488,user42488@example.com,City 9
User 42489,user42489@example.com,City 10
User 42490,user42490@example.com,City 1
User 42491,user42491@example.com,City 2
User 42492,user42492@example.com,City 3
User 42493,user42493@example.com,City 4
User 42494,user42494@example.com,City 5
User 42495,user42495@example.com,City 6
User 42496,user42496@example.com,City 7
User 42497,user42497@example.com,City 8
User 42498,user42498@example.com,City 9
User 42499,user42499@example.com,City 10
User 42500,user42500@example.com,City 1
User 42501,user42501@example.com,City 2
User 42502,user42502@example.com,City 3
User 42503,user42503@example.com,City 4
User 42504,user42504@example.com,City 5
User 42505,user42505@example.com,City 6
User 42506,user42506@example.com,City 7
User 42507,user42507@example.com,City 8
User 42508,user42508@example.com,City 9
User 42509,user42509@example.com,City 10
User 42510,user42510@example.com,City 1
User 42511,user42511@example.com,City 2
User 42512,user42512@example.com,City 3
User 42513,user42513@example.com,City 4
User 42514,user42514@example.com,City 5
User 42515,user42515@example.com,City 6
User 42516,user42516@example.com,City 7
User 42517,user42517@example.com,City 8
User 42518,user42518@example.com,City 9
User 42519,user42519@example.com,City 10
User 42520,user42520@example.com,City 1
User 42521,user42521@example.com,City 2
User 42522,user42522@example.com,City 3
User 42523,user42523@example.com,City 4
User 42524,user42524@example.com,City 5
User 42525,user42525@example.com,City 6
User 42526,user42526@example.com,City 7
User 42527,user42527@example.com,City 8
User 42528,user42528@example.com,City 9
User 42529,user42529@example.com,City 10
User 42530,user42530@example.com,City 1
User 42531,user42531@example.com,City 2
User 42532,user42532@example.com,City 3
User 42533,user42533@example.com,City 4
User 42534,user42534@example.com,City 5
User 42535,user42535@example.com,City 6
User 42536,user42536@example.com,City 7
User 42537,user42537@example.com,City 8
User 42538,user42538@example.com,City 9
User 42539,user42539@example.com,City 10
User 42540,user42540@example.com,City 1
User 42541,user42541@example.com,City 2
User 42542,user42542@example.com,City 3
User 42543,user42543@example.com,City 4
User 42544,user42544@example.com,City 5
User 42545,user42545@example.com,City 6
User 42546,user42546@example.com,City 7
User 42547,user42547@example.com,City 8
User 42548,user42548@example.com,City 9
User 42549,user42549@example.com,City 10
User 42550,user42550@example.com,City 1
User 42551,user42551@example.com,City 2
User 42552,user42552@example.com,City 3
User 42553,user42553@example.com,City 4
User 42554,user42554@example.com,City 5
User 42555,user42555@example.com,City 6
User 42556,user42556@example.com,City 7
User 42557,user42557@example.com,City 8
User 42558,user42558@example.com,City 9
User 42559,user42559@example.com,City 10
User 42560,user42560@example.com,City 1
User 42561,user42561@example.com,City 2
User 42562,user42562@example.com,City 3
User 42563,user42563@example.com,City 4
User 42564,user42564@example.com,City 5
User 42565,user42565@example.com,City 6
User 42566,user42566@example.com,City 7
User 42567,user42567@example.com,City 8
User 42568,user42568@example.com,City 9
User 42569,user42569@example.com,City 10
User 42570,user42570@example.com,City 1
User 42571,user42571@example.com,City 2
User 42572,user42572@example.com,City 3
User 42573,user42573@example.com,City 4
User 42574,user42574@example.com,City 5
User 42575,user42575@example.com,City 6
User 42576,user42576@example.com,City 7
User 42577,user42577@example.com,City 8
User 42578,user42578@example.com,City 9
User 42579,user42579@example.com,City 10
User 42580,user42580@example.com,City 1
User 42581,user42581@example.com,City 2
User 42582,user42582@example.com,City 3
User 42583,user42583@example.com,City 4
User 42584,user42584@example.com,City 5
User 42585,user42585@example.com,City 6
User 42586,user42586@example.com,City 7
User 42587,user42587@example.com,City 8
User 42588,user42588@example.com,City 9
User 42589,user42589@example.com,City 10
User 42590,user42590@example.com,City 1
User 42591,user42591@example.com,City 2
User 42592,user42592@example.com,City 3
User 42593,user42593@example.com,City 4
User 42594,user42594@example.com,City 5
User 42595,user42595@example.com,City 6
User 42596,user42596@example.com,City 7
User 42597,user42597@example.com,City 8
User 42598,user42598@example.com,City 9
User 42599,user42599@example.com,City 10
User 42600,user42600@example.com,City 1
User 42601,user42601@example.com,City 2
User 42602,user42602@example.com,City 3
User 42603,user42603@example.com,City 4
User 42604,user42604@example.com,City 5
User 42605,user42605@example.com,City 6
User 42606,user42606@example.com,City 7
User 42607,user42607@example.com,City 8
User 42608,user42608@example.com,City 9
User 42609,user42609@example.com,City 10
User 42610,user42610@example.com,City 1
User 42611,user42611@example.com,City 2
User 42612,user42612@example.com,City 3
User 42613,user42613@example.com,City 4
User 42614,user42614@example.com,City 5
User 42615,user42615@example.com,City 6
User 42616,user42616@example.com,City 7
User 42617,user42617@example.com,City 8
User 42618,user42618@example.com,City 9
User 42619,user42619@example.com,City 10
User 42620,user42620@example.com,City 1
User 42621,user42621@example.com,City 2
User 42622,user42622@example.com,City 3
User 42623,user42623@example.com,City 4
User 42624,user42624@example.com,City 5
User 42625,user42625@example.com,City 6
User 42626,user42626@example.com,City 7
User 42627,user42627@example.com,City 8
User 42628,user42628@example.com,City 9
User 42629,user42629@example.com,City 10
User 42630,user42630@example.com,City 1
User 42631,user42631@example.com,City 2
User 42632,user42632@example.com,City 3
User 42633,user42633@example.com,City 4
User 42634,user42634@example.com,City 5
User 42635,user42635@example.com,City 6
User 42636,user42636@example.com,City 7
User 42637,user42637@example.com,City 8
User 42638,user42638@example.com,City 9
User 42639,user42639@example.com,City 10
User 42640,user42640@example.com,City 1
User 42641,user42641@example.com,City 2
User 42642,user42642@example.com,City 3
User 42643,user42643@example.com,City 4
User 42644,user42644@example.com,City 5
User 42645,user42645@example.com,City 6
User 42646,user42646@example.com,City 7
User 42647,user42647@example.com,City 8
User 42648,user42648@example.com,City 9
User 42649,user42649@example.com,City 10
User 42650,user42650@example.com,City 1
User 42651,user42651@example.com,City 2
User 42652,user42652@example.com,City 3
User 42653,user42653@example.com,City 4
User 42654,user42654@example.com,City 5
User 42655,user42655@example.com,City 6
User 42656,user42656@example.com,City 7
User 42657,user42657@example.com,City 8
User 42658,user42658@example.com,City 9
User 42659,user42659@example.com,City 10
User 42660,user42660@example.com,City 1
User 42661,user42661@example.com,City 2
User 42662,user42662@example.com,City 3
User 42663,user42663@example.com,City 4
User 42664,user42664@example.com,City 5
User 42665,user42665@example.com,City 6
User 42666,user42666@example.com,City 7
User 42667,user42667@example.com,City 8
User 42668,user42668@example.com,City 9
User 42669,user42669@example.com,City 10
User 42670,user42670@example.com,City 1
User 42671,user42671@example.com,City 2
User 42672,user42672@example.com,City 3
User 42673,user42673@example.com,City 4
User 42674,user42674@example.com,City 5
User 42675,user42675@example.com,City 6
User 42676,user42676@example.com,City 7
User 42677,user42677@example.com,City 8
User 42678,user42678@example.com,City 9
User 42679,user42679@example.com,City 10
User 42680,user42680@example.com,City 1
User 42681,user42681@example.com,City 2
User 42682,user42682@example.com,City 3
User 42683,user42683@example.com,City 4
User 42684,user42684@example.com,City 5
User 42685,user42685@example.com,City 6
User 42686,user42686@example.com,City 7
User 42687,user42687@example.com,City 8
User 42688,user42688@example.com,City 9
User 42689,user42689@example.com,City 10
User 42690,user42690@example.com,City 1
User 42691,user42691@example.com,City 2
User 42692,user42692@example.com,City 3
User 42693,user42693@example.com,City 4
User 42694,user42694@example.com,City 5
User 42695,user42695@example.com,City 6
User 42696,user42696@example.com,City 7
User 42697,user42697@example.com,City 8
User 42698,user42698@example.com,City 9
User 42699,user42699@example.com,City 10
User 42700,user42700@example.com,City 1
User 42701,user42701@example.com,City 2
User 42702,user42702@example.com,City 3
User 42703,user42703@example.com,City 4
User 42704,user42704@example.com,City 5
User 42705,user42705@example.com,City 6
User 42706,user42706@example.com,City 7
User 42707,user42707@example.com,City 8
User 42708,user42708@example.com,City 9
User 42709,user42709@example.com,City 10
User 42710,user42710@example.com,City 1
User 42711,user42711@example.com,City 2
User 42712,user42712@example.com,City 3
User 42713,user42713@example.com,City 4
User 42714,user42714@example.com,City 5
User 42715,user42715@example.com,City 6
User 42716,user42716@example.com,City 7
User 42717,user42717@example.com,City 8
User 42718,user42718@example.com,City 9
User 42719,user42719@example.com,City 10
User 42720,user42720@example.com,City 1
User 42721,user42721@example.com,City 2
User 42722,user42722@example.com,City 3
User 42723,user42723@example.com,City 4
User 42724,user42724@example.com,City 5
User 42725,user42725@example.com,City 6
User 42726,user42726@example.com,City 7
User 42727,user42727@example.com,City 8
User 42728,user42728@example.com,City 9
User 42729,user42729@example.com,City 10
User 42730,user42730@example.com,City 1
User 42731,user42731@example.com,City 2
User 42732,user42732@example.com,City 3
User 42733,user42733@example.com,City 4
User 42734,user42734@example.com,City 5
User 42735,user42735@example.com,City 6
User 42736,user42736@example.com,City 7
User 42737,user42737@example.com,City 8
User 42738,user42738@example.com,City 9
User 42739,user42739@example.com,City 10
User 42740,user42740@example.com,City 1
User 42741,user42741@example.com,City 2
User 42742,user42742@example.com,City 3
User 42743,user42743@example.com,City 4
User 42744,user42744@example.com,City 5
User 42745,user42745@example.com,City 6
User 42746,user42746@example.com,City 7
User 42747,user42747@example.com,City 8
User 42748,user42748@example.com,City 9
User 42749,user42749@example.com,City 10
User 42750,user42750@example.com,City 1
User 42751,user42751@example.com,City 2
User 42752,user42752@example.com,City 3
User 42753,user42753@example.com,City 4
User 42754,user42754@example.com,City 5
User 42755,user42755@example.com,City 6
User 42756,user42756@example.com,City 7
User 42757,user42757@example.com,City 8
User 42758,user42758@example.com,City 9
User 42759,user42759@example.com,City 10
User 42760,user42760@example.com,City 1
User 42761,user42761@example.com,City 2
User 42762,user42762@example.com,City 3
User 42763,user42763@example.com,City 4
User 42764,user42764@example.com,City 5
User 42765,user42765@example.com,City 6
User 42766,user42766@example.com,City 7
User 42767,user42767@example.com,City 8
User 42768,user42768@example.com,City 9
User 42769,user42769@example.com,City 10
User 42770,user42770@example.com,City 1
User 42771,user42771@example.com,City 2
User 42772,user42772@example.com,City 3
User 42773,user42773@example.com,City 4
User 42774,user42774@example.com,City 5
User 42775,user42775@example.com,City 6
User 42776,user42776@example.com,City 7
User 42777,user42777@example.com,City 8
User 42778,user42778@example.com,City 9
User 42779,user42779@example.com,City 10
User 42780,user42780@example.com,City 1
User 42781,user42781@example.com,City 2
User 42782,user42782@example.com,City 3
User 42783,user42783@example.com,City 4
User 42784,user42784@example.com,City 5
User 42785,user42785@example.com,City 6
User 42786,user42786@example.com,City 7
User 42787,user42787@example.com,City 8
User 42788,user42788@example.com,City 9
User 42789,user42789@example.com,City 10
User 42790,user42790@example.com,City 1
User 42791,user42791@example.com,City 2
User 42792,user42792@example.com,City 3
User 42793,user42793@example.com,City 4
User 42794,user42794@example.com,City 5
User 42795,user42795@example.com,City 6
User 42796,user42796@example.com,City 7
User 42797,user42797@example.com,City 8
User 42798,user42798@example.com,City 9
User 42799,user42799@example.com,City 10
User 42800,user42800@example.com,City 1
User 42801,user42801@example.com,City 2
User 42802,user42802@example.com,City 3
User 42803,user42803@example.com,City 4
User 42804,user42804@example.com,City 5
User 42805,user42805@example.com,City 6
User 42806,user42806@example.com,City 7
User 42807,user42807@example.com,City 8
User 42808,user42808@example.com,City 9
User 42809,user42809@example.com,City 10
User 42810,user42810@example.com,City 1
User 42811,user42811@example.com,City 2
User 42812,user42812@example.com,City 3
User 42813,user42813@example.com,City 4
User 42814,user42814@example.com,City 5
User 42815,user42815@example.com,City 6
User 42816,user42816@example.com,City 7
User 42817,user42817@example.com,City 8
User 42818,user42818@example.com,City 9
User 42819,user42819@example.com,City 10
User 42820,user42820@example.com,City 1
User 42821,user42821@example.com,City 2
User 42822,user42822@example.com,City 3
User 42823,user42823@example.com,City 4
User 42824,user42824@example.com,City 5
User 42825,user42825@example.com,City 6
User 42826,user42826@example.com,City 7
User 42827,user42827@example.com,City 8
User 42828,user42828@example.com,City 9
User 42829,user42829@example.com,City 10
User 42830,user42830@example.com,City 1
User 42831,user42831@example.com,City 2
User 42832,user42832@example.com,City 3
User 42833,user42833@example.com,City 4
User 42834,user42834@example.com,City 5
User 42835,user42835@example.com,City 6
User 42836,user42836@example.com,City 7
User 42837,user42837@example.com,City 8
User 42838,user42838@example.com,City 9
User 42839,user42839@example.com,City 10
User 42840,user42840@example.com,City 1
User 42841,user42841@example.com,City 2
User 42842,user42842@example.com,City 3
User 42843,user42843@example.com,City 4
User 42844,user42844@example.com,City 5
User 42845,user42845@example.com,City 6
User 42846,user42846@example.com,City 7
User 42847,user42847@example.com,City 8
User 42848,user42848@example.com,City 9
User 42849,user42849@example.com,City 10
User 42850,user42850@example.com,City 1
User 42851,user42851@example.com,City 2
User 42852,user42852@example.com,City 3
User 42853,user42853@example.com,City 4
User 42854,user42854@example.com,City 5
User 42855,user42855@example.com,City 6
User 42856,user42856@example.com,City 7
User 42857,user42857@example.com,City 8
User 42858,user42858@example.com,City 9
User 42859,user42859@example.com,City 10
User 42860,user42860@example.com,City 1
User 42861,user42861@example.com,City 2
User 42862,user42862@example.com,City 3
User 42863,user42863@example.com,City 4
User 42864,user42864@example.com,City 5
User 42865,user42865@example.com,City 6
User 42866,user42866@example.com,City 7
User 42867,user42867@example.com,City 8
User 42868,user42868@example.com,City 9
User 42869,user42869@example.com,City 10
User 42870,user42870@example.com,City 1
User 42871,user42871@example.com,City 2
User 42872,user42872@example.com,City 3
User 42873,user42873@example.com,City 4
User 42874,user42874@example.com,City 5
User 42875,user42875@example.com,City 6
User 42876,user42876@example.com,City 7
User 42877,user42877@example.com,City 8
User 42878,user42878@example.com,City 9
User 42879,user42879@example.com,City 10
User 42880,user42880@example.com,City 1
User 42881,user42881@example.com,City 2
User 42882,user42882@example.com,City 3
User 42883,user42883@example.com,City 4
User 42884,user42884@example.com,City 5
User 42885,user42885@example.com,City 6
User 42886,user42886@example.com,City 7
User 42887,user42887@example.com,City 8
User 42888,user42888@example.com,City 9
User 42889,user42889@example.com,City 10
User 42890,user42890@example.com,City 1
User 42891,user42891@example.com,City 2
User 42892,user42892@example.com,City 3
User 42893,user42893@example.com,City 4
User 42894,user42894@example.com,City 5
User 42895,user42895@example.com,City 6
User 42896,user42896@example.com,City 7
User 42897,user42897@example.com,City 8
User 42898,user42898@example.com,City 9
User 42899,user42899@example.com,City 10
User 42900,user42900@example.com,City 1
User 42901,user42901@example.com,City 2
User 42902,user42902@example.com,City 3
User 42903,user42903@example.com,City 4
User 42904,user42904@example.com,City 5
User 42905,user42905@example.com,City 6
User 42906,user42906@example.com,City 7
User 42907,user42907@example.com,City 8
User 42908,user42908@example.com,City 9
User 42909,user42909@example.com,City 10
User 42910,user42910@example.com,City 1
User 42911,user42911@example.com,City 2
User 42912,user42912@example.com,City 3
User 42913,user42913@example.com,City 4
User 42914,user42914@example.com,City 5
User 42915,user42915@example.com,City 6
User 42916,user42916@example.com,City 7
User 42917,user42917@example.com,City 8
User 42918,user42918@example.com,City 9
User 42919,user42919@example.com,City 10
User 42920,user42920@example.com,City 1
User 42921,user42921@example.com,City 2
User 42922,user42922@example.com,City 3
User 42923,user42923@example.com,City 4
User 42924,user42924@example.com,City 5
User 42925,user42925@example.com,City 6
User 42926,user42926@example.com,City 7
User 42927,user42927@example.com,City 8
User 42928,user42928@example.com,City 9
User 42929,user42929@example.com,City 10
User 42930,user42930@example.com,City 1
User 42931,user42931@example.com,City 2
User 42932,user42932@example.com,City 3
User 42933,user42933@example.com,City 4
User 42934,user42934@example.com,City 5
User 42935,user42935@example.com,City 6
User 42936,user42936@example.com,City 7
User 42937,user42937@example.com,City 8
User 42938,user42938@example.com,City 9
User 42939,user42939@example.com,City 10
User 42940,user42940@example.com,City 1
User 42941,user42941@example.com,City 2
User 42942,user42942@example.com,City 3
User 42943,user42943@example.com,City 4
User 42944,user42944@example.com,City 5
User 42945,user42945@example.com,City 6
User 42946,user42946@example.com,City 7
User 42947,user42947@example.com,City 8
User 42948,user42948@example.com,City 9
User 42949,user42949@example.com,City 10
User 42950,user42950@example.com,City 1
User 42951,user42951@example.com,City 2
User 42952,user42952@example.com,City 3
User 42953,user42953@example.com,City 4
User 42954,user42954@example.com,City 5
User 42955,user42955@example.com,City 6
User 42956,user42956@example.com,City 7
User 42957,user42957@example.com,City 8
User 42958,user42958@example.com,City 9
User 42959,user42959@example.com,City 10
User 42960,user42960@example.com,City 1
User 42961,user42961@example.com,City 2
User 42962,user42962@example.com,City 3
User 42963,user42963@example.com,City 4
User 42964,user42964@example.com,City 5
User 42965,user42965@example.com,City 6
User 42966,user42966@example.com,City 7
User 42967,user42967@example.com,City 8
User 42968,user42968@example.com,City 9
User 42969,user42969@example.com,City 10
User 42970,user42970@example.com,City 1
User 42971,user42971@example.com,City 2
User 42972,user42972@example.com,City 3
User 42973,user42973@example.com,City 4
User 42974,user42974@example.com,City 5
User 42975,user42975@example.com,City 6
User 42976,user42976@example.com,City 7
User 42977,user42977@example.com,City 8
User 42978,user42978@example.com,City 9
User 42979,user42979@example.com,City 10
User 42980,user42980@example.com,City 1
User 42981,user42981@example.com,City 2
User 42982,user42982@example.com,City 3
User 42983,user42983@example.com,City 4
User 42984,user42984@example.com,City 5
User 42985,user42985@example.com,City 6
User 42986,user42986@example.com,City 7
User 42987,user42987@example.com,City 8
User 42988,user42988@example.com,City 9
User 42989,user42989@example.com,City 10
User 42990,user42990@example.com,City 1
User 42991,user42991@example.com,City 2
User 42992,user42992@example.com,City 3
User 42993,user42993@example.com,City 4
User 42994,user42994@example.com,City 5
User 42995,user42995@example.com,City 6
User 42996,user42996@example.com,City 7
User 42997,user42997@example.com,City 8
User 42998,user42998@example.com,City 9
User 42999,user42999@example.com,City 10
User 43000,user43000@example.com,City 1
User 43001,user43001@example.com,City 2
User 43002,user43002@example.com,City 3
User 43003,user43003@example.com,City 4
User 43004,user43004@example.com,City 5
User 43005,user43005@example.com,City 6
User 43006,user43006@example.com,City 7
User 43007,user43007@example.com,City 8
User 43008,user43008@example.com,City 9
User 43009,user43009@example.com,City 10
User 43010,user43010@example.com,City 1
User 43011,user43011@example.com,City 2
User 43012,user43012@example.com,City 3
User 43013,user43013@example.com,City 4
User 43014,user43014@example.com,City 5
User 43015,user43015@example.com,City 6
User 43016,user43016@example.com,City 7
User 43017,user43017@example.com,City 8
User 43018,user43018@example.com,City 9
User 43019,user43019@example.com,City 10
User 43020,user43020@example.com,City 1
User 43021,user43021@example.com,City 2
User 43022,user43022@example.com,City 3
User 43023,user43023@example.com,City 4
User 43024,user43024@example.com,City 5
User 43025,user43025@example.com,City 6
User 43026,user43026@example.com,City 7
User 43027,user43027@example.com,City 8
User 43028,user43028@example.com,City 9
User 43029,user43029@example.com,City 10
User 43030,user43030@example.com,City 1
User 43031,user43031@example.com,City 2
User 43032,user43032@example.com,City 3
User 43033,user43033@example.com,City 4
User 43034,user43034@example.com,City 5
User 43035,user43035@example.com,City 6
User 43036,user43036@example.com,City 7
User 43037,user43037@example.com,City 8
User 43038,user43038@example.com,City 9
User 43039,user43039@example.com,City 10
User 43040,user43040@example.com,City 1
User 43041,user43041@example.com,City 2
User 43042,user43042@example.com,City 3
User 43043,user43043@example.com,City 4
User 43044,user43044@example.com,City 5
User 43045,user43045@example.com,City 6
User 43046,user43046@example.com,City 7
User 43047,user43047@example.com,City 8
User 43048,user43048@example.com,City 9
User 43049,user43049@example.com,City 10
User 43050,user43050@example.com,City 1
User 43051,user43051@example.com,City 2
User 43052,user43052@example.com,City 3
User 43053,user43053@example.com,City 4
User 43054,user43054@example.com,City 5
User 43055,user43055@example.com,City 6
User 43056,user43056@example.com,City 7
User 43057,user43057@example.com,City 8
User 43058,user43058@example.com,City 9
User 43059,user43059@example.com,City 10
User 43060,user43060@example.com,City 1
User 43061,user43061@example.com,City 2
User 43062,user43062@example.com,City 3
User 43063,user43063@example.com,City 4
User 43064,user43064@example.com,City 5
User 43065,user43065@example.com,City 6
User 43066,user43066@example.com,City 7
User 43067,user43067@example.com,City 8
User 43068,user43068@example.com,City 9
User 43069,user43069@example.com,City 10
User 43070,user43070@example.com,City 1
User 43071,user43071@example.com,City 2
User 43072,user43072@example.com,City 3
User 43073,user43073@example.com,City 4
User 43074,user43074@example.com,City 5
User 43075,user43075@example.com,City 6
User 43076,user43076@example.com,City 7
User 43077,user43077@example.com,City 8
User 43078,user43078@example.com,City 9
User 43079,user43079@example.com,City 10
User 43080,user43080@example.com,City 1
User 43081,user43081@example.com,City 2
User 43082,user43082@example.com,City 3
User 43083,user43083@example.com,City 4
User 43084,user43084@example.com,City 5
User 43085,user43085@example.com,City 6
User 43086,user43086@example.com,City 7
User 43087,user43087@example.com,City 8
User 43088,user43088@example.com,City 9
User 43089,user43089@example.com,City 10
User 43090,user43090@example.com,City 1
User 43091,user43091@example.com,City 2
User 43092,user43092@example.com,City 3
User 43093,user43093@example.com,City 4
User 43094,user43094@example.com,City 5
User 43095,user43095@example.com,City 6
User 43096,user43096@example.com,City 7
User 43097,user43097@example.com,City 8
User 43098,user43098@example.com,City 9
User 43099,user43099@example.com,City 10
User 43100,user43100@example.com,City 1
User 43101,user43101@example.com,City 2
User 43102,user43102@example.com,City 3
User 43103,user43103@example.com,City 4
User 43104,user43104@example.com,City 5
User 43105,user43105@example.com,City 6
User 43106,user43106@example.com,City 7
User 43107,user43107@example.com,City 8
User 43108,user43108@example.com,City 9
User 43109,user43109@example.com,City 10
User 43110,user43110@example.com,City 1
User 43111,user43111@example.com,City 2
User 43112,user43112@example.com,City 3
User 43113,user43113@example.com,City 4
User 43114,user43114@example.com,City 5
User 43115,user43115@example.com,City 6
User 43116,user43116@example.com,City 7
User 43117,user43117@example.com,City 8
User 43118,user43118@example.com,City 9
User 43119,user43119@example.com,City 10
User 43120,user43120@example.com,City 1
User 43121,user43121@example.com,City 2
User 43122,user43122@example.com,City 3
User 43123,user43123@example.com,City 4
User 43124,user43124@example.com,City 5
User 43125,user43125@example.com,City 6
User 43126,user43126@example.com,City 7
User 43127,user43127@example.com,City 8
User 43128,user43128@example.com,City 9
User 43129,user43129@example.com,City 10
User 43130,user43130@example.com,City 1
User 43131,user43131@example.com,City 2
User 43132,user43132@example.com,City 3
User 43133,user43133@example.com,City 4
User 43134,user43134@example.com,City 5
User 43135,user43135@example.com,City 6
User 43136,user43136@example.com,City 7
User 43137,user43137@example.com,City 8
User 43138,user43138@example.com,City 9
User 43139,user43139@example.com,City 10
User 43140,user43140@example.com,City 1
User 43141,user43141@example.com,City 2
User 43142,user43142@example.com,City 3
User 43143,user43143@example.com,City 4
User 43144,user43144@example.com,City 5
User 43145,user43145@example.com,City 6
User 43146,user43146@example.com,City 7
User 43147,user43147@example.com,City 8
User 43148,user43148@example.com,City 9
User 43149,user43149@example.com,City 10
User 43150,user43150@example.com,City 1
User 43151,user43151@example.com,City 2
User 43152,user43152@example.com,City 3
User 43153,user43153@example.com,City 4
User 43154,user43154@example.com,City 5
User 43155,user43155@example.com,City 6
User 43156,user43156@example.com,City 7
User 43157,user43157@example.com,City 8
User 43158,user43158@example.com,City 9
User 43159,user43159@example.com,City 10
User 43160,user43160@example.com,City 1
User 43161,user43161@example.com,City 2
User 43162,user43162@example.com,City 3
User 43163,user43163@example.com,City 4
User 43164,user43164@example.com,City 5
User 43165,user43165@example.com,City 6
User 43166,user43166@example.com,City 7
User 43167,user43167@example.com,City 8
User 43168,user43168@example.com,City 9
User 43169,user43169@example.com,City 10
User 43170,user43170@example.com,City 1
User 43171,user43171@example.com,City 2
User 43172,user43172@example.com,City 3
User 43173,user43173@example.com,City 4
User 43174,user43174@example.com,City 5
User 43175,user43175@example.com,City 6
User 43176,user43176@example.com,City 7
User 43177,user43177@example.com,City 8
User 43178,user43178@example.com,City 9
User 43179,user43179@example.com,City 10
User 43180,user43180@example.com,City 1
User 43181,user43181@example.com,City 2
User 43182,user43182@example.com,City 3
User 43183,user43183@example.com,City 4
User 43184,user43184@example.com,City 5
User 43185,user43185@example.com,City 6
User 43186,user43186@example.com,City 7
User 43187,user43187@example.com,City 8
User 43188,user43188@example.com,City 9
User 43189,user43189@example.com,City 10
User 43190,user43190@example.com,City 1
User 43191,user43191@example.com,City 2
User 43192,user43192@example.com,City 3
User 43193,user43193@example.com,City 4
User 43194,user43194@example.com,City 5
User 43195,user43195@example.com,City 6
User 43196,user43196@example.com,City 7
User 43197,user43197@example.com,City 8
User 43198,user43198@example.com,City 9
User 43199,user43199@example.com,City 10
User 43200,user43200@example.com,City 1
User 43201,user43201@example.com,City 2
User 43202,user43202@example.com,City 3
User 43203,user43203@example.com,City 4
User 43204,user43204@example.com,City 5
User 43205,user43205@example.com,City 6
User 43206,user43206@example.com,City 7
User 43207,user43207@example.com,City 8
User 43208,user43208@example.com,City 9
User 43209,user43209@example.com,City 10
User 43210,user43210@example.com,City 1
User 43211,user43211@example.com,City 2
User 43212,user43212@example.com,City 3
User 43213,user43213@example.com,City 4
User 43214,user43214@example.com,City 5
User 43215,user43215@example.com,City 6
User 43216,user43216@example.com,City 7
User 43217,user43217@example.com,City 8
User 43218,user43218@example.com,City 9
User 43219,user43219@example.com,City 10
User 43220,user43220@example.com,City 1
User 43221,user43221@example.com,City 2
User 43222,user43222@example.com,City 3
User 43223,user43223@example.com,City 4
User 43224,user43224@example.com,City 5
User 43225,user43225@example.com,City 6
User 43226,user43226@example.com,City 7
User 43227,user43227@example.com,City 8
User 43228,user43228@example.com,City 9
User 43229,user43229@example.com,City 10
User 43230,user43230@example.com,City 1
User 43231,user43231@example.com,City 2
User 43232,user43232@example.com,City 3
User 43233,user43233@example.com,City 4
User 43234,user43234@example.com,City 5
User 43235,user43235@example.com,City 6
User 43236,user43236@example.com,City 7
User 43237,user43237@example.com,City 8
User 43238,user43238@example.com,City 9
User 43239,user43239@example.com,City 10
User 43240,user43240@example.com,City 1
User 43241,user43241@example.com,City 2
User 43242,user43242@example.com,City 3
User 43243,user43243@example.com,City 4
User 43244,user43244@example.com,City 5
User 43245,user43245@example.com,City 6
User 43246,user43246@example.com,City 7
User 43247,user43247@example.com,City 8
User 43248,user43248@example.com,City 9
User 43249,user43249@example.com,City 10
User 43250,user43250@example.com,City 1
User 43251,user43251@example.com,City 2
User 43252,user43252@example.com,City 3
User 43253,user43253@example.com,City 4
User 43254,user43254@example.com,City 5
User 43255,user43255@example.com,City 6
User 43256,user43256@example.com,City 7
User 43257,user43257@example.com,City 8
User 43258,user43258@example.com,City 9
User 43259,user43259@example.com,City 10
User 43260,user43260@example.com,City 1
User 43261,user43261@example.com,City 2
User 43262,user43262@example.com,City 3
User 43263,user43263@example.com,City 4
User 43264,user43264@example.com,City 5
User 43265,user43265@example.com,City 6
User 43266,user43266@example.com,City 7
User 43267,user43267@example.com,City 8
User 43268,user43268@example.com,City 9
User 43269,user43269@example.com,City 10
User 43270,user43270@example.com,City 1
User 43271,user43271@example.com,City 2
User 43272,user43272@example.com,City 3
User 43273,user43273@example.com,City 4
User 43274,user43274@example.com,City 5
User 43275,user43275@example.com,City 6
User 43276,user43276@example.com,City 7
User 43277,user43277@example.com,City 8
User 43278,user43278@example.com,City 9
User 43279,user43279@example.com,City 10
User 43280,user43280@example.com,City 1
User 43281,user43281@example.com,City 2
User 43282,user43282@example.com,City 3
User 43283,user43283@example.com,City 4
User 43284,user43284@example.com,City 5
User 43285,user43285@example.com,City 6
User 43286,user43286@example.com,City 7
User 43287,user43287@example.com,City 8
User 43288,user43288@example.com,City 9
User 43289,user43289@example.com,City 10
User 43290,user43290@example.com,City 1
User 43291,user43291@example.com,City 2
User 43292,user43292@example.com,City 3
User 43293,user43293@example.com,City 4
User 43294,user43294@example.com,City 5
User 43295,user43295@example.com,City 6
User 43296,user43296@example.com,City 7
User 43297,user43297@example.com,City 8
User 43298,user43298@example.com,City 9
User 43299,user43299@example.com,City 10
User 43300,user43300@example.com,City 1
User 43301,user43301@example.com,City 2
User 43302,user43302@example.com,City 3
User 43303,user43303@example.com,City 4
User 43304,user43304@example.com,City 5
User 43305,user43305@example.com,City 6
User 43306,user43306@example.com,City 7
User 43307,user43307@example.com,City 8
User 43308,user43308@example.com,City 9
User 43309,user43309@example.com,City 10
User 43310,user43310@example.com,City 1
User 43311,user43311@example.com,City 2
User 43312,user43312@example.com,City 3
User 43313,user43313@example.com,City 4
User 43314,user43314@example.com,City 5
User 43315,user43315@example.com,City 6
User 43316,user43316@example.com,City 7
User 43317,user43317@example.com,City 8
User 43318,user43318@example.com,City 9
User 43319,user43319@example.com,City 10
User 43320,user43320@example.com,City 1
User 43321,user43321@example.com,City 2
User 43322,user43322@example.com,City 3
User 43323,user43323@example.com,City 4
User 43324,user43324@example.com,City 5
User 43325,user43325@example.com,City 6
User 43326,user43326@example.com,City 7
User 43327,user43327@example.com,City 8
User 43328,user43328@example.com,City 9
User 43329,user43329@example.com,City 10
User 43330,user43330@example.com,City 1
User 43331,user43331@example.com,City 2
User 43332,user43332@example.com,City 3
User 43333,user43333@example.com,City 4
User 43334,user43334@example.com,City 5
User 43335,user43335@example.com,City 6
User 43336,user43336@example.com,City 7
User 43337,user43337@example.com,City 8
User 43338,user43338@example.com,City 9
User 43339,user43339@example.com,City 10
User 43340,user43340@example.com,City 1
User 43341,user43341@example.com,City 2
User 43342,user43342@example.com,City 3
User 43343,user43343@example.com,City 4
User 43344,user43344@example.com,City 5
User 43345,user43345@example.com,City 6
User 43346,user43346@example.com,City 7
User 43347,user43347@example.com,City 8
User 43348,user43348@example.com,City 9
User 43349,user43349@example.com,City 10
User 43350,user43350@example.com,City 1
User 43351,user43351@example.com,City 2
User 43352,user43352@example.com,City 3
User 43353,user43353@example.com,City 4
User 43354,user43354@example.com,City 5
User 43355,user43355@example.com,City 6
User 43356,user43356@example.com,City 7
User 43357,user43357@example.com,City 8
User 43358,user43358@example.com,City 9
User 43359,user43359@example.com,City 10
User 43360,user43360@example.com,City 1
User 43361,user43361@example.com,City 2
User 43362,user43362@example.com,City 3
User 43363,user43363@example.com,City 4
User 43364,user43364@example.com,City 5
User 43365,user43365@example.com,City 6
User 43366,user43366@example.com,City 7
User 43367,user43367@example.com,City 8
User 43368,user43368@example.com,City 9
User 43369,user43369@example.com,City 10
User 43370,user43370@example.com,City 1
User 43371,user43371@example.com,City 2
User 43372,user43372@example.com,City 3
User 43373,user43373@example.com,City 4
User 43374,user43374@example.com,City 5
User 43375,user43375@example.com,City 6
User 43376,user43376@example.com,City 7
User 43377,user43377@example.com,City 8
User 43378,user43378@example.com,City 9
User 43379,user43379@example.com,City 10
User 43380,user43380@example.com,City 1
User 43381,user43381@example.com,City 2
User 43382,user43382@example.com,City 3
User 43383,user43383@example.com,City 4
User 43384,user43384@example.com,City 5
User 43385,user43385@example.com,City 6
User 43386,user43386@example.com,City 7
User 43387,user43387@example.com,City 8
User 43388,user43388@example.com,City 9
User 43389,user43389@example.com,City 10
User 43390,user43390@example.com,City 1
User 43391,user43391@example.com,City 2
User 43392,user43392@example.com,City 3
User 43393,user43393@example.com,City 4
User 43394,user43394@example.com,City 5
User 43395,user43395@example.com,City 6
User 43396,user43396@example.com,City 7
User 43397,user43397@example.com,City 8
User 43398,user43398@example.com,City 9
User 43399,user43399@example.com,City 10
User 43400,user43400@example.com,City 1
User 43401,user43401@example.com,City 2
User 43402,user43402@example.com,City 3
User 43403,user43403@example.com,City 4
User 43404,user43404@example.com,City 5
User 43405,user43405@example.com,City 6
User 43406,user43406@example.com,City 7
User 43407,user43407@example.com,City 8
User 43408,user43408@example.com,City 9
User 43409,user43409@example.com,City 10
User 43410,user43410@example.com,City 1
User 43411,user43411@example.com,City 2
User 43412,user43412@example.com,City 3
User 43413,user43413@example.com,City 4
User 43414,user43414@example.com,City 5
User 43415,user43415@example.com,City 6
User 43416,user43416@example.com,City 7
User 43417,user43417@example.com,City 8
User 43418,user43418@example.com,City 9
User 43419,user43419@example.com,City 10
User 43420,user43420@example.com,City 1
User 43421,user43421@example.com,City 2
User 43422,user43422@example.com,City 3
User 43423,user43423@example.com,City 4
User 43424,user43424@example.com,City 5
User 43425,user43425@example.com,City 6
User 43426,user43426@example.com,City 7
User 43427,user43427@example.com,City 8
User 43428,user43428@example.com,City 9
User 43429,user43429@example.com,City 10
User 43430,user43430@example.com,City 1
User 43431,user43431@example.com,City 2
User 43432,user43432@example.com,City 3
User 43433,user43433@example.com,City 4
User 43434,user43434@example.com,City 5
User 43435,user43435@example.com,City 6
User 43436,user43436@example.com,City 7
User 43437,user43437@example.com,City 8
User 43438,user43438@example.com,City 9
User 43439,user43439@example.com,City 10
User 43440,user43440@example.com,City 1
User 43441,user43441@example.com,City 2
User 43442,user43442@example.com,City 3
User 43443,user43443@example.com,City 4
User 43444,user43444@example.com,City 5
User 43445,user43445@example.com,City 6
User 43446,user43446@example.com,City 7
User 43447,user43447@example.com,City 8
User 43448,user43448@example.com,City 9
User 43449,user43449@example.com,City 10
User 43450,user43450@example.com,City 1
User 43451,user43451@example.com,City 2
User 43452,user43452@example.com,City 3
User 43453,user43453@example.com,City 4
User 43454,user43454@example.com,City 5
User 43455,user43455@example.com,City 6
User 43456,user43456@example.com,City 7
User 43457,user43457@example.com,City 8
User 43458,user43458@example.com,City 9
User 43459,user43459@example.com,City 10
User 43460,user43460@example.com,City 1
User 43461,user43461@example.com,City 2
User 43462,user43462@example.com,City 3
User 43463,user43463@example.com,City 4
User 43464,user43464@example.com,City 5
User 43465,user43465@example.com,City 6
User 43466,user43466@example.com,City 7
User 43467,user43467@example.com,City 8
User 43468,user43468@example.com,City 9
User 43469,user43469@example.com,City 10
User 43470,user43470@example.com,City 1
User 43471,user43471@example.com,City 2
User 43472,user43472@example.com,City 3
User 43473,user43473@example.com,City 4
User 43474,user43474@example.com,City 5
User 43475,user43475@example.com,City 6
User 43476,user43476@example.com,City 7
User 43477,user43477@example.com,City 8
User 43478,user43478@example.com,City 9
User 43479,user43479@example.com,City 10
User 43480,user43480@example.com,City 1
User 43481,user43481@example.com,City 2
User 43482,user43482@example.com,City 3
User 43483,user43483@example.com,City 4
User 43484,user43484@example.com,City 5
User 43485,user43485@example.com,City 6
User 43486,user43486@example.com,City 7
User 43487,user43487@example.com,City 8
User 43488,user43488@example.com,City 9
User 43489,user43489@example.com,City 10
User 43490,user43490@example.com,City 1
User 43491,user43491@example.com,City 2
User 43492,user43492@example.com,City 3
User 43493,user43493@example.com,City 4
User 43494,user43494@example.com,City 5
User 43495,user43495@example.com,City 6
User 43496,user43496@example.com,City 7
User 43497,user43497@example.com,City 8
User 43498,user43498@example.com,City 9
User 43499,user43499@example.com,City 10
User 43500,user43500@example.com,City 1
User 43501,user43501@example.com,City 2
User 43502,user43502@example.com,City 3
User 43503,user43503@example.com,City 4
User 43504,user43504@example.com,City 5
User 43505,user43505@example.com,City 6
User 43506,user43506@example.com,City 7
User 43507,user43507@example.com,City 8
User 43508,user43508@example.com,City 9
User 43509,user43509@example.com,City 10
User 43510,user43510@example.com,City 1
User 43511,user43511@example.com,City 2
User 43512,user43512@example.com,City 3
User 43513,user43513@example.com,City 4
User 43514,user43514@example.com,City 5
User 43515,user43515@example.com,City 6
User 43516,user43516@example.com,City 7
User 43517,user43517@example.com,City 8
User 43518,user43518@example.com,City 9
User 43519,user43519@example.com,City 10
User 43520,user43520@example.com,City 1
User 43521,user43521@example.com,City 2
User 43522,user43522@example.com,City 3
User 43523,user43523@example.com,City 4
User 43524,user43524@example.com,City 5
User 43525,user43525@example.com,City 6
User 43526,user43526@example.com,City 7
User 43527,user43527@example.com,City 8
User 43528,user43528@example.com,City 9
User 43529,user43529@example.com,City 10
User 43530,user43530@example.com,City 1
User 43531,user43531@example.com,City 2
User 43532,user43532@example.com,City 3
User 43533,user43533@example.com,City 4
User 43534,user43534@example.com,City 5
User 43535,user43535@example.com,City 6
User 43536,user43536@example.com,City 7
User 43537,user43537@example.com,City 8
User 43538,user43538@example.com,City 9
User 43539,user43539@example.com,City 10
User 43540,user43540@example.com,City 1
User 43541,user43541@example.com,City 2
User 43542,user43542@example.com,City 3
User 43543,user43543@example.com,City 4
User 43544,user43544@example.com,City 5
User 43545,user43545@example.com,City 6
User 43546,user43546@example.com,City 7
User 43547,user43547@example.com,City 8
User 43548,user43548@example.com,City 9
User 43549,user43549@example.com,City 10
User 43550,user43550@example.com,City 1
User 43551,user43551@example.com,City 2
User 43552,user43552@example.com,City 3
User 43553,user43553@example.com,City 4
User 43554,user43554@example.com,City 5
User 43555,user43555@example.com,City 6
User 43556,user43556@example.com,City 7
User 43557,user43557@example.com,City 8
User 43558,user43558@example.com,City 9
User 43559,user43559@example.com,City 10
User 43560,user43560@example.com,City 1
User 43561,user43561@example.com,City 2
User 43562,user43562@example.com,City 3
User 43563,user43563@example.com,City 4
User 43564,user43564@example.com,City 5
User 43565,user43565@example.com,City 6
User 43566,user43566@example.com,City 7
User 43567,user43567@example.com,City 8
User 43568,user43568@example.com,City 9
User 43569,user43569@example.com,City 10
User 43570,user43570@example.com,City 1
User 43571,user43571@example.com,City 2
User 43572,user43572@example.com,City 3
User 43573,user43573@example.com,City 4
User 43574,user43574@example.com,City 5
User 43575,user43575@example.com,City 6
User 43576,user43576@example.com,City 7
User 43577,user43577@example.com,City 8
User 43578,user43578@example.com,City 9
User 43579,user43579@example.com,City 10
User 43580,user43580@example.com,City 1
User 43581,user43581@example.com,City 2
User 43582,user43582@example.com,City 3
User 43583,user43583@example.com,City 4
User 43584,user43584@example.com,City 5
User 43585,user43585@example.com,City 6
User 43586,user43586@example.com,City 7
User 43587,user43587@example.com,City 8
User 43588,user43588@example.com,City 9
User 43589,user43589@example.com,City 10
User 43590,user43590@example.com,City 1
User 43591,user43591@example.com,City 2
User 43592,user43592@example.com,City 3
User 43593,user43593@example.com,City 4
User 43594,user43594@example.com,City 5
User 43595,user43595@example.com,City 6
User 43596,user43596@example.com,City 7
User 43597,user43597@example.com,City 8
User 43598,user43598@example.com,City 9
User 43599,user43599@example.com,City 10
User 43600,user43600@example.com,City 1
User 43601,user43601@example.com,City 2
User 43602,user43602@example.com,City 3
User 43603,user43603@example.com,City 4
User 43604,user43604@example.com,City 5
User 43605,user43605@example.com,City 6
User 43606,user43606@example.com,City 7
User 43607,user43607@example.com,City 8
User 43608,user43608@example.com,City 9
User 43609,user43609@example.com,City 10
User 43610,user43610@example.com,City 1
User 43611,user43611@example.com,City 2
User 43612,user43612@example.com,City 3
User 43613,user43613@example.com,City 4
User 43614,user43614@example.com,City 5
User 43615,user43615@example.com,City 6
User 43616,user43616@example.com,City 7
User 43617,user43617@example.com,City 8
User 43618,user43618@example.com,City 9
User 43619,user43619@example.com,City 10
User 43620,user43620@example.com,City 1
User 43621,user43621@example.com,City 2
User 43622,user43622@example.com,City 3
User 43623,user43623@example.com,City 4
User 43624,user43624@example.com,City 5
User 43625,user43625@example.com,City 6
User 43626,user43626@example.com,City 7
User 43627,user43627@example.com,City 8
User 43628,user43628@example.com,City 9
User 43629,user43629@example.com,City 10
User 43630,user43630@example.com,City 1
User 43631,user43631@example.com,City 2
User 43632,user43632@example.com,City 3
User 43633,user43633@example.com,City 4
User 43634,user43634@example.com,City 5
User 43635,user43635@example.com,City 6
User 43636,user43636@example.com,City 7
User 43637,user43637@example.com,City 8
User 43638,user43638@example.com,City 9
User 43639,user43639@example.com,City 10
User 43640,user43640@example.com,City 1
User 43641,user43641@example.com,City 2
User 43642,user43642@example.com,City 3
User 43643,user43643@example.com,City 4
User 43644,user43644@example.com,City 5
User 43645,user43645@example.com,City 6
User 43646,user43646@example.com,City 7
User 43647,user43647@example.com,City 8
User 43648,user43648@example.com,City 9
User 43649,user43649@example.com,City 10
User 43650,user43650@example.com,City 1
User 43651,user43651@example.com,City 2
User 43652,user43652@example.com,City 3
User 43653,user43653@example.com,City 4
User 43654,user43654@example.com,City 5
User 43655,user43655@example.com,City 6
User 43656,user43656@example.com,City 7
User 43657,user43657@example.com,City 8
User 43658,user43658@example.com,City 9
User 43659,user43659@example.com,City 10
User 43660,user43660@example.com,City 1
User 43661,user43661@example.com,City 2
User 43662,user43662@example.com,City 3
User 43663,user43663@example.com,City 4
User 43664,user43664@example.com,City 5
User 43665,user43665@example.com,City 6
User 43666,user43666@example.com,City 7
User 43667,user43667@example.com,City 8
User 43668,user43668@example.com,City 9
User 43669,user43669@example.com,City 10
User 43670,user43670@example.com,City 1
User 43671,user43671@example.com,City 2
User 43672,user43672@example.com,City 3
User 43673,user43673@example.com,City 4
User 43674,user43674@example.com,City 5
User 43675,user43675@example.com,City 6
User 43676,user43676@example.com,City 7
User 43677,user43677@example.com,City 8
User 43678,user43678@example.com,City 9
User 43679,user43679@example.com,City 10
User 43680,user43680@example.com,City 1
User 43681,user43681@example.com,City 2
User 43682,user43682@example.com,City 3
User 43683,user43683@example.com,City 4
User 43684,user43684@example.com,City 5
User 43685,user43685@example.com,City 6
User 43686,user43686@example.com,City 7
User 43687,user43687@example.com,City 8
User 43688,user43688@example.com,City 9
User 43689,user43689@example.com,City 10
User 43690,user43690@example.com,City 1
User 43691,user43691@example.com,City 2
User 43692,user43692@example.com,City 3
User 43693,user43693@example.com,City 4
User 43694,user43694@example.com,City 5
User 43695,user43695@example.com,City 6
User 43696,user43696@example.com,City 7
User 43697,user43697@example.com,City 8
User 43698,user43698@example.com,City 9
User 43699,user43699@example.com,City 10
User 43700,user43700@example.com,City 1
User 43701,user43701@example.com,City 2
User 43702,user43702@example.com,City 3
User 43703,user43703@example.com,City 4
User 43704,user43704@example.com,City 5
User 43705,user43705@example.com,City 6
User 43706,user43706@example.com,City 7
User 43707,user43707@example.com,City 8
User 43708,user43708@example.com,City 9
User 43709,user43709@example.com,City 10
User 43710,user43710@example.com,City 1
User 43711,user43711@example.com,City 2
User 43712,user43712@example.com,City 3
User 43713,user43713@example.com,City 4
User 43714,user43714@example.com,City 5
User 43715,user43715@example.com,City 6
User 43716,user43716@example.com,City 7
User 43717,user43717@example.com,City 8
User 43718,user43718@example.com,City 9
User 43719,user43719@example.com,City 10
User 43720,user43720@example.com,City 1
User 43721,user43721@example.com,City 2
User 43722,user43722@example.com,City 3
User 43723,user43723@example.com,City 4
User 43724,user43724@example.com,City 5
User 43725,user43725@example.com,City 6
User 43726,user43726@example.com,City 7
User 43727,user43727@example.com,City 8
User 43728,user43728@example.com,City 9
User 43729,user43729@example.com,City 10
User 43730,user43730@example.com,City 1
User 43731,user43731@example.com,City 2
User 43732,user43732@example.com,City 3
User 43733,user43733@example.com,City 4
User 43734,user43734@example.com,City 5
User 43735,user43735@example.com,City 6
User 43736,user43736@example.com,City 7
User 43737,user43737@example.com,City 8
User 43738,user43738@example.com,City 9
User 43739,user43739@example.com,City 10
User 43740,user43740@example.com,City 1
User 43741,user43741@example.com,City 2
User 43742,user43742@example.com,City 3
User 43743,user43743@example.com,City 4
User 43744,user43744@example.com,City 5
User 43745,user43745@example.com,City 6
User 43746,user43746@example.com,City 7
User 43747,user43747@example.com,City 8
User 43748,user43748@example.com,City 9
User 43749,user43749@example.com,City 10
User 43750,user43750@example.com,City 1
User 43751,user43751@example.com,City 2
User 43752,user43752@example.com,City 3
User 43753,user43753@example.com,City 4
User 43754,user43754@example.com,City 5
User 43755,user43755@example.com,City 6
User 43756,user43756@example.com,City 7
User 43757,user43757@example.com,City 8
User 43758,user43758@example.com,City 9
User 43759,user43759@example.com,City 10
User 43760,user43760@example.com,City 1
User 43761,user43761@example.com,City 2
User 43762,user43762@example.com,City 3
User 43763,user43763@example.com,City 4
User 43764,user43764@example.com,City 5
User 43765,user43765@example.com,City 6
User 43766,user43766@example.com,City 7
User 43767,user43767@example.com,City 8
User 43768,user43768@example.com,City 9
User 43769,user43769@example.com,City 10
User 43770,user43770@example.com,City 1
User 43771,user43771@example.com,City 2
User 43772,user43772@example.com,City 3
User 43773,user43773@example.com,City 4
User 43774,user43774@example.com,City 5
User 43775,user43775@example.com,City 6
User 43776,user43776@example.com,City 7
User 43777,user43777@example.com,City 8
User 43778,user43778@example.com,City 9
User 43779,user43779@example.com,City 10
User 43780,user43780@example.com,City 1
User 43781,user43781@example.com,City 2
User 43782,user43782@example.com,City 3
User 43783,user43783@example.com,City 4
User 43784,user43784@example.com,City 5
User 43785,user43785@example.com,City 6
User 43786,user43786@example.com,City 7
User 43787,user43787@example.com,City 8
User 43788,user43788@example.com,City 9
User 43789,user43789@example.com,City 10
User 43790,user43790@example.com,City 1
User 43791,user43791@example.com,City 2
User 43792,user43792@example.com,City 3
User 43793,user43793@example.com,City 4
User 43794,user43794@example.com,City 5
User 43795,user43795@example.com,City 6
User 43796,user43796@example.com,City 7
User 43797,user43797@example.com,City 8
User 43798,user43798@example.com,City 9
User 43799,user43799@example.com,City 10
User 43800,user43800@example.com,City 1
User 43801,user43801@example.com,City 2
User 43802,user43802@example.com,City 3
User 43803,user43803@example.com,City 4
User 43804,user43804@example.com,City 5
User 43805,user43805@example.com,City 6
User 43806,user43806@example.com,City 7
User 43807,user43807@example.com,City 8
User 43808,user43808@example.com,City 9
User 43809,user43809@example.com,City 10
User 43810,user43810@example.com,City 1
User 43811,user43811@example.com,City 2
User 43812,user43812@example.com,City 3
User 43813,user43813@example.com,City 4
User 43814,user43814@example.com,City 5
User 43815,user43815@example.com,City 6
User 43816,user43816@example.com,City 7
User 43817,user43817@example.com,City 8
User 43818,user43818@example.com,City 9
User 43819,user43819@example.com,City 10
User 43820,user43820@example.com,City 1
User 43821,user43821@example.com,City 2
User 43822,user43822@example.com,City 3
User 43823,user43823@example.com,City 4
User 43824,user43824@example.com,City 5
User 43825,user43825@example.com,City 6
User 43826,user43826@example.com,City 7
User 43827,user43827@example.com,City 8
User 43828,user43828@example.com,City 9
User 43829,user43829@example.com,City 10
User 43830,user43830@example.com,City 1
User 43831,user43831@example.com,City 2
User 43832,user43832@example.com,City 3
User 43833,user43833@example.com,City 4
User 43834,user43834@example.com,City 5
User 43835,user43835@example.com,City 6
User 43836,user43836@example.com,City 7
User 43837,user43837@example.com,City 8
User 43838,user43838@example.com,City 9
User 43839,user43839@example.com,City 10
User 43840,user43840@example.com,City 1
User 43841,user43841@example.com,City 2
User 43842,user43842@example.com,City 3
User 43843,user43843@example.com,City 4
User 43844,user43844@example.com,City 5
User 43845,user43845@example.com,City 6
User 43846,user43846@example.com,City 7
User 43847,user43847@example.com,City 8
User 43848,user43848@example.com,City 9
User 43849,user43849@example.com,City 10
User 43850,user43850@example.com,City 1
User 43851,user43851@example.com,City 2
User 43852,user43852@example.com,City 3
User 43853,user43853@example.com,City 4
User 43854,user43854@example.com,City 5
User 43855,user43855@example.com,City 6
User 43856,user43856@example.com,City 7
User 43857,user43857@example.com,City 8
User 43858,user43858@example.com,City 9
User 43859,user43859@example.com,City 10
User 43860,user43860@example.com,City 1
User 43861,user43861@example.com,City 2
User 43862,user43862@example.com,City 3
User 43863,user43863@example.com,City 4
User 43864,user43864@example.com,City 5
User 43865,user43865@example.com,City 6
User 43866,user43866@example.com,City 7
User 43867,user43867@example.com,City 8
User 43868,user43868@example.com,City 9
User 43869,user43869@example.com,City 10
User 43870,user43870@example.com,City 1
User 43871,user43871@example.com,City 2
User 43872,user43872@example.com,City 3
User 43873,user43873@example.com,City 4
User 43874,user43874@example.com,City 5
User 43875,user43875@example.com,City 6
User 43876,user43876@example.com,City 7
User 43877,user43877@example.com,City 8
User 43878,user43878@example.com,City 9
User 43879,user43879@example.com,City 10
User 43880,user43880@example.com,City 1
User 43881,user43881@example.com,City 2
User 43882,user43882@example.com,City 3
User 43883,user43883@example.com,City 4
User 43884,user43884@example.com,City 5
User 43885,user43885@example.com,City 6
User 43886,user43886@example.com,City 7
User 43887,user43887@example.com,City 8
User 43888,user43888@example.com,City 9
User 43889,user43889@example.com,City 10
User 43890,user43890@example.com,City 1
User 43891,user43891@example.com,City 2
User 43892,user43892@example.com,City 3
User 43893,user43893@example.com,City 4
User 43894,user43894@example.com,City 5
User 43895,user43895@example.com,City 6
User 43896,user43896@example.com,City 7
User 43897,user43897@example.com,City 8
User 43898,user43898@example.com,City 9
User 43899,user43899@example.com,City 10
User 43900,user43900@example.com,City 1
User 43901,user43901@example.com,City 2
User 43902,user43902@example.com,City 3
User 43903,user43903@example.com,City 4
User 43904,user43904@example.com,City 5
User 43905,user43905@example.com,City 6
User 43906,user43906@example.com,City 7
User 43907,user43907@example.com,City 8
User 43908,user43908@example.com,City 9
User 43909,user43909@example.com,City 10
User 43910,user43910@example.com,City 1
User 43911,user43911@example.com,City 2
User 43912,user43912@example.com,City 3
User 43913,user43913@example.com,City 4
User 43914,user43914@example.com,City 5
User 43915,user43915@example.com,City 6
User 43916,user43916@example.com,City 7
User 43917,user43917@example.com,City 8
User 43918,user43918@example.com,City 9
User 43919,user43919@example.com,City 10
User 43920,user43920@example.com,City 1
User 43921,user43921@example.com,City 2
User 43922,user43922@example.com,City 3
User 43923,user43923@example.com,City 4
User 43924,user43924@example.com,City 5
User 43925,user43925@example.com,City 6
User 43926,user43926@example.com,City 7
User 43927,user43927@example.com,City 8
User 43928,user43928@example.com,City 9
User 43929,user43929@example.com,City 10
User 43930,user43930@example.com,City 1
User 43931,user43931@example.com,City 2
User 43932,user43932@example.com,City 3
User 43933,user43933@example.com,City 4
User 43934,user43934@example.com,City 5
User 43935,user43935@example.com,City 6
User 43936,user43936@example.com,City 7
User 43937,user43937@example.com,City 8
User 43938,user43938@example.com,City 9
User 43939,user43939@example.com,City 10
User 43940,user43940@example.com,City 1
User 43941,user43941@example.com,City 2
User 43942,user43942@example.com,City 3
User 43943,user43943@example.com,City 4
User 43944,user43944@example.com,City 5
User 43945,user43945@example.com,City 6
User 43946,user43946@example.com,City 7
User 43947,user43947@example.com,City 8
User 43948,user43948@example.com,City 9
User 43949,user43949@example.com,City 10
User 43950,user43950@example.com,City 1
User 43951,user43951@example.com,City 2
User 43952,user43952@example.com,City 3
User 43953,user43953@example.com,City 4
User 43954,user43954@example.com,City 5
User 43955,user43955@example.com,City 6
User 43956,user43956@example.com,City 7
User 43957,user43957@example.com,City 8
User 43958,user43958@example.com,City 9
User 43959,user43959@example.com,City 10
User 43960,user43960@example.com,City 1
User 43961,user43961@example.com,City 2
User 43962,user43962@example.com,City 3
User 43963,user43963@example.com,City 4
User 43964,user43964@example.com,City 5
User 43965,user43965@example.com,City 6
User 43966,user43966@example.com,City 7
User 43967,user43967@example.com,City 8
User 43968,user43968@example.com,City 9
User 43969,user43969@example.com,City 10
User 43970,user43970@example.com,City 1
User 43971,user43971@example.com,City 2
User 43972,user43972@example.com,City 3
User 43973,user43973@example.com,City 4
User 43974,user43974@example.com,City 5
User 43975,user43975@example.com,City 6
User 43976,user43976@example.com,City 7
User 43977,user43977@example.com,City 8
User 43978,user43978@example.com,City 9
User 43979,user43979@example.com,City 10
User 43980,user43980@example.com,City 1
User 43981,user43981@example.com,City 2
User 43982,user43982@example.com,City 3
User 43983,user43983@example.com,City 4
User 43984,user43984@example.com,City 5
User 43985,user43985@example.com,City 6
User 43986,user43986@example.com,City 7
User 43987,user43987@example.com,City 8
User 43988,user43988@example.com,City 9
User 43989,user43989@example.com,City 10
User 43990,user43990@example.com,City 1
User 43991,user43991@example.com,City 2
User 43992,user43992@example.com,City 3
User 43993,user43993@example.com,City 4
User 43994,user43994@example.com,City 5
User 43995,user43995@example.com,City 6
User 43996,user43996@example.com,City 7
User 43997,user43997@example.com,City 8
User 43998,user43998@example.com,City 9
User 43999,user43999@example.com,City 10
User 44000,user44000@example.com,City 1
User 44001,user44001@example.com,City 2
User 44002,user44002@example.com,City 3
User 44003,user44003@example.com,City 4
User 44004,user44004@example.com,City 5
User 44005,user44005@example.com,City 6
User 44006,user44006@example.com,City 7
User 44007,user44007@example.com,City 8
User 44008,user44008@example.com,City 9
User 44009,user44009@example.com,City 10
User 44010,user44010@example.com,City 1
User 44011,user44011@example.com,City 2
User 44012,user44012@example.com,City 3
User 44013,user44013@example.com,City 4
User 44014,user44014@example.com,City 5
User 44015,user44015@example.com,City 6
User 44016,user44016@example.com,City 7
User 44017,user44017@example.com,City 8
User 44018,user44018@example.com,City 9
User 44019,user44019@example.com,City 10
User 44020,user44020@example.com,City 1
User 44021,user44021@example.com,City 2
User 44022,user44022@example.com,City 3
User 44023,user44023@example.com,City 4
User 44024,user44024@example.com,City 5
User 44025,user44025@example.com,City 6
User 44026,user44026@example.com,City 7
User 44027,user44027@example.com,City 8
User 44028,user44028@example.com,City 9
User 44029,user44029@example.com,City 10
User 44030,user44030@example.com,City 1
User 44031,user44031@example.com,City 2
User 44032,user44032@example.com,City 3
User 44033,user44033@example.com,City 4
User 44034,user44034@example.com,City 5
User 44035,user44035@example.com,City 6
User 44036,user44036@example.com,City 7
User 44037,user44037@example.com,City 8
User 44038,user44038@example.com,City 9
User 44039,user44039@example.com,City 10
User 44040,user44040@example.com,City 1
User 44041,user44041@example.com,City 2
User 44042,user44042@example.com,City 3
User 44043,user44043@example.com,City 4
User 44044,user44044@example.com,City 5
User 44045,user44045@example.com,City 6
User 44046,user44046@example.com,City 7
User 44047,user44047@example.com,City 8
User 44048,user44048@example.com,City 9
User 44049,user44049@example.com,City 10
User 44050,user44050@example.com,City 1
User 44051,user44051@example.com,City 2
User 44052,user44052@example.com,City 3
User 44053,user44053@example.com,City 4
User 44054,user44054@example.com,City 5
User 44055,user44055@example.com,City 6
User 44056,user44056@example.com,City 7
User 44057,user44057@example.com,City 8
User 44058,user44058@example.com,City 9
User 44059,user44059@example.com,City 10
User 44060,user44060@example.com,City 1
User 44061,user44061@example.com,City 2
User 44062,user44062@example.com,City 3
User 44063,user44063@example.com,City 4
User 44064,user44064@example.com,City 5
User 44065,user44065@example.com,City 6
User 44066,user44066@example.com,City 7
User 44067,user44067@example.com,City 8
User 44068,user44068@example.com,City 9
User 44069,user44069@example.com,City 10
User 44070,user44070@example.com,City 1
User 44071,user44071@example.com,City 2
User 44072,user44072@example.com,City 3
User 44073,user44073@example.com,City 4
User 44074,user44074@example.com,City 5
User 44075,user44075@example.com,City 6
User 44076,user44076@example.com,City 7
User 44077,user44077@example.com,City 8
User 44078,user44078@example.com,City 9
User 44079,user44079@example.com,City 10
User 44080,user44080@example.com,City 1
User 44081,user44081@example.com,City 2
User 44082,user44082@example.com,City 3
User 44083,user44083@example.com,City 4
User 44084,user44084@example.com,City 5
User 44085,user44085@example.com,City 6
User 44086,user44086@example.com,City 7
User 44087,user44087@example.com,City 8
User 44088,user44088@example.com,City 9
User 44089,user44089@example.com,City 10
User 44090,user44090@example.com,City 1
User 44091,user44091@example.com,City 2
User 44092,user44092@example.com,City 3
User 44093,user44093@example.com,City 4
User 44094,user44094@example.com,City 5
User 44095,user44095@example.com,City 6
User 44096,user44096@example.com,City 7
User 44097,user44097@example.com,City 8
User 44098,user44098@example.com,City 9
User 44099,user44099@example.com,City 10
User 44100,user44100@example.com,City 1
User 44101,user44101@example.com,City 2
User 44102,user44102@example.com,City 3
User 44103,user44103@example.com,City 4
User 44104,user44104@example.com,City 5
User 44105,user44105@example.com,City 6
User 44106,user44106@example.com,City 7
User 44107,user44107@example.com,City 8
User 44108,user44108@example.com,City 9
User 44109,user44109@example.com,City 10
User 44110,user44110@example.com,City 1
User 44111,user44111@example.com,City 2
User 44112,user44112@example.com,City 3
User 44113,user44113@example.com,City 4
User 44114,user44114@example.com,City 5
User 44115,user44115@example.com,City 6
User 44116,user44116@example.com,City 7
User 44117,user44117@example.com,City 8
User 44118,user44118@example.com,City 9
User 44119,user44119@example.com,City 10
User 44120,user44120@example.com,City 1
User 44121,user44121@example.com,City 2
User 44122,user44122@example.com,City 3
User 44123,user44123@example.com,City 4
User 44124,user44124@example.com,City 5
User 44125,user44125@example.com,City 6
User 44126,user44126@example.com,City 7
User 44127,user44127@example.com,City 8
User 44128,user44128@example.com,City 9
User 44129,user44129@example.com,City 10
User 44130,user44130@example.com,City 1
User 44131,user44131@example.com,City 2
User 44132,user44132@example.com,City 3
User 44133,user44133@example.com,City 4
User 44134,user44134@example.com,City 5
User 44135,user44135@example.com,City 6
User 44136,user44136@example.com,City 7
User 44137,user44137@example.com,City 8
User 44138,user44138@example.com,City 9
User 44139,user44139@example.com,City 10
User 44140,user44140@example.com,City 1
User 44141,user44141@example.com,City 2
User 44142,user44142@example.com,City 3
User 44143,user44143@example.com,City 4
User 44144,user44144@example.com,City 5
User 44145,user44145@example.com,City 6
User 44146,user44146@example.com,City 7
User 44147,user44147@example.com,City 8
User 44148,user44148@example.com,City 9
User 44149,user44149@example.com,City 10
User 44150,user44150@example.com,City 1
User 44151,user44151@example.com,City 2
User 44152,user44152@example.com,City 3
User 44153,user44153@example.com,City 4
User 44154,user44154@example.com,City 5
User 44155,user44155@example.com,City 6
User 44156,user44156@example.com,City 7
User 44157,user44157@example.com,City 8
User 44158,user44158@example.com,City 9
User 44159,user44159@example.com,City 10
User 44160,user44160@example.com,City 1
User 44161,user44161@example.com,City 2
User 44162,user44162@example.com,City 3
User 44163,user44163@example.com,City 4
User 44164,user44164@example.com,City 5
User 44165,user44165@example.com,City 6
User 44166,user44166@example.com,City 7
User 44167,user44167@example.com,City 8
User 44168,user44168@example.com,City 9
User 44169,user44169@example.com,City 10
User 44170,user44170@example.com,City 1
User 44171,user44171@example.com,City 2
User 44172,user44172@example.com,City 3
User 44173,user44173@example.com,City 4
User 44174,user44174@example.com,City 5
User 44175,user44175@example.com,City 6
User 44176,user44176@example.com,City 7
User 44177,user44177@example.com,City 8
User 44178,user44178@example.com,City 9
User 44179,user44179@example.com,City 10
User 44180,user44180@example.com,City 1
User 44181,user44181@example.com,City 2
User 44182,user44182@example.com,City 3
User 44183,user44183@example.com,City 4
User 44184,user44184@example.com,City 5
User 44185,user44185@example.com,City 6
User 44186,user44186@example.com,City 7
User 44187,user44187@example.com,City 8
User 44188,user44188@example.com,City 9
User 44189,user44189@example.com,City 10
User 44190,user44190@example.com,City 1
User 44191,user44191@example.com,City 2
User 44192,user44192@example.com,City 3
User 44193,user44193@example.com,City 4
User 44194,user44194@example.com,City 5
User 44195,user44195@example.com,City 6
User 44196,user44196@example.com,City 7
User 44197,user44197@example.com,City 8
User 44198,user44198@example.com,City 9
User 44199,user44199@example.com,City 10
User 44200,user44200@example.com,City 1
User 44201,user44201@example.com,City 2
User 44202,user44202@example.com,City 3
User 44203,user44203@example.com,City 4
User 44204,user44204@example.com,City 5
User 44205,user44205@example.com,City 6
User 44206,user44206@example.com,City 7
User 44207,user44207@example.com,City 8
User 44208,user44208@example.com,City 9
User 44209,user44209@example.com,City 10
User 44210,user44210@example.com,City 1
User 44211,user44211@example.com,City 2
User 44212,user44212@example.com,City 3
User 44213,user44213@example.com,City 4
User 44214,user44214@example.com,City 5
User 44215,user44215@example.com,City 6
User 44216,user44216@example.com,City 7
User 44217,user44217@example.com,City 8
User 44218,user44218@example.com,City 9
User 44219,user44219@example.com,City 10
User 44220,user44220@example.com,City 1
User 44221,user44221@example.com,City 2
User 44222,user44222@example.com,City 3
User 44223,user44223@example.com,City 4
User 44224,user44224@example.com,City 5
User 44225,user44225@example.com,City 6
User 44226,user44226@example.com,City 7
User 44227,user44227@example.com,City 8
User 44228,user44228@example.com,City 9
User 44229,user44229@example.com,City 10
User 44230,user44230@example.com,City 1
User 44231,user44231@example.com,City 2
User 44232,user44232@example.com,City 3
User 44233,user44233@example.com,City 4
User 44234,user44234@example.com,City 5
User 44235,user44235@example.com,City 6
User 44236,user44236@example.com,City 7
User 44237,user44237@example.com,City 8
User 44238,user44238@example.com,City 9
User 44239,user44239@example.com,City 10
User 44240,user44240@example.com,City 1
User 44241,user44241@example.com,City 2
User 44242,user44242@example.com,City 3
User 44243,user44243@example.com,City 4
User 44244,user44244@example.com,City 5
User 44245,user44245@example.com,City 6
User 44246,user44246@example.com,City 7
User 44247,user44247@example.com,City 8
User 44248,user44248@example.com,City 9
User 44249,user44249@example.com,City 10
User 44250,user44250@example.com,City 1
User 44251,user44251@example.com,City 2
User 44252,user44252@example.com,City 3
User 44253,user44253@example.com,City 4
User 44254,user44254@example.com,City 5
User 44255,user44255@example.com,City 6
User 44256,user44256@example.com,City 7
User 44257,user44257@example.com,City 8
User 44258,user44258@example.com,City 9
User 44259,user44259@example.com,City 10
User 44260,user44260@example.com,City 1
User 44261,user44261@example.com,City 2
User 44262,user44262@example.com,City 3
User 44263,user44263@example.com,City 4
User 44264,user44264@example.com,City 5
User 44265,user44265@example.com,City 6
User 44266,user44266@example.com,City 7
User 44267,user44267@example.com,City 8
User 44268,user44268@example.com,City 9
User 44269,user44269@example.com,City 10
User 44270,user44270@example.com,City 1
User 44271,user44271@example.com,City 2
User 44272,user44272@example.com,City 3
User 44273,user44273@example.com,City 4
User 44274,user44274@example.com,City 5
User 44275,user44275@example.com,City 6
User 44276,user44276@example.com,City 7
User 44277,user44277@example.com,City 8
User 44278,user44278@example.com,City 9
User 44279,user44279@example.com,City 10
User 44280,user44280@example.com,City 1
User 44281,user44281@example.com,City 2
User 44282,user44282@example.com,City 3
User 44283,user44283@example.com,City 4
User 44284,user44284@example.com,City 5
User 44285,user44285@example.com,City 6
User 44286,user44286@example.com,City 7
User 44287,user44287@example.com,City 8
User 44288,user44288@example.com,City 9
User 44289,user44289@example.com,City 10
User 44290,user44290@example.com,City 1
User 44291,user44291@example.com,City 2
User 44292,user44292@example.com,City 3
User 44293,user44293@example.com,City 4
User 44294,user44294@example.com,City 5
User 44295,user44295@example.com,City 6
User 44296,user44296@example.com,City 7
User 44297,user44297@example.com,City 8
User 44298,user44298@example.com,City 9
User 44299,user44299@example.com,City 10
User 44300,user44300@example.com,City 1
User 44301,user44301@example.com,City 2
User 44302,user44302@example.com,City 3
User 44303,user44303@example.com,City 4
User 44304,user44304@example.com,City 5
User 44305,user44305@example.com,City 6
User 44306,user44306@example.com,City 7
User 44307,user44307@example.com,City 8
User 44308,user44308@example.com,City 9
User 44309,user44309@example.com,City 10
User 44310,user44310@example.com,City 1
User 44311,user44311@example.com,City 2
User 44312,user44312@example.com,City 3
User 44313,user44313@example.com,City 4
User 44314,user44314@example.com,City 5
User 44315,user44315@example.com,City 6
User 44316,user44316@example.com,City 7
User 44317,user44317@example.com,City 8
User 44318,user44318@example.com,City 9
User 44319,user44319@example.com,City 10
User 44320,user44320@example.com,City 1
User 44321,user44321@example.com,City 2
User 44322,user44322@example.com,City 3
User 44323,user44323@example.com,City 4
User 44324,user44324@example.com,City 5
User 44325,user44325@example.com,City 6
User 44326,user44326@example.com,City 7
User 44327,user44327@example.com,City 8
User 44328,user44328@example.com,City 9
User 44329,user44329@example.com,City 10
User 44330,user44330@example.com,City 1
User 44331,user44331@example.com,City 2
User 44332,user44332@example.com,City 3
User 44333,user44333@example.com,City 4
User 44334,user44334@example.com,City 5
User 44335,user44335@example.com,City 6
User 44336,user44336@example.com,City 7
User 44337,user44337@example.com,City 8
User 44338,user44338@example.com,City 9
User 44339,user44339@example.com,City 10
User 44340,user44340@example.com,City 1
User 44341,user44341@example.com,City 2
User 44342,user44342@example.com,City 3
User 44343,user44343@example.com,City 4
User 44344,user44344@example.com,City 5
User 44345,user44345@example.com,City 6
User 44346,user44346@example.com,City 7
User 44347,user44347@example.com,City 8
User 44348,user44348@example.com,City 9
User 44349,user44349@example.com,City 10
User 44350,user44350@example.com,City 1
User 44351,user44351@example.com,City 2
User 44352,user44352@example.com,City 3
User 44353,user44353@example.com,City 4
User 44354,user44354@example.com,City 5
User 44355,user44355@example.com,City 6
User 44356,user44356@example.com,City 7
User 44357,user44357@example.com,City 8
User 44358,user44358@example.com,City 9
User 44359,user44359@example.com,City 10
User 44360,user44360@example.com,City 1
User 44361,user44361@example.com,City 2
User 44362,user44362@example.com,City 3
User 44363,user44363@example.com,City 4
User 44364,user44364@example.com,City 5
User 44365,user44365@example.com,City 6
User 44366,user44366@example.com,City 7
User 44367,user44367@example.com,City 8
User 44368,user44368@example.com,City 9
User 44369,user44369@example.com,City 10
User 44370,user44370@example.com,City 1
User 44371,user44371@example.com,City 2
User 44372,user44372@example.com,City 3
User 44373,user44373@example.com,City 4
User 44374,user44374@example.com,City 5
User 44375,user44375@example.com,City 6
User 44376,user44376@example.com,City 7
User 44377,user44377@example.com,City 8
User 44378,user44378@example.com,City 9
User 44379,user44379@example.com,City 10
User 44380,user44380@example.com,City 1
User 44381,user44381@example.com,City 2
User 44382,user44382@example.com,City 3
User 44383,user44383@example.com,City 4
User 44384,user44384@example.com,City 5
User 44385,user44385@example.com,City 6
User 44386,user44386@example.com,City 7
User 44387,user44387@example.com,City 8
User 44388,user44388@example.com,City 9
User 44389,user44389@example.com,City 10
User 44390,user44390@example.com,City 1
User 44391,user44391@example.com,City 2
User 44392,user44392@example.com,City 3
User 44393,user44393@example.com,City 4
User 44394,user44394@example.com,City 5
User 44395,user44395@example.com,City 6
User 44396,user44396@example.com,City 7
User 44397,user44397@example.com,City 8
User 44398,user44398@example.com,City 9
User 44399,user44399@example.com,City 10
User 44400,user44400@example.com,City 1
User 44401,user44401@example.com,City 2
User 44402,user44402@example.com,City 3
User 44403,user44403@example.com,City 4
User 44404,user44404@example.com,City 5
User 44405,user44405@example.com,City 6
User 44406,user44406@example.com,City 7
User 44407,user44407@example.com,City 8
User 44408,user44408@example.com,City 9
User 44409,user44409@example.com,City 10
User 44410,user44410@example.com,City 1
User 44411,user44411@example.com,City 2
User 44412,user44412@example.com,City 3
User 44413,user44413@example.com,City 4
User 44414,user44414@example.com,City 5
User 44415,user44415@example.com,City 6
User 44416,user44416@example.com,City 7
User 44417,user44417@example.com,City 8
User 44418,user44418@example.com,City 9
User 44419,user44419@example.com,City 10
User 44420,user44420@example.com,City 1
User 44421,user44421@example.com,City 2
User 44422,user44422@example.com,City 3
User 44423,user44423@example.com,City 4
User 44424,user44424@example.com,City 5
User 44425,user44425@example.com,City 6
User 44426,user44426@example.com,City 7
User 44427,user44427@example.com,City 8
User 44428,user44428@example.com,City 9
User 44429,user44429@example.com,City 10
User 44430,user44430@example.com,City 1
User 44431,user44431@example.com,City 2
User 44432,user44432@example.com,City 3
User 44433,user44433@example.com,City 4
User 44434,user44434@example.com,City 5
User 44435,user44435@example.com,City 6
User 44436,user44436@example.com,City 7
User 44437,user44437@example.com,City 8
User 44438,user44438@example.com,City 9
User 44439,user44439@example.com,City 10
User 44440,user44440@example.com,City 1
User 44441,user44441@example.com,City 2
User 44442,user44442@example.com,City 3
User 44443,user44443@example.com,City 4
User 44444,user44444@example.com,City 5
User 44445,user44445@example.com,City 6
User 44446,user44446@example.com,City 7
User 44447,user44447@example.com,City 8
User 44448,user44448@example.com,City 9
User 44449,user44449@example.com,City 10
User 44450,user44450@example.com,City 1
User 44451,user44451@example.com,City 2
User 44452,user44452@example.com,City 3
User 44453,user44453@example.com,City 4
User 44454,user44454@example.com,City 5
User 44455,user44455@example.com,City 6
User 44456,user44456@example.com,City 7
User 44457,user44457@example.com,City 8
User 44458,user44458@example.com,City 9
User 44459,user44459@example.com,City 10
User 44460,user44460@example.com,City 1
User 44461,user44461@example.com,City 2
User 44462,user44462@example.com,City 3
User 44463,user44463@example.com,City 4
User 44464,user44464@example.com,City 5
User 44465,user44465@example.com,City 6
User 44466,user44466@example.com,City 7
User 44467,user44467@example.com,City 8
User 44468,user44468@example.com,City 9
User 44469,user44469@example.com,City 10
User 44470,user44470@example.com,City 1
User 44471,user44471@example.com,City 2
User 44472,user44472@example.com,City 3
User 44473,user44473@example.com,City 4
User 44474,user44474@example.com,City 5
User 44475,user44475@example.com,City 6
User 44476,user44476@example.com,City 7
User 44477,user44477@example.com,City 8
User 44478,user44478@example.com,City 9
User 44479,user44479@example.com,City 10
User 44480,user44480@example.com,City 1
User 44481,user44481@example.com,City 2
User 44482,user44482@example.com,City 3
User 44483,user44483@example.com,City 4
User 44484,user44484@example.com,City 5
User 44485,user44485@example.com,City 6
User 44486,user44486@example.com,City 7
User 44487,user44487@example.com,City 8
User 44488,user44488@example.com,City 9
User 44489,user44489@example.com,City 10
User 44490,user44490@example.com,City 1
User 44491,user44491@example.com,City 2
User 44492,user44492@example.com,City 3
User 44493,user44493@example.com,City 4
User 44494,user44494@example.com,City 5
User 44495,user44495@example.com,City 6
User 44496,user44496@example.com,City 7
User 44497,user44497@example.com,City 8
User 44498,user44498@example.com,City 9
User 44499,user44499@example.com,City 10
User 44500,user44500@example.com,City 1
User 44501,user44501@example.com,City 2
User 44502,user44502@example.com,City 3
User 44503,user44503@example.com,City 4
User 44504,user44504@example.com,City 5
User 44505,user44505@example.com,City 6
User 44506,user44506@example.com,City 7
User 44507,user44507@example.com,City 8
User 44508,user44508@example.com,City 9
User 44509,user44509@example.com,City 10
User 44510,user44510@example.com,City 1
User 44511,user44511@example.com,City 2
User 44512,user44512@example.com,City 3
User 44513,user44513@example.com,City 4
User 44514,user44514@example.com,City 5
User 44515,user44515@example.com,City 6
User 44516,user44516@example.com,City 7
User 44517,user44517@example.com,City 8
User 44518,user44518@example.com,City 9
User 44519,user44519@example.com,City 10
User 44520,user44520@example.com,City 1
User 44521,user44521@example.com,City 2
User 44522,user44522@example.com,City 3
User 44523,user44523@example.com,City 4
User 44524,user44524@example.com,City 5
User 44525,user44525@example.com,City 6
User 44526,user44526@example.com,City 7
User 44527,user44527@example.com,City 8
User 44528,user44528@example.com,City 9
User 44529,user44529@example.com,City 10
User 44530,user44530@example.com,City 1
User 44531,user44531@example.com,City 2
User 44532,user44532@example.com,City 3
User 44533,user44533@example.com,City 4
User 44534,user44534@example.com,City 5
User 44535,user44535@example.com,City 6
User 44536,user44536@example.com,City 7
User 44537,user44537@example.com,City 8
User 44538,user44538@example.com,City 9
User 44539,user44539@example.com,City 10
User 44540,user44540@example.com,City 1
User 44541,user44541@example.com,City 2
User 44542,user44542@example.com,City 3
User 44543,user44543@example.com,City 4
User 44544,user44544@example.com,City 5
User 44545,user44545@example.com,City 6
User 44546,user44546@example.com,City 7
User 44547,user44547@example.com,City 8
User 44548,user44548@example.com,City 9
User 44549,user44549@example.com,City 10
User 44550,user44550@example.com,City 1
User 44551,user44551@example.com,City 2
User 44552,user44552@example.com,City 3
User 44553,user44553@example.com,City 4
User 44554,user44554@example.com,City 5
User 44555,user44555@example.com,City 6
User 44556,user44556@example.com,City 7
User 44557,user44557@example.com,City 8
User 44558,user44558@example.com,City 9
User 44559,user44559@example.com,City 10
User 44560,user44560@example.com,City 1
User 44561,user44561@example.com,City 2
User 44562,user44562@example.com,City 3
User 44563,user44563@example.com,City 4
User 44564,user44564@example.com,City 5
User 44565,user44565@example.com,City 6
User 44566,user44566@example.com,City 7
User 44567,user44567@example.com,City 8
User 44568,user44568@example.com,City 9
User 44569,user44569@example.com,City 10
User 44570,user44570@example.com,City 1
User 44571,user44571@example.com,City 2
User 44572,user44572@example.com,City 3
User 44573,user44573@example.com,City 4
User 44574,user44574@example.com,City 5
User 44575,user44575@example.com,City 6
User 44576,user44576@example.com,City 7
User 44577,user44577@example.com,City 8
User 44578,user44578@example.com,City 9
User 44579,user44579@example.com,City 10
User 44580,user44580@example.com,City 1
User 44581,user44581@example.com,City 2
User 44582,user44582@example.com,City 3
User 44583,user44583@example.com,City 4
User 44584,user44584@example.com,City 5
User 44585,user44585@example.com,City 6
User 44586,user44586@example.com,City 7
User 44587,user44587@example.com,City 8
User 44588,user44588@example.com,City 9
User 44589,user44589@example.com,City 10
User 44590,user44590@example.com,City 1
User 44591,user44591@example.com,City 2
User 44592,user44592@example.com,City 3
User 44593,user44593@example.com,City 4
User 44594,user44594@example.com,City 5
User 44595,user44595@example.com,City 6
User 44596,user44596@example.com,City 7
User 44597,user44597@example.com,City 8
User 44598,user44598@example.com,City 9
User 44599,user44599@example.com,City 10
User 44600,user44600@example.com,City 1
User 44601,user44601@example.com,City 2
User 44602,user44602@example.com,City 3
User 44603,user44603@example.com,City 4
User 44604,user44604@example.com,City 5
User 44605,user44605@example.com,City 6
User 44606,user44606@example.com,City 7
User 44607,user44607@example.com,City 8
User 44608,user44608@example.com,City 9
User 44609,user44609@example.com,City 10
User 44610,user44610@example.com,City 1
User 44611,user44611@example.com,City 2
User 44612,user44612@example.com,City 3
User 44613,user44613@example.com,City 4
User 44614,user44614@example.com,City 5
User 44615,user44615@example.com,City 6
User 44616,user44616@example.com,City 7
User 44617,user44617@example.com,City 8
User 44618,user44618@example.com,City 9
User 44619,user44619@example.com,City 10
User 44620,user44620@example.com,City 1
User 44621,user44621@example.com,City 2
User 44622,user44622@example.com,City 3
User 44623,user44623@example.com,City 4
User 44624,user44624@example.com,City 5
User 44625,user44625@example.com,City 6
User 44626,user44626@example.com,City 7
User 44627,user44627@example.com,City 8
User 44628,user44628@example.com,City 9
User 44629,user44629@example.com,City 10
User 44630,user44630@example.com,City 1
User 44631,user44631@example.com,City 2
User 44632,user44632@example.com,City 3
User 44633,user44633@example.com,City 4
User 44634,user44634@example.com,City 5
User 44635,user44635@example.com,City 6
User 44636,user44636@example.com,City 7
User 44637,user44637@example.com,City 8
User 44638,user44638@example.com,City 9
User 44639,user44639@example.com,City 10
User 44640,user44640@example.com,City 1
User 44641,user44641@example.com,City 2
User 44642,user44642@example.com,City 3
User 44643,user44643@example.com,City 4
User 44644,user44644@example.com,City 5
User 44645,user44645@example.com,City 6
User 44646,user44646@example.com,City 7
User 44647,user44647@example.com,City 8
User 44648,user44648@example.com,City 9
User 44649,user44649@example.com,City 10
User 44650,user44650@example.com,City 1
User 44651,user44651@example.com,City 2
User 44652,user44652@example.com,City 3
User 44653,user44653@example.com,City 4
User 44654,user44654@example.com,City 5
User 44655,user44655@example.com,City 6
User 44656,user44656@example.com,City 7
User 44657,user44657@example.com,City 8
User 44658,user44658@example.com,City 9
User 44659,user44659@example.com,City 10
User 44660,user44660@example.com,City 1
User 44661,user44661@example.com,City 2
User 44662,user44662@example.com,City 3
User 44663,user44663@example.com,City 4
User 44664,user44664@example.com,City 5
User 44665,user44665@example.com,City 6
User 44666,user44666@example.com,City 7
User 44667,user44667@example.com,City 8
User 44668,user44668@example.com,City 9
User 44669,user44669@example.com,City 10
User 44670,user44670@example.com,City 1
User 44671,user44671@example.com,City 2
User 44672,user44672@example.com,City 3
User 44673,user44673@example.com,City 4
User 44674,user44674@example.com,City 5
User 44675,user44675@example.com,City 6
User 44676,user44676@example.com,City 7
User 44677,user44677@example.com,City 8
User 44678,user44678@example.com,City 9
User 44679,user44679@example.com,City 10
User 44680,user44680@example.com,City 1
User 44681,user44681@example.com,City 2
User 44682,user44682@example.com,City 3
User 44683,user44683@example.com,City 4
User 44684,user44684@example.com,City 5
User 44685,user44685@example.com,City 6
User 44686,user44686@example.com,City 7
User 44687,user44687@example.com,City 8
User 44688,user44688@example.com,City 9
User 44689,user44689@example.com,City 10
User 44690,user44690@example.com,City 1
User 44691,user44691@example.com,City 2
User 44692,user44692@example.com,City 3
User 44693,user44693@example.com,City 4
User 44694,user44694@example.com,City 5
User 44695,user44695@example.com,City 6
User 44696,user44696@example.com,City 7
User 44697,user44697@example.com,City 8
User 44698,user44698@example.com,City 9
User 44699,user44699@example.com,City 10
User 44700,user44700@example.com,City 1
User 44701,user44701@example.com,City 2
User 44702,user44702@example.com,City 3
User 44703,user44703@example.com,City 4
User 44704,user44704@example.com,City 5
User 44705,user44705@example.com,City 6
User 44706,user44706@example.com,City 7
User 44707,user44707@example.com,City 8
User 44708,user44708@example.com,City 9
User 44709,user44709@example.com,City 10
User 44710,user44710@example.com,City 1
User 44711,user44711@example.com,City 2
User 44712,user44712@example.com,City 3
User 44713,user44713@example.com,City 4
User 44714,user44714@example.com,City 5
User 44715,user44715@example.com,City 6
User 44716,user44716@example.com,City 7
User 44717,user44717@example.com,City 8
User 44718,user44718@example.com,City 9
User 44719,user44719@example.com,City 10
User 44720,user44720@example.com,City 1
User 44721,user44721@example.com,City 2
User 44722,user44722@example.com,City 3
User 44723,user44723@example.com,City 4
User 44724,user44724@example.com,City 5
User 44725,user44725@example.com,City 6
User 44726,user44726@example.com,City 7
User 44727,user44727@example.com,City 8
User 44728,user44728@example.com,City 9
User 44729,user44729@example.com,City 10
User 44730,user44730@example.com,City 1
User 44731,user44731@example.com,City 2
User 44732,user44732@example.com,City 3
User 44733,user44733@example.com,City 4
User 44734,user44734@example.com,City 5
User 44735,user44735@example.com,City 6
User 44736,user44736@example.com,City 7
User 44737,user44737@example.com,City 8
User 44738,user44738@example.com,City 9
User 44739,user44739@example.com,City 10
User 44740,user44740@example.com,City 1
User 44741,user44741@example.com,City 2
User 44742,user44742@example.com,City 3
User 44743,user44743@example.com,City 4
User 44744,user44744@example.com,City 5
User 44745,user44745@example.com,City 6
User 44746,user44746@example.com,City 7
User 44747,user44747@example.com,City 8
User 44748,user44748@example.com,City 9
User 44749,user44749@example.com,City 10
User 44750,user44750@example.com,City 1
User 44751,user44751@example.com,City 2
User 44752,user44752@example.com,City 3
User 44753,user44753@example.com,City 4
User 44754,user44754@example.com,City 5
User 44755,user44755@example.com,City 6
User 44756,user44756@example.com,City 7
User 44757,user44757@example.com,City 8
User 44758,user44758@example.com,City 9
User 44759,user44759@example.com,City 10
User 44760,user44760@example.com,City 1
User 44761,user44761@example.com,City 2
User 44762,user44762@example.com,City 3
User 44763,user44763@example.com,City 4
User 44764,user44764@example.com,City 5
User 44765,user44765@example.com,City 6
User 44766,user44766@example.com,City 7
User 44767,user44767@example.com,City 8
User 44768,user44768@example.com,City 9
User 44769,user44769@example.com,City 10
User 44770,user44770@example.com,City 1
User 44771,user44771@example.com,City 2
User 44772,user44772@example.com,City 3
User 44773,user44773@example.com,City 4
User 44774,user44774@example.com,City 5
User 44775,user44775@example.com,City 6
User 44776,user44776@example.com,City 7
User 44777,user44777@example.com,City 8
User 44778,user44778@example.com,City 9
User 44779,user44779@example.com,City 10
User 44780,user44780@example.com,City 1
User 44781,user44781@example.com,City 2
User 44782,user44782@example.com,City 3
User 44783,user44783@example.com,City 4
User 44784,user44784@example.com,City 5
User 44785,user44785@example.com,City 6
User 44786,user44786@example.com,City 7
User 44787,user44787@example.com,City 8
User 44788,user44788@example.com,City 9
User 44789,user44789@example.com,City 10
User 44790,user44790@example.com,City 1
User 44791,user44791@example.com,City 2
User 44792,user44792@example.com,City 3
User 44793,user44793@example.com,City 4
User 44794,user44794@example.com,City 5
User 44795,user44795@example.com,City 6
User 44796,user44796@example.com,City 7
User 44797,user44797@example.com,City 8
User 44798,user44798@example.com,City 9
User 44799,user44799@example.com,City 10
User 44800,user44800@example.com,City 1
User 44801,user44801@example.com,City 2
User 44802,user44802@example.com,City 3
User 44803,user44803@example.com,City 4
User 44804,user44804@example.com,City 5
User 44805,user44805@example.com,City 6
User 44806,user44806@example.com,City 7
User 44807,user44807@example.com,City 8
User 44808,user44808@example.com,City 9
User 44809,user44809@example.com,City 10
User 44810,user44810@example.com,City 1
User 44811,user44811@example.com,City 2
User 44812,user44812@example.com,City 3
User 44813,user44813@example.com,City 4
User 44814,user44814@example.com,City 5
User 44815,user44815@example.com,City 6
User 44816,user44816@example.com,City 7
User 44817,user44817@example.com,City 8
User 44818,user44818@example.com,City 9
User 44819,user44819@example.com,City 10
User 44820,user44820@example.com,City 1
User 44821,user44821@example.com,City 2
User 44822,user44822@example.com,City 3
User 44823,user44823@example.com,City 4
User 44824,user44824@example.com,City 5
User 44825,user44825@example.com,City 6
User 44826,user44826@example.com,City 7
User 44827,user44827@example.com,City 8
User 44828,user44828@example.com,City 9
User 44829,user44829@example.com,City 10
User 44830,user44830@example.com,City 1
User 44831,user44831@example.com,City 2
User 44832,user44832@example.com,City 3
User 44833,user44833@example.com,City 4
User 44834,user44834@example.com,City 5
User 44835,user44835@example.com,City 6
User 44836,user44836@example.com,City 7
User 44837,user44837@example.com,City 8
User 44838,user44838@example.com,City 9
User 44839,user44839@example.com,City 10
User 44840,user44840@example.com,City 1
User 44841,user44841@example.com,City 2
User 44842,user44842@example.com,City 3
User 44843,user44843@example.com,City 4
User 44844,user44844@example.com,City 5
User 44845,user44845@example.com,City 6
User 44846,user44846@example.com,City 7
User 44847,user44847@example.com,City 8
User 44848,user44848@example.com,City 9
User 44849,user44849@example.com,City 10
User 44850,user44850@example.com,City 1
User 44851,user44851@example.com,City 2
User 44852,user44852@example.com,City 3
User 44853,user44853@example.com,City 4
User 44854,user44854@example.com,City 5
User 44855,user44855@example.com,City 6
User 44856,user44856@example.com,City 7
User 44857,user44857@example.com,City 8
User 44858,user44858@example.com,City 9
User 44859,user44859@example.com,City 10
User 44860,user44860@example.com,City 1
User 44861,user44861@example.com,City 2
User 44862,user44862@example.com,City 3
User 44863,user44863@example.com,City 4
User 44864,user44864@example.com,City 5
User 44865,user44865@example.com,City 6
User 44866,user44866@example.com,City 7
User 44867,user44867@example.com,City 8
User 44868,user44868@example.com,City 9
User 44869,user44869@example.com,City 10
User 44870,user44870@example.com,City 1
User 44871,user44871@example.com,City 2
User 44872,user44872@example.com,City 3
User 44873,user44873@example.com,City 4
User 44874,user44874@example.com,City 5
User 44875,user44875@example.com,City 6
User 44876,user44876@example.com,City 7
User 44877,user44877@example.com,City 8
User 44878,user44878@example.com,City 9
User 44879,user44879@example.com,City 10
User 44880,user44880@example.com,City 1
User 44881,user44881@example.com,City 2
User 44882,user44882@example.com,City 3
User 44883,user44883@example.com,City 4
User 44884,user44884@example.com,City 5
User 44885,user44885@example.com,City 6
User 44886,user44886@example.com,City 7
User 44887,user44887@example.com,City 8
User 44888,user44888@example.com,City 9
User 44889,user44889@example.com,City 10
User 44890,user44890@example.com,City 1
User 44891,user44891@example.com,City 2
User 44892,user44892@example.com,City 3
User 44893,user44893@example.com,City 4
User 44894,user44894@example.com,City 5
User 44895,user44895@example.com,City 6
User 44896,user44896@example.com,City 7
User 44897,user44897@example.com,City 8
User 44898,user44898@example.com,City 9
User 44899,user44899@example.com,City 10
User 44900,user44900@example.com,City 1
User 44901,user44901@example.com,City 2
User 44902,user44902@example.com,City 3
User 44903,user44903@example.com,City 4
User 44904,user44904@example.com,City 5
User 44905,user44905@example.com,City 6
User 44906,user44906@example.com,City 7
User 44907,user44907@example.com,City 8
User 44908,user44908@example.com,City 9
User 44909,user44909@example.com,City 10
User 44910,user44910@example.com,City 1
User 44911,user44911@example.com,City 2
User 44912,user44912@example.com,City 3
User 44913,user44913@example.com,City 4
User 44914,user44914@example.com,City 5
User 44915,user44915@example.com,City 6
User 44916,user44916@example.com,City 7
User 44917,user44917@example.com,City 8
User 44918,user44918@example.com,City 9
User 44919,user44919@example.com,City 10
User 44920,user44920@example.com,City 1
User 44921,user44921@example.com,City 2
User 44922,user44922@example.com,City 3
User 44923,user44923@example.com,City 4
User 44924,user44924@example.com,City 5
User 44925,user44925@example.com,City 6
User 44926,user44926@example.com,City 7
User 44927,user44927@example.com,City 8
User 44928,user44928@example.com,City 9
User 44929,user44929@example.com,City 10
User 44930,user44930@example.com,City 1
User 44931,user44931@example.com,City 2
User 44932,user44932@example.com,City 3
User 44933,user44933@example.com,City 4
User 44934,user44934@example.com,City 5
User 44935,user44935@example.com,City 6
User 44936,user44936@example.com,City 7
User 44937,user44937@example.com,City 8
User 44938,user44938@example.com,City 9
User 44939,user44939@example.com,City 10
User 44940,user44940@example.com,City 1
User 44941,user44941@example.com,City 2
User 44942,user44942@example.com,City 3
User 44943,user44943@example.com,City 4
User 44944,user44944@example.com,City 5
User 44945,user44945@example.com,City 6
User 44946,user44946@example.com,City 7
User 44947,user44947@example.com,City 8
User 44948,user44948@example.com,City 9
User 44949,user44949@example.com,City 10
User 44950,user44950@example.com,City 1
User 44951,user44951@example.com,City 2
User 44952,user44952@example.com,City 3
User 44953,user44953@example.com,City 4
User 44954,user44954@example.com,City 5
User 44955,user44955@example.com,City 6
User 44956,user44956@example.com,City 7
User 44957,user44957@example.com,City 8
User 44958,user44958@example.com,City 9
User 44959,user44959@example.com,City 10
User 44960,user44960@example.com,City 1
User 44961,user44961@example.com,City 2
User 44962,user44962@example.com,City 3
User 44963,user44963@example.com,City 4
User 44964,user44964@example.com,City 5
User 44965,user44965@example.com,City 6
User 44966,user44966@example.com,City 7
User 44967,user44967@example.com,City 8
User 44968,user44968@example.com,City 9
User 44969,user44969@example.com,City 10
User 44970,user44970@example.com,City 1
User 44971,user44971@example.com,City 2
User 44972,user44972@example.com,City 3
User 44973,user44973@example.com,City 4
User 44974,user44974@example.com,City 5
User 44975,user44975@example.com,City 6
User 44976,user44976@example.com,City 7
User 44977,user44977@example.com,City 8
User 44978,user44978@example.com,City 9
User 44979,user44979@example.com,City 10
User 44980,user44980@example.com,City 1
User 44981,user44981@example.com,City 2
User 44982,user44982@example.com,City 3
User 44983,user44983@example.com,City 4
User 44984,user44984@example.com,City 5
User 44985,user44985@example.com,City 6
User 44986,user44986@example.com,City 7
User 44987,user44987@example.com,City 8
User 44988,user44988@example.com,City 9
User 44989,user44989@example.com,City 10
User 44990,user44990@example.com,City 1
User 44991,user44991@example.com,City 2
User 44992,user44992@example.com,City 3
User 44993,user44993@example.com,City 4
User 44994,user44994@example.com,City 5
User 44995,user44995@example.com,City 6
User 44996,user44996@example.com,City 7
User 44997,user44997@example.com,City 8
User 44998,user44998@example.com,City 9
User 44999,user44999@example.com,City 10
User 45000,user45000@example.com,City 1
