name,email,city
User 15001,user15001@example.com,City 2
User 15002,user15002@example.com,City 3
User 15003,user15003@example.com,City 4
User 15004,user15004@example.com,City 5
User 15005,user15005@example.com,City 6
User 15006,user15006@example.com,City 7
User 15007,user15007@example.com,City 8
User 15008,user15008@example.com,City 9
User 15009,user15009@example.com,City 10
User 15010,user15010@example.com,City 1
User 15011,user15011@example.com,City 2
User 15012,user15012@example.com,City 3
User 15013,user15013@example.com,City 4
User 15014,user15014@example.com,City 5
User 15015,user15015@example.com,City 6
User 15016,user15016@example.com,City 7
User 15017,user15017@example.com,City 8
User 15018,user15018@example.com,City 9
User 15019,user15019@example.com,City 10
User 15020,user15020@example.com,City 1
User 15021,user15021@example.com,City 2
User 15022,user15022@example.com,City 3
User 15023,user15023@example.com,City 4
User 15024,user15024@example.com,City 5
User 15025,user15025@example.com,City 6
User 15026,user15026@example.com,City 7
User 15027,user15027@example.com,City 8
User 15028,user15028@example.com,City 9
User 15029,user15029@example.com,City 10
User 15030,user15030@example.com,City 1
User 15031,user15031@example.com,City 2
User 15032,user15032@example.com,City 3
User 15033,user15033@example.com,City 4
User 15034,user15034@example.com,City 5
User 15035,user15035@example.com,City 6
User 15036,user15036@example.com,City 7
User 15037,user15037@example.com,City 8
User 15038,user15038@example.com,City 9
User 15039,user15039@example.com,City 10
User 15040,user15040@example.com,City 1
User 15041,user15041@example.com,City 2
User 15042,user15042@example.com,City 3
User 15043,user15043@example.com,City 4
User 15044,user15044@example.com,City 5
User 15045,user15045@example.com,City 6
User 15046,user15046@example.com,City 7
User 15047,user15047@example.com,City 8
User 15048,user15048@example.com,City 9
User 15049,user15049@example.com,City 10
User 15050,user15050@example.com,City 1
User 15051,user15051@example.com,City 2
User 15052,user15052@example.com,City 3
User 15053,user15053@example.com,City 4
User 15054,user15054@example.com,City 5
User 15055,user15055@example.com,City 6
User 15056,user15056@example.com,City 7
User 15057,user15057@example.com,City 8
User 15058,user15058@example.com,City 9
User 15059,user15059@example.com,City 10
User 15060,user15060@example.com,City 1
User 15061,user15061@example.com,City 2
User 15062,user15062@example.com,City 3
User 15063,user15063@example.com,City 4
User 15064,user15064@example.com,City 5
User 15065,user15065@example.com,City 6
User 15066,user15066@example.com,City 7
User 15067,user15067@example.com,City 8
User 15068,user15068@example.com,City 9
User 15069,user15069@example.com,City 10
User 15070,user15070@example.com,City 1
User 15071,user15071@example.com,City 2
User 15072,user15072@example.com,City 3
User 15073,user15073@example.com,City 4
User 15074,user15074@example.com,City 5
User 15075,user15075@example.com,City 6
User 15076,user15076@example.com,City 7
User 15077,user15077@example.com,City 8
User 15078,user15078@example.com,City 9
User 15079,user15079@example.com,City 10
User 15080,user15080@example.com,City 1
User 15081,user15081@example.com,City 2
User 15082,user15082@example.com,City 3
User 15083,user15083@example.com,City 4
User 15084,user15084@example.com,City 5
User 15085,user15085@example.com,City 6
User 15086,user15086@example.com,City 7
User 15087,user15087@example.com,City 8
User 15088,user15088@example.com,City 9
User 15089,user15089@example.com,City 10
User 15090,user15090@example.com,City 1
User 15091,user15091@example.com,City 2
User 15092,user15092@example.com,City 3
User 15093,user15093@example.com,City 4
User 15094,user15094@example.com,City 5
User 15095,user15095@example.com,City 6
User 15096,user15096@example.com,City 7
User 15097,user15097@example.com,City 8
User 15098,user15098@example.com,City 9
User 15099,user15099@example.com,City 10
User 15100,user15100@example.com,City 1
User 15101,user15101@example.com,City 2
User 15102,user15102@example.com,City 3
User 15103,user15103@example.com,City 4
User 15104,user15104@example.com,City 5
User 15105,user15105@example.com,City 6
User 15106,user15106@example.com,City 7
User 15107,user15107@example.com,City 8
User 15108,user15108@example.com,City 9
User 15109,user15109@example.com,City 10
User 15110,user15110@example.com,City 1
User 15111,user15111@example.com,City 2
User 15112,user15112@example.com,City 3
User 15113,user15113@example.com,City 4
User 15114,user15114@example.com,City 5
User 15115,user15115@example.com,City 6
User 15116,user15116@example.com,City 7
User 15117,user15117@example.com,City 8
User 15118,user15118@example.com,City 9
User 15119,user15119@example.com,City 10
User 15120,user15120@example.com,City 1
User 15121,user15121@example.com,City 2
User 15122,user15122@example.com,City 3
User 15123,user15123@example.com,City 4
User 15124,user15124@example.com,City 5
User 15125,user15125@example.com,City 6
User 15126,user15126@example.com,City 7
User 15127,user15127@example.com,City 8
User 15128,user15128@example.com,City 9
User 15129,user15129@example.com,City 10
User 15130,user15130@example.com,City 1
User 15131,user15131@example.com,City 2
User 15132,user15132@example.com,City 3
User 15133,user15133@example.com,City 4
User 15134,user15134@example.com,City 5
User 15135,user15135@example.com,City 6
User 15136,user15136@example.com,City 7
User 15137,user15137@example.com,City 8
User 15138,user15138@example.com,City 9
User 15139,user15139@example.com,City 10
User 15140,user15140@example.com,City 1
User 15141,user15141@example.com,City 2
User 15142,user15142@example.com,City 3
User 15143,user15143@example.com,City 4
User 15144,user15144@example.com,City 5
User 15145,user15145@example.com,City 6
User 15146,user15146@example.com,City 7
User 15147,user15147@example.com,City 8
User 15148,user15148@example.com,City 9
User 15149,user15149@example.com,City 10
User 15150,user15150@example.com,City 1
User 15151,user15151@example.com,City 2
User 15152,user15152@example.com,City 3
User 15153,user15153@example.com,City 4
User 15154,user15154@example.com,City 5
User 15155,user15155@example.com,City 6
User 15156,user15156@example.com,City 7
User 15157,user15157@example.com,City 8
User 15158,user15158@example.com,City 9
User 15159,user15159@example.com,City 10
User 15160,user15160@example.com,City 1
User 15161,user15161@example.com,City 2
User 15162,user15162@example.com,City 3
User 15163,user15163@example.com,City 4
User 15164,user15164@example.com,City 5
User 15165,user15165@example.com,City 6
User 15166,user15166@example.com,City 7
User 15167,user15167@example.com,City 8
User 15168,user15168@example.com,City 9
User 15169,user15169@example.com,City 10
User 15170,user15170@example.com,City 1
User 15171,user15171@example.com,City 2
User 15172,user15172@example.com,City 3
User 15173,user15173@example.com,City 4
User 15174,user15174@example.com,City 5
User 15175,user15175@example.com,City 6
User 15176,user15176@example.com,City 7
User 15177,user15177@example.com,City 8
User 15178,user15178@example.com,City 9
User 15179,user15179@example.com,City 10
User 15180,user15180@example.com,City 1
User 15181,user15181@example.com,City 2
User 15182,user15182@example.com,City 3
User 15183,user15183@example.com,City 4
User 15184,user15184@example.com,City 5
User 15185,user15185@example.com,City 6
User 15186,user15186@example.com,City 7
User 15187,user15187@example.com,City 8
User 15188,user15188@example.com,City 9
User 15189,user15189@example.com,City 10
User 15190,user15190@example.com,City 1
User 15191,user15191@example.com,City 2
User 15192,user15192@example.com,City 3
User 15193,user15193@example.com,City 4
User 15194,user15194@example.com,City 5
User 15195,user15195@example.com,City 6
User 15196,user15196@example.com,City 7
User 15197,user15197@example.com,City 8
User 15198,user15198@example.com,City 9
User 15199,user15199@example.com,City 10
User 15200,user15200@example.com,City 1
User 15201,user15201@example.com,City 2
User 15202,user15202@example.com,City 3
User 15203,user15203@example.com,City 4
User 15204,user15204@example.com,City 5
User 15205,user15205@example.com,City 6
User 15206,user15206@example.com,City 7
User 15207,user15207@example.com,City 8
User 15208,user15208@example.com,City 9
User 15209,user15209@example.com,City 10
User 15210,user15210@example.com,City 1
User 15211,user15211@example.com,City 2
User 15212,user15212@example.com,City 3
User 15213,user15213@example.com,City 4
User 15214,user15214@example.com,City 5
User 15215,user15215@example.com,City 6
User 15216,user15216@example.com,City 7
User 15217,user15217@example.com,City 8
User 15218,user15218@example.com,City 9
User 15219,user15219@example.com,City 10
User 15220,user15220@example.com,City 1
User 15221,user15221@example.com,City 2
User 15222,user15222@example.com,City 3
User 15223,user15223@example.com,City 4
User 15224,user15224@example.com,City 5
User 15225,user15225@example.com,City 6
User 15226,user15226@example.com,City 7
User 15227,user15227@example.com,City 8
User 15228,user15228@example.com,City 9
User 15229,user15229@example.com,City 10
User 15230,user15230@example.com,City 1
User 15231,user15231@example.com,City 2
User 15232,user15232@example.com,City 3
User 15233,user15233@example.com,City 4
User 15234,user15234@example.com,City 5
User 15235,user15235@example.com,City 6
User 15236,user15236@example.com,City 7
User 15237,user15237@example.com,City 8
User 15238,user15238@example.com,City 9
User 15239,user15239@example.com,City 10
User 15240,user15240@example.com,City 1
User 15241,user15241@example.com,City 2
User 15242,user15242@example.com,City 3
User 15243,user15243@example.com,City 4
User 15244,user15244@example.com,City 5
User 15245,user15245@example.com,City 6
User 15246,user15246@example.com,City 7
User 15247,user15247@example.com,City 8
User 15248,user15248@example.com,City 9
User 15249,user15249@example.com,City 10
User 15250,user15250@example.com,City 1
User 15251,user15251@example.com,City 2
User 15252,user15252@example.com,City 3
User 15253,user15253@example.com,City 4
User 15254,user15254@example.com,City 5
User 15255,user15255@example.com,City 6
User 15256,user15256@example.com,City 7
User 15257,user15257@example.com,City 8
User 15258,user15258@example.com,City 9
User 15259,user15259@example.com,City 10
User 15260,user15260@example.com,City 1
User 15261,user15261@example.com,City 2
User 15262,user15262@example.com,City 3
User 15263,user15263@example.com,City 4
User 15264,user15264@example.com,City 5
User 15265,user15265@example.com,City 6
User 15266,user15266@example.com,City 7
User 15267,user15267@example.com,City 8
User 15268,user15268@example.com,City 9
User 15269,user15269@example.com,City 10
User 15270,user15270@example.com,City 1
User 15271,user15271@example.com,City 2
User 15272,user15272@example.com,City 3
User 15273,user15273@example.com,City 4
User 15274,user15274@example.com,City 5
User 15275,user15275@example.com,City 6
User 15276,user15276@example.com,City 7
User 15277,user15277@example.com,City 8
User 15278,user15278@example.com,City 9
User 15279,user15279@example.com,City 10
User 15280,user15280@example.com,City 1
User 15281,user15281@example.com,City 2
User 15282,user15282@example.com,City 3
User 15283,user15283@example.com,City 4
User 15284,user15284@example.com,City 5
User 15285,user15285@example.com,City 6
User 15286,user15286@example.com,City 7
User 15287,user15287@example.com,City 8
User 15288,user15288@example.com,City 9
User 15289,user15289@example.com,City 10
User 15290,user15290@example.com,City 1
User 15291,user15291@example.com,City 2
User 15292,user15292@example.com,City 3
User 15293,user15293@example.com,City 4
User 15294,user15294@example.com,City 5
User 15295,user15295@example.com,City 6
User 15296,user15296@example.com,City 7
User 15297,user15297@example.com,City 8
User 15298,user15298@example.com,City 9
User 15299,user15299@example.com,City 10
User 15300,user15300@example.com,City 1
User 15301,user15301@example.com,City 2
User 15302,user15302@example.com,City 3
User 15303,user15303@example.com,City 4
User 15304,user15304@example.com,City 5
User 15305,user15305@example.com,City 6
User 15306,user15306@example.com,City 7
User 15307,user15307@example.com,City 8
User 15308,user15308@example.com,City 9
User 15309,user15309@example.com,City 10
User 15310,user15310@example.com,City 1
User 15311,user15311@example.com,City 2
User 15312,user15312@example.com,City 3
User 15313,user15313@example.com,City 4
User 15314,user15314@example.com,City 5
User 15315,user15315@example.com,City 6
User 15316,user15316@example.com,City 7
User 15317,user15317@example.com,City 8
User 15318,user15318@example.com,City 9
User 15319,user15319@example.com,City 10
User 15320,user15320@example.com,City 1
User 15321,user15321@example.com,City 2
User 15322,user15322@example.com,City 3
User 15323,user15323@example.com,City 4
User 15324,user15324@example.com,City 5
User 15325,user15325@example.com,City 6
User 15326,user15326@example.com,City 7
User 15327,user15327@example.com,City 8
User 15328,user15328@example.com,City 9
User 15329,user15329@example.com,City 10
User 15330,user15330@example.com,City 1
User 15331,user15331@example.com,City 2
User 15332,user15332@example.com,City 3
User 15333,user15333@example.com,City 4
User 15334,user15334@example.com,City 5
User 15335,user15335@example.com,City 6
User 15336,user15336@example.com,City 7
User 15337,user15337@example.com,City 8
User 15338,user15338@example.com,City 9
User 15339,user15339@example.com,City 10
User 15340,user15340@example.com,City 1
User 15341,user15341@example.com,City 2
User 15342,user15342@example.com,City 3
User 15343,user15343@example.com,City 4
User 15344,user15344@example.com,City 5
User 15345,user15345@example.com,City 6
User 15346,user15346@example.com,City 7
User 15347,user15347@example.com,City 8
User 15348,user15348@example.com,City 9
User 15349,user15349@example.com,City 10
User 15350,user15350@example.com,City 1
User 15351,user15351@example.com,City 2
User 15352,user15352@example.com,City 3
User 15353,user15353@example.com,City 4
User 15354,user15354@example.com,City 5
User 15355,user15355@example.com,City 6
User 15356,user15356@example.com,City 7
User 15357,user15357@example.com,City 8
User 15358,user15358@example.com,City 9
User 15359,user15359@example.com,City 10
User 15360,user15360@example.com,City 1
User 15361,user15361@example.com,City 2
User 15362,user15362@example.com,City 3
User 15363,user15363@example.com,City 4
User 15364,user15364@example.com,City 5
User 15365,user15365@example.com,City 6
User 15366,user15366@example.com,City 7
User 15367,user15367@example.com,City 8
User 15368,user15368@example.com,City 9
User 15369,user15369@example.com,City 10
User 15370,user15370@example.com,City 1
User 15371,user15371@example.com,City 2
User 15372,user15372@example.com,City 3
User 15373,user15373@example.com,City 4
User 15374,user15374@example.com,City 5
User 15375,user15375@example.com,City 6
User 15376,user15376@example.com,City 7
User 15377,user15377@example.com,City 8
User 15378,user15378@example.com,City 9
User 15379,user15379@example.com,City 10
User 15380,user15380@example.com,City 1
User 15381,user15381@example.com,City 2
User 15382,user15382@example.com,City 3
User 15383,user15383@example.com,City 4
User 15384,user15384@example.com,City 5
User 15385,user15385@example.com,City 6
User 15386,user15386@example.com,City 7
User 15387,user15387@example.com,City 8
User 15388,user15388@example.com,City 9
User 15389,user15389@example.com,City 10
User 15390,user15390@example.com,City 1
User 15391,user15391@example.com,City 2
User 15392,user15392@example.com,City 3
User 15393,user15393@example.com,City 4
User 15394,user15394@example.com,City 5
User 15395,user15395@example.com,City 6
User 15396,user15396@example.com,City 7
User 15397,user15397@example.com,City 8
User 15398,user15398@example.com,City 9
User 15399,user15399@example.com,City 10
User 15400,user15400@example.com,City 1
User 15401,user15401@example.com,City 2
User 15402,user15402@example.com,City 3
User 15403,user15403@example.com,City 4
User 15404,user15404@example.com,City 5
User 15405,user15405@example.com,City 6
User 15406,user15406@example.com,City 7
User 15407,user15407@example.com,City 8
User 15408,user15408@example.com,City 9
User 15409,user15409@example.com,City 10
User 15410,user15410@example.com,City 1
User 15411,user15411@example.com,City 2
User 15412,user15412@example.com,City 3
User 15413,user15413@example.com,City 4
User 15414,user15414@example.com,City 5
User 15415,user15415@example.com,City 6
User 15416,user15416@example.com,City 7
User 15417,user15417@example.com,City 8
User 15418,user15418@example.com,City 9
User 15419,user15419@example.com,City 10
User 15420,user15420@example.com,City 1
User 15421,user15421@example.com,City 2
User 15422,user15422@example.com,City 3
User 15423,user15423@example.com,City 4
User 15424,user15424@example.com,City 5
User 15425,user15425@example.com,City 6
User 15426,user15426@example.com,City 7
User 15427,user15427@example.com,City 8
User 15428,user15428@example.com,City 9
User 15429,user15429@example.com,City 10
User 15430,user15430@example.com,City 1
User 15431,user15431@example.com,City 2
User 15432,user15432@example.com,City 3
User 15433,user15433@example.com,City 4
User 15434,user15434@example.com,City 5
User 15435,user15435@example.com,City 6
User 15436,user15436@example.com,City 7
User 15437,user15437@example.com,City 8
User 15438,user15438@example.com,City 9
User 15439,user15439@example.com,City 10
User 15440,user15440@example.com,City 1
User 15441,user15441@example.com,City 2
User 15442,user15442@example.com,City 3
User 15443,user15443@example.com,City 4
User 15444,user15444@example.com,City 5
User 15445,user15445@example.com,City 6
User 15446,user15446@example.com,City 7
User 15447,user15447@example.com,City 8
User 15448,user15448@example.com,City 9
User 15449,user15449@example.com,City 10
User 15450,user15450@example.com,City 1
User 15451,user15451@example.com,City 2
User 15452,user15452@example.com,City 3
User 15453,user15453@example.com,City 4
User 15454,user15454@example.com,City 5
User 15455,user15455@example.com,City 6
User 15456,user15456@example.com,City 7
User 15457,user15457@example.com,City 8
User 15458,user15458@example.com,City 9
User 15459,user15459@example.com,City 10
User 15460,user15460@example.com,City 1
User 15461,user15461@example.com,City 2
User 15462,user15462@example.com,City 3
User 15463,user15463@example.com,City 4
User 15464,user15464@example.com,City 5
User 15465,user15465@example.com,City 6
User 15466,user15466@example.com,City 7
User 15467,user15467@example.com,City 8
User 15468,user15468@example.com,City 9
User 15469,user15469@example.com,City 10
User 15470,user15470@example.com,City 1
User 15471,user15471@example.com,City 2
User 15472,user15472@example.com,City 3
User 15473,user15473@example.com,City 4
User 15474,user15474@example.com,City 5
User 15475,user15475@example.com,City 6
User 15476,user15476@example.com,City 7
User 15477,user15477@example.com,City 8
User 15478,user15478@example.com,City 9
User 15479,user15479@example.com,City 10
User 15480,user15480@example.com,City 1
User 15481,user15481@example.com,City 2
User 15482,user15482@example.com,City 3
User 15483,user15483@example.com,City 4
User 15484,user15484@example.com,City 5
User 15485,user15485@example.com,City 6
User 15486,user15486@example.com,City 7
User 15487,user15487@example.com,City 8
User 15488,user15488@example.com,City 9
User 15489,user15489@example.com,City 10
User 15490,user15490@example.com,City 1
User 15491,user15491@example.com,City 2
User 15492,user15492@example.com,City 3
User 15493,user15493@example.com,City 4
User 15494,user15494@example.com,City 5
User 15495,user15495@example.com,City 6
User 15496,user15496@example.com,City 7
User 15497,user15497@example.com,City 8
User 15498,user15498@example.com,City 9
User 15499,user15499@example.com,City 10
User 15500,user15500@example.com,City 1
User 15501,user15501@example.com,City 2
User 15502,user15502@example.com,City 3
User 15503,user15503@example.com,City 4
User 15504,user15504@example.com,City 5
User 15505,user15505@example.com,City 6
User 15506,user15506@example.com,City 7
User 15507,user15507@example.com,City 8
User 15508,user15508@example.com,City 9
User 15509,user15509@example.com,City 10
User 15510,user15510@example.com,City 1
User 15511,user15511@example.com,City 2
User 15512,user15512@example.com,City 3
User 15513,user15513@example.com,City 4
User 15514,user15514@example.com,City 5
User 15515,user15515@example.com,City 6
User 15516,user15516@example.com,City 7
User 15517,user15517@example.com,City 8
User 15518,user15518@example.com,City 9
User 15519,user15519@example.com,City 10
User 15520,user15520@example.com,City 1
User 15521,user15521@example.com,City 2
User 15522,user15522@example.com,City 3
User 15523,user15523@example.com,City 4
User 15524,user15524@example.com,City 5
User 15525,user15525@example.com,City 6
User 15526,user15526@example.com,City 7
User 15527,user15527@example.com,City 8
User 15528,user15528@example.com,City 9
User 15529,user15529@example.com,City 10
User 15530,user15530@example.com,City 1
User 15531,user15531@example.com,City 2
User 15532,user15532@example.com,City 3
User 15533,user15533@example.com,City 4
User 15534,user15534@example.com,City 5
User 15535,user15535@example.com,City 6
User 15536,user15536@example.com,City 7
User 15537,user15537@example.com,City 8
User 15538,user15538@example.com,City 9
User 15539,user15539@example.com,City 10
User 15540,user15540@example.com,City 1
User 15541,user15541@example.com,City 2
User 15542,user15542@example.com,City 3
User 15543,user15543@example.com,City 4
User 15544,user15544@example.com,City 5
User 15545,user15545@example.com,City 6
User 15546,user15546@example.com,City 7
User 15547,user15547@example.com,City 8
User 15548,user15548@example.com,City 9
User 15549,user15549@example.com,City 10
User 15550,user15550@example.com,City 1
User 15551,user15551@example.com,City 2
User 15552,user15552@example.com,City 3
User 15553,user15553@example.com,City 4
User 15554,user15554@example.com,City 5
User 15555,user15555@example.com,City 6
User 15556,user15556@example.com,City 7
User 15557,user15557@example.com,City 8
User 15558,user15558@example.com,City 9
User 15559,user15559@example.com,City 10
User 15560,user15560@example.com,City 1
User 15561,user15561@example.com,City 2
User 15562,user15562@example.com,City 3
User 15563,user15563@example.com,City 4
User 15564,user15564@example.com,City 5
User 15565,user15565@example.com,City 6
User 15566,user15566@example.com,City 7
User 15567,user15567@example.com,City 8
User 15568,user15568@example.com,City 9
User 15569,user15569@example.com,City 10
User 15570,user15570@example.com,City 1
User 15571,user15571@example.com,City 2
User 15572,user15572@example.com,City 3
User 15573,user15573@example.com,City 4
User 15574,user15574@example.com,City 5
User 15575,user15575@example.com,City 6
User 15576,user15576@example.com,City 7
User 15577,user15577@example.com,City 8
User 15578,user15578@example.com,City 9
User 15579,user15579@example.com,City 10
User 15580,user15580@example.com,City 1
User 15581,user15581@example.com,City 2
User 15582,user15582@example.com,City 3
User 15583,user15583@example.com,City 4
User 15584,user15584@example.com,City 5
User 15585,user15585@example.com,City 6
User 15586,user15586@example.com,City 7
User 15587,user15587@example.com,City 8
User 15588,user15588@example.com,City 9
User 15589,user15589@example.com,City 10
User 15590,user15590@example.com,City 1
User 15591,user15591@example.com,City 2
User 15592,user15592@example.com,City 3
User 15593,user15593@example.com,City 4
User 15594,user15594@example.com,City 5
User 15595,user15595@example.com,City 6
User 15596,user15596@example.com,City 7
User 15597,user15597@example.com,City 8
User 15598,user15598@example.com,City 9
User 15599,user15599@example.com,City 10
User 15600,user15600@example.com,City 1
User 15601,user15601@example.com,City 2
User 15602,user15602@example.com,City 3
User 15603,user15603@example.com,City 4
User 15604,user15604@example.com,City 5
User 15605,user15605@example.com,City 6
User 15606,user15606@example.com,City 7
User 15607,user15607@example.com,City 8
User 15608,user15608@example.com,City 9
User 15609,user15609@example.com,City 10
User 15610,user15610@example.com,City 1
User 15611,user15611@example.com,City 2
User 15612,user15612@example.com,City 3
User 15613,user15613@example.com,City 4
User 15614,user15614@example.com,City 5
User 15615,user15615@example.com,City 6
User 15616,user15616@example.com,City 7
User 15617,user15617@example.com,City 8
User 15618,user15618@example.com,City 9
User 15619,user15619@example.com,City 10
User 15620,user15620@example.com,City 1
User 15621,user15621@example.com,City 2
User 15622,user15622@example.com,City 3
User 15623,user15623@example.com,City 4
User 15624,user15624@example.com,City 5
User 15625,user15625@example.com,City 6
User 15626,user15626@example.com,City 7
User 15627,user15627@example.com,City 8
User 15628,user15628@example.com,City 9
User 15629,user15629@example.com,City 10
User 15630,user15630@example.com,City 1
User 15631,user15631@example.com,City 2
User 15632,user15632@example.com,City 3
User 15633,user15633@example.com,City 4
User 15634,user15634@example.com,City 5
User 15635,user15635@example.com,City 6
User 15636,user15636@example.com,City 7
User 15637,user15637@example.com,City 8
User 15638,user15638@example.com,City 9
User 15639,user15639@example.com,City 10
User 15640,user15640@example.com,City 1
User 15641,user15641@example.com,City 2
User 15642,user15642@example.com,City 3
User 15643,user15643@example.com,City 4
User 15644,user15644@example.com,City 5
User 15645,user15645@example.com,City 6
User 15646,user15646@example.com,City 7
User 15647,user15647@example.com,City 8
User 15648,user15648@example.com,City 9
User 15649,user15649@example.com,City 10
User 15650,user15650@example.com,City 1
User 15651,user15651@example.com,City 2
User 15652,user15652@example.com,City 3
User 15653,user15653@example.com,City 4
User 15654,user15654@example.com,City 5
User 15655,user15655@example.com,City 6
User 15656,user15656@example.com,City 7
User 15657,user15657@example.com,City 8
User 15658,user15658@example.com,City 9
User 15659,user15659@example.com,City 10
User 15660,user15660@example.com,City 1
User 15661,user15661@example.com,City 2
User 15662,user15662@example.com,City 3
User 15663,user15663@example.com,City 4
User 15664,user15664@example.com,City 5
User 15665,user15665@example.com,City 6
User 15666,user15666@example.com,City 7
User 15667,user15667@example.com,City 8
User 15668,user15668@example.com,City 9
User 15669,user15669@example.com,City 10
User 15670,user15670@example.com,City 1
User 15671,user15671@example.com,City 2
User 15672,user15672@example.com,City 3
User 15673,user15673@example.com,City 4
User 15674,user15674@example.com,City 5
User 15675,user15675@example.com,City 6
User 15676,user15676@example.com,City 7
User 15677,user15677@example.com,City 8
User 15678,user15678@example.com,City 9
User 15679,user15679@example.com,City 10
User 15680,user15680@example.com,City 1
User 15681,user15681@example.com,City 2
User 15682,user15682@example.com,City 3
User 15683,user15683@example.com,City 4
User 15684,user15684@example.com,City 5
User 15685,user15685@example.com,City 6
User 15686,user15686@example.com,City 7
User 15687,user15687@example.com,City 8
User 15688,user15688@example.com,City 9
User 15689,user15689@example.com,City 10
User 15690,user15690@example.com,City 1
User 15691,user15691@example.com,City 2
User 15692,user15692@example.com,City 3
User 15693,user15693@example.com,City 4
User 15694,user15694@example.com,City 5
User 15695,user15695@example.com,City 6
User 15696,user15696@example.com,City 7
User 15697,user15697@example.com,City 8
User 15698,user15698@example.com,City 9
User 15699,user15699@example.com,City 10
User 15700,user15700@example.com,City 1
User 15701,user15701@example.com,City 2
User 15702,user15702@example.com,City 3
User 15703,user15703@example.com,City 4
User 15704,user15704@example.com,City 5
User 15705,user15705@example.com,City 6
User 15706,user15706@example.com,City 7
User 15707,user15707@example.com,City 8
User 15708,user15708@example.com,City 9
User 15709,user15709@example.com,City 10
User 15710,user15710@example.com,City 1
User 15711,user15711@example.com,City 2
User 15712,user15712@example.com,City 3
User 15713,user15713@example.com,City 4
User 15714,user15714@example.com,City 5
User 15715,user15715@example.com,City 6
User 15716,user15716@example.com,City 7
User 15717,user15717@example.com,City 8
User 15718,user15718@example.com,City 9
User 15719,user15719@example.com,City 10
User 15720,user15720@example.com,City 1
User 15721,user15721@example.com,City 2
User 15722,user15722@example.com,City 3
User 15723,user15723@example.com,City 4
User 15724,user15724@example.com,City 5
User 15725,user15725@example.com,City 6
User 15726,user15726@example.com,City 7
User 15727,user15727@example.com,City 8
User 15728,user15728@example.com,City 9
User 15729,user15729@example.com,City 10
User 15730,user15730@example.com,City 1
User 15731,user15731@example.com,City 2
User 15732,user15732@example.com,City 3
User 15733,user15733@example.com,City 4
User 15734,user15734@example.com,City 5
User 15735,user15735@example.com,City 6
User 15736,user15736@example.com,City 7
User 15737,user15737@example.com,City 8
User 15738,user15738@example.com,City 9
User 15739,user15739@example.com,City 10
User 15740,user15740@example.com,City 1
User 15741,user15741@example.com,City 2
User 15742,user15742@example.com,City 3
User 15743,user15743@example.com,City 4
User 15744,user15744@example.com,City 5
User 15745,user15745@example.com,City 6
User 15746,user15746@example.com,City 7
User 15747,user15747@example.com,City 8
User 15748,user15748@example.com,City 9
User 15749,user15749@example.com,City 10
User 15750,user15750@example.com,City 1
User 15751,user15751@example.com,City 2
User 15752,user15752@example.com,City 3
User 15753,user15753@example.com,City 4
User 15754,user15754@example.com,City 5
User 15755,user15755@example.com,City 6
User 15756,user15756@example.com,City 7
User 15757,user15757@example.com,City 8
User 15758,user15758@example.com,City 9
User 15759,user15759@example.com,City 10
User 15760,user15760@example.com,City 1
User 15761,user15761@example.com,City 2
User 15762,user15762@example.com,City 3
User 15763,user15763@example.com,City 4
User 15764,user15764@example.com,City 5
User 15765,user15765@example.com,City 6
User 15766,user15766@example.com,City 7
User 15767,user15767@example.com,City 8
User 15768,user15768@example.com,City 9
User 15769,user15769@example.com,City 10
User 15770,user15770@example.com,City 1
User 15771,user15771@example.com,City 2
User 15772,user15772@example.com,City 3
User 15773,user15773@example.com,City 4
User 15774,user15774@example.com,City 5
User 15775,user15775@example.com,City 6
User 15776,user15776@example.com,City 7
User 15777,user15777@example.com,City 8
User 15778,user15778@example.com,City 9
User 15779,user15779@example.com,City 10
User 15780,user15780@example.com,City 1
User 15781,user15781@example.com,City 2
User 15782,user15782@example.com,City 3
User 15783,user15783@example.com,City 4
User 15784,user15784@example.com,City 5
User 15785,user15785@example.com,City 6
User 15786,user15786@example.com,City 7
User 15787,user15787@example.com,City 8
User 15788,user15788@example.com,City 9
User 15789,user15789@example.com,City 10
User 15790,user15790@example.com,City 1
User 15791,user15791@example.com,City 2
User 15792,user15792@example.com,City 3
User 15793,user15793@example.com,City 4
User 15794,user15794@example.com,City 5
User 15795,user15795@example.com,City 6
User 15796,user15796@example.com,City 7
User 15797,user15797@example.com,City 8
User 15798,user15798@example.com,City 9
User 15799,user15799@example.com,City 10
User 15800,user15800@example.com,City 1
User 15801,user15801@example.com,City 2
User 15802,user15802@example.com,City 3
User 15803,user15803@example.com,City 4
User 15804,user15804@example.com,City 5
User 15805,user15805@example.com,City 6
User 15806,user15806@example.com,City 7
User 15807,user15807@example.com,City 8
User 15808,user15808@example.com,City 9
User 15809,user15809@example.com,City 10
User 15810,user15810@example.com,City 1
User 15811,user15811@example.com,City 2
User 15812,user15812@example.com,City 3
User 15813,user15813@example.com,City 4
User 15814,user15814@example.com,City 5
User 15815,user15815@example.com,City 6
User 15816,user15816@example.com,City 7
User 15817,user15817@example.com,City 8
User 15818,user15818@example.com,City 9
User 15819,user15819@example.com,City 10
User 15820,user15820@example.com,City 1
User 15821,user15821@example.com,City 2
User 15822,user15822@example.com,City 3
User 15823,user15823@example.com,City 4
User 15824,user15824@example.com,City 5
User 15825,user15825@example.com,City 6
User 15826,user15826@example.com,City 7
User 15827,user15827@example.com,City 8
User 15828,user15828@example.com,City 9
User 15829,user15829@example.com,City 10
User 15830,user15830@example.com,City 1
User 15831,user15831@example.com,City 2
User 15832,user15832@example.com,City 3
User 15833,user15833@example.com,City 4
User 15834,user15834@example.com,City 5
User 15835,user15835@example.com,City 6
User 15836,user15836@example.com,City 7
User 15837,user15837@example.com,City 8
User 15838,user15838@example.com,City 9
User 15839,user15839@example.com,City 10
User 15840,user15840@example.com,City 1
User 15841,user15841@example.com,City 2
User 15842,user15842@example.com,City 3
User 15843,user15843@example.com,City 4
User 15844,user15844@example.com,City 5
User 15845,user15845@example.com,City 6
User 15846,user15846@example.com,City 7
User 15847,user15847@example.com,City 8
User 15848,user15848@example.com,City 9
User 15849,user15849@example.com,City 10
User 15850,user15850@example.com,City 1
User 15851,user15851@example.com,City 2
User 15852,user15852@example.com,City 3
User 15853,user15853@example.com,City 4
User 15854,user15854@example.com,City 5
User 15855,user15855@example.com,City 6
User 15856,user15856@example.com,City 7
User 15857,user15857@example.com,City 8
User 15858,user15858@example.com,City 9
User 15859,user15859@example.com,City 10
User 15860,user15860@example.com,City 1
User 15861,user15861@example.com,City 2
User 15862,user15862@example.com,City 3
User 15863,user15863@example.com,City 4
User 15864,user15864@example.com,City 5
User 15865,user15865@example.com,City 6
User 15866,user15866@example.com,City 7
User 15867,user15867@example.com,City 8
User 15868,user15868@example.com,City 9
User 15869,user15869@example.com,City 10
User 15870,user15870@example.com,City 1
User 15871,user15871@example.com,City 2
User 15872,user15872@example.com,City 3
User 15873,user15873@example.com,City 4
User 15874,user15874@example.com,City 5
User 15875,user15875@example.com,City 6
User 15876,user15876@example.com,City 7
User 15877,user15877@example.com,City 8
User 15878,user15878@example.com,City 9
User 15879,user15879@example.com,City 10
User 15880,user15880@example.com,City 1
User 15881,user15881@example.com,City 2
User 15882,user15882@example.com,City 3
User 15883,user15883@example.com,City 4
User 15884,user15884@example.com,City 5
User 15885,user15885@example.com,City 6
User 15886,user15886@example.com,City 7
User 15887,user15887@example.com,City 8
User 15888,user15888@example.com,City 9
User 15889,user15889@example.com,City 10
User 15890,user15890@example.com,City 1
User 15891,user15891@example.com,City 2
User 15892,user15892@example.com,City 3
User 15893,user15893@example.com,City 4
User 15894,user15894@example.com,City 5
User 15895,user15895@example.com,City 6
User 15896,user15896@example.com,City 7
User 15897,user15897@example.com,City 8
User 15898,user15898@example.com,City 9
User 15899,user15899@example.com,City 10
User 15900,user15900@example.com,City 1
User 15901,user15901@example.com,City 2
User 15902,user15902@example.com,City 3
User 15903,user15903@example.com,City 4
User 15904,user15904@example.com,City 5
User 15905,user15905@example.com,City 6
User 15906,user15906@example.com,City 7
User 15907,user15907@example.com,City 8
User 15908,user15908@example.com,City 9
User 15909,user15909@example.com,City 10
User 15910,user15910@example.com,City 1
User 15911,user15911@example.com,City 2
User 15912,user15912@example.com,City 3
User 15913,user15913@example.com,City 4
User 15914,user15914@example.com,City 5
User 15915,user15915@example.com,City 6
User 15916,user15916@example.com,City 7
User 15917,user15917@example.com,City 8
User 15918,user15918@example.com,City 9
User 15919,user15919@example.com,City 10
User 15920,user15920@example.com,City 1
User 15921,user15921@example.com,City 2
User 15922,user15922@example.com,City 3
User 15923,user15923@example.com,City 4
User 15924,user15924@example.com,City 5
User 15925,user15925@example.com,City 6
User 15926,user15926@example.com,City 7
User 15927,user15927@example.com,City 8
User 15928,user15928@example.com,City 9
User 15929,user15929@example.com,City 10
User 15930,user15930@example.com,City 1
User 15931,user15931@example.com,City 2
User 15932,user15932@example.com,City 3
User 15933,user15933@example.com,City 4
User 15934,user15934@example.com,City 5
User 15935,user15935@example.com,City 6
User 15936,user15936@example.com,City 7
User 15937,user15937@example.com,City 8
User 15938,user15938@example.com,City 9
User 15939,user15939@example.com,City 10
User 15940,user15940@example.com,City 1
User 15941,user15941@example.com,City 2
User 15942,user15942@example.com,City 3
User 15943,user15943@example.com,City 4
User 15944,user15944@example.com,City 5
User 15945,user15945@example.com,City 6
User 15946,user15946@example.com,City 7
User 15947,user15947@example.com,City 8
User 15948,user15948@example.com,City 9
User 15949,user15949@example.com,City 10
User 15950,user15950@example.com,City 1
User 15951,user15951@example.com,City 2
User 15952,user15952@example.com,City 3
User 15953,user15953@example.com,City 4
User 15954,user15954@example.com,City 5
User 15955,user15955@example.com,City 6
User 15956,user15956@example.com,City 7
User 15957,user15957@example.com,City 8
User 15958,user15958@example.com,City 9
User 15959,user15959@example.com,City 10
User 15960,user15960@example.com,City 1
User 15961,user15961@example.com,City 2
User 15962,user15962@example.com,City 3
User 15963,user15963@example.com,City 4
User 15964,user15964@example.com,City 5
User 15965,user15965@example.com,City 6
User 15966,user15966@example.com,City 7
User 15967,user15967@example.com,City 8
User 15968,user15968@example.com,City 9
User 15969,user15969@example.com,City 10
User 15970,user15970@example.com,City 1
User 15971,user15971@example.com,City 2
User 15972,user15972@example.com,City 3
User 15973,user15973@example.com,City 4
User 15974,user15974@example.com,City 5
User 15975,user15975@example.com,City 6
User 15976,user15976@example.com,City 7
User 15977,user15977@example.com,City 8
User 15978,user15978@example.com,City 9
User 15979,user15979@example.com,City 10
User 15980,user15980@example.com,City 1
User 15981,user15981@example.com,City 2
User 15982,user15982@example.com,City 3
User 15983,user15983@example.com,City 4
User 15984,user15984@example.com,City 5
User 15985,user15985@example.com,City 6
User 15986,user15986@example.com,City 7
User 15987,user15987@example.com,City 8
User 15988,user15988@example.com,City 9
User 15989,user15989@example.com,City 10
User 15990,user15990@example.com,City 1
User 15991,user15991@example.com,City 2
User 15992,user15992@example.com,City 3
User 15993,user15993@example.com,City 4
User 15994,user15994@example.com,City 5
User 15995,user15995@example.com,City 6
User 15996,user15996@example.com,City 7
User 15997,user15997@example.com,City 8
User 15998,user15998@example.com,City 9
User 15999,user15999@example.com,City 10
User 16000,user16000@example.com,City 1
User 16001,user16001@example.com,City 2
User 16002,user16002@example.com,City 3
User 16003,user16003@example.com,City 4
User 16004,user16004@example.com,City 5
User 16005,user16005@example.com,City 6
User 16006,user16006@example.com,City 7
User 16007,user16007@example.com,City 8
User 16008,user16008@example.com,City 9
User 16009,user16009@example.com,City 10
User 16010,user16010@example.com,City 1
User 16011,user16011@example.com,City 2
User 16012,user16012@example.com,City 3
User 16013,user16013@example.com,City 4
User 16014,user16014@example.com,City 5
User 16015,user16015@example.com,City 6
User 16016,user16016@example.com,City 7
User 16017,user16017@example.com,City 8
User 16018,user16018@example.com,City 9
User 16019,user16019@example.com,City 10
User 16020,user16020@example.com,City 1
User 16021,user16021@example.com,City 2
User 16022,user16022@example.com,City 3
User 16023,user16023@example.com,City 4
User 16024,user16024@example.com,City 5
User 16025,user16025@example.com,City 6
User 16026,user16026@example.com,City 7
User 16027,user16027@example.com,City 8
User 16028,user16028@example.com,City 9
User 16029,user16029@example.com,City 10
User 16030,user16030@example.com,City 1
User 16031,user16031@example.com,City 2
User 16032,user16032@example.com,City 3
User 16033,user16033@example.com,City 4
User 16034,user16034@example.com,City 5
User 16035,user16035@example.com,City 6
User 16036,user16036@example.com,City 7
User 16037,user16037@example.com,City 8
User 16038,user16038@example.com,City 9
User 16039,user16039@example.com,City 10
User 16040,user16040@example.com,City 1
User 16041,user16041@example.com,City 2
User 16042,user16042@example.com,City 3
User 16043,user16043@example.com,City 4
User 16044,user16044@example.com,City 5
User 16045,user16045@example.com,City 6
User 16046,user16046@example.com,City 7
User 16047,user16047@example.com,City 8
User 16048,user16048@example.com,City 9
User 16049,user16049@example.com,City 10
User 16050,user16050@example.com,City 1
User 16051,user16051@example.com,City 2
User 16052,user16052@example.com,City 3
User 16053,user16053@example.com,City 4
User 16054,user16054@example.com,City 5
User 16055,user16055@example.com,City 6
User 16056,user16056@example.com,City 7
User 16057,user16057@example.com,City 8
User 16058,user16058@example.com,City 9
User 16059,user16059@example.com,City 10
User 16060,user16060@example.com,City 1
User 16061,user16061@example.com,City 2
User 16062,user16062@example.com,City 3
User 16063,user16063@example.com,City 4
User 16064,user16064@example.com,City 5
User 16065,user16065@example.com,City 6
User 16066,user16066@example.com,City 7
User 16067,user16067@example.com,City 8
User 16068,user16068@example.com,City 9
User 16069,user16069@example.com,City 10
User 16070,user16070@example.com,City 1
User 16071,user16071@example.com,City 2
User 16072,user16072@example.com,City 3
User 16073,user16073@example.com,City 4
User 16074,user16074@example.com,City 5
User 16075,user16075@example.com,City 6
User 16076,user16076@example.com,City 7
User 16077,user16077@example.com,City 8
User 16078,user16078@example.com,City 9
User 16079,user16079@example.com,City 10
User 16080,user16080@example.com,City 1
User 16081,user16081@example.com,City 2
User 16082,user16082@example.com,City 3
User 16083,user16083@example.com,City 4
User 16084,user16084@example.com,City 5
User 16085,user16085@example.com,City 6
User 16086,user16086@example.com,City 7
User 16087,user16087@example.com,City 8
User 16088,user16088@example.com,City 9
User 16089,user16089@example.com,City 10
User 16090,user16090@example.com,City 1
User 16091,user16091@example.com,City 2
User 16092,user16092@example.com,City 3
User 16093,user16093@example.com,City 4
User 16094,user16094@example.com,City 5
User 16095,user16095@example.com,City 6
User 16096,user16096@example.com,City 7
User 16097,user16097@example.com,City 8
User 16098,user16098@example.com,City 9
User 16099,user16099@example.com,City 10
User 16100,user16100@example.com,City 1
User 16101,user16101@example.com,City 2
User 16102,user16102@example.com,City 3
User 16103,user16103@example.com,City 4
User 16104,user16104@example.com,City 5
User 16105,user16105@example.com,City 6
User 16106,user16106@example.com,City 7
User 16107,user16107@example.com,City 8
User 16108,user16108@example.com,City 9
User 16109,user16109@example.com,City 10
User 16110,user16110@example.com,City 1
User 16111,user16111@example.com,City 2
User 16112,user16112@example.com,City 3
User 16113,user16113@example.com,City 4
User 16114,user16114@example.com,City 5
User 16115,user16115@example.com,City 6
User 16116,user16116@example.com,City 7
User 16117,user16117@example.com,City 8
User 16118,user16118@example.com,City 9
User 16119,user16119@example.com,City 10
User 16120,user16120@example.com,City 1
User 16121,user16121@example.com,City 2
User 16122,user16122@example.com,City 3
User 16123,user16123@example.com,City 4
User 16124,user16124@example.com,City 5
User 16125,user16125@example.com,City 6
User 16126,user16126@example.com,City 7
User 16127,user16127@example.com,City 8
User 16128,user16128@example.com,City 9
User 16129,user16129@example.com,City 10
User 16130,user16130@example.com,City 1
User 16131,user16131@example.com,City 2
User 16132,user16132@example.com,City 3
User 16133,user16133@example.com,City 4
User 16134,user16134@example.com,City 5
User 16135,user16135@example.com,City 6
User 16136,user16136@example.com,City 7
User 16137,user16137@example.com,City 8
User 16138,user16138@example.com,City 9
User 16139,user16139@example.com,City 10
User 16140,user16140@example.com,City 1
User 16141,user16141@example.com,City 2
User 16142,user16142@example.com,City 3
User 16143,user16143@example.com,City 4
User 16144,user16144@example.com,City 5
User 16145,user16145@example.com,City 6
User 16146,user16146@example.com,City 7
User 16147,user16147@example.com,City 8
User 16148,user16148@example.com,City 9
User 16149,user16149@example.com,City 10
User 16150,user16150@example.com,City 1
User 16151,user16151@example.com,City 2
User 16152,user16152@example.com,City 3
User 16153,user16153@example.com,City 4
User 16154,user16154@example.com,City 5
User 16155,user16155@example.com,City 6
User 16156,user16156@example.com,City 7
User 16157,user16157@example.com,City 8
User 16158,user16158@example.com,City 9
User 16159,user16159@example.com,City 10
User 16160,user16160@example.com,City 1
User 16161,user16161@example.com,City 2
User 16162,user16162@example.com,City 3
User 16163,user16163@example.com,City 4
User 16164,user16164@example.com,City 5
User 16165,user16165@example.com,City 6
User 16166,user16166@example.com,City 7
User 16167,user16167@example.com,City 8
User 16168,user16168@example.com,City 9
User 16169,user16169@example.com,City 10
User 16170,user16170@example.com,City 1
User 16171,user16171@example.com,City 2
User 16172,user16172@example.com,City 3
User 16173,user16173@example.com,City 4
User 16174,user16174@example.com,City 5
User 16175,user16175@example.com,City 6
User 16176,user16176@example.com,City 7
User 16177,user16177@example.com,City 8
User 16178,user16178@example.com,City 9
User 16179,user16179@example.com,City 10
User 16180,user16180@example.com,City 1
User 16181,user16181@example.com,City 2
User 16182,user16182@example.com,City 3
User 16183,user16183@example.com,City 4
User 16184,user16184@example.com,City 5
User 16185,user16185@example.com,City 6
User 16186,user16186@example.com,City 7
User 16187,user16187@example.com,City 8
User 16188,user16188@example.com,City 9
User 16189,user16189@example.com,City 10
User 16190,user16190@example.com,City 1
User 16191,user16191@example.com,City 2
User 16192,user16192@example.com,City 3
User 16193,user16193@example.com,City 4
User 16194,user16194@example.com,City 5
User 16195,user16195@example.com,City 6
User 16196,user16196@example.com,City 7
User 16197,user16197@example.com,City 8
User 16198,user16198@example.com,City 9
User 16199,user16199@example.com,City 10
User 16200,user16200@example.com,City 1
User 16201,user16201@example.com,City 2
User 16202,user16202@example.com,City 3
User 16203,user16203@example.com,City 4
User 16204,user16204@example.com,City 5
User 16205,user16205@example.com,City 6
User 16206,user16206@example.com,City 7
User 16207,user16207@example.com,City 8
User 16208,user16208@example.com,City 9
User 16209,user16209@example.com,City 10
User 16210,user16210@example.com,City 1
User 16211,user16211@example.com,City 2
User 16212,user16212@example.com,City 3
User 16213,user16213@example.com,City 4
User 16214,user16214@example.com,City 5
User 16215,user16215@example.com,City 6
User 16216,user16216@example.com,City 7
User 16217,user16217@example.com,City 8
User 16218,user16218@example.com,City 9
User 16219,user16219@example.com,City 10
User 16220,user16220@example.com,City 1
User 16221,user16221@example.com,City 2
User 16222,user16222@example.com,City 3
User 16223,user16223@example.com,City 4
User 16224,user16224@example.com,City 5
User 16225,user16225@example.com,City 6
User 16226,user16226@example.com,City 7
User 16227,user16227@example.com,City 8
User 16228,user16228@example.com,City 9
User 16229,user16229@example.com,City 10
User 16230,user16230@example.com,City 1
User 16231,user16231@example.com,City 2
User 16232,user16232@example.com,City 3
User 16233,user16233@example.com,City 4
User 16234,user16234@example.com,City 5
User 16235,user16235@example.com,City 6
User 16236,user16236@example.com,City 7
User 16237,user16237@example.com,City 8
User 16238,user16238@example.com,City 9
User 16239,user16239@example.com,City 10
User 16240,user16240@example.com,City 1
User 16241,user16241@example.com,City 2
User 16242,user16242@example.com,City 3
User 16243,user16243@example.com,City 4
User 16244,user16244@example.com,City 5
User 16245,user16245@example.com,City 6
User 16246,user16246@example.com,City 7
User 16247,user16247@example.com,City 8
User 16248,user16248@example.com,City 9
User 16249,user16249@example.com,City 10
User 16250,user16250@example.com,City 1
User 16251,user16251@example.com,City 2
User 16252,user16252@example.com,City 3
User 16253,user16253@example.com,City 4
User 16254,user16254@example.com,City 5
User 16255,user16255@example.com,City 6
User 16256,user16256@example.com,City 7
User 16257,user16257@example.com,City 8
User 16258,user16258@example.com,City 9
User 16259,user16259@example.com,City 10
User 16260,user16260@example.com,City 1
User 16261,user16261@example.com,City 2
User 16262,user16262@example.com,City 3
User 16263,user16263@example.com,City 4
User 16264,user16264@example.com,City 5
User 16265,user16265@example.com,City 6
User 16266,user16266@example.com,City 7
User 16267,user16267@example.com,City 8
User 16268,user16268@example.com,City 9
User 16269,user16269@example.com,City 10
User 16270,user16270@example.com,City 1
User 16271,user16271@example.com,City 2
User 16272,user16272@example.com,City 3
User 16273,user16273@example.com,City 4
User 16274,user16274@example.com,City 5
User 16275,user16275@example.com,City 6
User 16276,user16276@example.com,City 7
User 16277,user16277@example.com,City 8
User 16278,user16278@example.com,City 9
User 16279,user16279@example.com,City 10
User 16280,user16280@example.com,City 1
User 16281,user16281@example.com,City 2
User 16282,user16282@example.com,City 3
User 16283,user16283@example.com,City 4
User 16284,user16284@example.com,City 5
User 16285,user16285@example.com,City 6
User 16286,user16286@example.com,City 7
User 16287,user16287@example.com,City 8
User 16288,user16288@example.com,City 9
User 16289,user16289@example.com,City 10
User 16290,user16290@example.com,City 1
User 16291,user16291@example.com,City 2
User 16292,user16292@example.com,City 3
User 16293,user16293@example.com,City 4
User 16294,user16294@example.com,City 5
User 16295,user16295@example.com,City 6
User 16296,user16296@example.com,City 7
User 16297,user16297@example.com,City 8
User 16298,user16298@example.com,City 9
User 16299,user16299@example.com,City 10
User 16300,user16300@example.com,City 1
User 16301,user16301@example.com,City 2
User 16302,user16302@example.com,City 3
User 16303,user16303@example.com,City 4
User 16304,user16304@example.com,City 5
User 16305,user16305@example.com,City 6
User 16306,user16306@example.com,City 7
User 16307,user16307@example.com,City 8
User 16308,user16308@example.com,City 9
User 16309,user16309@example.com,City 10
User 16310,user16310@example.com,City 1
User 16311,user16311@example.com,City 2
User 16312,user16312@example.com,City 3
User 16313,user16313@example.com,City 4
User 16314,user16314@example.com,City 5
User 16315,user16315@example.com,City 6
User 16316,user16316@example.com,City 7
User 16317,user16317@example.com,City 8
User 16318,user16318@example.com,City 9
User 16319,user16319@example.com,City 10
User 16320,user16320@example.com,City 1
User 16321,user16321@example.com,City 2
User 16322,user16322@example.com,City 3
User 16323,user16323@example.com,City 4
User 16324,user16324@example.com,City 5
User 16325,user16325@example.com,City 6
User 16326,user16326@example.com,City 7
User 16327,user16327@example.com,City 8
User 16328,user16328@example.com,City 9
User 16329,user16329@example.com,City 10
User 16330,user16330@example.com,City 1
User 16331,user16331@example.com,City 2
User 16332,user16332@example.com,City 3
User 16333,user16333@example.com,City 4
User 16334,user16334@example.com,City 5
User 16335,user16335@example.com,City 6
User 16336,user16336@example.com,City 7
User 16337,user16337@example.com,City 8
User 16338,user16338@example.com,City 9
User 16339,user16339@example.com,City 10
User 16340,user16340@example.com,City 1
User 16341,user16341@example.com,City 2
User 16342,user16342@example.com,City 3
User 16343,user16343@example.com,City 4
User 16344,user16344@example.com,City 5
User 16345,user16345@example.com,City 6
User 16346,user16346@example.com,City 7
User 16347,user16347@example.com,City 8
User 16348,user16348@example.com,City 9
User 16349,user16349@example.com,City 10
User 16350,user16350@example.com,City 1
User 16351,user16351@example.com,City 2
User 16352,user16352@example.com,City 3
User 16353,user16353@example.com,City 4
User 16354,user16354@example.com,City 5
User 16355,user16355@example.com,City 6
User 16356,user16356@example.com,City 7
User 16357,user16357@example.com,City 8
User 16358,user16358@example.com,City 9
User 16359,user16359@example.com,City 10
User 16360,user16360@example.com,City 1
User 16361,user16361@example.com,City 2
User 16362,user16362@example.com,City 3
User 16363,user16363@example.com,City 4
User 16364,user16364@example.com,City 5
User 16365,user16365@example.com,City 6
User 16366,user16366@example.com,City 7
User 16367,user16367@example.com,City 8
User 16368,user16368@example.com,City 9
User 16369,user16369@example.com,City 10
User 16370,user16370@example.com,City 1
User 16371,user16371@example.com,City 2
User 16372,user16372@example.com,City 3
User 16373,user16373@example.com,City 4
User 16374,user16374@example.com,City 5
User 16375,user16375@example.com,City 6
User 16376,user16376@example.com,City 7
User 16377,user16377@example.com,City 8
User 16378,user16378@example.com,City 9
User 16379,user16379@example.com,City 10
User 16380,user16380@example.com,City 1
User 16381,user16381@example.com,City 2
User 16382,user16382@example.com,City 3
User 16383,user16383@example.com,City 4
User 16384,user16384@example.com,City 5
User 16385,user16385@example.com,City 6
User 16386,user16386@example.com,City 7
User 16387,user16387@example.com,City 8
User 16388,user16388@example.com,City 9
User 16389,user16389@example.com,City 10
User 16390,user16390@example.com,City 1
User 16391,user16391@example.com,City 2
User 16392,user16392@example.com,City 3
User 16393,user16393@example.com,City 4
User 16394,user16394@example.com,City 5
User 16395,user16395@example.com,City 6
User 16396,user16396@example.com,City 7
User 16397,user16397@example.com,City 8
User 16398,user16398@example.com,City 9
User 16399,user16399@example.com,City 10
User 16400,user16400@example.com,City 1
User 16401,user16401@example.com,City 2
User 16402,user16402@example.com,City 3
User 16403,user16403@example.com,City 4
User 16404,user16404@example.com,City 5
User 16405,user16405@example.com,City 6
User 16406,user16406@example.com,City 7
User 16407,user16407@example.com,City 8
User 16408,user16408@example.com,City 9
User 16409,user16409@example.com,City 10
User 16410,user16410@example.com,City 1
User 16411,user16411@example.com,City 2
User 16412,user16412@example.com,City 3
User 16413,user16413@example.com,City 4
User 16414,user16414@example.com,City 5
User 16415,user16415@example.com,City 6
User 16416,user16416@example.com,City 7
User 16417,user16417@example.com,City 8
User 16418,user16418@example.com,City 9
User 16419,user16419@example.com,City 10
User 16420,user16420@example.com,City 1
User 16421,user16421@example.com,City 2
User 16422,user16422@example.com,City 3
User 16423,user16423@example.com,City 4
User 16424,user16424@example.com,City 5
User 16425,user16425@example.com,City 6
User 16426,user16426@example.com,City 7
User 16427,user16427@example.com,City 8
User 16428,user16428@example.com,City 9
User 16429,user16429@example.com,City 10
User 16430,user16430@example.com,City 1
User 16431,user16431@example.com,City 2
User 16432,user16432@example.com,City 3
User 16433,user16433@example.com,City 4
User 16434,user16434@example.com,City 5
User 16435,user16435@example.com,City 6
User 16436,user16436@example.com,City 7
User 16437,user16437@example.com,City 8
User 16438,user16438@example.com,City 9
User 16439,user16439@example.com,City 10
User 16440,user16440@example.com,City 1
User 16441,user16441@example.com,City 2
User 16442,user16442@example.com,City 3
User 16443,user16443@example.com,City 4
User 16444,user16444@example.com,City 5
User 16445,user16445@example.com,City 6
User 16446,user16446@example.com,City 7
User 16447,user16447@example.com,City 8
User 16448,user16448@example.com,City 9
User 16449,user16449@example.com,City 10
User 16450,user16450@example.com,City 1
User 16451,user16451@example.com,City 2
User 16452,user16452@example.com,City 3
User 16453,user16453@example.com,City 4
User 16454,user16454@example.com,City 5
User 16455,user16455@example.com,City 6
User 16456,user16456@example.com,City 7
User 16457,user16457@example.com,City 8
User 16458,user16458@example.com,City 9
User 16459,user16459@example.com,City 10
User 16460,user16460@example.com,City 1
User 16461,user16461@example.com,City 2
User 16462,user16462@example.com,City 3
User 16463,user16463@example.com,City 4
User 16464,user16464@example.com,City 5
User 16465,user16465@example.com,City 6
User 16466,user16466@example.com,City 7
User 16467,user16467@example.com,City 8
User 16468,user16468@example.com,City 9
User 16469,user16469@example.com,City 10
User 16470,user16470@example.com,City 1
User 16471,user16471@example.com,City 2
User 16472,user16472@example.com,City 3
User 16473,user16473@example.com,City 4
User 16474,user16474@example.com,City 5
User 16475,user16475@example.com,City 6
User 16476,user16476@example.com,City 7
User 16477,user16477@example.com,City 8
User 16478,user16478@example.com,City 9
User 16479,user16479@example.com,City 10
User 16480,user16480@example.com,City 1
User 16481,user16481@example.com,City 2
User 16482,user16482@example.com,City 3
User 16483,user16483@example.com,City 4
User 16484,user16484@example.com,City 5
User 16485,user16485@example.com,City 6
User 16486,user16486@example.com,City 7
User 16487,user16487@example.com,City 8
User 16488,user16488@example.com,City 9
User 16489,user16489@example.com,City 10
User 16490,user16490@example.com,City 1
User 16491,user16491@example.com,City 2
User 16492,user16492@example.com,City 3
User 16493,user16493@example.com,City 4
User 16494,user16494@example.com,City 5
User 16495,user16495@example.com,City 6
User 16496,user16496@example.com,City 7
User 16497,user16497@example.com,City 8
User 16498,user16498@example.com,City 9
User 16499,user16499@example.com,City 10
User 16500,user16500@example.com,City 1
User 16501,user16501@example.com,City 2
User 16502,user16502@example.com,City 3
User 16503,user16503@example.com,City 4
User 16504,user16504@example.com,City 5
User 16505,user16505@example.com,City 6
User 16506,user16506@example.com,City 7
User 16507,user16507@example.com,City 8
User 16508,user16508@example.com,City 9
User 16509,user16509@example.com,City 10
User 16510,user16510@example.com,City 1
User 16511,user16511@example.com,City 2
User 16512,user16512@example.com,City 3
User 16513,user16513@example.com,City 4
User 16514,user16514@example.com,City 5
User 16515,user16515@example.com,City 6
User 16516,user16516@example.com,City 7
User 16517,user16517@example.com,City 8
User 16518,user16518@example.com,City 9
User 16519,user16519@example.com,City 10
User 16520,user16520@example.com,City 1
User 16521,user16521@example.com,City 2
User 16522,user16522@example.com,City 3
User 16523,user16523@example.com,City 4
User 16524,user16524@example.com,City 5
User 16525,user16525@example.com,City 6
User 16526,user16526@example.com,City 7
User 16527,user16527@example.com,City 8
User 16528,user16528@example.com,City 9
User 16529,user16529@example.com,City 10
User 16530,user16530@example.com,City 1
User 16531,user16531@example.com,City 2
User 16532,user16532@example.com,City 3
User 16533,user16533@example.com,City 4
User 16534,user16534@example.com,City 5
User 16535,user16535@example.com,City 6
User 16536,user16536@example.com,City 7
User 16537,user16537@example.com,City 8
User 16538,user16538@example.com,City 9
User 16539,user16539@example.com,City 10
User 16540,user16540@example.com,City 1
User 16541,user16541@example.com,City 2
User 16542,user16542@example.com,City 3
User 16543,user16543@example.com,City 4
User 16544,user16544@example.com,City 5
User 16545,user16545@example.com,City 6
User 16546,user16546@example.com,City 7
User 16547,user16547@example.com,City 8
User 16548,user16548@example.com,City 9
User 16549,user16549@example.com,City 10
User 16550,user16550@example.com,City 1
User 16551,user16551@example.com,City 2
User 16552,user16552@example.com,City 3
User 16553,user16553@example.com,City 4
User 16554,user16554@example.com,City 5
User 16555,user16555@example.com,City 6
User 16556,user16556@example.com,City 7
User 16557,user16557@example.com,City 8
User 16558,user16558@example.com,City 9
User 16559,user16559@example.com,City 10
User 16560,user16560@example.com,City 1
User 16561,user16561@example.com,City 2
User 16562,user16562@example.com,City 3
User 16563,user16563@example.com,City 4
User 16564,user16564@example.com,City 5
User 16565,user16565@example.com,City 6
User 16566,user16566@example.com,City 7
User 16567,user16567@example.com,City 8
User 16568,user16568@example.com,City 9
User 16569,user16569@example.com,City 10
User 16570,user16570@example.com,City 1
User 16571,user16571@example.com,City 2
User 16572,user16572@example.com,City 3
User 16573,user16573@example.com,City 4
User 16574,user16574@example.com,City 5
User 16575,user16575@example.com,City 6
User 16576,user16576@example.com,City 7
User 16577,user16577@example.com,City 8
User 16578,user16578@example.com,City 9
User 16579,user16579@example.com,City 10
User 16580,user16580@example.com,City 1
User 16581,user16581@example.com,City 2
User 16582,user16582@example.com,City 3
User 16583,user16583@example.com,City 4
User 16584,user16584@example.com,City 5
User 16585,user16585@example.com,City 6
User 16586,user16586@example.com,City 7
User 16587,user16587@example.com,City 8
User 16588,user16588@example.com,City 9
User 16589,user16589@example.com,City 10
User 16590,user16590@example.com,City 1
User 16591,user16591@example.com,City 2
User 16592,user16592@example.com,City 3
User 16593,user16593@example.com,City 4
User 16594,user16594@example.com,City 5
User 16595,user16595@example.com,City 6
User 16596,user16596@example.com,City 7
User 16597,user16597@example.com,City 8
User 16598,user16598@example.com,City 9
User 16599,user16599@example.com,City 10
User 16600,user16600@example.com,City 1
User 16601,user16601@example.com,City 2
User 16602,user16602@example.com,City 3
User 16603,user16603@example.com,City 4
User 16604,user16604@example.com,City 5
User 16605,user16605@example.com,City 6
User 16606,user16606@example.com,City 7
User 16607,user16607@example.com,City 8
User 16608,user16608@example.com,City 9
User 16609,user16609@example.com,City 10
User 16610,user16610@example.com,City 1
User 16611,user16611@example.com,City 2
User 16612,user16612@example.com,City 3
User 16613,user16613@example.com,City 4
User 16614,user16614@example.com,City 5
User 16615,user16615@example.com,City 6
User 16616,user16616@example.com,City 7
User 16617,user16617@example.com,City 8
User 16618,user16618@example.com,City 9
User 16619,user16619@example.com,City 10
User 16620,user16620@example.com,City 1
User 16621,user16621@example.com,City 2
User 16622,user16622@example.com,City 3
User 16623,user16623@example.com,City 4
User 16624,user16624@example.com,City 5
User 16625,user16625@example.com,City 6
User 16626,user16626@example.com,City 7
User 16627,user16627@example.com,City 8
User 16628,user16628@example.com,City 9
User 16629,user16629@example.com,City 10
User 16630,user16630@example.com,City 1
User 16631,user16631@example.com,City 2
User 16632,user16632@example.com,City 3
User 16633,user16633@example.com,City 4
User 16634,user16634@example.com,City 5
User 16635,user16635@example.com,City 6
User 16636,user16636@example.com,City 7
User 16637,user16637@example.com,City 8
User 16638,user16638@example.com,City 9
User 16639,user16639@example.com,City 10
User 16640,user16640@example.com,City 1
User 16641,user16641@example.com,City 2
User 16642,user16642@example.com,City 3
User 16643,user16643@example.com,City 4
User 16644,user16644@example.com,City 5
User 16645,user16645@example.com,City 6
User 16646,user16646@example.com,City 7
User 16647,user16647@example.com,City 8
User 16648,user16648@example.com,City 9
User 16649,user16649@example.com,City 10
User 16650,user16650@example.com,City 1
User 16651,user16651@example.com,City 2
User 16652,user16652@example.com,City 3
User 16653,user16653@example.com,City 4
User 16654,user16654@example.com,City 5
User 16655,user16655@example.com,City 6
User 16656,user16656@example.com,City 7
User 16657,user16657@example.com,City 8
User 16658,user16658@example.com,City 9
User 16659,user16659@example.com,City 10
User 16660,user16660@example.com,City 1
User 16661,user16661@example.com,City 2
User 16662,user16662@example.com,City 3
User 16663,user16663@example.com,City 4
User 16664,user16664@example.com,City 5
User 16665,user16665@example.com,City 6
User 16666,user16666@example.com,City 7
User 16667,user16667@example.com,City 8
User 16668,user16668@example.com,City 9
User 16669,user16669@example.com,City 10
User 16670,user16670@example.com,City 1
User 16671,user16671@example.com,City 2
User 16672,user16672@example.com,City 3
User 16673,user16673@example.com,City 4
User 16674,user16674@example.com,City 5
User 16675,user16675@example.com,City 6
User 16676,user16676@example.com,City 7
User 16677,user16677@example.com,City 8
User 16678,user16678@example.com,City 9
User 16679,user16679@example.com,City 10
User 16680,user16680@example.com,City 1
User 16681,user16681@example.com,City 2
User 16682,user16682@example.com,City 3
User 16683,user16683@example.com,City 4
User 16684,user16684@example.com,City 5
User 16685,user16685@example.com,City 6
User 16686,user16686@example.com,City 7
User 16687,user16687@example.com,City 8
User 16688,user16688@example.com,City 9
User 16689,user16689@example.com,City 10
User 16690,user16690@example.com,City 1
User 16691,user16691@example.com,City 2
User 16692,user16692@example.com,City 3
User 16693,user16693@example.com,City 4
User 16694,user16694@example.com,City 5
User 16695,user16695@example.com,City 6
User 16696,user16696@example.com,City 7
User 16697,user16697@example.com,City 8
User 16698,user16698@example.com,City 9
User 16699,user16699@example.com,City 10
User 16700,user16700@example.com,City 1
User 16701,user16701@example.com,City 2
User 16702,user16702@example.com,City 3
User 16703,user16703@example.com,City 4
User 16704,user16704@example.com,City 5
User 16705,user16705@example.com,City 6
User 16706,user16706@example.com,City 7
User 16707,user16707@example.com,City 8
User 16708,user16708@example.com,City 9
User 16709,user16709@example.com,City 10
User 16710,user16710@example.com,City 1
User 16711,user16711@example.com,City 2
User 16712,user16712@example.com,City 3
User 16713,user16713@example.com,City 4
User 16714,user16714@example.com,City 5
User 16715,user16715@example.com,City 6
User 16716,user16716@example.com,City 7
User 16717,user16717@example.com,City 8
User 16718,user16718@example.com,City 9
User 16719,user16719@example.com,City 10
User 16720,user16720@example.com,City 1
User 16721,user16721@example.com,City 2
User 16722,user16722@example.com,City 3
User 16723,user16723@example.com,City 4
User 16724,user16724@example.com,City 5
User 16725,user16725@example.com,City 6
User 16726,user16726@example.com,City 7
User 16727,user16727@example.com,City 8
User 16728,user16728@example.com,City 9
User 16729,user16729@example.com,City 10
User 16730,user16730@example.com,City 1
User 16731,user16731@example.com,City 2
User 16732,user16732@example.com,City 3
User 16733,user16733@example.com,City 4
User 16734,user16734@example.com,City 5
User 16735,user16735@example.com,City 6
User 16736,user16736@example.com,City 7
User 16737,user16737@example.com,City 8
User 16738,user16738@example.com,City 9
User 16739,user16739@example.com,City 10
User 16740,user16740@example.com,City 1
User 16741,user16741@example.com,City 2
User 16742,user16742@example.com,City 3
User 16743,user16743@example.com,City 4
User 16744,user16744@example.com,City 5
User 16745,user16745@example.com,City 6
User 16746,user16746@example.com,City 7
User 16747,user16747@example.com,City 8
User 16748,user16748@example.com,City 9
User 16749,user16749@example.com,City 10
User 16750,user16750@example.com,City 1
User 16751,user16751@example.com,City 2
User 16752,user16752@example.com,City 3
User 16753,user16753@example.com,City 4
User 16754,user16754@example.com,City 5
User 16755,user16755@example.com,City 6
User 16756,user16756@example.com,City 7
User 16757,user16757@example.com,City 8
User 16758,user16758@example.com,City 9
User 16759,user16759@example.com,City 10
User 16760,user16760@example.com,City 1
User 16761,user16761@example.com,City 2
User 16762,user16762@example.com,City 3
User 16763,user16763@example.com,City 4
User 16764,user16764@example.com,City 5
User 16765,user16765@example.com,City 6
User 16766,user16766@example.com,City 7
User 16767,user16767@example.com,City 8
User 16768,user16768@example.com,City 9
User 16769,user16769@example.com,City 10
User 16770,user16770@example.com,City 1
User 16771,user16771@example.com,City 2
User 16772,user16772@example.com,City 3
User 16773,user16773@example.com,City 4
User 16774,user16774@example.com,City 5
User 16775,user16775@example.com,City 6
User 16776,user16776@example.com,City 7
User 16777,user16777@example.com,City 8
User 16778,user16778@example.com,City 9
User 16779,user16779@example.com,City 10
User 16780,user16780@example.com,City 1
User 16781,user16781@example.com,City 2
User 16782,user16782@example.com,City 3
User 16783,user16783@example.com,City 4
User 16784,user16784@example.com,City 5
User 16785,user16785@example.com,City 6
User 16786,user16786@example.com,City 7
User 16787,user16787@example.com,City 8
User 16788,user16788@example.com,City 9
User 16789,user16789@example.com,City 10
User 16790,user16790@example.com,City 1
User 16791,user16791@example.com,City 2
User 16792,user16792@example.com,City 3
User 16793,user16793@example.com,City 4
User 16794,user16794@example.com,City 5
User 16795,user16795@example.com,City 6
User 16796,user16796@example.com,City 7
User 16797,user16797@example.com,City 8
User 16798,user16798@example.com,City 9
User 16799,user16799@example.com,City 10
User 16800,user16800@example.com,City 1
User 16801,user16801@example.com,City 2
User 16802,user16802@example.com,City 3
User 16803,user16803@example.com,City 4
User 16804,user16804@example.com,City 5
User 16805,user16805@example.com,City 6
User 16806,user16806@example.com,City 7
User 16807,user16807@example.com,City 8
User 16808,user16808@example.com,City 9
User 16809,user16809@example.com,City 10
User 16810,user16810@example.com,City 1
User 16811,user16811@example.com,City 2
User 16812,user16812@example.com,City 3
User 16813,user16813@example.com,City 4
User 16814,user16814@example.com,City 5
User 16815,user16815@example.com,City 6
User 16816,user16816@example.com,City 7
User 16817,user16817@example.com,City 8
User 16818,user16818@example.com,City 9
User 16819,user16819@example.com,City 10
User 16820,user16820@example.com,City 1
User 16821,user16821@example.com,City 2
User 16822,user16822@example.com,City 3
User 16823,user16823@example.com,City 4
User 16824,user16824@example.com,City 5
User 16825,user16825@example.com,City 6
User 16826,user16826@example.com,City 7
User 16827,user16827@example.com,City 8
User 16828,user16828@example.com,City 9
User 16829,user16829@example.com,City 10
User 16830,user16830@example.com,City 1
User 16831,user16831@example.com,City 2
User 16832,user16832@example.com,City 3
User 16833,user16833@example.com,City 4
User 16834,user16834@example.com,City 5
User 16835,user16835@example.com,City 6
User 16836,user16836@example.com,City 7
User 16837,user16837@example.com,City 8
User 16838,user16838@example.com,City 9
User 16839,user16839@example.com,City 10
User 16840,user16840@example.com,City 1
User 16841,user16841@example.com,City 2
User 16842,user16842@example.com,City 3
User 16843,user16843@example.com,City 4
User 16844,user16844@example.com,City 5
User 16845,user16845@example.com,City 6
User 16846,user16846@example.com,City 7
User 16847,user16847@example.com,City 8
User 16848,user16848@example.com,City 9
User 16849,user16849@example.com,City 10
User 16850,user16850@example.com,City 1
User 16851,user16851@example.com,City 2
User 16852,user16852@example.com,City 3
User 16853,user16853@example.com,City 4
User 16854,user16854@example.com,City 5
User 16855,user16855@example.com,City 6
User 16856,user16856@example.com,City 7
User 16857,user16857@example.com,City 8
User 16858,user16858@example.com,City 9
User 16859,user16859@example.com,City 10
User 16860,user16860@example.com,City 1
User 16861,user16861@example.com,City 2
User 16862,user16862@example.com,City 3
User 16863,user16863@example.com,City 4
User 16864,user16864@example.com,City 5
User 16865,user16865@example.com,City 6
User 16866,user16866@example.com,City 7
User 16867,user16867@example.com,City 8
User 16868,user16868@example.com,City 9
User 16869,user16869@example.com,City 10
User 16870,user16870@example.com,City 1
User 16871,user16871@example.com,City 2
User 16872,user16872@example.com,City 3
User 16873,user16873@example.com,City 4
User 16874,user16874@example.com,City 5
User 16875,user16875@example.com,City 6
User 16876,user16876@example.com,City 7
User 16877,user16877@example.com,City 8
User 16878,user16878@example.com,City 9
User 16879,user16879@example.com,City 10
User 16880,user16880@example.com,City 1
User 16881,user16881@example.com,City 2
User 16882,user16882@example.com,City 3
User 16883,user16883@example.com,City 4
User 16884,user16884@example.com,City 5
User 16885,user16885@example.com,City 6
User 16886,user16886@example.com,City 7
User 16887,user16887@example.com,City 8
User 16888,user16888@example.com,City 9
User 16889,user16889@example.com,City 10
User 16890,user16890@example.com,City 1
User 16891,user16891@example.com,City 2
User 16892,user16892@example.com,City 3
User 16893,user16893@example.com,City 4
User 16894,user16894@example.com,City 5
User 16895,user16895@example.com,City 6
User 16896,user16896@example.com,City 7
User 16897,user16897@example.com,City 8
User 16898,user16898@example.com,City 9
User 16899,user16899@example.com,City 10
User 16900,user16900@example.com,City 1
User 16901,user16901@example.com,City 2
User 16902,user16902@example.com,City 3
User 16903,user16903@example.com,City 4
User 16904,user16904@example.com,City 5
User 16905,user16905@example.com,City 6
User 16906,user16906@example.com,City 7
User 16907,user16907@example.com,City 8
User 16908,user16908@example.com,City 9
User 16909,user16909@example.com,City 10
User 16910,user16910@example.com,City 1
User 16911,user16911@example.com,City 2
User 16912,user16912@example.com,City 3
User 16913,user16913@example.com,City 4
User 16914,user16914@example.com,City 5
User 16915,user16915@example.com,City 6
User 16916,user16916@example.com,City 7
User 16917,user16917@example.com,City 8
User 16918,user16918@example.com,City 9
User 16919,user16919@example.com,City 10
User 16920,user16920@example.com,City 1
User 16921,user16921@example.com,City 2
User 16922,user16922@example.com,City 3
User 16923,user16923@example.com,City 4
User 16924,user16924@example.com,City 5
User 16925,user16925@example.com,City 6
User 16926,user16926@example.com,City 7
User 16927,user16927@example.com,City 8
User 16928,user16928@example.com,City 9
User 16929,user16929@example.com,City 10
User 16930,user16930@example.com,City 1
User 16931,user16931@example.com,City 2
User 16932,user16932@example.com,City 3
User 16933,user16933@example.com,City 4
User 16934,user16934@example.com,City 5
User 16935,user16935@example.com,City 6
User 16936,user16936@example.com,City 7
User 16937,user16937@example.com,City 8
User 16938,user16938@example.com,City 9
User 16939,user16939@example.com,City 10
User 16940,user16940@example.com,City 1
User 16941,user16941@example.com,City 2
User 16942,user16942@example.com,City 3
User 16943,user16943@example.com,City 4
User 16944,user16944@example.com,City 5
User 16945,user16945@example.com,City 6
User 16946,user16946@example.com,City 7
User 16947,user16947@example.com,City 8
User 16948,user16948@example.com,City 9
User 16949,user16949@example.com,City 10
User 16950,user16950@example.com,City 1
User 16951,user16951@example.com,City 2
User 16952,user16952@example.com,City 3
User 16953,user16953@example.com,City 4
User 16954,user16954@example.com,City 5
User 16955,user16955@example.com,City 6
User 16956,user16956@example.com,City 7
User 16957,user16957@example.com,City 8
User 16958,user16958@example.com,City 9
User 16959,user16959@example.com,City 10
User 16960,user16960@example.com,City 1
User 16961,user16961@example.com,City 2
User 16962,user16962@example.com,City 3
User 16963,user16963@example.com,City 4
User 16964,user16964@example.com,City 5
User 16965,user16965@example.com,City 6
User 16966,user16966@example.com,City 7
User 16967,user16967@example.com,City 8
User 16968,user16968@example.com,City 9
User 16969,user16969@example.com,City 10
User 16970,user16970@example.com,City 1
User 16971,user16971@example.com,City 2
User 16972,user16972@example.com,City 3
User 16973,user16973@example.com,City 4
User 16974,user16974@example.com,City 5
User 16975,user16975@example.com,City 6
User 16976,user16976@example.com,City 7
User 16977,user16977@example.com,City 8
User 16978,user16978@example.com,City 9
User 16979,user16979@example.com,City 10
User 16980,user16980@example.com,City 1
User 16981,user16981@example.com,City 2
User 16982,user16982@example.com,City 3
User 16983,user16983@example.com,City 4
User 16984,user16984@example.com,City 5
User 16985,user16985@example.com,City 6
User 16986,user16986@example.com,City 7
User 16987,user16987@example.com,City 8
User 16988,user16988@example.com,City 9
User 16989,user16989@example.com,City 10
User 16990,user16990@example.com,City 1
User 16991,user16991@example.com,City 2
User 16992,user16992@example.com,City 3
User 16993,user16993@example.com,City 4
User 16994,user16994@example.com,City 5
User 16995,user16995@example.com,City 6
User 16996,user16996@example.com,City 7
User 16997,user16997@example.com,City 8
User 16998,user16998@example.com,City 9
User 16999,user16999@example.com,City 10
User 17000,user17000@example.com,City 1
User 17001,user17001@example.com,City 2
User 17002,user17002@example.com,City 3
User 17003,user17003@example.com,City 4
User 17004,user17004@example.com,City 5
User 17005,user17005@example.com,City 6
User 17006,user17006@example.com,City 7
User 17007,user17007@example.com,City 8
User 17008,user17008@example.com,City 9
User 17009,user17009@example.com,City 10
User 17010,user17010@example.com,City 1
User 17011,user17011@example.com,City 2
User 17012,user17012@example.com,City 3
User 17013,user17013@example.com,City 4
User 17014,user17014@example.com,City 5
User 17015,user17015@example.com,City 6
User 17016,user17016@example.com,City 7
User 17017,user17017@example.com,City 8
User 17018,user17018@example.com,City 9
User 17019,user17019@example.com,City 10
User 17020,user17020@example.com,City 1
User 17021,user17021@example.com,City 2
User 17022,user17022@example.com,City 3
User 17023,user17023@example.com,City 4
User 17024,user17024@example.com,City 5
User 17025,user17025@example.com,City 6
User 17026,user17026@example.com,City 7
User 17027,user17027@example.com,City 8
User 17028,user17028@example.com,City 9
User 17029,user17029@example.com,City 10
User 17030,user17030@example.com,City 1
User 17031,user17031@example.com,City 2
User 17032,user17032@example.com,City 3
User 17033,user17033@example.com,City 4
User 17034,user17034@example.com,City 5
User 17035,user17035@example.com,City 6
User 17036,user17036@example.com,City 7
User 17037,user17037@example.com,City 8
User 17038,user17038@example.com,City 9
User 17039,user17039@example.com,City 10
User 17040,user17040@example.com,City 1
User 17041,user17041@example.com,City 2
User 17042,user17042@example.com,City 3
User 17043,user17043@example.com,City 4
User 17044,user17044@example.com,City 5
User 17045,user17045@example.com,City 6
User 17046,user17046@example.com,City 7
User 17047,user17047@example.com,City 8
User 17048,user17048@example.com,City 9
User 17049,user17049@example.com,City 10
User 17050,user17050@example.com,City 1
User 17051,user17051@example.com,City 2
User 17052,user17052@example.com,City 3
User 17053,user17053@example.com,City 4
User 17054,user17054@example.com,City 5
User 17055,user17055@example.com,City 6
User 17056,user17056@example.com,City 7
User 17057,user17057@example.com,City 8
User 17058,user17058@example.com,City 9
User 17059,user17059@example.com,City 10
User 17060,user17060@example.com,City 1
User 17061,user17061@example.com,City 2
User 17062,user17062@example.com,City 3
User 17063,user17063@example.com,City 4
User 17064,user17064@example.com,City 5
User 17065,user17065@example.com,City 6
User 17066,user17066@example.com,City 7
User 17067,user17067@example.com,City 8
User 17068,user17068@example.com,City 9
User 17069,user17069@example.com,City 10
User 17070,user17070@example.com,City 1
User 17071,user17071@example.com,City 2
User 17072,user17072@example.com,City 3
User 17073,user17073@example.com,City 4
User 17074,user17074@example.com,City 5
User 17075,user17075@example.com,City 6
User 17076,user17076@example.com,City 7
User 17077,user17077@example.com,City 8
User 17078,user17078@example.com,City 9
User 17079,user17079@example.com,City 10
User 17080,user17080@example.com,City 1
User 17081,user17081@example.com,City 2
User 17082,user17082@example.com,City 3
User 17083,user17083@example.com,City 4
User 17084,user17084@example.com,City 5
User 17085,user17085@example.com,City 6
User 17086,user17086@example.com,City 7
User 17087,user17087@example.com,City 8
User 17088,user17088@example.com,City 9
User 17089,user17089@example.com,City 10
User 17090,user17090@example.com,City 1
User 17091,user17091@example.com,City 2
User 17092,user17092@example.com,City 3
User 17093,user17093@example.com,City 4
User 17094,user17094@example.com,City 5
User 17095,user17095@example.com,City 6
User 17096,user17096@example.com,City 7
User 17097,user17097@example.com,City 8
User 17098,user17098@example.com,City 9
User 17099,user17099@example.com,City 10
User 17100,user17100@example.com,City 1
User 17101,user17101@example.com,City 2
User 17102,user17102@example.com,City 3
User 17103,user17103@example.com,City 4
User 17104,user17104@example.com,City 5
User 17105,user17105@example.com,City 6
User 17106,user17106@example.com,City 7
User 17107,user17107@example.com,City 8
User 17108,user17108@example.com,City 9
User 17109,user17109@example.com,City 10
User 17110,user17110@example.com,City 1
User 17111,user17111@example.com,City 2
User 17112,user17112@example.com,City 3
User 17113,user17113@example.com,City 4
User 17114,user17114@example.com,City 5
User 17115,user17115@example.com,City 6
User 17116,user17116@example.com,City 7
User 17117,user17117@example.com,City 8
User 17118,user17118@example.com,City 9
User 17119,user17119@example.com,City 10
User 17120,user17120@example.com,City 1
User 17121,user17121@example.com,City 2
User 17122,user17122@example.com,City 3
User 17123,user17123@example.com,City 4
User 17124,user17124@example.com,City 5
User 17125,user17125@example.com,City 6
User 17126,user17126@example.com,City 7
User 17127,user17127@example.com,City 8
User 17128,user17128@example.com,City 9
User 17129,user17129@example.com,City 10
User 17130,user17130@example.com,City 1
User 17131,user17131@example.com,City 2
User 17132,user17132@example.com,City 3
User 17133,user17133@example.com,City 4
User 17134,user17134@example.com,City 5
User 17135,user17135@example.com,City 6
User 17136,user17136@example.com,City 7
User 17137,user17137@example.com,City 8
User 17138,user17138@example.com,City 9
User 17139,user17139@example.com,City 10
User 17140,user17140@example.com,City 1
User 17141,user17141@example.com,City 2
User 17142,user17142@example.com,City 3
User 17143,user17143@example.com,City 4
User 17144,user17144@example.com,City 5
User 17145,user17145@example.com,City 6
User 17146,user17146@example.com,City 7
User 17147,user17147@example.com,City 8
User 17148,user17148@example.com,City 9
User 17149,user17149@example.com,City 10
User 17150,user17150@example.com,City 1
User 17151,user17151@example.com,City 2
User 17152,user17152@example.com,City 3
User 17153,user17153@example.com,City 4
User 17154,user17154@example.com,City 5
User 17155,user17155@example.com,City 6
User 17156,user17156@example.com,City 7
User 17157,user17157@example.com,City 8
User 17158,user17158@example.com,City 9
User 17159,user17159@example.com,City 10
User 17160,user17160@example.com,City 1
User 17161,user17161@example.com,City 2
User 17162,user17162@example.com,City 3
User 17163,user17163@example.com,City 4
User 17164,user17164@example.com,City 5
User 17165,user17165@example.com,City 6
User 17166,user17166@example.com,City 7
User 17167,user17167@example.com,City 8
User 17168,user17168@example.com,City 9
User 17169,user17169@example.com,City 10
User 17170,user17170@example.com,City 1
User 17171,user17171@example.com,City 2
User 17172,user17172@example.com,City 3
User 17173,user17173@example.com,City 4
User 17174,user17174@example.com,City 5
User 17175,user17175@example.com,City 6
User 17176,user17176@example.com,City 7
User 17177,user17177@example.com,City 8
User 17178,user17178@example.com,City 9
User 17179,user17179@example.com,City 10
User 17180,user17180@example.com,City 1
User 17181,user17181@example.com,City 2
User 17182,user17182@example.com,City 3
User 17183,user17183@example.com,City 4
User 17184,user17184@example.com,City 5
User 17185,user17185@example.com,City 6
User 17186,user17186@example.com,City 7
User 17187,user17187@example.com,City 8
User 17188,user17188@example.com,City 9
User 17189,user17189@example.com,City 10
User 17190,user17190@example.com,City 1
User 17191,user17191@example.com,City 2
User 17192,user17192@example.com,City 3
User 17193,user17193@example.com,City 4
User 17194,user17194@example.com,City 5
User 17195,user17195@example.com,City 6
User 17196,user17196@example.com,City 7
User 17197,user17197@example.com,City 8
User 17198,user17198@example.com,City 9
User 17199,user17199@example.com,City 10
User 17200,user17200@example.com,City 1
User 17201,user17201@example.com,City 2
User 17202,user17202@example.com,City 3
User 17203,user17203@example.com,City 4
User 17204,user17204@example.com,City 5
User 17205,user17205@example.com,City 6
User 17206,user17206@example.com,City 7
User 17207,user17207@example.com,City 8
User 17208,user17208@example.com,City 9
User 17209,user17209@example.com,City 10
User 17210,user17210@example.com,City 1
User 17211,user17211@example.com,City 2
User 17212,user17212@example.com,City 3
User 17213,user17213@example.com,City 4
User 17214,user17214@example.com,City 5
User 17215,user17215@example.com,City 6
User 17216,user17216@example.com,City 7
User 17217,user17217@example.com,City 8
User 17218,user17218@example.com,City 9
User 17219,user17219@example.com,City 10
User 17220,user17220@example.com,City 1
User 17221,user17221@example.com,City 2
User 17222,user17222@example.com,City 3
User 17223,user17223@example.com,City 4
User 17224,user17224@example.com,City 5
User 17225,user17225@example.com,City 6
User 17226,user17226@example.com,City 7
User 17227,user17227@example.com,City 8
User 17228,user17228@example.com,City 9
User 17229,user17229@example.com,City 10
User 17230,user17230@example.com,City 1
User 17231,user17231@example.com,City 2
User 17232,user17232@example.com,City 3
User 17233,user17233@example.com,City 4
User 17234,user17234@example.com,City 5
User 17235,user17235@example.com,City 6
User 17236,user17236@example.com,City 7
User 17237,user17237@example.com,City 8
User 17238,user17238@example.com,City 9
User 17239,user17239@example.com,City 10
User 17240,user17240@example.com,City 1
User 17241,user17241@example.com,City 2
User 17242,user17242@example.com,City 3
User 17243,user17243@example.com,City 4
User 17244,user17244@example.com,City 5
User 17245,user17245@example.com,City 6
User 17246,user17246@example.com,City 7
User 17247,user17247@example.com,City 8
User 17248,user17248@example.com,City 9
User 17249,user17249@example.com,City 10
User 17250,user17250@example.com,City 1
User 17251,user17251@example.com,City 2
User 17252,user17252@example.com,City 3
User 17253,user17253@example.com,City 4
User 17254,user17254@example.com,City 5
User 17255,user17255@example.com,City 6
User 17256,user17256@example.com,City 7
User 17257,user17257@example.com,City 8
User 17258,user17258@example.com,City 9
User 17259,user17259@example.com,City 10
User 17260,user17260@example.com,City 1
User 17261,user17261@example.com,City 2
User 17262,user17262@example.com,City 3
User 17263,user17263@example.com,City 4
User 17264,user17264@example.com,City 5
User 17265,user17265@example.com,City 6
User 17266,user17266@example.com,City 7
User 17267,user17267@example.com,City 8
User 17268,user17268@example.com,City 9
User 17269,user17269@example.com,City 10
User 17270,user17270@example.com,City 1
User 17271,user17271@example.com,City 2
User 17272,user17272@example.com,City 3
User 17273,user17273@example.com,City 4
User 17274,user17274@example.com,City 5
User 17275,user17275@example.com,City 6
User 17276,user17276@example.com,City 7
User 17277,user17277@example.com,City 8
User 17278,user17278@example.com,City 9
User 17279,user17279@example.com,City 10
User 17280,user17280@example.com,City 1
User 17281,user17281@example.com,City 2
User 17282,user17282@example.com,City 3
User 17283,user17283@example.com,City 4
User 17284,user17284@example.com,City 5
User 17285,user17285@example.com,City 6
User 17286,user17286@example.com,City 7
User 17287,user17287@example.com,City 8
User 17288,user17288@example.com,City 9
User 17289,user17289@example.com,City 10
User 17290,user17290@example.com,City 1
User 17291,user17291@example.com,City 2
User 17292,user17292@example.com,City 3
User 17293,user17293@example.com,City 4
User 17294,user17294@example.com,City 5
User 17295,user17295@example.com,City 6
User 17296,user17296@example.com,City 7
User 17297,user17297@example.com,City 8
User 17298,user17298@example.com,City 9
User 17299,user17299@example.com,City 10
User 17300,user17300@example.com,City 1
User 17301,user17301@example.com,City 2
User 17302,user17302@example.com,City 3
User 17303,user17303@example.com,City 4
User 17304,user17304@example.com,City 5
User 17305,user17305@example.com,City 6
User 17306,user17306@example.com,City 7
User 17307,user17307@example.com,City 8
User 17308,user17308@example.com,City 9
User 17309,user17309@example.com,City 10
User 17310,user17310@example.com,City 1
User 17311,user17311@example.com,City 2
User 17312,user17312@example.com,City 3
User 17313,user17313@example.com,City 4
User 17314,user17314@example.com,City 5
User 17315,user17315@example.com,City 6
User 17316,user17316@example.com,City 7
User 17317,user17317@example.com,City 8
User 17318,user17318@example.com,City 9
User 17319,user17319@example.com,City 10
User 17320,user17320@example.com,City 1
User 17321,user17321@example.com,City 2
User 17322,user17322@example.com,City 3
User 17323,user17323@example.com,City 4
User 17324,user17324@example.com,City 5
User 17325,user17325@example.com,City 6
User 17326,user17326@example.com,City 7
User 17327,user17327@example.com,City 8
User 17328,user17328@example.com,City 9
User 17329,user17329@example.com,City 10
User 17330,user17330@example.com,City 1
User 17331,user17331@example.com,City 2
User 17332,user17332@example.com,City 3
User 17333,user17333@example.com,City 4
User 17334,user17334@example.com,City 5
User 17335,user17335@example.com,City 6
User 17336,user17336@example.com,City 7
User 17337,user17337@example.com,City 8
User 17338,user17338@example.com,City 9
User 17339,user17339@example.com,City 10
User 17340,user17340@example.com,City 1
User 17341,user17341@example.com,City 2
User 17342,user17342@example.com,City 3
User 17343,user17343@example.com,City 4
User 17344,user17344@example.com,City 5
User 17345,user17345@example.com,City 6
User 17346,user17346@example.com,City 7
User 17347,user17347@example.com,City 8
User 17348,user17348@example.com,City 9
User 17349,user17349@example.com,City 10
User 17350,user17350@example.com,City 1
User 17351,user17351@example.com,City 2
User 17352,user17352@example.com,City 3
User 17353,user17353@example.com,City 4
User 17354,user17354@example.com,City 5
User 17355,user17355@example.com,City 6
User 17356,user17356@example.com,City 7
User 17357,user17357@example.com,City 8
User 17358,user17358@example.com,City 9
User 17359,user17359@example.com,City 10
User 17360,user17360@example.com,City 1
User 17361,user17361@example.com,City 2
User 17362,user17362@example.com,City 3
User 17363,user17363@example.com,City 4
User 17364,user17364@example.com,City 5
User 17365,user17365@example.com,City 6
User 17366,user17366@example.com,City 7
User 17367,user17367@example.com,City 8
User 17368,user17368@example.com,City 9
User 17369,user17369@example.com,City 10
User 17370,user17370@example.com,City 1
User 17371,user17371@example.com,City 2
User 17372,user17372@example.com,City 3
User 17373,user17373@example.com,City 4
User 17374,user17374@example.com,City 5
User 17375,user17375@example.com,City 6
User 17376,user17376@example.com,City 7
User 17377,user17377@example.com,City 8
User 17378,user17378@example.com,City 9
User 17379,user17379@example.com,City 10
User 17380,user17380@example.com,City 1
User 17381,user17381@example.com,City 2
User 17382,user17382@example.com,City 3
User 17383,user17383@example.com,City 4
User 17384,user17384@example.com,City 5
User 17385,user17385@example.com,City 6
User 17386,user17386@example.com,City 7
User 17387,user17387@example.com,City 8
User 17388,user17388@example.com,City 9
User 17389,user17389@example.com,City 10
User 17390,user17390@example.com,City 1
User 17391,user17391@example.com,City 2
User 17392,user17392@example.com,City 3
User 17393,user17393@example.com,City 4
User 17394,user17394@example.com,City 5
User 17395,user17395@example.com,City 6
User 17396,user17396@example.com,City 7
User 17397,user17397@example.com,City 8
User 17398,user17398@example.com,City 9
User 17399,user17399@example.com,City 10
User 17400,user17400@example.com,City 1
User 17401,user17401@example.com,City 2
User 17402,user17402@example.com,City 3
User 17403,user17403@example.com,City 4
User 17404,user17404@example.com,City 5
User 17405,user17405@example.com,City 6
User 17406,user17406@example.com,City 7
User 17407,user17407@example.com,City 8
User 17408,user17408@example.com,City 9
User 17409,user17409@example.com,City 10
User 17410,user17410@example.com,City 1
User 17411,user17411@example.com,City 2
User 17412,user17412@example.com,City 3
User 17413,user17413@example.com,City 4
User 17414,user17414@example.com,City 5
User 17415,user17415@example.com,City 6
User 17416,user17416@example.com,City 7
User 17417,user17417@example.com,City 8
User 17418,user17418@example.com,City 9
User 17419,user17419@example.com,City 10
User 17420,user17420@example.com,City 1
User 17421,user17421@example.com,City 2
User 17422,user17422@example.com,City 3
User 17423,user17423@example.com,City 4
User 17424,user17424@example.com,City 5
User 17425,user17425@example.com,City 6
User 17426,user17426@example.com,City 7
User 17427,user17427@example.com,City 8
User 17428,user17428@example.com,City 9
User 17429,user17429@example.com,City 10
User 17430,user17430@example.com,City 1
User 17431,user17431@example.com,City 2
User 17432,user17432@example.com,City 3
User 17433,user17433@example.com,City 4
User 17434,user17434@example.com,City 5
User 17435,user17435@example.com,City 6
User 17436,user17436@example.com,City 7
User 17437,user17437@example.com,City 8
User 17438,user17438@example.com,City 9
User 17439,user17439@example.com,City 10
User 17440,user17440@example.com,City 1
User 17441,user17441@example.com,City 2
User 17442,user17442@example.com,City 3
User 17443,user17443@example.com,City 4
User 17444,user17444@example.com,City 5
User 17445,user17445@example.com,City 6
User 17446,user17446@example.com,City 7
User 17447,user17447@example.com,City 8
User 17448,user17448@example.com,City 9
User 17449,user17449@example.com,City 10
User 17450,user17450@example.com,City 1
User 17451,user17451@example.com,City 2
User 17452,user17452@example.com,City 3
User 17453,user17453@example.com,City 4
User 17454,user17454@example.com,City 5
User 17455,user17455@example.com,City 6
User 17456,user17456@example.com,City 7
User 17457,user17457@example.com,City 8
User 17458,user17458@example.com,City 9
User 17459,user17459@example.com,City 10
User 17460,user17460@example.com,City 1
User 17461,user17461@example.com,City 2
User 17462,user17462@example.com,City 3
User 17463,user17463@example.com,City 4
User 17464,user17464@example.com,City 5
User 17465,user17465@example.com,City 6
User 17466,user17466@example.com,City 7
User 17467,user17467@example.com,City 8
User 17468,user17468@example.com,City 9
User 17469,user17469@example.com,City 10
User 17470,user17470@example.com,City 1
User 17471,user17471@example.com,City 2
User 17472,user17472@example.com,City 3
User 17473,user17473@example.com,City 4
User 17474,user17474@example.com,City 5
User 17475,user17475@example.com,City 6
User 17476,user17476@example.com,City 7
User 17477,user17477@example.com,City 8
User 17478,user17478@example.com,City 9
User 17479,user17479@example.com,City 10
User 17480,user17480@example.com,City 1
User 17481,user17481@example.com,City 2
User 17482,user17482@example.com,City 3
User 17483,user17483@example.com,City 4
User 17484,user17484@example.com,City 5
User 17485,user17485@example.com,City 6
User 17486,user17486@example.com,City 7
User 17487,user17487@example.com,City 8
User 17488,user17488@example.com,City 9
User 17489,user17489@example.com,City 10
User 17490,user17490@example.com,City 1
User 17491,user17491@example.com,City 2
User 17492,user17492@example.com,City 3
User 17493,user17493@example.com,City 4
User 17494,user17494@example.com,City 5
User 17495,user17495@example.com,City 6
User 17496,user17496@example.com,City 7
User 17497,user17497@example.com,City 8
User 17498,user17498@example.com,City 9
User 17499,user17499@example.com,City 10
User 17500,user17500@example.com,City 1
User 17501,user17501@example.com,City 2
User 17502,user17502@example.com,City 3
User 17503,user17503@example.com,City 4
User 17504,user17504@example.com,City 5
User 17505,user17505@example.com,City 6
User 17506,user17506@example.com,City 7
User 17507,user17507@example.com,City 8
User 17508,user17508@example.com,City 9
User 17509,user17509@example.com,City 10
User 17510,user17510@example.com,City 1
User 17511,user17511@example.com,City 2
User 17512,user17512@example.com,City 3
User 17513,user17513@example.com,City 4
User 17514,user17514@example.com,City 5
User 17515,user17515@example.com,City 6
User 17516,user17516@example.com,City 7
User 17517,user17517@example.com,City 8
User 17518,user17518@example.com,City 9
User 17519,user17519@example.com,City 10
User 17520,user17520@example.com,City 1
User 17521,user17521@example.com,City 2
User 17522,user17522@example.com,City 3
User 17523,user17523@example.com,City 4
User 17524,user17524@example.com,City 5
User 17525,user17525@example.com,City 6
User 17526,user17526@example.com,City 7
User 17527,user17527@example.com,City 8
User 17528,user17528@example.com,City 9
User 17529,user17529@example.com,City 10
User 17530,user17530@example.com,City 1
User 17531,user17531@example.com,City 2
User 17532,user17532@example.com,City 3
User 17533,user17533@example.com,City 4
User 17534,user17534@example.com,City 5
User 17535,user17535@example.com,City 6
User 17536,user17536@example.com,City 7
User 17537,user17537@example.com,City 8
User 17538,user17538@example.com,City 9
User 17539,user17539@example.com,City 10
User 17540,user17540@example.com,City 1
User 17541,user17541@example.com,City 2
User 17542,user17542@example.com,City 3
User 17543,user17543@example.com,City 4
User 17544,user17544@example.com,City 5
User 17545,user17545@example.com,City 6
User 17546,user17546@example.com,City 7
User 17547,user17547@example.com,City 8
User 17548,user17548@example.com,City 9
User 17549,user17549@example.com,City 10
User 17550,user17550@example.com,City 1
User 17551,user17551@example.com,City 2
User 17552,user17552@example.com,City 3
User 17553,user17553@example.com,City 4
User 17554,user17554@example.com,City 5
User 17555,user17555@example.com,City 6
User 17556,user17556@example.com,City 7
User 17557,user17557@example.com,City 8
User 17558,user17558@example.com,City 9
User 17559,user17559@example.com,City 10
User 17560,user17560@example.com,City 1
User 17561,user17561@example.com,City 2
User 17562,user17562@example.com,City 3
User 17563,user17563@example.com,City 4
User 17564,user17564@example.com,City 5
User 17565,user17565@example.com,City 6
User 17566,user17566@example.com,City 7
User 17567,user17567@example.com,City 8
User 17568,user17568@example.com,City 9
User 17569,user17569@example.com,City 10
User 17570,user17570@example.com,City 1
User 17571,user17571@example.com,City 2
User 17572,user17572@example.com,City 3
User 17573,user17573@example.com,City 4
User 17574,user17574@example.com,City 5
User 17575,user17575@example.com,City 6
User 17576,user17576@example.com,City 7
User 17577,user17577@example.com,City 8
User 17578,user17578@example.com,City 9
User 17579,user17579@example.com,City 10
User 17580,user17580@example.com,City 1
User 17581,user17581@example.com,City 2
User 17582,user17582@example.com,City 3
User 17583,user17583@example.com,City 4
User 17584,user17584@example.com,City 5
User 17585,user17585@example.com,City 6
User 17586,user17586@example.com,City 7
User 17587,user17587@example.com,City 8
User 17588,user17588@example.com,City 9
User 17589,user17589@example.com,City 10
User 17590,user17590@example.com,City 1
User 17591,user17591@example.com,City 2
User 17592,user17592@example.com,City 3
User 17593,user17593@example.com,City 4
User 17594,user17594@example.com,City 5
User 17595,user17595@example.com,City 6
User 17596,user17596@example.com,City 7
User 17597,user17597@example.com,City 8
User 17598,user17598@example.com,City 9
User 17599,user17599@example.com,City 10
User 17600,user17600@example.com,City 1
User 17601,user17601@example.com,City 2
User 17602,user17602@example.com,City 3
User 17603,user17603@example.com,City 4
User 17604,user17604@example.com,City 5
User 17605,user17605@example.com,City 6
User 17606,user17606@example.com,City 7
User 17607,user17607@example.com,City 8
User 17608,user17608@example.com,City 9
User 17609,user17609@example.com,City 10
User 17610,user17610@example.com,City 1
User 17611,user17611@example.com,City 2
User 17612,user17612@example.com,City 3
User 17613,user17613@example.com,City 4
User 17614,user17614@example.com,City 5
User 17615,user17615@example.com,City 6
User 17616,user17616@example.com,City 7
User 17617,user17617@example.com,City 8
User 17618,user17618@example.com,City 9
User 17619,user17619@example.com,City 10
User 17620,user17620@example.com,City 1
User 17621,user17621@example.com,City 2
User 17622,user17622@example.com,City 3
User 17623,user17623@example.com,City 4
User 17624,user17624@example.com,City 5
User 17625,user17625@example.com,City 6
User 17626,user17626@example.com,City 7
User 17627,user17627@example.com,City 8
User 17628,user17628@example.com,City 9
User 17629,user17629@example.com,City 10
User 17630,user17630@example.com,City 1
User 17631,user17631@example.com,City 2
User 17632,user17632@example.com,City 3
User 17633,user17633@example.com,City 4
User 17634,user17634@example.com,City 5
User 17635,user17635@example.com,City 6
User 17636,user17636@example.com,City 7
User 17637,user17637@example.com,City 8
User 17638,user17638@example.com,City 9
User 17639,user17639@example.com,City 10
User 17640,user17640@example.com,City 1
User 17641,user17641@example.com,City 2
User 17642,user17642@example.com,City 3
User 17643,user17643@example.com,City 4
User 17644,user17644@example.com,City 5
User 17645,user17645@example.com,City 6
User 17646,user17646@example.com,City 7
User 17647,user17647@example.com,City 8
User 17648,user17648@example.com,City 9
User 17649,user17649@example.com,City 10
User 17650,user17650@example.com,City 1
User 17651,user17651@example.com,City 2
User 17652,user17652@example.com,City 3
User 17653,user17653@example.com,City 4
User 17654,user17654@example.com,City 5
User 17655,user17655@example.com,City 6
User 17656,user17656@example.com,City 7
User 17657,user17657@example.com,City 8
User 17658,user17658@example.com,City 9
User 17659,user17659@example.com,City 10
User 17660,user17660@example.com,City 1
User 17661,user17661@example.com,City 2
User 17662,user17662@example.com,City 3
User 17663,user17663@example.com,City 4
User 17664,user17664@example.com,City 5
User 17665,user17665@example.com,City 6
User 17666,user17666@example.com,City 7
User 17667,user17667@example.com,City 8
User 17668,user17668@example.com,City 9
User 17669,user17669@example.com,City 10
User 17670,user17670@example.com,City 1
User 17671,user17671@example.com,City 2
User 17672,user17672@example.com,City 3
User 17673,user17673@example.com,City 4
User 17674,user17674@example.com,City 5
User 17675,user17675@example.com,City 6
User 17676,user17676@example.com,City 7
User 17677,user17677@example.com,City 8
User 17678,user17678@example.com,City 9
User 17679,user17679@example.com,City 10
User 17680,user17680@example.com,City 1
User 17681,user17681@example.com,City 2
User 17682,user17682@example.com,City 3
User 17683,user17683@example.com,City 4
User 17684,user17684@example.com,City 5
User 17685,user17685@example.com,City 6
User 17686,user17686@example.com,City 7
User 17687,user17687@example.com,City 8
User 17688,user17688@example.com,City 9
User 17689,user17689@example.com,City 10
User 17690,user17690@example.com,City 1
User 17691,user17691@example.com,City 2
User 17692,user17692@example.com,City 3
User 17693,user17693@example.com,City 4
User 17694,user17694@example.com,City 5
User 17695,user17695@example.com,City 6
User 17696,user17696@example.com,City 7
User 17697,user17697@example.com,City 8
User 17698,user17698@example.com,City 9
User 17699,user17699@example.com,City 10
User 17700,user17700@example.com,City 1
User 17701,user17701@example.com,City 2
User 17702,user17702@example.com,City 3
User 17703,user17703@example.com,City 4
User 17704,user17704@example.com,City 5
User 17705,user17705@example.com,City 6
User 17706,user17706@example.com,City 7
User 17707,user17707@example.com,City 8
User 17708,user17708@example.com,City 9
User 17709,user17709@example.com,City 10
User 17710,user17710@example.com,City 1
User 17711,user17711@example.com,City 2
User 17712,user17712@example.com,City 3
User 17713,user17713@example.com,City 4
User 17714,user17714@example.com,City 5
User 17715,user17715@example.com,City 6
User 17716,user17716@example.com,City 7
User 17717,user17717@example.com,City 8
User 17718,user17718@example.com,City 9
User 17719,user17719@example.com,City 10
User 17720,user17720@example.com,City 1
User 17721,user17721@example.com,City 2
User 17722,user17722@example.com,City 3
User 17723,user17723@example.com,City 4
User 17724,user17724@example.com,City 5
User 17725,user17725@example.com,City 6
User 17726,user17726@example.com,City 7
User 17727,user17727@example.com,City 8
User 17728,user17728@example.com,City 9
User 17729,user17729@example.com,City 10
User 17730,user17730@example.com,City 1
User 17731,user17731@example.com,City 2
User 17732,user17732@example.com,City 3
User 17733,user17733@example.com,City 4
User 17734,user17734@example.com,City 5
User 17735,user17735@example.com,City 6
User 17736,user17736@example.com,City 7
User 17737,user17737@example.com,City 8
User 17738,user17738@example.com,City 9
User 17739,user17739@example.com,City 10
User 17740,user17740@example.com,City 1
User 17741,user17741@example.com,City 2
User 17742,user17742@example.com,City 3
User 17743,user17743@example.com,City 4
User 17744,user17744@example.com,City 5
User 17745,user17745@example.com,City 6
User 17746,user17746@example.com,City 7
User 17747,user17747@example.com,City 8
User 17748,user17748@example.com,City 9
User 17749,user17749@example.com,City 10
User 17750,user17750@example.com,City 1
User 17751,user17751@example.com,City 2
User 17752,user17752@example.com,City 3
User 17753,user17753@example.com,City 4
User 17754,user17754@example.com,City 5
User 17755,user17755@example.com,City 6
User 17756,user17756@example.com,City 7
User 17757,user17757@example.com,City 8
User 17758,user17758@example.com,City 9
User 17759,user17759@example.com,City 10
User 17760,user17760@example.com,City 1
User 17761,user17761@example.com,City 2
User 17762,user17762@example.com,City 3
User 17763,user17763@example.com,City 4
User 17764,user17764@example.com,City 5
User 17765,user17765@example.com,City 6
User 17766,user17766@example.com,City 7
User 17767,user17767@example.com,City 8
User 17768,user17768@example.com,City 9
User 17769,user17769@example.com,City 10
User 17770,user17770@example.com,City 1
User 17771,user17771@example.com,City 2
User 17772,user17772@example.com,City 3
User 17773,user17773@example.com,City 4
User 17774,user17774@example.com,City 5
User 17775,user17775@example.com,City 6
User 17776,user17776@example.com,City 7
User 17777,user17777@example.com,City 8
User 17778,user17778@example.com,City 9
User 17779,user17779@example.com,City 10
User 17780,user17780@example.com,City 1
User 17781,user17781@example.com,City 2
User 17782,user17782@example.com,City 3
User 17783,user17783@example.com,City 4
User 17784,user17784@example.com,City 5
User 17785,user17785@example.com,City 6
User 17786,user17786@example.com,City 7
User 17787,user17787@example.com,City 8
User 17788,user17788@example.com,City 9
User 17789,user17789@example.com,City 10
User 17790,user17790@example.com,City 1
User 17791,user17791@example.com,City 2
User 17792,user17792@example.com,City 3
User 17793,user17793@example.com,City 4
User 17794,user17794@example.com,City 5
User 17795,user17795@example.com,City 6
User 17796,user17796@example.com,City 7
User 17797,user17797@example.com,City 8
User 17798,user17798@example.com,City 9
User 17799,user17799@example.com,City 10
User 17800,user17800@example.com,City 1
User 17801,user17801@example.com,City 2
User 17802,user17802@example.com,City 3
User 17803,user17803@example.com,City 4
User 17804,user17804@example.com,City 5
User 17805,user17805@example.com,City 6
User 17806,user17806@example.com,City 7
User 17807,user17807@example.com,City 8
User 17808,user17808@example.com,City 9
User 17809,user17809@example.com,City 10
User 17810,user17810@example.com,City 1
User 17811,user17811@example.com,City 2
User 17812,user17812@example.com,City 3
User 17813,user17813@example.com,City 4
User 17814,user17814@example.com,City 5
User 17815,user17815@example.com,City 6
User 17816,user17816@example.com,City 7
User 17817,user17817@example.com,City 8
User 17818,user17818@example.com,City 9
User 17819,user17819@example.com,City 10
User 17820,user17820@example.com,City 1
User 17821,user17821@example.com,City 2
User 17822,user17822@example.com,City 3
User 17823,user17823@example.com,City 4
User 17824,user17824@example.com,City 5
User 17825,user17825@example.com,City 6
User 17826,user17826@example.com,City 7
User 17827,user17827@example.com,City 8
User 17828,user17828@example.com,City 9
User 17829,user17829@example.com,City 10
User 17830,user17830@example.com,City 1
User 17831,user17831@example.com,City 2
User 17832,user17832@example.com,City 3
User 17833,user17833@example.com,City 4
User 17834,user17834@example.com,City 5
User 17835,user17835@example.com,City 6
User 17836,user17836@example.com,City 7
User 17837,user17837@example.com,City 8
User 17838,user17838@example.com,City 9
User 17839,user17839@example.com,City 10
User 17840,user17840@example.com,City 1
User 17841,user17841@example.com,City 2
User 17842,user17842@example.com,City 3
User 17843,user17843@example.com,City 4
User 17844,user17844@example.com,City 5
User 17845,user17845@example.com,City 6
User 17846,user17846@example.com,City 7
User 17847,user17847@example.com,City 8
User 17848,user17848@example.com,City 9
User 17849,user17849@example.com,City 10
User 17850,user17850@example.com,City 1
User 17851,user17851@example.com,City 2
User 17852,user17852@example.com,City 3
User 17853,user17853@example.com,City 4
User 17854,user17854@example.com,City 5
User 17855,user17855@example.com,City 6
User 17856,user17856@example.com,City 7
User 17857,user17857@example.com,City 8
User 17858,user17858@example.com,City 9
User 17859,user17859@example.com,City 10
User 17860,user17860@example.com,City 1
User 17861,user17861@example.com,City 2
User 17862,user17862@example.com,City 3
User 17863,user17863@example.com,City 4
User 17864,user17864@example.com,City 5
User 17865,user17865@example.com,City 6
User 17866,user17866@example.com,City 7
User 17867,user17867@example.com,City 8
User 17868,user17868@example.com,City 9
User 17869,user17869@example.com,City 10
User 17870,user17870@example.com,City 1
User 17871,user17871@example.com,City 2
User 17872,user17872@example.com,City 3
User 17873,user17873@example.com,City 4
User 17874,user17874@example.com,City 5
User 17875,user17875@example.com,City 6
User 17876,user17876@example.com,City 7
User 17877,user17877@example.com,City 8
User 17878,user17878@example.com,City 9
User 17879,user17879@example.com,City 10
User 17880,user17880@example.com,City 1
User 17881,user17881@example.com,City 2
User 17882,user17882@example.com,City 3
User 17883,user17883@example.com,City 4
User 17884,user17884@example.com,City 5
User 17885,user17885@example.com,City 6
User 17886,user17886@example.com,City 7
User 17887,user17887@example.com,City 8
User 17888,user17888@example.com,City 9
User 17889,user17889@example.com,City 10
User 17890,user17890@example.com,City 1
User 17891,user17891@example.com,City 2
User 17892,user17892@example.com,City 3
User 17893,user17893@example.com,City 4
User 17894,user17894@example.com,City 5
User 17895,user17895@example.com,City 6
User 17896,user17896@example.com,City 7
User 17897,user17897@example.com,City 8
User 17898,user17898@example.com,City 9
User 17899,user17899@example.com,City 10
User 17900,user17900@example.com,City 1
User 17901,user17901@example.com,City 2
User 17902,user17902@example.com,City 3
User 17903,user17903@example.com,City 4
User 17904,user17904@example.com,City 5
User 17905,user17905@example.com,City 6
User 17906,user17906@example.com,City 7
User 17907,user17907@example.com,City 8
User 17908,user17908@example.com,City 9
User 17909,user17909@example.com,City 10
User 17910,user17910@example.com,City 1
User 17911,user17911@example.com,City 2
User 17912,user17912@example.com,City 3
User 17913,user17913@example.com,City 4
User 17914,user17914@example.com,City 5
User 17915,user17915@example.com,City 6
User 17916,user17916@example.com,City 7
User 17917,user17917@example.com,City 8
User 17918,user17918@example.com,City 9
User 17919,user17919@example.com,City 10
User 17920,user17920@example.com,City 1
User 17921,user17921@example.com,City 2
User 17922,user17922@example.com,City 3
User 17923,user17923@example.com,City 4
User 17924,user17924@example.com,City 5
User 17925,user17925@example.com,City 6
User 17926,user17926@example.com,City 7
User 17927,user17927@example.com,City 8
User 17928,user17928@example.com,City 9
User 17929,user17929@example.com,City 10
User 17930,user17930@example.com,City 1
User 17931,user17931@example.com,City 2
User 17932,user17932@example.com,City 3
User 17933,user17933@example.com,City 4
User 17934,user17934@example.com,City 5
User 17935,user17935@example.com,City 6
User 17936,user17936@example.com,City 7
User 17937,user17937@example.com,City 8
User 17938,user17938@example.com,City 9
User 17939,user17939@example.com,City 10
User 17940,user17940@example.com,City 1
User 17941,user17941@example.com,City 2
User 17942,user17942@example.com,City 3
User 17943,user17943@example.com,City 4
User 17944,user17944@example.com,City 5
User 17945,user17945@example.com,City 6
User 17946,user17946@example.com,City 7
User 17947,user17947@example.com,City 8
User 17948,user17948@example.com,City 9
User 17949,user17949@example.com,City 10
User 17950,user17950@example.com,City 1
User 17951,user17951@example.com,City 2
User 17952,user17952@example.com,City 3
User 17953,user17953@example.com,City 4
User 17954,user17954@example.com,City 5
User 17955,user17955@example.com,City 6
User 17956,user17956@example.com,City 7
User 17957,user17957@example.com,City 8
User 17958,user17958@example.com,City 9
User 17959,user17959@example.com,City 10
User 17960,user17960@example.com,City 1
User 17961,user17961@example.com,City 2
User 17962,user17962@example.com,City 3
User 17963,user17963@example.com,City 4
User 17964,user17964@example.com,City 5
User 17965,user17965@example.com,City 6
User 17966,user17966@example.com,City 7
User 17967,user17967@example.com,City 8
User 17968,user17968@example.com,City 9
User 17969,user17969@example.com,City 10
User 17970,user17970@example.com,City 1
User 17971,user17971@example.com,City 2
User 17972,user17972@example.com,City 3
User 17973,user17973@example.com,City 4
User 17974,user17974@example.com,City 5
User 17975,user17975@example.com,City 6
User 17976,user17976@example.com,City 7
User 17977,user17977@example.com,City 8
User 17978,user17978@example.com,City 9
User 17979,user17979@example.com,City 10
User 17980,user17980@example.com,City 1
User 17981,user17981@example.com,City 2
User 17982,user17982@example.com,City 3
User 17983,user17983@example.com,City 4
User 17984,user17984@example.com,City 5
User 17985,user17985@example.com,City 6
User 17986,user17986@example.com,City 7
User 17987,user17987@example.com,City 8
User 17988,user17988@example.com,City 9
User 17989,user17989@example.com,City 10
User 17990,user17990@example.com,City 1
User 17991,user17991@example.com,City 2
User 17992,user17992@example.com,City 3
User 17993,user17993@example.com,City 4
User 17994,user17994@example.com,City 5
User 17995,user17995@example.com,City 6
User 17996,user17996@example.com,City 7
User 17997,user17997@example.com,City 8
User 17998,user17998@example.com,City 9
User 17999,user17999@example.com,City 10
User 18000,user18000@example.com,City 1
User 18001,user18001@example.com,City 2
User 18002,user18002@example.com,City 3
User 18003,user18003@example.com,City 4
User 18004,user18004@example.com,City 5
User 18005,user18005@example.com,City 6
User 18006,user18006@example.com,City 7
User 18007,user18007@example.com,City 8
User 18008,user18008@example.com,City 9
User 18009,user18009@example.com,City 10
User 18010,user18010@example.com,City 1
User 18011,user18011@example.com,City 2
User 18012,user18012@example.com,City 3
User 18013,user18013@example.com,City 4
User 18014,user18014@example.com,City 5
User 18015,user18015@example.com,City 6
User 18016,user18016@example.com,City 7
User 18017,user18017@example.com,City 8
User 18018,user18018@example.com,City 9
User 18019,user18019@example.com,City 10
User 18020,user18020@example.com,City 1
User 18021,user18021@example.com,City 2
User 18022,user18022@example.com,City 3
User 18023,user18023@example.com,City 4
User 18024,user18024@example.com,City 5
User 18025,user18025@example.com,City 6
User 18026,user18026@example.com,City 7
User 18027,user18027@example.com,City 8
User 18028,user18028@example.com,City 9
User 18029,user18029@example.com,City 10
User 18030,user18030@example.com,City 1
User 18031,user18031@example.com,City 2
User 18032,user18032@example.com,City 3
User 18033,user18033@example.com,City 4
User 18034,user18034@example.com,City 5
User 18035,user18035@example.com,City 6
User 18036,user18036@example.com,City 7
User 18037,user18037@example.com,City 8
User 18038,user18038@example.com,City 9
User 18039,user18039@example.com,City 10
User 18040,user18040@example.com,City 1
User 18041,user18041@example.com,City 2
User 18042,user18042@example.com,City 3
User 18043,user18043@example.com,City 4
User 18044,user18044@example.com,City 5
User 18045,user18045@example.com,City 6
User 18046,user18046@example.com,City 7
User 18047,user18047@example.com,City 8
User 18048,user18048@example.com,City 9
User 18049,user18049@example.com,City 10
User 18050,user18050@example.com,City 1
User 18051,user18051@example.com,City 2
User 18052,user18052@example.com,City 3
User 18053,user18053@example.com,City 4
User 18054,user18054@example.com,City 5
User 18055,user18055@example.com,City 6
User 18056,user18056@example.com,City 7
User 18057,user18057@example.com,City 8
User 18058,user18058@example.com,City 9
User 18059,user18059@example.com,City 10
User 18060,user18060@example.com,City 1
User 18061,user18061@example.com,City 2
User 18062,user18062@example.com,City 3
User 18063,user18063@example.com,City 4
User 18064,user18064@example.com,City 5
User 18065,user18065@example.com,City 6
User 18066,user18066@example.com,City 7
User 18067,user18067@example.com,City 8
User 18068,user18068@example.com,City 9
User 18069,user18069@example.com,City 10
User 18070,user18070@example.com,City 1
User 18071,user18071@example.com,City 2
User 18072,user18072@example.com,City 3
User 18073,user18073@example.com,City 4
User 18074,user18074@example.com,City 5
User 18075,user18075@example.com,City 6
User 18076,user18076@example.com,City 7
User 18077,user18077@example.com,City 8
User 18078,user18078@example.com,City 9
User 18079,user18079@example.com,City 10
User 18080,user18080@example.com,City 1
User 18081,user18081@example.com,City 2
User 18082,user18082@example.com,City 3
User 18083,user18083@example.com,City 4
User 18084,user18084@example.com,City 5
User 18085,user18085@example.com,City 6
User 18086,user18086@example.com,City 7
User 18087,user18087@example.com,City 8
User 18088,user18088@example.com,City 9
User 18089,user18089@example.com,City 10
User 18090,user18090@example.com,City 1
User 18091,user18091@example.com,City 2
User 18092,user18092@example.com,City 3
User 18093,user18093@example.com,City 4
User 18094,user18094@example.com,City 5
User 18095,user18095@example.com,City 6
User 18096,user18096@example.com,City 7
User 18097,user18097@example.com,City 8
User 18098,user18098@example.com,City 9
User 18099,user18099@example.com,City 10
User 18100,user18100@example.com,City 1
User 18101,user18101@example.com,City 2
User 18102,user18102@example.com,City 3
User 18103,user18103@example.com,City 4
User 18104,user18104@example.com,City 5
User 18105,user18105@example.com,City 6
User 18106,user18106@example.com,City 7
User 18107,user18107@example.com,City 8
User 18108,user18108@example.com,City 9
User 18109,user18109@example.com,City 10
User 18110,user18110@example.com,City 1
User 18111,user18111@example.com,City 2
User 18112,user18112@example.com,City 3
User 18113,user18113@example.com,City 4
User 18114,user18114@example.com,City 5
User 18115,user18115@example.com,City 6
User 18116,user18116@example.com,City 7
User 18117,user18117@example.com,City 8
User 18118,user18118@example.com,City 9
User 18119,user18119@example.com,City 10
User 18120,user18120@example.com,City 1
User 18121,user18121@example.com,City 2
User 18122,user18122@example.com,City 3
User 18123,user18123@example.com,City 4
User 18124,user18124@example.com,City 5
User 18125,user18125@example.com,City 6
User 18126,user18126@example.com,City 7
User 18127,user18127@example.com,City 8
User 18128,user18128@example.com,City 9
User 18129,user18129@example.com,City 10
User 18130,user18130@example.com,City 1
User 18131,user18131@example.com,City 2
User 18132,user18132@example.com,City 3
User 18133,user18133@example.com,City 4
User 18134,user18134@example.com,City 5
User 18135,user18135@example.com,City 6
User 18136,user18136@example.com,City 7
User 18137,user18137@example.com,City 8
User 18138,user18138@example.com,City 9
User 18139,user18139@example.com,City 10
User 18140,user18140@example.com,City 1
User 18141,user18141@example.com,City 2
User 18142,user18142@example.com,City 3
User 18143,user18143@example.com,City 4
User 18144,user18144@example.com,City 5
User 18145,user18145@example.com,City 6
User 18146,user18146@example.com,City 7
User 18147,user18147@example.com,City 8
User 18148,user18148@example.com,City 9
User 18149,user18149@example.com,City 10
User 18150,user18150@example.com,City 1
User 18151,user18151@example.com,City 2
User 18152,user18152@example.com,City 3
User 18153,user18153@example.com,City 4
User 18154,user18154@example.com,City 5
User 18155,user18155@example.com,City 6
User 18156,user18156@example.com,City 7
User 18157,user18157@example.com,City 8
User 18158,user18158@example.com,City 9
User 18159,user18159@example.com,City 10
User 18160,user18160@example.com,City 1
User 18161,user18161@example.com,City 2
User 18162,user18162@example.com,City 3
User 18163,user18163@example.com,City 4
User 18164,user18164@example.com,City 5
User 18165,user18165@example.com,City 6
User 18166,user18166@example.com,City 7
User 18167,user18167@example.com,City 8
User 18168,user18168@example.com,City 9
User 18169,user18169@example.com,City 10
User 18170,user18170@example.com,City 1
User 18171,user18171@example.com,City 2
User 18172,user18172@example.com,City 3
User 18173,user18173@example.com,City 4
User 18174,user18174@example.com,City 5
User 18175,user18175@example.com,City 6
User 18176,user18176@example.com,City 7
User 18177,user18177@example.com,City 8
User 18178,user18178@example.com,City 9
User 18179,user18179@example.com,City 10
User 18180,user18180@example.com,City 1
User 18181,user18181@example.com,City 2
User 18182,user18182@example.com,City 3
User 18183,user18183@example.com,City 4
User 18184,user18184@example.com,City 5
User 18185,user18185@example.com,City 6
User 18186,user18186@example.com,City 7
User 18187,user18187@example.com,City 8
User 18188,user18188@example.com,City 9
User 18189,user18189@example.com,City 10
User 18190,user18190@example.com,City 1
User 18191,user18191@example.com,City 2
User 18192,user18192@example.com,City 3
User 18193,user18193@example.com,City 4
User 18194,user18194@example.com,City 5
User 18195,user18195@example.com,City 6
User 18196,user18196@example.com,City 7
User 18197,user18197@example.com,City 8
User 18198,user18198@example.com,City 9
User 18199,user18199@example.com,City 10
User 18200,user18200@example.com,City 1
User 18201,user18201@example.com,City 2
User 18202,user18202@example.com,City 3
User 18203,user18203@example.com,City 4
User 18204,user18204@example.com,City 5
User 18205,user18205@example.com,City 6
User 18206,user18206@example.com,City 7
User 18207,user18207@example.com,City 8
User 18208,user18208@example.com,City 9
User 18209,user18209@example.com,City 10
User 18210,user18210@example.com,City 1
User 18211,user18211@example.com,City 2
User 18212,user18212@example.com,City 3
User 18213,user18213@example.com,City 4
User 18214,user18214@example.com,City 5
User 18215,user18215@example.com,City 6
User 18216,user18216@example.com,City 7
User 18217,user18217@example.com,City 8
User 18218,user18218@example.com,City 9
User 18219,user18219@example.com,City 10
User 18220,user18220@example.com,City 1
User 18221,user18221@example.com,City 2
User 18222,user18222@example.com,City 3
User 18223,user18223@example.com,City 4
User 18224,user18224@example.com,City 5
User 18225,user18225@example.com,City 6
User 18226,user18226@example.com,City 7
User 18227,user18227@example.com,City 8
User 18228,user18228@example.com,City 9
User 18229,user18229@example.com,City 10
User 18230,user18230@example.com,City 1
User 18231,user18231@example.com,City 2
User 18232,user18232@example.com,City 3
User 18233,user18233@example.com,City 4
User 18234,user18234@example.com,City 5
User 18235,user18235@example.com,City 6
User 18236,user18236@example.com,City 7
User 18237,user18237@example.com,City 8
User 18238,user18238@example.com,City 9
User 18239,user18239@example.com,City 10
User 18240,user18240@example.com,City 1
User 18241,user18241@example.com,City 2
User 18242,user18242@example.com,City 3
User 18243,user18243@example.com,City 4
User 18244,user18244@example.com,City 5
User 18245,user18245@example.com,City 6
User 18246,user18246@example.com,City 7
User 18247,user18247@example.com,City 8
User 18248,user18248@example.com,City 9
User 18249,user18249@example.com,City 10
User 18250,user18250@example.com,City 1
User 18251,user18251@example.com,City 2
User 18252,user18252@example.com,City 3
User 18253,user18253@example.com,City 4
User 18254,user18254@example.com,City 5
User 18255,user18255@example.com,City 6
User 18256,user18256@example.com,City 7
User 18257,user18257@example.com,City 8
User 18258,user18258@example.com,City 9
User 18259,user18259@example.com,City 10
User 18260,user18260@example.com,City 1
User 18261,user18261@example.com,City 2
User 18262,user18262@example.com,City 3
User 18263,user18263@example.com,City 4
User 18264,user18264@example.com,City 5
User 18265,user18265@example.com,City 6
User 18266,user18266@example.com,City 7
User 18267,user18267@example.com,City 8
User 18268,user18268@example.com,City 9
User 18269,user18269@example.com,City 10
User 18270,user18270@example.com,City 1
User 18271,user18271@example.com,City 2
User 18272,user18272@example.com,City 3
User 18273,user18273@example.com,City 4
User 18274,user18274@example.com,City 5
User 18275,user18275@example.com,City 6
User 18276,user18276@example.com,City 7
User 18277,user18277@example.com,City 8
User 18278,user18278@example.com,City 9
User 18279,user18279@example.com,City 10
User 18280,user18280@example.com,City 1
User 18281,user18281@example.com,City 2
User 18282,user18282@example.com,City 3
User 18283,user18283@example.com,City 4
User 18284,user18284@example.com,City 5
User 18285,user18285@example.com,City 6
User 18286,user18286@example.com,City 7
User 18287,user18287@example.com,City 8
User 18288,user18288@example.com,City 9
User 18289,user18289@example.com,City 10
User 18290,user18290@example.com,City 1
User 18291,user18291@example.com,City 2
User 18292,user18292@example.com,City 3
User 18293,user18293@example.com,City 4
User 18294,user18294@example.com,City 5
User 18295,user18295@example.com,City 6
User 18296,user18296@example.com,City 7
User 18297,user18297@example.com,City 8
User 18298,user18298@example.com,City 9
User 18299,user18299@example.com,City 10
User 18300,user18300@example.com,City 1
User 18301,user18301@example.com,City 2
User 18302,user18302@example.com,City 3
User 18303,user18303@example.com,City 4
User 18304,user18304@example.com,City 5
User 18305,user18305@example.com,City 6
User 18306,user18306@example.com,City 7
User 18307,user18307@example.com,City 8
User 18308,user18308@example.com,City 9
User 18309,user18309@example.com,City 10
User 18310,user18310@example.com,City 1
User 18311,user18311@example.com,City 2
User 18312,user18312@example.com,City 3
User 18313,user18313@example.com,City 4
User 18314,user18314@example.com,City 5
User 18315,user18315@example.com,City 6
User 18316,user18316@example.com,City 7
User 18317,user18317@example.com,City 8
User 18318,user18318@example.com,City 9
User 18319,user18319@example.com,City 10
User 18320,user18320@example.com,City 1
User 18321,user18321@example.com,City 2
User 18322,user18322@example.com,City 3
User 18323,user18323@example.com,City 4
User 18324,user18324@example.com,City 5
User 18325,user18325@example.com,City 6
User 18326,user18326@example.com,City 7
User 18327,user18327@example.com,City 8
User 18328,user18328@example.com,City 9
User 18329,user18329@example.com,City 10
User 18330,user18330@example.com,City 1
User 18331,user18331@example.com,City 2
User 18332,user18332@example.com,City 3
User 18333,user18333@example.com,City 4
User 18334,user18334@example.com,City 5
User 18335,user18335@example.com,City 6
User 18336,user18336@example.com,City 7
User 18337,user18337@example.com,City 8
User 18338,user18338@example.com,City 9
User 18339,user18339@example.com,City 10
User 18340,user18340@example.com,City 1
User 18341,user18341@example.com,City 2
User 18342,user18342@example.com,City 3
User 18343,user18343@example.com,City 4
User 18344,user18344@example.com,City 5
User 18345,user18345@example.com,City 6
User 18346,user18346@example.com,City 7
User 18347,user18347@example.com,City 8
User 18348,user18348@example.com,City 9
User 18349,user18349@example.com,City 10
User 18350,user18350@example.com,City 1
User 18351,user18351@example.com,City 2
User 18352,user18352@example.com,City 3
User 18353,user18353@example.com,City 4
User 18354,user18354@example.com,City 5
User 18355,user18355@example.com,City 6
User 18356,user18356@example.com,City 7
User 18357,user18357@example.com,City 8
User 18358,user18358@example.com,City 9
User 18359,user18359@example.com,City 10
User 18360,user18360@example.com,City 1
User 18361,user18361@example.com,City 2
User 18362,user18362@example.com,City 3
User 18363,user18363@example.com,City 4
User 18364,user18364@example.com,City 5
User 18365,user18365@example.com,City 6
User 18366,user18366@example.com,City 7
User 18367,user18367@example.com,City 8
User 18368,user18368@example.com,City 9
User 18369,user18369@example.com,City 10
User 18370,user18370@example.com,City 1
User 18371,user18371@example.com,City 2
User 18372,user18372@example.com,City 3
User 18373,user18373@example.com,City 4
User 18374,user18374@example.com,City 5
User 18375,user18375@example.com,City 6
User 18376,user18376@example.com,City 7
User 18377,user18377@example.com,City 8
User 18378,user18378@example.com,City 9
User 18379,user18379@example.com,City 10
User 18380,user18380@example.com,City 1
User 18381,user18381@example.com,City 2
User 18382,user18382@example.com,City 3
User 18383,user18383@example.com,City 4
User 18384,user18384@example.com,City 5
User 18385,user18385@example.com,City 6
User 18386,user18386@example.com,City 7
User 18387,user18387@example.com,City 8
User 18388,user18388@example.com,City 9
User 18389,user18389@example.com,City 10
User 18390,user18390@example.com,City 1
User 18391,user18391@example.com,City 2
User 18392,user18392@example.com,City 3
User 18393,user18393@example.com,City 4
User 18394,user18394@example.com,City 5
User 18395,user18395@example.com,City 6
User 18396,user18396@example.com,City 7
User 18397,user18397@example.com,City 8
User 18398,user18398@example.com,City 9
User 18399,user18399@example.com,City 10
User 18400,user18400@example.com,City 1
User 18401,user18401@example.com,City 2
User 18402,user18402@example.com,City 3
User 18403,user18403@example.com,City 4
User 18404,user18404@example.com,City 5
User 18405,user18405@example.com,City 6
User 18406,user18406@example.com,City 7
User 18407,user18407@example.com,City 8
User 18408,user18408@example.com,City 9
User 18409,user18409@example.com,City 10
User 18410,user18410@example.com,City 1
User 18411,user18411@example.com,City 2
User 18412,user18412@example.com,City 3
User 18413,user18413@example.com,City 4
User 18414,user18414@example.com,City 5
User 18415,user18415@example.com,City 6
User 18416,user18416@example.com,City 7
User 18417,user18417@example.com,City 8
User 18418,user18418@example.com,City 9
User 18419,user18419@example.com,City 10
User 18420,user18420@example.com,City 1
User 18421,user18421@example.com,City 2
User 18422,user18422@example.com,City 3
User 18423,user18423@example.com,City 4
User 18424,user18424@example.com,City 5
User 18425,user18425@example.com,City 6
User 18426,user18426@example.com,City 7
User 18427,user18427@example.com,City 8
User 18428,user18428@example.com,City 9
User 18429,user18429@example.com,City 10
User 18430,user18430@example.com,City 1
User 18431,user18431@example.com,City 2
User 18432,user18432@example.com,City 3
User 18433,user18433@example.com,City 4
User 18434,user18434@example.com,City 5
User 18435,user18435@example.com,City 6
User 18436,user18436@example.com,City 7
User 18437,user18437@example.com,City 8
User 18438,user18438@example.com,City 9
User 18439,user18439@example.com,City 10
User 18440,user18440@example.com,City 1
User 18441,user18441@example.com,City 2
User 18442,user18442@example.com,City 3
User 18443,user18443@example.com,City 4
User 18444,user18444@example.com,City 5
User 18445,user18445@example.com,City 6
User 18446,user18446@example.com,City 7
User 18447,user18447@example.com,City 8
User 18448,user18448@example.com,City 9
User 18449,user18449@example.com,City 10
User 18450,user18450@example.com,City 1
User 18451,user18451@example.com,City 2
User 18452,user18452@example.com,City 3
User 18453,user18453@example.com,City 4
User 18454,user18454@example.com,City 5
User 18455,user18455@example.com,City 6
User 18456,user18456@example.com,City 7
User 18457,user18457@example.com,City 8
User 18458,user18458@example.com,City 9
User 18459,user18459@example.com,City 10
User 18460,user18460@example.com,City 1
User 18461,user18461@example.com,City 2
User 18462,user18462@example.com,City 3
User 18463,user18463@example.com,City 4
User 18464,user18464@example.com,City 5
User 18465,user18465@example.com,City 6
User 18466,user18466@example.com,City 7
User 18467,user18467@example.com,City 8
User 18468,user18468@example.com,City 9
User 18469,user18469@example.com,City 10
User 18470,user18470@example.com,City 1
User 18471,user18471@example.com,City 2
User 18472,user18472@example.com,City 3
User 18473,user18473@example.com,City 4
User 18474,user18474@example.com,City 5
User 18475,user18475@example.com,City 6
User 18476,user18476@example.com,City 7
User 18477,user18477@example.com,City 8
User 18478,user18478@example.com,City 9
User 18479,user18479@example.com,City 10
User 18480,user18480@example.com,City 1
User 18481,user18481@example.com,City 2
User 18482,user18482@example.com,City 3
User 18483,user18483@example.com,City 4
User 18484,user18484@example.com,City 5
User 18485,user18485@example.com,City 6
User 18486,user18486@example.com,City 7
User 18487,user18487@example.com,City 8
User 18488,user18488@example.com,City 9
User 18489,user18489@example.com,City 10
User 18490,user18490@example.com,City 1
User 18491,user18491@example.com,City 2
User 18492,user18492@example.com,City 3
User 18493,user18493@example.com,City 4
User 18494,user18494@example.com,City 5
User 18495,user18495@example.com,City 6
User 18496,user18496@example.com,City 7
User 18497,user18497@example.com,City 8
User 18498,user18498@example.com,City 9
User 18499,user18499@example.com,City 10
User 18500,user18500@example.com,City 1
User 18501,user18501@example.com,City 2
User 18502,user18502@example.com,City 3
User 18503,user18503@example.com,City 4
User 18504,user18504@example.com,City 5
User 18505,user18505@example.com,City 6
User 18506,user18506@example.com,City 7
User 18507,user18507@example.com,City 8
User 18508,user18508@example.com,City 9
User 18509,user18509@example.com,City 10
User 18510,user18510@example.com,City 1
User 18511,user18511@example.com,City 2
User 18512,user18512@example.com,City 3
User 18513,user18513@example.com,City 4
User 18514,user18514@example.com,City 5
User 18515,user18515@example.com,City 6
User 18516,user18516@example.com,City 7
User 18517,user18517@example.com,City 8
User 18518,user18518@example.com,City 9
User 18519,user18519@example.com,City 10
User 18520,user18520@example.com,City 1
User 18521,user18521@example.com,City 2
User 18522,user18522@example.com,City 3
User 18523,user18523@example.com,City 4
User 18524,user18524@example.com,City 5
User 18525,user18525@example.com,City 6
User 18526,user18526@example.com,City 7
User 18527,user18527@example.com,City 8
User 18528,user18528@example.com,City 9
User 18529,user18529@example.com,City 10
User 18530,user18530@example.com,City 1
User 18531,user18531@example.com,City 2
User 18532,user18532@example.com,City 3
User 18533,user18533@example.com,City 4
User 18534,user18534@example.com,City 5
User 18535,user18535@example.com,City 6
User 18536,user18536@example.com,City 7
User 18537,user18537@example.com,City 8
User 18538,user18538@example.com,City 9
User 18539,user18539@example.com,City 10
User 18540,user18540@example.com,City 1
User 18541,user18541@example.com,City 2
User 18542,user18542@example.com,City 3
User 18543,user18543@example.com,City 4
User 18544,user18544@example.com,City 5
User 18545,user18545@example.com,City 6
User 18546,user18546@example.com,City 7
User 18547,user18547@example.com,City 8
User 18548,user18548@example.com,City 9
User 18549,user18549@example.com,City 10
User 18550,user18550@example.com,City 1
User 18551,user18551@example.com,City 2
User 18552,user18552@example.com,City 3
User 18553,user18553@example.com,City 4
User 18554,user18554@example.com,City 5
User 18555,user18555@example.com,City 6
User 18556,user18556@example.com,City 7
User 18557,user18557@example.com,City 8
User 18558,user18558@example.com,City 9
User 18559,user18559@example.com,City 10
User 18560,user18560@example.com,City 1
User 18561,user18561@example.com,City 2
User 18562,user18562@example.com,City 3
User 18563,user18563@example.com,City 4
User 18564,user18564@example.com,City 5
User 18565,user18565@example.com,City 6
User 18566,user18566@example.com,City 7
User 18567,user18567@example.com,City 8
User 18568,user18568@example.com,City 9
User 18569,user18569@example.com,City 10
User 18570,user18570@example.com,City 1
User 18571,user18571@example.com,City 2
User 18572,user18572@example.com,City 3
User 18573,user18573@example.com,City 4
User 18574,user18574@example.com,City 5
User 18575,user18575@example.com,City 6
User 18576,user18576@example.com,City 7
User 18577,user18577@example.com,City 8
User 18578,user18578@example.com,City 9
User 18579,user18579@example.com,City 10
User 18580,user18580@example.com,City 1
User 18581,user18581@example.com,City 2
User 18582,user18582@example.com,City 3
User 18583,user18583@example.com,City 4
User 18584,user18584@example.com,City 5
User 18585,user18585@example.com,City 6
User 18586,user18586@example.com,City 7
User 18587,user18587@example.com,City 8
User 18588,user18588@example.com,City 9
User 18589,user18589@example.com,City 10
User 18590,user18590@example.com,City 1
User 18591,user18591@example.com,City 2
User 18592,user18592@example.com,City 3
User 18593,user18593@example.com,City 4
User 18594,user18594@example.com,City 5
User 18595,user18595@example.com,City 6
User 18596,user18596@example.com,City 7
User 18597,user18597@example.com,City 8
User 18598,user18598@example.com,City 9
User 18599,user18599@example.com,City 10
User 18600,user18600@example.com,City 1
User 18601,user18601@example.com,City 2
User 18602,user18602@example.com,City 3
User 18603,user18603@example.com,City 4
User 18604,user18604@example.com,City 5
User 18605,user18605@example.com,City 6
User 18606,user18606@example.com,City 7
User 18607,user18607@example.com,City 8
User 18608,user18608@example.com,City 9
User 18609,user18609@example.com,City 10
User 18610,user18610@example.com,City 1
User 18611,user18611@example.com,City 2
User 18612,user18612@example.com,City 3
User 18613,user18613@example.com,City 4
User 18614,user18614@example.com,City 5
User 18615,user18615@example.com,City 6
User 18616,user18616@example.com,City 7
User 18617,user18617@example.com,City 8
User 18618,user18618@example.com,City 9
User 18619,user18619@example.com,City 10
User 18620,user18620@example.com,City 1
User 18621,user18621@example.com,City 2
User 18622,user18622@example.com,City 3
User 18623,user18623@example.com,City 4
User 18624,user18624@example.com,City 5
User 18625,user18625@example.com,City 6
User 18626,user18626@example.com,City 7
User 18627,user18627@example.com,City 8
User 18628,user18628@example.com,City 9
User 18629,user18629@example.com,City 10
User 18630,user18630@example.com,City 1
User 18631,user18631@example.com,City 2
User 18632,user18632@example.com,City 3
User 18633,user18633@example.com,City 4
User 18634,user18634@example.com,City 5
User 18635,user18635@example.com,City 6
User 18636,user18636@example.com,City 7
User 18637,user18637@example.com,City 8
User 18638,user18638@example.com,City 9
User 18639,user18639@example.com,City 10
User 18640,user18640@example.com,City 1
User 18641,user18641@example.com,City 2
User 18642,user18642@example.com,City 3
User 18643,user18643@example.com,City 4
User 18644,user18644@example.com,City 5
User 18645,user18645@example.com,City 6
User 18646,user18646@example.com,City 7
User 18647,user18647@example.com,City 8
User 18648,user18648@example.com,City 9
User 18649,user18649@example.com,City 10
User 18650,user18650@example.com,City 1
User 18651,user18651@example.com,City 2
User 18652,user18652@example.com,City 3
User 18653,user18653@example.com,City 4
User 18654,user18654@example.com,City 5
User 18655,user18655@example.com,City 6
User 18656,user18656@example.com,City 7
User 18657,user18657@example.com,City 8
User 18658,user18658@example.com,City 9
User 18659,user18659@example.com,City 10
User 18660,user18660@example.com,City 1
User 18661,user18661@example.com,City 2
User 18662,user18662@example.com,City 3
User 18663,user18663@example.com,City 4
User 18664,user18664@example.com,City 5
User 18665,user18665@example.com,City 6
User 18666,user18666@example.com,City 7
User 18667,user18667@example.com,City 8
User 18668,user18668@example.com,City 9
User 18669,user18669@example.com,City 10
User 18670,user18670@example.com,City 1
User 18671,user18671@example.com,City 2
User 18672,user18672@example.com,City 3
User 18673,user18673@example.com,City 4
User 18674,user18674@example.com,City 5
User 18675,user18675@example.com,City 6
User 18676,user18676@example.com,City 7
User 18677,user18677@example.com,City 8
User 18678,user18678@example.com,City 9
User 18679,user18679@example.com,City 10
User 18680,user18680@example.com,City 1
User 18681,user18681@example.com,City 2
User 18682,user18682@example.com,City 3
User 18683,user18683@example.com,City 4
User 18684,user18684@example.com,City 5
User 18685,user18685@example.com,City 6
User 18686,user18686@example.com,City 7
User 18687,user18687@example.com,City 8
User 18688,user18688@example.com,City 9
User 18689,user18689@example.com,City 10
User 18690,user18690@example.com,City 1
User 18691,user18691@example.com,City 2
User 18692,user18692@example.com,City 3
User 18693,user18693@example.com,City 4
User 18694,user18694@example.com,City 5
User 18695,user18695@example.com,City 6
User 18696,user18696@example.com,City 7
User 18697,user18697@example.com,City 8
User 18698,user18698@example.com,City 9
User 18699,user18699@example.com,City 10
User 18700,user18700@example.com,City 1
User 18701,user18701@example.com,City 2
User 18702,user18702@example.com,City 3
User 18703,user18703@example.com,City 4
User 18704,user18704@example.com,City 5
User 18705,user18705@example.com,City 6
User 18706,user18706@example.com,City 7
User 18707,user18707@example.com,City 8
User 18708,user18708@example.com,City 9
User 18709,user18709@example.com,City 10
User 18710,user18710@example.com,City 1
User 18711,user18711@example.com,City 2
User 18712,user18712@example.com,City 3
User 18713,user18713@example.com,City 4
User 18714,user18714@example.com,City 5
User 18715,user18715@example.com,City 6
User 18716,user18716@example.com,City 7
User 18717,user18717@example.com,City 8
User 18718,user18718@example.com,City 9
User 18719,user18719@example.com,City 10
User 18720,user18720@example.com,City 1
User 18721,user18721@example.com,City 2
User 18722,user18722@example.com,City 3
User 18723,user18723@example.com,City 4
User 18724,user18724@example.com,City 5
User 18725,user18725@example.com,City 6
User 18726,user18726@example.com,City 7
User 18727,user18727@example.com,City 8
User 18728,user18728@example.com,City 9
User 18729,user18729@example.com,City 10
User 18730,user18730@example.com,City 1
User 18731,user18731@example.com,City 2
User 18732,user18732@example.com,City 3
User 18733,user18733@example.com,City 4
User 18734,user18734@example.com,City 5
User 18735,user18735@example.com,City 6
User 18736,user18736@example.com,City 7
User 18737,user18737@example.com,City 8
User 18738,user18738@example.com,City 9
User 18739,user18739@example.com,City 10
User 18740,user18740@example.com,City 1
User 18741,user18741@example.com,City 2
User 18742,user18742@example.com,City 3
User 18743,user18743@example.com,City 4
User 18744,user18744@example.com,City 5
User 18745,user18745@example.com,City 6
User 18746,user18746@example.com,City 7
User 18747,user18747@example.com,City 8
User 18748,user18748@example.com,City 9
User 18749,user18749@example.com,City 10
User 18750,user18750@example.com,City 1
User 18751,user18751@example.com,City 2
User 18752,user18752@example.com,City 3
User 18753,user18753@example.com,City 4
User 18754,user18754@example.com,City 5
User 18755,user18755@example.com,City 6
User 18756,user18756@example.com,City 7
User 18757,user18757@example.com,City 8
User 18758,user18758@example.com,City 9
User 18759,user18759@example.com,City 10
User 18760,user18760@example.com,City 1
User 18761,user18761@example.com,City 2
User 18762,user18762@example.com,City 3
User 18763,user18763@example.com,City 4
User 18764,user18764@example.com,City 5
User 18765,user18765@example.com,City 6
User 18766,user18766@example.com,City 7
User 18767,user18767@example.com,City 8
User 18768,user18768@example.com,City 9
User 18769,user18769@example.com,City 10
User 18770,user18770@example.com,City 1
User 18771,user18771@example.com,City 2
User 18772,user18772@example.com,City 3
User 18773,user18773@example.com,City 4
User 18774,user18774@example.com,City 5
User 18775,user18775@example.com,City 6
User 18776,user18776@example.com,City 7
User 18777,user18777@example.com,City 8
User 18778,user18778@example.com,City 9
User 18779,user18779@example.com,City 10
User 18780,user18780@example.com,City 1
User 18781,user18781@example.com,City 2
User 18782,user18782@example.com,City 3
User 18783,user18783@example.com,City 4
User 18784,user18784@example.com,City 5
User 18785,user18785@example.com,City 6
User 18786,user18786@example.com,City 7
User 18787,user18787@example.com,City 8
User 18788,user18788@example.com,City 9
User 18789,user18789@example.com,City 10
User 18790,user18790@example.com,City 1
User 18791,user18791@example.com,City 2
User 18792,user18792@example.com,City 3
User 18793,user18793@example.com,City 4
User 18794,user18794@example.com,City 5
User 18795,user18795@example.com,City 6
User 18796,user18796@example.com,City 7
User 18797,user18797@example.com,City 8
User 18798,user18798@example.com,City 9
User 18799,user18799@example.com,City 10
User 18800,user18800@example.com,City 1
User 18801,user18801@example.com,City 2
User 18802,user18802@example.com,City 3
User 18803,user18803@example.com,City 4
User 18804,user18804@example.com,City 5
User 18805,user18805@example.com,City 6
User 18806,user18806@example.com,City 7
User 18807,user18807@example.com,City 8
User 18808,user18808@example.com,City 9
User 18809,user18809@example.com,City 10
User 18810,user18810@example.com,City 1
User 18811,user18811@example.com,City 2
User 18812,user18812@example.com,City 3
User 18813,user18813@example.com,City 4
User 18814,user18814@example.com,City 5
User 18815,user18815@example.com,City 6
User 18816,user18816@example.com,City 7
User 18817,user18817@example.com,City 8
User 18818,user18818@example.com,City 9
User 18819,user18819@example.com,City 10
User 18820,user18820@example.com,City 1
User 18821,user18821@example.com,City 2
User 18822,user18822@example.com,City 3
User 18823,user18823@example.com,City 4
User 18824,user18824@example.com,City 5
User 18825,user18825@example.com,City 6
User 18826,user18826@example.com,City 7
User 18827,user18827@example.com,City 8
User 18828,user18828@example.com,City 9
User 18829,user18829@example.com,City 10
User 18830,user18830@example.com,City 1
User 18831,user18831@example.com,City 2
User 18832,user18832@example.com,City 3
User 18833,user18833@example.com,City 4
User 18834,user18834@example.com,City 5
User 18835,user18835@example.com,City 6
User 18836,user18836@example.com,City 7
User 18837,user18837@example.com,City 8
User 18838,user18838@example.com,City 9
User 18839,user18839@example.com,City 10
User 18840,user18840@example.com,City 1
User 18841,user18841@example.com,City 2
User 18842,user18842@example.com,City 3
User 18843,user18843@example.com,City 4
User 18844,user18844@example.com,City 5
User 18845,user18845@example.com,City 6
User 18846,user18846@example.com,City 7
User 18847,user18847@example.com,City 8
User 18848,user18848@example.com,City 9
User 18849,user18849@example.com,City 10
User 18850,user18850@example.com,City 1
User 18851,user18851@example.com,City 2
User 18852,user18852@example.com,City 3
User 18853,user18853@example.com,City 4
User 18854,user18854@example.com,City 5
User 18855,user18855@example.com,City 6
User 18856,user18856@example.com,City 7
User 18857,user18857@example.com,City 8
User 18858,user18858@example.com,City 9
User 18859,user18859@example.com,City 10
User 18860,user18860@example.com,City 1
User 18861,user18861@example.com,City 2
User 18862,user18862@example.com,City 3
User 18863,user18863@example.com,City 4
User 18864,user18864@example.com,City 5
User 18865,user18865@example.com,City 6
User 18866,user18866@example.com,City 7
User 18867,user18867@example.com,City 8
User 18868,user18868@example.com,City 9
User 18869,user18869@example.com,City 10
User 18870,user18870@example.com,City 1
User 18871,user18871@example.com,City 2
User 18872,user18872@example.com,City 3
User 18873,user18873@example.com,City 4
User 18874,user18874@example.com,City 5
User 18875,user18875@example.com,City 6
User 18876,user18876@example.com,City 7
User 18877,user18877@example.com,City 8
User 18878,user18878@example.com,City 9
User 18879,user18879@example.com,City 10
User 18880,user18880@example.com,City 1
User 18881,user18881@example.com,City 2
User 18882,user18882@example.com,City 3
User 18883,user18883@example.com,City 4
User 18884,user18884@example.com,City 5
User 18885,user18885@example.com,City 6
User 18886,user18886@example.com,City 7
User 18887,user18887@example.com,City 8
User 18888,user18888@example.com,City 9
User 18889,user18889@example.com,City 10
User 18890,user18890@example.com,City 1
User 18891,user18891@example.com,City 2
User 18892,user18892@example.com,City 3
User 18893,user18893@example.com,City 4
User 18894,user18894@example.com,City 5
User 18895,user18895@example.com,City 6
User 18896,user18896@example.com,City 7
User 18897,user18897@example.com,City 8
User 18898,user18898@example.com,City 9
User 18899,user18899@example.com,City 10
User 18900,user18900@example.com,City 1
User 18901,user18901@example.com,City 2
User 18902,user18902@example.com,City 3
User 18903,user18903@example.com,City 4
User 18904,user18904@example.com,City 5
User 18905,user18905@example.com,City 6
User 18906,user18906@example.com,City 7
User 18907,user18907@example.com,City 8
User 18908,user18908@example.com,City 9
User 18909,user18909@example.com,City 10
User 18910,user18910@example.com,City 1
User 18911,user18911@example.com,City 2
User 18912,user18912@example.com,City 3
User 18913,user18913@example.com,City 4
User 18914,user18914@example.com,City 5
User 18915,user18915@example.com,City 6
User 18916,user18916@example.com,City 7
User 18917,user18917@example.com,City 8
User 18918,user18918@example.com,City 9
User 18919,user18919@example.com,City 10
User 18920,user18920@example.com,City 1
User 18921,user18921@example.com,City 2
User 18922,user18922@example.com,City 3
User 18923,user18923@example.com,City 4
User 18924,user18924@example.com,City 5
User 18925,user18925@example.com,City 6
User 18926,user18926@example.com,City 7
User 18927,user18927@example.com,City 8
User 18928,user18928@example.com,City 9
User 18929,user18929@example.com,City 10
User 18930,user18930@example.com,City 1
User 18931,user18931@example.com,City 2
User 18932,user18932@example.com,City 3
User 18933,user18933@example.com,City 4
User 18934,user18934@example.com,City 5
User 18935,user18935@example.com,City 6
User 18936,user18936@example.com,City 7
User 18937,user18937@example.com,City 8
User 18938,user18938@example.com,City 9
User 18939,user18939@example.com,City 10
User 18940,user18940@example.com,City 1
User 18941,user18941@example.com,City 2
User 18942,user18942@example.com,City 3
User 18943,user18943@example.com,City 4
User 18944,user18944@example.com,City 5
User 18945,user18945@example.com,City 6
User 18946,user18946@example.com,City 7
User 18947,user18947@example.com,City 8
User 18948,user18948@example.com,City 9
User 18949,user18949@example.com,City 10
User 18950,user18950@example.com,City 1
User 18951,user18951@example.com,City 2
User 18952,user18952@example.com,City 3
User 18953,user18953@example.com,City 4
User 18954,user18954@example.com,City 5
User 18955,user18955@example.com,City 6
User 18956,user18956@example.com,City 7
User 18957,user18957@example.com,City 8
User 18958,user18958@example.com,City 9
User 18959,user18959@example.com,City 10
User 18960,user18960@example.com,City 1
User 18961,user18961@example.com,City 2
User 18962,user18962@example.com,City 3
User 18963,user18963@example.com,City 4
User 18964,user18964@example.com,City 5
User 18965,user18965@example.com,City 6
User 18966,user18966@example.com,City 7
User 18967,user18967@example.com,City 8
User 18968,user18968@example.com,City 9
User 18969,user18969@example.com,City 10
User 18970,user18970@example.com,City 1
User 18971,user18971@example.com,City 2
User 18972,user18972@example.com,City 3
User 18973,user18973@example.com,City 4
User 18974,user18974@example.com,City 5
User 18975,user18975@example.com,City 6
User 18976,user18976@example.com,City 7
User 18977,user18977@example.com,City 8
User 18978,user18978@example.com,City 9
User 18979,user18979@example.com,City 10
User 18980,user18980@example.com,City 1
User 18981,user18981@example.com,City 2
User 18982,user18982@example.com,City 3
User 18983,user18983@example.com,City 4
User 18984,user18984@example.com,City 5
User 18985,user18985@example.com,City 6
User 18986,user18986@example.com,City 7
User 18987,user18987@example.com,City 8
User 18988,user18988@example.com,City 9
User 18989,user18989@example.com,City 10
User 18990,user18990@example.com,City 1
User 18991,user18991@example.com,City 2
User 18992,user18992@example.com,City 3
User 18993,user18993@example.com,City 4
User 18994,user18994@example.com,City 5
User 18995,user18995@example.com,City 6
User 18996,user18996@example.com,City 7
User 18997,user18997@example.com,City 8
User 18998,user18998@example.com,City 9
User 18999,user18999@example.com,City 10
User 19000,user19000@example.com,City 1
User 19001,user19001@example.com,City 2
User 19002,user19002@example.com,City 3
User 19003,user19003@example.com,City 4
User 19004,user19004@example.com,City 5
User 19005,user19005@example.com,City 6
User 19006,user19006@example.com,City 7
User 19007,user19007@example.com,City 8
User 19008,user19008@example.com,City 9
User 19009,user19009@example.com,City 10
User 19010,user19010@example.com,City 1
User 19011,user19011@example.com,City 2
User 19012,user19012@example.com,City 3
User 19013,user19013@example.com,City 4
User 19014,user19014@example.com,City 5
User 19015,user19015@example.com,City 6
User 19016,user19016@example.com,City 7
User 19017,user19017@example.com,City 8
User 19018,user19018@example.com,City 9
User 19019,user19019@example.com,City 10
User 19020,user19020@example.com,City 1
User 19021,user19021@example.com,City 2
User 19022,user19022@example.com,City 3
User 19023,user19023@example.com,City 4
User 19024,user19024@example.com,City 5
User 19025,user19025@example.com,City 6
User 19026,user19026@example.com,City 7
User 19027,user19027@example.com,City 8
User 19028,user19028@example.com,City 9
User 19029,user19029@example.com,City 10
User 19030,user19030@example.com,City 1
User 19031,user19031@example.com,City 2
User 19032,user19032@example.com,City 3
User 19033,user19033@example.com,City 4
User 19034,user19034@example.com,City 5
User 19035,user19035@example.com,City 6
User 19036,user19036@example.com,City 7
User 19037,user19037@example.com,City 8
User 19038,user19038@example.com,City 9
User 19039,user19039@example.com,City 10
User 19040,user19040@example.com,City 1
User 19041,user19041@example.com,City 2
User 19042,user19042@example.com,City 3
User 19043,user19043@example.com,City 4
User 19044,user19044@example.com,City 5
User 19045,user19045@example.com,City 6
User 19046,user19046@example.com,City 7
User 19047,user19047@example.com,City 8
User 19048,user19048@example.com,City 9
User 19049,user19049@example.com,City 10
User 19050,user19050@example.com,City 1
User 19051,user19051@example.com,City 2
User 19052,user19052@example.com,City 3
User 19053,user19053@example.com,City 4
User 19054,user19054@example.com,City 5
User 19055,user19055@example.com,City 6
User 19056,user19056@example.com,City 7
User 19057,user19057@example.com,City 8
User 19058,user19058@example.com,City 9
User 19059,user19059@example.com,City 10
User 19060,user19060@example.com,City 1
User 19061,user19061@example.com,City 2
User 19062,user19062@example.com,City 3
User 19063,user19063@example.com,City 4
User 19064,user19064@example.com,City 5
User 19065,user19065@example.com,City 6
User 19066,user19066@example.com,City 7
User 19067,user19067@example.com,City 8
User 19068,user19068@example.com,City 9
User 19069,user19069@example.com,City 10
User 19070,user19070@example.com,City 1
User 19071,user19071@example.com,City 2
User 19072,user19072@example.com,City 3
User 19073,user19073@example.com,City 4
User 19074,user19074@example.com,City 5
User 19075,user19075@example.com,City 6
User 19076,user19076@example.com,City 7
User 19077,user19077@example.com,City 8
User 19078,user19078@example.com,City 9
User 19079,user19079@example.com,City 10
User 19080,user19080@example.com,City 1
User 19081,user19081@example.com,City 2
User 19082,user19082@example.com,City 3
User 19083,user19083@example.com,City 4
User 19084,user19084@example.com,City 5
User 19085,user19085@example.com,City 6
User 19086,user19086@example.com,City 7
User 19087,user19087@example.com,City 8
User 19088,user19088@example.com,City 9
User 19089,user19089@example.com,City 10
User 19090,user19090@example.com,City 1
User 19091,user19091@example.com,City 2
User 19092,user19092@example.com,City 3
User 19093,user19093@example.com,City 4
User 19094,user19094@example.com,City 5
User 19095,user19095@example.com,City 6
User 19096,user19096@example.com,City 7
User 19097,user19097@example.com,City 8
User 19098,user19098@example.com,City 9
User 19099,user19099@example.com,City 10
User 19100,user19100@example.com,City 1
User 19101,user19101@example.com,City 2
User 19102,user19102@example.com,City 3
User 19103,user19103@example.com,City 4
User 19104,user19104@example.com,City 5
User 19105,user19105@example.com,City 6
User 19106,user19106@example.com,City 7
User 19107,user19107@example.com,City 8
User 19108,user19108@example.com,City 9
User 19109,user19109@example.com,City 10
User 19110,user19110@example.com,City 1
User 19111,user19111@example.com,City 2
User 19112,user19112@example.com,City 3
User 19113,user19113@example.com,City 4
User 19114,user19114@example.com,City 5
User 19115,user19115@example.com,City 6
User 19116,user19116@example.com,City 7
User 19117,user19117@example.com,City 8
User 19118,user19118@example.com,City 9
User 19119,user19119@example.com,City 10
User 19120,user19120@example.com,City 1
User 19121,user19121@example.com,City 2
User 19122,user19122@example.com,City 3
User 19123,user19123@example.com,City 4
User 19124,user19124@example.com,City 5
User 19125,user19125@example.com,City 6
User 19126,user19126@example.com,City 7
User 19127,user19127@example.com,City 8
User 19128,user19128@example.com,City 9
User 19129,user19129@example.com,City 10
User 19130,user19130@example.com,City 1
User 19131,user19131@example.com,City 2
User 19132,user19132@example.com,City 3
User 19133,user19133@example.com,City 4
User 19134,user19134@example.com,City 5
User 19135,user19135@example.com,City 6
User 19136,user19136@example.com,City 7
User 19137,user19137@example.com,City 8
User 19138,user19138@example.com,City 9
User 19139,user19139@example.com,City 10
User 19140,user19140@example.com,City 1
User 19141,user19141@example.com,City 2
User 19142,user19142@example.com,City 3
User 19143,user19143@example.com,City 4
User 19144,user19144@example.com,City 5
User 19145,user19145@example.com,City 6
User 19146,user19146@example.com,City 7
User 19147,user19147@example.com,City 8
User 19148,user19148@example.com,City 9
User 19149,user19149@example.com,City 10
User 19150,user19150@example.com,City 1
User 19151,user19151@example.com,City 2
User 19152,user19152@example.com,City 3
User 19153,user19153@example.com,City 4
User 19154,user19154@example.com,City 5
User 19155,user19155@example.com,City 6
User 19156,user19156@example.com,City 7
User 19157,user19157@example.com,City 8
User 19158,user19158@example.com,City 9
User 19159,user19159@example.com,City 10
User 19160,user19160@example.com,City 1
User 19161,user19161@example.com,City 2
User 19162,user19162@example.com,City 3
User 19163,user19163@example.com,City 4
User 19164,user19164@example.com,City 5
User 19165,user19165@example.com,City 6
User 19166,user19166@example.com,City 7
User 19167,user19167@example.com,City 8
User 19168,user19168@example.com,City 9
User 19169,user19169@example.com,City 10
User 19170,user19170@example.com,City 1
User 19171,user19171@example.com,City 2
User 19172,user19172@example.com,City 3
User 19173,user19173@example.com,City 4
User 19174,user19174@example.com,City 5
User 19175,user19175@example.com,City 6
User 19176,user19176@example.com,City 7
User 19177,user19177@example.com,City 8
User 19178,user19178@example.com,City 9
User 19179,user19179@example.com,City 10
User 19180,user19180@example.com,City 1
User 19181,user19181@example.com,City 2
User 19182,user19182@example.com,City 3
User 19183,user19183@example.com,City 4
User 19184,user19184@example.com,City 5
User 19185,user19185@example.com,City 6
User 19186,user19186@example.com,City 7
User 19187,user19187@example.com,City 8
User 19188,user19188@example.com,City 9
User 19189,user19189@example.com,City 10
User 19190,user19190@example.com,City 1
User 19191,user19191@example.com,City 2
User 19192,user19192@example.com,City 3
User 19193,user19193@example.com,City 4
User 19194,user19194@example.com,City 5
User 19195,user19195@example.com,City 6
User 19196,user19196@example.com,City 7
User 19197,user19197@example.com,City 8
User 19198,user19198@example.com,City 9
User 19199,user19199@example.com,City 10
User 19200,user19200@example.com,City 1
User 19201,user19201@example.com,City 2
User 19202,user19202@example.com,City 3
User 19203,user19203@example.com,City 4
User 19204,user19204@example.com,City 5
User 19205,user19205@example.com,City 6
User 19206,user19206@example.com,City 7
User 19207,user19207@example.com,City 8
User 19208,user19208@example.com,City 9
User 19209,user19209@example.com,City 10
User 19210,user19210@example.com,City 1
User 19211,user19211@example.com,City 2
User 19212,user19212@example.com,City 3
User 19213,user19213@example.com,City 4
User 19214,user19214@example.com,City 5
User 19215,user19215@example.com,City 6
User 19216,user19216@example.com,City 7
User 19217,user19217@example.com,City 8
User 19218,user19218@example.com,City 9
User 19219,user19219@example.com,City 10
User 19220,user19220@example.com,City 1
User 19221,user19221@example.com,City 2
User 19222,user19222@example.com,City 3
User 19223,user19223@example.com,City 4
User 19224,user19224@example.com,City 5
User 19225,user19225@example.com,City 6
User 19226,user19226@example.com,City 7
User 19227,user19227@example.com,City 8
User 19228,user19228@example.com,City 9
User 19229,user19229@example.com,City 10
User 19230,user19230@example.com,City 1
User 19231,user19231@example.com,City 2
User 19232,user19232@example.com,City 3
User 19233,user19233@example.com,City 4
User 19234,user19234@example.com,City 5
User 19235,user19235@example.com,City 6
User 19236,user19236@example.com,City 7
User 19237,user19237@example.com,City 8
User 19238,user19238@example.com,City 9
User 19239,user19239@example.com,City 10
User 19240,user19240@example.com,City 1
User 19241,user19241@example.com,City 2
User 19242,user19242@example.com,City 3
User 19243,user19243@example.com,City 4
User 19244,user19244@example.com,City 5
User 19245,user19245@example.com,City 6
User 19246,user19246@example.com,City 7
User 19247,user19247@example.com,City 8
User 19248,user19248@example.com,City 9
User 19249,user19249@example.com,City 10
User 19250,user19250@example.com,City 1
User 19251,user19251@example.com,City 2
User 19252,user19252@example.com,City 3
User 19253,user19253@example.com,City 4
User 19254,user19254@example.com,City 5
User 19255,user19255@example.com,City 6
User 19256,user19256@example.com,City 7
User 19257,user19257@example.com,City 8
User 19258,user19258@example.com,City 9
User 19259,user19259@example.com,City 10
User 19260,user19260@example.com,City 1
User 19261,user19261@example.com,City 2
User 19262,user19262@example.com,City 3
User 19263,user19263@example.com,City 4
User 19264,user19264@example.com,City 5
User 19265,user19265@example.com,City 6
User 19266,user19266@example.com,City 7
User 19267,user19267@example.com,City 8
User 19268,user19268@example.com,City 9
User 19269,user19269@example.com,City 10
User 19270,user19270@example.com,City 1
User 19271,user19271@example.com,City 2
User 19272,user19272@example.com,City 3
User 19273,user19273@example.com,City 4
User 19274,user19274@example.com,City 5
User 19275,user19275@example.com,City 6
User 19276,user19276@example.com,City 7
User 19277,user19277@example.com,City 8
User 19278,user19278@example.com,City 9
User 19279,user19279@example.com,City 10
User 19280,user19280@example.com,City 1
User 19281,user19281@example.com,City 2
User 19282,user19282@example.com,City 3
User 19283,user19283@example.com,City 4
User 19284,user19284@example.com,City 5
User 19285,user19285@example.com,City 6
User 19286,user19286@example.com,City 7
User 19287,user19287@example.com,City 8
User 19288,user19288@example.com,City 9
User 19289,user19289@example.com,City 10
User 19290,user19290@example.com,City 1
User 19291,user19291@example.com,City 2
User 19292,user19292@example.com,City 3
User 19293,user19293@example.com,City 4
User 19294,user19294@example.com,City 5
User 19295,user19295@example.com,City 6
User 19296,user19296@example.com,City 7
User 19297,user19297@example.com,City 8
User 19298,user19298@example.com,City 9
User 19299,user19299@example.com,City 10
User 19300,user19300@example.com,City 1
User 19301,user19301@example.com,City 2
User 19302,user19302@example.com,City 3
User 19303,user19303@example.com,City 4
User 19304,user19304@example.com,City 5
User 19305,user19305@example.com,City 6
User 19306,user19306@example.com,City 7
User 19307,user19307@example.com,City 8
User 19308,user19308@example.com,City 9
User 19309,user19309@example.com,City 10
User 19310,user19310@example.com,City 1
User 19311,user19311@example.com,City 2
User 19312,user19312@example.com,City 3
User 19313,user19313@example.com,City 4
User 19314,user19314@example.com,City 5
User 19315,user19315@example.com,City 6
User 19316,user19316@example.com,City 7
User 19317,user19317@example.com,City 8
User 19318,user19318@example.com,City 9
User 19319,user19319@example.com,City 10
User 19320,user19320@example.com,City 1
User 19321,user19321@example.com,City 2
User 19322,user19322@example.com,City 3
User 19323,user19323@example.com,City 4
User 19324,user19324@example.com,City 5
User 19325,user19325@example.com,City 6
User 19326,user19326@example.com,City 7
User 19327,user19327@example.com,City 8
User 19328,user19328@example.com,City 9
User 19329,user19329@example.com,City 10
User 19330,user19330@example.com,City 1
User 19331,user19331@example.com,City 2
User 19332,user19332@example.com,City 3
User 19333,user19333@example.com,City 4
User 19334,user19334@example.com,City 5
User 19335,user19335@example.com,City 6
User 19336,user19336@example.com,City 7
User 19337,user19337@example.com,City 8
User 19338,user19338@example.com,City 9
User 19339,user19339@example.com,City 10
User 19340,user19340@example.com,City 1
User 19341,user19341@example.com,City 2
User 19342,user19342@example.com,City 3
User 19343,user19343@example.com,City 4
User 19344,user19344@example.com,City 5
User 19345,user19345@example.com,City 6
User 19346,user19346@example.com,City 7
User 19347,user19347@example.com,City 8
User 19348,user19348@example.com,City 9
User 19349,user19349@example.com,City 10
User 19350,user19350@example.com,City 1
User 19351,user19351@example.com,City 2
User 19352,user19352@example.com,City 3
User 19353,user19353@example.com,City 4
User 19354,user19354@example.com,City 5
User 19355,user19355@example.com,City 6
User 19356,user19356@example.com,City 7
User 19357,user19357@example.com,City 8
User 19358,user19358@example.com,City 9
User 19359,user19359@example.com,City 10
User 19360,user19360@example.com,City 1
User 19361,user19361@example.com,City 2
User 19362,user19362@example.com,City 3
User 19363,user19363@example.com,City 4
User 19364,user19364@example.com,City 5
User 19365,user19365@example.com,City 6
User 19366,user19366@example.com,City 7
User 19367,user19367@example.com,City 8
User 19368,user19368@example.com,City 9
User 19369,user19369@example.com,City 10
User 19370,user19370@example.com,City 1
User 19371,user19371@example.com,City 2
User 19372,user19372@example.com,City 3
User 19373,user19373@example.com,City 4
User 19374,user19374@example.com,City 5
User 19375,user19375@example.com,City 6
User 19376,user19376@example.com,City 7
User 19377,user19377@example.com,City 8
User 19378,user19378@example.com,City 9
User 19379,user19379@example.com,City 10
User 19380,user19380@example.com,City 1
User 19381,user19381@example.com,City 2
User 19382,user19382@example.com,City 3
User 19383,user19383@example.com,City 4
User 19384,user19384@example.com,City 5
User 19385,user19385@example.com,City 6
User 19386,user19386@example.com,City 7
User 19387,user19387@example.com,City 8
User 19388,user19388@example.com,City 9
User 19389,user19389@example.com,City 10
User 19390,user19390@example.com,City 1
User 19391,user19391@example.com,City 2
User 19392,user19392@example.com,City 3
User 19393,user19393@example.com,City 4
User 19394,user19394@example.com,City 5
User 19395,user19395@example.com,City 6
User 19396,user19396@example.com,City 7
User 19397,user19397@example.com,City 8
User 19398,user19398@example.com,City 9
User 19399,user19399@example.com,City 10
User 19400,user19400@example.com,City 1
User 19401,user19401@example.com,City 2
User 19402,user19402@example.com,City 3
User 19403,user19403@example.com,City 4
User 19404,user19404@example.com,City 5
User 19405,user19405@example.com,City 6
User 19406,user19406@example.com,City 7
User 19407,user19407@example.com,City 8
User 19408,user19408@example.com,City 9
User 19409,user19409@example.com,City 10
User 19410,user19410@example.com,City 1
User 19411,user19411@example.com,City 2
User 19412,user19412@example.com,City 3
User 19413,user19413@example.com,City 4
User 19414,user19414@example.com,City 5
User 19415,user19415@example.com,City 6
User 19416,user19416@example.com,City 7
User 19417,user19417@example.com,City 8
User 19418,user19418@example.com,City 9
User 19419,user19419@example.com,City 10
User 19420,user19420@example.com,City 1
User 19421,user19421@example.com,City 2
User 19422,user19422@example.com,City 3
User 19423,user19423@example.com,City 4
User 19424,user19424@example.com,City 5
User 19425,user19425@example.com,City 6
User 19426,user19426@example.com,City 7
User 19427,user19427@example.com,City 8
User 19428,user19428@example.com,City 9
User 19429,user19429@example.com,City 10
User 19430,user19430@example.com,City 1
User 19431,user19431@example.com,City 2
User 19432,user19432@example.com,City 3
User 19433,user19433@example.com,City 4
User 19434,user19434@example.com,City 5
User 19435,user19435@example.com,City 6
User 19436,user19436@example.com,City 7
User 19437,user19437@example.com,City 8
User 19438,user19438@example.com,City 9
User 19439,user19439@example.com,City 10
User 19440,user19440@example.com,City 1
User 19441,user19441@example.com,City 2
User 19442,user19442@example.com,City 3
User 19443,user19443@example.com,City 4
User 19444,user19444@example.com,City 5
User 19445,user19445@example.com,City 6
User 19446,user19446@example.com,City 7
User 19447,user19447@example.com,City 8
User 19448,user19448@example.com,City 9
User 19449,user19449@example.com,City 10
User 19450,user19450@example.com,City 1
User 19451,user19451@example.com,City 2
User 19452,user19452@example.com,City 3
User 19453,user19453@example.com,City 4
User 19454,user19454@example.com,City 5
User 19455,user19455@example.com,City 6
User 19456,user19456@example.com,City 7
User 19457,user19457@example.com,City 8
User 19458,user19458@example.com,City 9
User 19459,user19459@example.com,City 10
User 19460,user19460@example.com,City 1
User 19461,user19461@example.com,City 2
User 19462,user19462@example.com,City 3
User 19463,user19463@example.com,City 4
User 19464,user19464@example.com,City 5
User 19465,user19465@example.com,City 6
User 19466,user19466@example.com,City 7
User 19467,user19467@example.com,City 8
User 19468,user19468@example.com,City 9
User 19469,user19469@example.com,City 10
User 19470,user19470@example.com,City 1
User 19471,user19471@example.com,City 2
User 19472,user19472@example.com,City 3
User 19473,user19473@example.com,City 4
User 19474,user19474@example.com,City 5
User 19475,user19475@example.com,City 6
User 19476,user19476@example.com,City 7
User 19477,user19477@example.com,City 8
User 19478,user19478@example.com,City 9
User 19479,user19479@example.com,City 10
User 19480,user19480@example.com,City 1
User 19481,user19481@example.com,City 2
User 19482,user19482@example.com,City 3
User 19483,user19483@example.com,City 4
User 19484,user19484@example.com,City 5
User 19485,user19485@example.com,City 6
User 19486,user19486@example.com,City 7
User 19487,user19487@example.com,City 8
User 19488,user19488@example.com,City 9
User 19489,user19489@example.com,City 10
User 19490,user19490@example.com,City 1
User 19491,user19491@example.com,City 2
User 19492,user19492@example.com,City 3
User 19493,user19493@example.com,City 4
User 19494,user19494@example.com,City 5
User 19495,user19495@example.com,City 6
User 19496,user19496@example.com,City 7
User 19497,user19497@example.com,City 8
User 19498,user19498@example.com,City 9
User 19499,user19499@example.com,City 10
User 19500,user19500@example.com,City 1
User 19501,user19501@example.com,City 2
User 19502,user19502@example.com,City 3
User 19503,user19503@example.com,City 4
User 19504,user19504@example.com,City 5
User 19505,user19505@example.com,City 6
User 19506,user19506@example.com,City 7
User 19507,user19507@example.com,City 8
User 19508,user19508@example.com,City 9
User 19509,user19509@example.com,City 10
User 19510,user19510@example.com,City 1
User 19511,user19511@example.com,City 2
User 19512,user19512@example.com,City 3
User 19513,user19513@example.com,City 4
User 19514,user19514@example.com,City 5
User 19515,user19515@example.com,City 6
User 19516,user19516@example.com,City 7
User 19517,user19517@example.com,City 8
User 19518,user19518@example.com,City 9
User 19519,user19519@example.com,City 10
User 19520,user19520@example.com,City 1
User 19521,user19521@example.com,City 2
User 19522,user19522@example.com,City 3
User 19523,user19523@example.com,City 4
User 19524,user19524@example.com,City 5
User 19525,user19525@example.com,City 6
User 19526,user19526@example.com,City 7
User 19527,user19527@example.com,City 8
User 19528,user19528@example.com,City 9
User 19529,user19529@example.com,City 10
User 19530,user19530@example.com,City 1
User 19531,user19531@example.com,City 2
User 19532,user19532@example.com,City 3
User 19533,user19533@example.com,City 4
User 19534,user19534@example.com,City 5
User 19535,user19535@example.com,City 6
User 19536,user19536@example.com,City 7
User 19537,user19537@example.com,City 8
User 19538,user19538@example.com,City 9
User 19539,user19539@example.com,City 10
User 19540,user19540@example.com,City 1
User 19541,user19541@example.com,City 2
User 19542,user19542@example.com,City 3
User 19543,user19543@example.com,City 4
User 19544,user19544@example.com,City 5
User 19545,user19545@example.com,City 6
User 19546,user19546@example.com,City 7
User 19547,user19547@example.com,City 8
User 19548,user19548@example.com,City 9
User 19549,user19549@example.com,City 10
User 19550,user19550@example.com,City 1
User 19551,user19551@example.com,City 2
User 19552,user19552@example.com,City 3
User 19553,user19553@example.com,City 4
User 19554,user19554@example.com,City 5
User 19555,user19555@example.com,City 6
User 19556,user19556@example.com,City 7
User 19557,user19557@example.com,City 8
User 19558,user19558@example.com,City 9
User 19559,user19559@example.com,City 10
User 19560,user19560@example.com,City 1
User 19561,user19561@example.com,City 2
User 19562,user19562@example.com,City 3
User 19563,user19563@example.com,City 4
User 19564,user19564@example.com,City 5
User 19565,user19565@example.com,City 6
User 19566,user19566@example.com,City 7
User 19567,user19567@example.com,City 8
User 19568,user19568@example.com,City 9
User 19569,user19569@example.com,City 10
User 19570,user19570@example.com,City 1
User 19571,user19571@example.com,City 2
User 19572,user19572@example.com,City 3
User 19573,user19573@example.com,City 4
User 19574,user19574@example.com,City 5
User 19575,user19575@example.com,City 6
User 19576,user19576@example.com,City 7
User 19577,user19577@example.com,City 8
User 19578,user19578@example.com,City 9
User 19579,user19579@example.com,City 10
User 19580,user19580@example.com,City 1
User 19581,user19581@example.com,City 2
User 19582,user19582@example.com,City 3
User 19583,user19583@example.com,City 4
User 19584,user19584@example.com,City 5
User 19585,user19585@example.com,City 6
User 19586,user19586@example.com,City 7
User 19587,user19587@example.com,City 8
User 19588,user19588@example.com,City 9
User 19589,user19589@example.com,City 10
User 19590,user19590@example.com,City 1
User 19591,user19591@example.com,City 2
User 19592,user19592@example.com,City 3
User 19593,user19593@example.com,City 4
User 19594,user19594@example.com,City 5
User 19595,user19595@example.com,City 6
User 19596,user19596@example.com,City 7
User 19597,user19597@example.com,City 8
User 19598,user19598@example.com,City 9
User 19599,user19599@example.com,City 10
User 19600,user19600@example.com,City 1
User 19601,user19601@example.com,City 2
User 19602,user19602@example.com,City 3
User 19603,user19603@example.com,City 4
User 19604,user19604@example.com,City 5
User 19605,user19605@example.com,City 6
User 19606,user19606@example.com,City 7
User 19607,user19607@example.com,City 8
User 19608,user19608@example.com,City 9
User 19609,user19609@example.com,City 10
User 19610,user19610@example.com,City 1
User 19611,user19611@example.com,City 2
User 19612,user19612@example.com,City 3
User 19613,user19613@example.com,City 4
User 19614,user19614@example.com,City 5
User 19615,user19615@example.com,City 6
User 19616,user19616@example.com,City 7
User 19617,user19617@example.com,City 8
User 19618,user19618@example.com,City 9
User 19619,user19619@example.com,City 10
User 19620,user19620@example.com,City 1
User 19621,user19621@example.com,City 2
User 19622,user19622@example.com,City 3
User 19623,user19623@example.com,City 4
User 19624,user19624@example.com,City 5
User 19625,user19625@example.com,City 6
User 19626,user19626@example.com,City 7
User 19627,user19627@example.com,City 8
User 19628,user19628@example.com,City 9
User 19629,user19629@example.com,City 10
User 19630,user19630@example.com,City 1
User 19631,user19631@example.com,City 2
User 19632,user19632@example.com,City 3
User 19633,user19633@example.com,City 4
User 19634,user19634@example.com,City 5
User 19635,user19635@example.com,City 6
User 19636,user19636@example.com,City 7
User 19637,user19637@example.com,City 8
User 19638,user19638@example.com,City 9
User 19639,user19639@example.com,City 10
User 19640,user19640@example.com,City 1
User 19641,user19641@example.com,City 2
User 19642,user19642@example.com,City 3
User 19643,user19643@example.com,City 4
User 19644,user19644@example.com,City 5
User 19645,user19645@example.com,City 6
User 19646,user19646@example.com,City 7
User 19647,user19647@example.com,City 8
User 19648,user19648@example.com,City 9
User 19649,user19649@example.com,City 10
User 19650,user19650@example.com,City 1
User 19651,user19651@example.com,City 2
User 19652,user19652@example.com,City 3
User 19653,user19653@example.com,City 4
User 19654,user19654@example.com,City 5
User 19655,user19655@example.com,City 6
User 19656,user19656@example.com,City 7
User 19657,user19657@example.com,City 8
User 19658,user19658@example.com,City 9
User 19659,user19659@example.com,City 10
User 19660,user19660@example.com,City 1
User 19661,user19661@example.com,City 2
User 19662,user19662@example.com,City 3
User 19663,user19663@example.com,City 4
User 19664,user19664@example.com,City 5
User 19665,user19665@example.com,City 6
User 19666,user19666@example.com,City 7
User 19667,user19667@example.com,City 8
User 19668,user19668@example.com,City 9
User 19669,user19669@example.com,City 10
User 19670,user19670@example.com,City 1
User 19671,user19671@example.com,City 2
User 19672,user19672@example.com,City 3
User 19673,user19673@example.com,City 4
User 19674,user19674@example.com,City 5
User 19675,user19675@example.com,City 6
User 19676,user19676@example.com,City 7
User 19677,user19677@example.com,City 8
User 19678,user19678@example.com,City 9
User 19679,user19679@example.com,City 10
User 19680,user19680@example.com,City 1
User 19681,user19681@example.com,City 2
User 19682,user19682@example.com,City 3
User 19683,user19683@example.com,City 4
User 19684,user19684@example.com,City 5
User 19685,user19685@example.com,City 6
User 19686,user19686@example.com,City 7
User 19687,user19687@example.com,City 8
User 19688,user19688@example.com,City 9
User 19689,user19689@example.com,City 10
User 19690,user19690@example.com,City 1
User 19691,user19691@example.com,City 2
User 19692,user19692@example.com,City 3
User 19693,user19693@example.com,City 4
User 19694,user19694@example.com,City 5
User 19695,user19695@example.com,City 6
User 19696,user19696@example.com,City 7
User 19697,user19697@example.com,City 8
User 19698,user19698@example.com,City 9
User 19699,user19699@example.com,City 10
User 19700,user19700@example.com,City 1
User 19701,user19701@example.com,City 2
User 19702,user19702@example.com,City 3
User 19703,user19703@example.com,City 4
User 19704,user19704@example.com,City 5
User 19705,user19705@example.com,City 6
User 19706,user19706@example.com,City 7
User 19707,user19707@example.com,City 8
User 19708,user19708@example.com,City 9
User 19709,user19709@example.com,City 10
User 19710,user19710@example.com,City 1
User 19711,user19711@example.com,City 2
User 19712,user19712@example.com,City 3
User 19713,user19713@example.com,City 4
User 19714,user19714@example.com,City 5
User 19715,user19715@example.com,City 6
User 19716,user19716@example.com,City 7
User 19717,user19717@example.com,City 8
User 19718,user19718@example.com,City 9
User 19719,user19719@example.com,City 10
User 19720,user19720@example.com,City 1
User 19721,user19721@example.com,City 2
User 19722,user19722@example.com,City 3
User 19723,user19723@example.com,City 4
User 19724,user19724@example.com,City 5
User 19725,user19725@example.com,City 6
User 19726,user19726@example.com,City 7
User 19727,user19727@example.com,City 8
User 19728,user19728@example.com,City 9
User 19729,user19729@example.com,City 10
User 19730,user19730@example.com,City 1
User 19731,user19731@example.com,City 2
User 19732,user19732@example.com,City 3
User 19733,user19733@example.com,City 4
User 19734,user19734@example.com,City 5
User 19735,user19735@example.com,City 6
User 19736,user19736@example.com,City 7
User 19737,user19737@example.com,City 8
User 19738,user19738@example.com,City 9
User 19739,user19739@example.com,City 10
User 19740,user19740@example.com,City 1
User 19741,user19741@example.com,City 2
User 19742,user19742@example.com,City 3
User 19743,user19743@example.com,City 4
User 19744,user19744@example.com,City 5
User 19745,user19745@example.com,City 6
User 19746,user19746@example.com,City 7
User 19747,user19747@example.com,City 8
User 19748,user19748@example.com,City 9
User 19749,user19749@example.com,City 10
User 19750,user19750@example.com,City 1
User 19751,user19751@example.com,City 2
User 19752,user19752@example.com,City 3
User 19753,user19753@example.com,City 4
User 19754,user19754@example.com,City 5
User 19755,user19755@example.com,City 6
User 19756,user19756@example.com,City 7
User 19757,user19757@example.com,City 8
User 19758,user19758@example.com,City 9
User 19759,user19759@example.com,City 10
User 19760,user19760@example.com,City 1
User 19761,user19761@example.com,City 2
User 19762,user19762@example.com,City 3
User 19763,user19763@example.com,City 4
User 19764,user19764@example.com,City 5
User 19765,user19765@example.com,City 6
User 19766,user19766@example.com,City 7
User 19767,user19767@example.com,City 8
User 19768,user19768@example.com,City 9
User 19769,user19769@example.com,City 10
User 19770,user19770@example.com,City 1
User 19771,user19771@example.com,City 2
User 19772,user19772@example.com,City 3
User 19773,user19773@example.com,City 4
User 19774,user19774@example.com,City 5
User 19775,user19775@example.com,City 6
User 19776,user19776@example.com,City 7
User 19777,user19777@example.com,City 8
User 19778,user19778@example.com,City 9
User 19779,user19779@example.com,City 10
User 19780,user19780@example.com,City 1
User 19781,user19781@example.com,City 2
User 19782,user19782@example.com,City 3
User 19783,user19783@example.com,City 4
User 19784,user19784@example.com,City 5
User 19785,user19785@example.com,City 6
User 19786,user19786@example.com,City 7
User 19787,user19787@example.com,City 8
User 19788,user19788@example.com,City 9
User 19789,user19789@example.com,City 10
User 19790,user19790@example.com,City 1
User 19791,user19791@example.com,City 2
User 19792,user19792@example.com,City 3
User 19793,user19793@example.com,City 4
User 19794,user19794@example.com,City 5
User 19795,user19795@example.com,City 6
User 19796,user19796@example.com,City 7
User 19797,user19797@example.com,City 8
User 19798,user19798@example.com,City 9
User 19799,user19799@example.com,City 10
User 19800,user19800@example.com,City 1
User 19801,user19801@example.com,City 2
User 19802,user19802@example.com,City 3
User 19803,user19803@example.com,City 4
User 19804,user19804@example.com,City 5
User 19805,user19805@example.com,City 6
User 19806,user19806@example.com,City 7
User 19807,user19807@example.com,City 8
User 19808,user19808@example.com,City 9
User 19809,user19809@example.com,City 10
User 19810,user19810@example.com,City 1
User 19811,user19811@example.com,City 2
User 19812,user19812@example.com,City 3
User 19813,user19813@example.com,City 4
User 19814,user19814@example.com,City 5
User 19815,user19815@example.com,City 6
User 19816,user19816@example.com,City 7
User 19817,user19817@example.com,City 8
User 19818,user19818@example.com,City 9
User 19819,user19819@example.com,City 10
User 19820,user19820@example.com,City 1
User 19821,user19821@example.com,City 2
User 19822,user19822@example.com,City 3
User 19823,user19823@example.com,City 4
User 19824,user19824@example.com,City 5
User 19825,user19825@example.com,City 6
User 19826,user19826@example.com,City 7
User 19827,user19827@example.com,City 8
User 19828,user19828@example.com,City 9
User 19829,user19829@example.com,City 10
User 19830,user19830@example.com,City 1
User 19831,user19831@example.com,City 2
User 19832,user19832@example.com,City 3
User 19833,user19833@example.com,City 4
User 19834,user19834@example.com,City 5
User 19835,user19835@example.com,City 6
User 19836,user19836@example.com,City 7
User 19837,user19837@example.com,City 8
User 19838,user19838@example.com,City 9
User 19839,user19839@example.com,City 10
User 19840,user19840@example.com,City 1
User 19841,user19841@example.com,City 2
User 19842,user19842@example.com,City 3
User 19843,user19843@example.com,City 4
User 19844,user19844@example.com,City 5
User 19845,user19845@example.com,City 6
User 19846,user19846@example.com,City 7
User 19847,user19847@example.com,City 8
User 19848,user19848@example.com,City 9
User 19849,user19849@example.com,City 10
User 19850,user19850@example.com,City 1
User 19851,user19851@example.com,City 2
User 19852,user19852@example.com,City 3
User 19853,user19853@example.com,City 4
User 19854,user19854@example.com,City 5
User 19855,user19855@example.com,City 6
User 19856,user19856@example.com,City 7
User 19857,user19857@example.com,City 8
User 19858,user19858@example.com,City 9
User 19859,user19859@example.com,City 10
User 19860,user19860@example.com,City 1
User 19861,user19861@example.com,City 2
User 19862,user19862@example.com,City 3
User 19863,user19863@example.com,City 4
User 19864,user19864@example.com,City 5
User 19865,user19865@example.com,City 6
User 19866,user19866@example.com,City 7
User 19867,user19867@example.com,City 8
User 19868,user19868@example.com,City 9
User 19869,user19869@example.com,City 10
User 19870,user19870@example.com,City 1
User 19871,user19871@example.com,City 2
User 19872,user19872@example.com,City 3
User 19873,user19873@example.com,City 4
User 19874,user19874@example.com,City 5
User 19875,user19875@example.com,City 6
User 19876,user19876@example.com,City 7
User 19877,user19877@example.com,City 8
User 19878,user19878@example.com,City 9
User 19879,user19879@example.com,City 10
User 19880,user19880@example.com,City 1
User 19881,user19881@example.com,City 2
User 19882,user19882@example.com,City 3
User 19883,user19883@example.com,City 4
User 19884,user19884@example.com,City 5
User 19885,user19885@example.com,City 6
User 19886,user19886@example.com,City 7
User 19887,user19887@example.com,City 8
User 19888,user19888@example.com,City 9
User 19889,user19889@example.com,City 10
User 19890,user19890@example.com,City 1
User 19891,user19891@example.com,City 2
User 19892,user19892@example.com,City 3
User 19893,user19893@example.com,City 4
User 19894,user19894@example.com,City 5
User 19895,user19895@example.com,City 6
User 19896,user19896@example.com,City 7
User 19897,user19897@example.com,City 8
User 19898,user19898@example.com,City 9
User 19899,user19899@example.com,City 10
User 19900,user19900@example.com,City 1
User 19901,user19901@example.com,City 2
User 19902,user19902@example.com,City 3
User 19903,user19903@example.com,City 4
User 19904,user19904@example.com,City 5
User 19905,user19905@example.com,City 6
User 19906,user19906@example.com,City 7
User 19907,user19907@example.com,City 8
User 19908,user19908@example.com,City 9
User 19909,user19909@example.com,City 10
User 19910,user19910@example.com,City 1
User 19911,user19911@example.com,City 2
User 19912,user19912@example.com,City 3
User 19913,user19913@example.com,City 4
User 19914,user19914@example.com,City 5
User 19915,user19915@example.com,City 6
User 19916,user19916@example.com,City 7
User 19917,user19917@example.com,City 8
User 19918,user19918@example.com,City 9
User 19919,user19919@example.com,City 10
User 19920,user19920@example.com,City 1
User 19921,user19921@example.com,City 2
User 19922,user19922@example.com,City 3
User 19923,user19923@example.com,City 4
User 19924,user19924@example.com,City 5
User 19925,user19925@example.com,City 6
User 19926,user19926@example.com,City 7
User 19927,user19927@example.com,City 8
User 19928,user19928@example.com,City 9
User 19929,user19929@example.com,City 10
User 19930,user19930@example.com,City 1
User 19931,user19931@example.com,City 2
User 19932,user19932@example.com,City 3
User 19933,user19933@example.com,City 4
User 19934,user19934@example.com,City 5
User 19935,user19935@example.com,City 6
User 19936,user19936@example.com,City 7
User 19937,user19937@example.com,City 8
User 19938,user19938@example.com,City 9
User 19939,user19939@example.com,City 10
User 19940,user19940@example.com,City 1
User 19941,user19941@example.com,City 2
User 19942,user19942@example.com,City 3
User 19943,user19943@example.com,City 4
User 19944,user19944@example.com,City 5
User 19945,user19945@example.com,City 6
User 19946,user19946@example.com,City 7
User 19947,user19947@example.com,City 8
User 19948,user19948@example.com,City 9
User 19949,user19949@example.com,City 10
User 19950,user19950@example.com,City 1
User 19951,user19951@example.com,City 2
User 19952,user19952@example.com,City 3
User 19953,user19953@example.com,City 4
User 19954,user19954@example.com,City 5
User 19955,user19955@example.com,City 6
User 19956,user19956@example.com,City 7
User 19957,user19957@example.com,City 8
User 19958,user19958@example.com,City 9
User 19959,user19959@example.com,City 10
User 19960,user19960@example.com,City 1
User 19961,user19961@example.com,City 2
User 19962,user19962@example.com,City 3
User 19963,user19963@example.com,City 4
User 19964,user19964@example.com,City 5
User 19965,user19965@example.com,City 6
User 19966,user19966@example.com,City 7
User 19967,user19967@example.com,City 8
User 19968,user19968@example.com,City 9
User 19969,user19969@example.com,City 10
User 19970,user19970@example.com,City 1
User 19971,user19971@example.com,City 2
User 19972,user19972@example.com,City 3
User 19973,user19973@example.com,City 4
User 19974,user19974@example.com,City 5
User 19975,user19975@example.com,City 6
User 19976,user19976@example.com,City 7
User 19977,user19977@example.com,City 8
User 19978,user19978@example.com,City 9
User 19979,user19979@example.com,City 10
User 19980,user19980@example.com,City 1
User 19981,user19981@example.com,City 2
User 19982,user19982@example.com,City 3
User 19983,user19983@example.com,City 4
User 19984,user19984@example.com,City 5
User 19985,user19985@example.com,City 6
User 19986,user19986@example.com,City 7
User 19987,user19987@example.com,City 8
User 19988,user19988@example.com,City 9
User 19989,user19989@example.com,City 10
User 19990,user19990@example.com,City 1
User 19991,user19991@example.com,City 2
User 19992,user19992@example.com,City 3
User 19993,user19993@example.com,City 4
User 19994,user19994@example.com,City 5
User 19995,user19995@example.com,City 6
User 19996,user19996@example.com,City 7
User 19997,user19997@example.com,City 8
User 19998,user19998@example.com,City 9
User 19999,user19999@example.com,City 10
User 20000,user20000@example.com,City 1
