name,email,city
User 20001,user20001@example.com,City 2
User 20002,user20002@example.com,City 3
User 20003,user20003@example.com,City 4
User 20004,user20004@example.com,City 5
User 20005,user20005@example.com,City 6
User 20006,user20006@example.com,City 7
User 20007,user20007@example.com,City 8
User 20008,user20008@example.com,City 9
User 20009,user20009@example.com,City 10
User 20010,user20010@example.com,City 1
User 20011,user20011@example.com,City 2
User 20012,user20012@example.com,City 3
User 20013,user20013@example.com,City 4
User 20014,user20014@example.com,City 5
User 20015,user20015@example.com,City 6
User 20016,user20016@example.com,City 7
User 20017,user20017@example.com,City 8
User 20018,user20018@example.com,City 9
User 20019,user20019@example.com,City 10
User 20020,user20020@example.com,City 1
User 20021,user20021@example.com,City 2
User 20022,user20022@example.com,City 3
User 20023,user20023@example.com,City 4
User 20024,user20024@example.com,City 5
User 20025,user20025@example.com,City 6
User 20026,user20026@example.com,City 7
User 20027,user20027@example.com,City 8
User 20028,user20028@example.com,City 9
User 20029,user20029@example.com,City 10
User 20030,user20030@example.com,City 1
User 20031,user20031@example.com,City 2
User 20032,user20032@example.com,City 3
User 20033,user20033@example.com,City 4
User 20034,user20034@example.com,City 5
User 20035,user20035@example.com,City 6
User 20036,user20036@example.com,City 7
User 20037,user20037@example.com,City 8
User 20038,user20038@example.com,City 9
User 20039,user20039@example.com,City 10
User 20040,user20040@example.com,City 1
User 20041,user20041@example.com,City 2
User 20042,user20042@example.com,City 3
User 20043,user20043@example.com,City 4
User 20044,user20044@example.com,City 5
User 20045,user20045@example.com,City 6
User 20046,user20046@example.com,City 7
User 20047,user20047@example.com,City 8
User 20048,user20048@example.com,City 9
User 20049,user20049@example.com,City 10
User 20050,user20050@example.com,City 1
User 20051,user20051@example.com,City 2
User 20052,user20052@example.com,City 3
User 20053,user20053@example.com,City 4
User 20054,user20054@example.com,City 5
User 20055,user20055@example.com,City 6
User 20056,user20056@example.com,City 7
User 20057,user20057@example.com,City 8
User 20058,user20058@example.com,City 9
User 20059,user20059@example.com,City 10
User 20060,user20060@example.com,City 1
User 20061,user20061@example.com,City 2
User 20062,user20062@example.com,City 3
User 20063,user20063@example.com,City 4
User 20064,user20064@example.com,City 5
User 20065,user20065@example.com,City 6
User 20066,user20066@example.com,City 7
User 20067,user20067@example.com,City 8
User 20068,user20068@example.com,City 9
User 20069,user20069@example.com,City 10
User 20070,user20070@example.com,City 1
User 20071,user20071@example.com,City 2
User 20072,user20072@example.com,City 3
User 20073,user20073@example.com,City 4
User 20074,user20074@example.com,City 5
User 20075,user20075@example.com,City 6
User 20076,user20076@example.com,City 7
User 20077,user20077@example.com,City 8
User 20078,user20078@example.com,City 9
User 20079,user20079@example.com,City 10
User 20080,user20080@example.com,City 1
User 20081,user20081@example.com,City 2
User 20082,user20082@example.com,City 3
User 20083,user20083@example.com,City 4
User 20084,user20084@example.com,City 5
User 20085,user20085@example.com,City 6
User 20086,user20086@example.com,City 7
User 20087,user20087@example.com,City 8
User 20088,user20088@example.com,City 9
User 20089,user20089@example.com,City 10
User 20090,user20090@example.com,City 1
User 20091,user20091@example.com,City 2
User 20092,user20092@example.com,City 3
User 20093,user20093@example.com,City 4
User 20094,user20094@example.com,City 5
User 20095,user20095@example.com,City 6
User 20096,user20096@example.com,City 7
User 20097,user20097@example.com,City 8
User 20098,user20098@example.com,City 9
User 20099,user20099@example.com,City 10
User 20100,user20100@example.com,City 1
User 20101,user20101@example.com,City 2
User 20102,user20102@example.com,City 3
User 20103,user20103@example.com,City 4
User 20104,user20104@example.com,City 5
User 20105,user20105@example.com,City 6
User 20106,user20106@example.com,City 7
User 20107,user20107@example.com,City 8
User 20108,user20108@example.com,City 9
User 20109,user20109@example.com,City 10
User 20110,user20110@example.com,City 1
User 20111,user20111@example.com,City 2
User 20112,user20112@example.com,City 3
User 20113,user20113@example.com,City 4
User 20114,user20114@example.com,City 5
User 20115,user20115@example.com,City 6
User 20116,user20116@example.com,City 7
User 20117,user20117@example.com,City 8
User 20118,user20118@example.com,City 9
User 20119,user20119@example.com,City 10
User 20120,user20120@example.com,City 1
User 20121,user20121@example.com,City 2
User 20122,user20122@example.com,City 3
User 20123,user20123@example.com,City 4
User 20124,user20124@example.com,City 5
User 20125,user20125@example.com,City 6
User 20126,user20126@example.com,City 7
User 20127,user20127@example.com,City 8
User 20128,user20128@example.com,City 9
User 20129,user20129@example.com,City 10
User 20130,user20130@example.com,City 1
User 20131,user20131@example.com,City 2
User 20132,user20132@example.com,City 3
User 20133,user20133@example.com,City 4
User 20134,user20134@example.com,City 5
User 20135,user20135@example.com,City 6
User 20136,user20136@example.com,City 7
User 20137,user20137@example.com,City 8
User 20138,user20138@example.com,City 9
User 20139,user20139@example.com,City 10
User 20140,user20140@example.com,City 1
User 20141,user20141@example.com,City 2
User 20142,user20142@example.com,City 3
User 20143,user20143@example.com,City 4
User 20144,user20144@example.com,City 5
User 20145,user20145@example.com,City 6
User 20146,user20146@example.com,City 7
User 20147,user20147@example.com,City 8
User 20148,user20148@example.com,City 9
User 20149,user20149@example.com,City 10
User 20150,user20150@example.com,City 1
User 20151,user20151@example.com,City 2
User 20152,user20152@example.com,City 3
User 20153,user20153@example.com,City 4
User 20154,user20154@example.com,City 5
User 20155,user20155@example.com,City 6
User 20156,user20156@example.com,City 7
User 20157,user20157@example.com,City 8
User 20158,user20158@example.com,City 9
User 20159,user20159@example.com,City 10
User 20160,user20160@example.com,City 1
User 20161,user20161@example.com,City 2
User 20162,user20162@example.com,City 3
User 20163,user20163@example.com,City 4
User 20164,user20164@example.com,City 5
User 20165,user20165@example.com,City 6
User 20166,user20166@example.com,City 7
User 20167,user20167@example.com,City 8
User 20168,user20168@example.com,City 9
User 20169,user20169@example.com,City 10
User 20170,user20170@example.com,City 1
User 20171,user20171@example.com,City 2
User 20172,user20172@example.com,City 3
User 20173,user20173@example.com,City 4
User 20174,user20174@example.com,City 5
User 20175,user20175@example.com,City 6
User 20176,user20176@example.com,City 7
User 20177,user20177@example.com,City 8
User 20178,user20178@example.com,City 9
User 20179,user20179@example.com,City 10
User 20180,user20180@example.com,City 1
User 20181,user20181@example.com,City 2
User 20182,user20182@example.com,City 3
User 20183,user20183@example.com,City 4
User 20184,user20184@example.com,City 5
User 20185,user20185@example.com,City 6
User 20186,user20186@example.com,City 7
User 20187,user20187@example.com,City 8
User 20188,user20188@example.com,City 9
User 20189,user20189@example.com,City 10
User 20190,user20190@example.com,City 1
User 20191,user20191@example.com,City 2
User 20192,user20192@example.com,City 3
User 20193,user20193@example.com,City 4
User 20194,user20194@example.com,City 5
User 20195,user20195@example.com,City 6
User 20196,user20196@example.com,City 7
User 20197,user20197@example.com,City 8
User 20198,user20198@example.com,City 9
User 20199,user20199@example.com,City 10
User 20200,user20200@example.com,City 1
User 20201,user20201@example.com,City 2
User 20202,user20202@example.com,City 3
User 20203,user20203@example.com,City 4
User 20204,user20204@example.com,City 5
User 20205,user20205@example.com,City 6
User 20206,user20206@example.com,City 7
User 20207,user20207@example.com,City 8
User 20208,user20208@example.com,City 9
User 20209,user20209@example.com,City 10
User 20210,user20210@example.com,City 1
User 20211,user20211@example.com,City 2
User 20212,user20212@example.com,City 3
User 20213,user20213@example.com,City 4
User 20214,user20214@example.com,City 5
User 20215,user20215@example.com,City 6
User 20216,user20216@example.com,City 7
User 20217,user20217@example.com,City 8
User 20218,user20218@example.com,City 9
User 20219,user20219@example.com,City 10
User 20220,user20220@example.com,City 1
User 20221,user20221@example.com,City 2
User 20222,user20222@example.com,City 3
User 20223,user20223@example.com,City 4
User 20224,user20224@example.com,City 5
User 20225,user20225@example.com,City 6
User 20226,user20226@example.com,City 7
User 20227,user20227@example.com,City 8
User 20228,user20228@example.com,City 9
User 20229,user20229@example.com,City 10
User 20230,user20230@example.com,City 1
User 20231,user20231@example.com,City 2
User 20232,user20232@example.com,City 3
User 20233,user20233@example.com,City 4
User 20234,user20234@example.com,City 5
User 20235,user20235@example.com,City 6
User 20236,user20236@example.com,City 7
User 20237,user20237@example.com,City 8
User 20238,user20238@example.com,City 9
User 20239,user20239@example.com,City 10
User 20240,user20240@example.com,City 1
User 20241,user20241@example.com,City 2
User 20242,user20242@example.com,City 3
User 20243,user20243@example.com,City 4
User 20244,user20244@example.com,City 5
User 20245,user20245@example.com,City 6
User 20246,user20246@example.com,City 7
User 20247,user20247@example.com,City 8
User 20248,user20248@example.com,City 9
User 20249,user20249@example.com,City 10
User 20250,user20250@example.com,City 1
User 20251,user20251@example.com,City 2
User 20252,user20252@example.com,City 3
User 20253,user20253@example.com,City 4
User 20254,user20254@example.com,City 5
User 20255,user20255@example.com,City 6
User 20256,user20256@example.com,City 7
User 20257,user20257@example.com,City 8
User 20258,user20258@example.com,City 9
User 20259,user20259@example.com,City 10
User 20260,user20260@example.com,City 1
User 20261,user20261@example.com,City 2
User 20262,user20262@example.com,City 3
User 20263,user20263@example.com,City 4
User 20264,user20264@example.com,City 5
User 20265,user20265@example.com,City 6
User 20266,user20266@example.com,City 7
User 20267,user20267@example.com,City 8
User 20268,user20268@example.com,City 9
User 20269,user20269@example.com,City 10
User 20270,user20270@example.com,City 1
User 20271,user20271@example.com,City 2
User 20272,user20272@example.com,City 3
User 20273,user20273@example.com,City 4
User 20274,user20274@example.com,City 5
User 20275,user20275@example.com,City 6
User 20276,user20276@example.com,City 7
User 20277,user20277@example.com,City 8
User 20278,user20278@example.com,City 9
User 20279,user20279@example.com,City 10
User 20280,user20280@example.com,City 1
User 20281,user20281@example.com,City 2
User 20282,user20282@example.com,City 3
User 20283,user20283@example.com,City 4
User 20284,user20284@example.com,City 5
User 20285,user20285@example.com,City 6
User 20286,user20286@example.com,City 7
User 20287,user20287@example.com,City 8
User 20288,user20288@example.com,City 9
User 20289,user20289@example.com,City 10
User 20290,user20290@example.com,City 1
User 20291,user20291@example.com,City 2
User 20292,user20292@example.com,City 3
User 20293,user20293@example.com,City 4
User 20294,user20294@example.com,City 5
User 20295,user20295@example.com,City 6
User 20296,user20296@example.com,City 7
User 20297,user20297@example.com,City 8
User 20298,user20298@example.com,City 9
User 20299,user20299@example.com,City 10
User 20300,user20300@example.com,City 1
User 20301,user20301@example.com,City 2
User 20302,user20302@example.com,City 3
User 20303,user20303@example.com,City 4
User 20304,user20304@example.com,City 5
User 20305,user20305@example.com,City 6
User 20306,user20306@example.com,City 7
User 20307,user20307@example.com,City 8
User 20308,user20308@example.com,City 9
User 20309,user20309@example.com,City 10
User 20310,user20310@example.com,City 1
User 20311,user20311@example.com,City 2
User 20312,user20312@example.com,City 3
User 20313,user20313@example.com,City 4
User 20314,user20314@example.com,City 5
User 20315,user20315@example.com,City 6
User 20316,user20316@example.com,City 7
User 20317,user20317@example.com,City 8
User 20318,user20318@example.com,City 9
User 20319,user20319@example.com,City 10
User 20320,user20320@example.com,City 1
User 20321,user20321@example.com,City 2
User 20322,user20322@example.com,City 3
User 20323,user20323@example.com,City 4
User 20324,user20324@example.com,City 5
User 20325,user20325@example.com,City 6
User 20326,user20326@example.com,City 7
User 20327,user20327@example.com,City 8
User 20328,user20328@example.com,City 9
User 20329,user20329@example.com,City 10
User 20330,user20330@example.com,City 1
User 20331,user20331@example.com,City 2
User 20332,user20332@example.com,City 3
User 20333,user20333@example.com,City 4
User 20334,user20334@example.com,City 5
User 20335,user20335@example.com,City 6
User 20336,user20336@example.com,City 7
User 20337,user20337@example.com,City 8
User 20338,user20338@example.com,City 9
User 20339,user20339@example.com,City 10
User 20340,user20340@example.com,City 1
User 20341,user20341@example.com,City 2
User 20342,user20342@example.com,City 3
User 20343,user20343@example.com,City 4
User 20344,user20344@example.com,City 5
User 20345,user20345@example.com,City 6
User 20346,user20346@example.com,City 7
User 20347,user20347@example.com,City 8
User 20348,user20348@example.com,City 9
User 20349,user20349@example.com,City 10
User 20350,user20350@example.com,City 1
User 20351,user20351@example.com,City 2
User 20352,user20352@example.com,City 3
User 20353,user20353@example.com,City 4
User 20354,user20354@example.com,City 5
User 20355,user20355@example.com,City 6
User 20356,user20356@example.com,City 7
User 20357,user20357@example.com,City 8
User 20358,user20358@example.com,City 9
User 20359,user20359@example.com,City 10
User 20360,user20360@example.com,City 1
User 20361,user20361@example.com,City 2
User 20362,user20362@example.com,City 3
User 20363,user20363@example.com,City 4
User 20364,user20364@example.com,City 5
User 20365,user20365@example.com,City 6
User 20366,user20366@example.com,City 7
User 20367,user20367@example.com,City 8
User 20368,user20368@example.com,City 9
User 20369,user20369@example.com,City 10
User 20370,user20370@example.com,City 1
User 20371,user20371@example.com,City 2
User 20372,user20372@example.com,City 3
User 20373,user20373@example.com,City 4
User 20374,user20374@example.com,City 5
User 20375,user20375@example.com,City 6
User 20376,user20376@example.com,City 7
User 20377,user20377@example.com,City 8
User 20378,user20378@example.com,City 9
User 20379,user20379@example.com,City 10
User 20380,user20380@example.com,City 1
User 20381,user20381@example.com,City 2
User 20382,user20382@example.com,City 3
User 20383,user20383@example.com,City 4
User 20384,user20384@example.com,City 5
User 20385,user20385@example.com,City 6
User 20386,user20386@example.com,City 7
User 20387,user20387@example.com,City 8
User 20388,user20388@example.com,City 9
User 20389,user20389@example.com,City 10
User 20390,user20390@example.com,City 1
User 20391,user20391@example.com,City 2
User 20392,user20392@example.com,City 3
User 20393,user20393@example.com,City 4
User 20394,user20394@example.com,City 5
User 20395,user20395@example.com,City 6
User 20396,user20396@example.com,City 7
User 20397,user20397@example.com,City 8
User 20398,user20398@example.com,City 9
User 20399,user20399@example.com,City 10
User 20400,user20400@example.com,City 1
User 20401,user20401@example.com,City 2
User 20402,user20402@example.com,City 3
User 20403,user20403@example.com,City 4
User 20404,user20404@example.com,City 5
User 20405,user20405@example.com,City 6
User 20406,user20406@example.com,City 7
User 20407,user20407@example.com,City 8
User 20408,user20408@example.com,City 9
User 20409,user20409@example.com,City 10
User 20410,user20410@example.com,City 1
User 20411,user20411@example.com,City 2
User 20412,user20412@example.com,City 3
User 20413,user20413@example.com,City 4
User 20414,user20414@example.com,City 5
User 20415,user20415@example.com,City 6
User 20416,user20416@example.com,City 7
User 20417,user20417@example.com,City 8
User 20418,user20418@example.com,City 9
User 20419,user20419@example.com,City 10
User 20420,user20420@example.com,City 1
User 20421,user20421@example.com,City 2
User 20422,user20422@example.com,City 3
User 20423,user20423@example.com,City 4
User 20424,user20424@example.com,City 5
User 20425,user20425@example.com,City 6
User 20426,user20426@example.com,City 7
User 20427,user20427@example.com,City 8
User 20428,user20428@example.com,City 9
User 20429,user20429@example.com,City 10
User 20430,user20430@example.com,City 1
User 20431,user20431@example.com,City 2
User 20432,user20432@example.com,City 3
User 20433,user20433@example.com,City 4
User 20434,user20434@example.com,City 5
User 20435,user20435@example.com,City 6
User 20436,user20436@example.com,City 7
User 20437,user20437@example.com,City 8
User 20438,user20438@example.com,City 9
User 20439,user20439@example.com,City 10
User 20440,user20440@example.com,City 1
User 20441,user20441@example.com,City 2
User 20442,user20442@example.com,City 3
User 20443,user20443@example.com,City 4
User 20444,user20444@example.com,City 5
User 20445,user20445@example.com,City 6
User 20446,user20446@example.com,City 7
User 20447,user20447@example.com,City 8
User 20448,user20448@example.com,City 9
User 20449,user20449@example.com,City 10
User 20450,user20450@example.com,City 1
User 20451,user20451@example.com,City 2
User 20452,user20452@example.com,City 3
User 20453,user20453@example.com,City 4
User 20454,user20454@example.com,City 5
User 20455,user20455@example.com,City 6
User 20456,user20456@example.com,City 7
User 20457,user20457@example.com,City 8
User 20458,user20458@example.com,City 9
User 20459,user20459@example.com,City 10
User 20460,user20460@example.com,City 1
User 20461,user20461@example.com,City 2
User 20462,user20462@example.com,City 3
User 20463,user20463@example.com,City 4
User 20464,user20464@example.com,City 5
User 20465,user20465@example.com,City 6
User 20466,user20466@example.com,City 7
User 20467,user20467@example.com,City 8
User 20468,user20468@example.com,City 9
User 20469,user20469@example.com,City 10
User 20470,user20470@example.com,City 1
User 20471,user20471@example.com,City 2
User 20472,user20472@example.com,City 3
User 20473,user20473@example.com,City 4
User 20474,user20474@example.com,City 5
User 20475,user20475@example.com,City 6
User 20476,user20476@example.com,City 7
User 20477,user20477@example.com,City 8
User 20478,user20478@example.com,City 9
User 20479,user20479@example.com,City 10
User 20480,user20480@example.com,City 1
User 20481,user20481@example.com,City 2
User 20482,user20482@example.com,City 3
User 20483,user20483@example.com,City 4
User 20484,user20484@example.com,City 5
User 20485,user20485@example.com,City 6
User 20486,user20486@example.com,City 7
User 20487,user20487@example.com,City 8
User 20488,user20488@example.com,City 9
User 20489,user20489@example.com,City 10
User 20490,user20490@example.com,City 1
User 20491,user20491@example.com,City 2
User 20492,user20492@example.com,City 3
User 20493,user20493@example.com,City 4
User 20494,user20494@example.com,City 5
User 20495,user20495@example.com,City 6
User 20496,user20496@example.com,City 7
User 20497,user20497@example.com,City 8
User 20498,user20498@example.com,City 9
User 20499,user20499@example.com,City 10
User 20500,user20500@example.com,City 1
User 20501,user20501@example.com,City 2
User 20502,user20502@example.com,City 3
User 20503,user20503@example.com,City 4
User 20504,user20504@example.com,City 5
User 20505,user20505@example.com,City 6
User 20506,user20506@example.com,City 7
User 20507,user20507@example.com,City 8
User 20508,user20508@example.com,City 9
User 20509,user20509@example.com,City 10
User 20510,user20510@example.com,City 1
User 20511,user20511@example.com,City 2
User 20512,user20512@example.com,City 3
User 20513,user20513@example.com,City 4
User 20514,user20514@example.com,City 5
User 20515,user20515@example.com,City 6
User 20516,user20516@example.com,City 7
User 20517,user20517@example.com,City 8
User 20518,user20518@example.com,City 9
User 20519,user20519@example.com,City 10
User 20520,user20520@example.com,City 1
User 20521,user20521@example.com,City 2
User 20522,user20522@example.com,City 3
User 20523,user20523@example.com,City 4
User 20524,user20524@example.com,City 5
User 20525,user20525@example.com,City 6
User 20526,user20526@example.com,City 7
User 20527,user20527@example.com,City 8
User 20528,user20528@example.com,City 9
User 20529,user20529@example.com,City 10
User 20530,user20530@example.com,City 1
User 20531,user20531@example.com,City 2
User 20532,user20532@example.com,City 3
User 20533,user20533@example.com,City 4
User 20534,user20534@example.com,City 5
User 20535,user20535@example.com,City 6
User 20536,user20536@example.com,City 7
User 20537,user20537@example.com,City 8
User 20538,user20538@example.com,City 9
User 20539,user20539@example.com,City 10
User 20540,user20540@example.com,City 1
User 20541,user20541@example.com,City 2
User 20542,user20542@example.com,City 3
User 20543,user20543@example.com,City 4
User 20544,user20544@example.com,City 5
User 20545,user20545@example.com,City 6
User 20546,user20546@example.com,City 7
User 20547,user20547@example.com,City 8
User 20548,user20548@example.com,City 9
User 20549,user20549@example.com,City 10
User 20550,user20550@example.com,City 1
User 20551,user20551@example.com,City 2
User 20552,user20552@example.com,City 3
User 20553,user20553@example.com,City 4
User 20554,user20554@example.com,City 5
User 20555,user20555@example.com,City 6
User 20556,user20556@example.com,City 7
User 20557,user20557@example.com,City 8
User 20558,user20558@example.com,City 9
User 20559,user20559@example.com,City 10
User 20560,user20560@example.com,City 1
User 20561,user20561@example.com,City 2
User 20562,user20562@example.com,City 3
User 20563,user20563@example.com,City 4
User 20564,user20564@example.com,City 5
User 20565,user20565@example.com,City 6
User 20566,user20566@example.com,City 7
User 20567,user20567@example.com,City 8
User 20568,user20568@example.com,City 9
User 20569,user20569@example.com,City 10
User 20570,user20570@example.com,City 1
User 20571,user20571@example.com,City 2
User 20572,user20572@example.com,City 3
User 20573,user20573@example.com,City 4
User 20574,user20574@example.com,City 5
User 20575,user20575@example.com,City 6
User 20576,user20576@example.com,City 7
User 20577,user20577@example.com,City 8
User 20578,user20578@example.com,City 9
User 20579,user20579@example.com,City 10
User 20580,user20580@example.com,City 1
User 20581,user20581@example.com,City 2
User 20582,user20582@example.com,City 3
User 20583,user20583@example.com,City 4
User 20584,user20584@example.com,City 5
User 20585,user20585@example.com,City 6
User 20586,user20586@example.com,City 7
User 20587,user20587@example.com,City 8
User 20588,user20588@example.com,City 9
User 20589,user20589@example.com,City 10
User 20590,user20590@example.com,City 1
User 20591,user20591@example.com,City 2
User 20592,user20592@example.com,City 3
User 20593,user20593@example.com,City 4
User 20594,user20594@example.com,City 5
User 20595,user20595@example.com,City 6
User 20596,user20596@example.com,City 7
User 20597,user20597@example.com,City 8
User 20598,user20598@example.com,City 9
User 20599,user20599@example.com,City 10
User 20600,user20600@example.com,City 1
User 20601,user20601@example.com,City 2
User 20602,user20602@example.com,City 3
User 20603,user20603@example.com,City 4
User 20604,user20604@example.com,City 5
User 20605,user20605@example.com,City 6
User 20606,user20606@example.com,City 7
User 20607,user20607@example.com,City 8
User 20608,user20608@example.com,City 9
User 20609,user20609@example.com,City 10
User 20610,user20610@example.com,City 1
User 20611,user20611@example.com,City 2
User 20612,user20612@example.com,City 3
User 20613,user20613@example.com,City 4
User 20614,user20614@example.com,City 5
User 20615,user20615@example.com,City 6
User 20616,user20616@example.com,City 7
User 20617,user20617@example.com,City 8
User 20618,user20618@example.com,City 9
User 20619,user20619@example.com,City 10
User 20620,user20620@example.com,City 1
User 20621,user20621@example.com,City 2
User 20622,user20622@example.com,City 3
User 20623,user20623@example.com,City 4
User 20624,user20624@example.com,City 5
User 20625,user20625@example.com,City 6
User 20626,user20626@example.com,City 7
User 20627,user20627@example.com,City 8
User 20628,user20628@example.com,City 9
User 20629,user20629@example.com,City 10
User 20630,user20630@example.com,City 1
User 20631,user20631@example.com,City 2
User 20632,user20632@example.com,City 3
User 20633,user20633@example.com,City 4
User 20634,user20634@example.com,City 5
User 20635,user20635@example.com,City 6
User 20636,user20636@example.com,City 7
User 20637,user20637@example.com,City 8
User 20638,user20638@example.com,City 9
User 20639,user20639@example.com,City 10
User 20640,user20640@example.com,City 1
User 20641,user20641@example.com,City 2
User 20642,user20642@example.com,City 3
User 20643,user20643@example.com,City 4
User 20644,user20644@example.com,City 5
User 20645,user20645@example.com,City 6
User 20646,user20646@example.com,City 7
User 20647,user20647@example.com,City 8
User 20648,user20648@example.com,City 9
User 20649,user20649@example.com,City 10
User 20650,user20650@example.com,City 1
User 20651,user20651@example.com,City 2
User 20652,user20652@example.com,City 3
User 20653,user20653@example.com,City 4
User 20654,user20654@example.com,City 5
User 20655,user20655@example.com,City 6
User 20656,user20656@example.com,City 7
User 20657,user20657@example.com,City 8
User 20658,user20658@example.com,City 9
User 20659,user20659@example.com,City 10
User 20660,user20660@example.com,City 1
User 20661,user20661@example.com,City 2
User 20662,user20662@example.com,City 3
User 20663,user20663@example.com,City 4
User 20664,user20664@example.com,City 5
User 20665,user20665@example.com,City 6
User 20666,user20666@example.com,City 7
User 20667,user20667@example.com,City 8
User 20668,user20668@example.com,City 9
User 20669,user20669@example.com,City 10
User 20670,user20670@example.com,City 1
User 20671,user20671@example.com,City 2
User 20672,user20672@example.com,City 3
User 20673,user20673@example.com,City 4
User 20674,user20674@example.com,City 5
User 20675,user20675@example.com,City 6
User 20676,user20676@example.com,City 7
User 20677,user20677@example.com,City 8
User 20678,user20678@example.com,City 9
User 20679,user20679@example.com,City 10
User 20680,user20680@example.com,City 1
User 20681,user20681@example.com,City 2
User 20682,user20682@example.com,City 3
User 20683,user20683@example.com,City 4
User 20684,user20684@example.com,City 5
User 20685,user20685@example.com,City 6
User 20686,user20686@example.com,City 7
User 20687,user20687@example.com,City 8
User 20688,user20688@example.com,City 9
User 20689,user20689@example.com,City 10
User 20690,user20690@example.com,City 1
User 20691,user20691@example.com,City 2
User 20692,user20692@example.com,City 3
User 20693,user20693@example.com,City 4
User 20694,user20694@example.com,City 5
User 20695,user20695@example.com,City 6
User 20696,user20696@example.com,City 7
User 20697,user20697@example.com,City 8
User 20698,user20698@example.com,City 9
User 20699,user20699@example.com,City 10
User 20700,user20700@example.com,City 1
User 20701,user20701@example.com,City 2
User 20702,user20702@example.com,City 3
User 20703,user20703@example.com,City 4
User 20704,user20704@example.com,City 5
User 20705,user20705@example.com,City 6
User 20706,user20706@example.com,City 7
User 20707,user20707@example.com,City 8
User 20708,user20708@example.com,City 9
User 20709,user20709@example.com,City 10
User 20710,user20710@example.com,City 1
User 20711,user20711@example.com,City 2
User 20712,user20712@example.com,City 3
User 20713,user20713@example.com,City 4
User 20714,user20714@example.com,City 5
User 20715,user20715@example.com,City 6
User 20716,user20716@example.com,City 7
User 20717,user20717@example.com,City 8
User 20718,user20718@example.com,City 9
User 20719,user20719@example.com,City 10
User 20720,user20720@example.com,City 1
User 20721,user20721@example.com,City 2
User 20722,user20722@example.com,City 3
User 20723,user20723@example.com,City 4
User 20724,user20724@example.com,City 5
User 20725,user20725@example.com,City 6
User 20726,user20726@example.com,City 7
User 20727,user20727@example.com,City 8
User 20728,user20728@example.com,City 9
User 20729,user20729@example.com,City 10
User 20730,user20730@example.com,City 1
User 20731,user20731@example.com,City 2
User 20732,user20732@example.com,City 3
User 20733,user20733@example.com,City 4
User 20734,user20734@example.com,City 5
User 20735,user20735@example.com,City 6
User 20736,user20736@example.com,City 7
User 20737,user20737@example.com,City 8
User 20738,user20738@example.com,City 9
User 20739,user20739@example.com,City 10
User 20740,user20740@example.com,City 1
User 20741,user20741@example.com,City 2
User 20742,user20742@example.com,City 3
User 20743,user20743@example.com,City 4
User 20744,user20744@example.com,City 5
User 20745,user20745@example.com,City 6
User 20746,user20746@example.com,City 7
User 20747,user20747@example.com,City 8
User 20748,user20748@example.com,City 9
User 20749,user20749@example.com,City 10
User 20750,user20750@example.com,City 1
User 20751,user20751@example.com,City 2
User 20752,user20752@example.com,City 3
User 20753,user20753@example.com,City 4
User 20754,user20754@example.com,City 5
User 20755,user20755@example.com,City 6
User 20756,user20756@example.com,City 7
User 20757,user20757@example.com,City 8
User 20758,user20758@example.com,City 9
User 20759,user20759@example.com,City 10
User 20760,user20760@example.com,City 1
User 20761,user20761@example.com,City 2
User 20762,user20762@example.com,City 3
User 20763,user20763@example.com,City 4
User 20764,user20764@example.com,City 5
User 20765,user20765@example.com,City 6
User 20766,user20766@example.com,City 7
User 20767,user20767@example.com,City 8
User 20768,user20768@example.com,City 9
User 20769,user20769@example.com,City 10
User 20770,user20770@example.com,City 1
User 20771,user20771@example.com,City 2
User 20772,user20772@example.com,City 3
User 20773,user20773@example.com,City 4
User 20774,user20774@example.com,City 5
User 20775,user20775@example.com,City 6
User 20776,user20776@example.com,City 7
User 20777,user20777@example.com,City 8
User 20778,user20778@example.com,City 9
User 20779,user20779@example.com,City 10
User 20780,user20780@example.com,City 1
User 20781,user20781@example.com,City 2
User 20782,user20782@example.com,City 3
User 20783,user20783@example.com,City 4
User 20784,user20784@example.com,City 5
User 20785,user20785@example.com,City 6
User 20786,user20786@example.com,City 7
User 20787,user20787@example.com,City 8
User 20788,user20788@example.com,City 9
User 20789,user20789@example.com,City 10
User 20790,user20790@example.com,City 1
User 20791,user20791@example.com,City 2
User 20792,user20792@example.com,City 3
User 20793,user20793@example.com,City 4
User 20794,user20794@example.com,City 5
User 20795,user20795@example.com,City 6
User 20796,user20796@example.com,City 7
User 20797,user20797@example.com,City 8
User 20798,user20798@example.com,City 9
User 20799,user20799@example.com,City 10
User 20800,user20800@example.com,City 1
User 20801,user20801@example.com,City 2
User 20802,user20802@example.com,City 3
User 20803,user20803@example.com,City 4
User 20804,user20804@example.com,City 5
User 20805,user20805@example.com,City 6
User 20806,user20806@example.com,City 7
User 20807,user20807@example.com,City 8
User 20808,user20808@example.com,City 9
User 20809,user20809@example.com,City 10
User 20810,user20810@example.com,City 1
User 20811,user20811@example.com,City 2
User 20812,user20812@example.com,City 3
User 20813,user20813@example.com,City 4
User 20814,user20814@example.com,City 5
User 20815,user20815@example.com,City 6
User 20816,user20816@example.com,City 7
User 20817,user20817@example.com,City 8
User 20818,user20818@example.com,City 9
User 20819,user20819@example.com,City 10
User 20820,user20820@example.com,City 1
User 20821,user20821@example.com,City 2
User 20822,user20822@example.com,City 3
User 20823,user20823@example.com,City 4
User 20824,user20824@example.com,City 5
User 20825,user20825@example.com,City 6
User 20826,user20826@example.com,City 7
User 20827,user20827@example.com,City 8
User 20828,user20828@example.com,City 9
User 20829,user20829@example.com,City 10
User 20830,user20830@example.com,City 1
User 20831,user20831@example.com,City 2
User 20832,user20832@example.com,City 3
User 20833,user20833@example.com,City 4
User 20834,user20834@example.com,City 5
User 20835,user20835@example.com,City 6
User 20836,user20836@example.com,City 7
User 20837,user20837@example.com,City 8
User 20838,user20838@example.com,City 9
User 20839,user20839@example.com,City 10
User 20840,user20840@example.com,City 1
User 20841,user20841@example.com,City 2
User 20842,user20842@example.com,City 3
User 20843,user20843@example.com,City 4
User 20844,user20844@example.com,City 5
User 20845,user20845@example.com,City 6
User 20846,user20846@example.com,City 7
User 20847,user20847@example.com,City 8
User 20848,user20848@example.com,City 9
User 20849,user20849@example.com,City 10
User 20850,user20850@example.com,City 1
User 20851,user20851@example.com,City 2
User 20852,user20852@example.com,City 3
User 20853,user20853@example.com,City 4
User 20854,user20854@example.com,City 5
User 20855,user20855@example.com,City 6
User 20856,user20856@example.com,City 7
User 20857,user20857@example.com,City 8
User 20858,user20858@example.com,City 9
User 20859,user20859@example.com,City 10
User 20860,user20860@example.com,City 1
User 20861,user20861@example.com,City 2
User 20862,user20862@example.com,City 3
User 20863,user20863@example.com,City 4
User 20864,user20864@example.com,City 5
User 20865,user20865@example.com,City 6
User 20866,user20866@example.com,City 7
User 20867,user20867@example.com,City 8
User 20868,user20868@example.com,City 9
User 20869,user20869@example.com,City 10
User 20870,user20870@example.com,City 1
User 20871,user20871@example.com,City 2
User 20872,user20872@example.com,City 3
User 20873,user20873@example.com,City 4
User 20874,user20874@example.com,City 5
User 20875,user20875@example.com,City 6
User 20876,user20876@example.com,City 7
User 20877,user20877@example.com,City 8
User 20878,user20878@example.com,City 9
User 20879,user20879@example.com,City 10
User 20880,user20880@example.com,City 1
User 20881,user20881@example.com,City 2
User 20882,user20882@example.com,City 3
User 20883,user20883@example.com,City 4
User 20884,user20884@example.com,City 5
User 20885,user20885@example.com,City 6
User 20886,user20886@example.com,City 7
User 20887,user20887@example.com,City 8
User 20888,user20888@example.com,City 9
User 20889,user20889@example.com,City 10
User 20890,user20890@example.com,City 1
User 20891,user20891@example.com,City 2
User 20892,user20892@example.com,City 3
User 20893,user20893@example.com,City 4
User 20894,user20894@example.com,City 5
User 20895,user20895@example.com,City 6
User 20896,user20896@example.com,City 7
User 20897,user20897@example.com,City 8
User 20898,user20898@example.com,City 9
User 20899,user20899@example.com,City 10
User 20900,user20900@example.com,City 1
User 20901,user20901@example.com,City 2
User 20902,user20902@example.com,City 3
User 20903,user20903@example.com,City 4
User 20904,user20904@example.com,City 5
User 20905,user20905@example.com,City 6
User 20906,user20906@example.com,City 7
User 20907,user20907@example.com,City 8
User 20908,user20908@example.com,City 9
User 20909,user20909@example.com,City 10
User 20910,user20910@example.com,City 1
User 20911,user20911@example.com,City 2
User 20912,user20912@example.com,City 3
User 20913,user20913@example.com,City 4
User 20914,user20914@example.com,City 5
User 20915,user20915@example.com,City 6
User 20916,user20916@example.com,City 7
User 20917,user20917@example.com,City 8
User 20918,user20918@example.com,City 9
User 20919,user20919@example.com,City 10
User 20920,user20920@example.com,City 1
User 20921,user20921@example.com,City 2
User 20922,user20922@example.com,City 3
User 20923,user20923@example.com,City 4
User 20924,user20924@example.com,City 5
User 20925,user20925@example.com,City 6
User 20926,user20926@example.com,City 7
User 20927,user20927@example.com,City 8
User 20928,user20928@example.com,City 9
User 20929,user20929@example.com,City 10
User 20930,user20930@example.com,City 1
User 20931,user20931@example.com,City 2
User 20932,user20932@example.com,City 3
User 20933,user20933@example.com,City 4
User 20934,user20934@example.com,City 5
User 20935,user20935@example.com,City 6
User 20936,user20936@example.com,City 7
User 20937,user20937@example.com,City 8
User 20938,user20938@example.com,City 9
User 20939,user20939@example.com,City 10
User 20940,user20940@example.com,City 1
User 20941,user20941@example.com,City 2
User 20942,user20942@example.com,City 3
User 20943,user20943@example.com,City 4
User 20944,user20944@example.com,City 5
User 20945,user20945@example.com,City 6
User 20946,user20946@example.com,City 7
User 20947,user20947@example.com,City 8
User 20948,user20948@example.com,City 9
User 20949,user20949@example.com,City 10
User 20950,user20950@example.com,City 1
User 20951,user20951@example.com,City 2
User 20952,user20952@example.com,City 3
User 20953,user20953@example.com,City 4
User 20954,user20954@example.com,City 5
User 20955,user20955@example.com,City 6
User 20956,user20956@example.com,City 7
User 20957,user20957@example.com,City 8
User 20958,user20958@example.com,City 9
User 20959,user20959@example.com,City 10
User 20960,user20960@example.com,City 1
User 20961,user20961@example.com,City 2
User 20962,user20962@example.com,City 3
User 20963,user20963@example.com,City 4
User 20964,user20964@example.com,City 5
User 20965,user20965@example.com,City 6
User 20966,user20966@example.com,City 7
User 20967,user20967@example.com,City 8
User 20968,user20968@example.com,City 9
User 20969,user20969@example.com,City 10
User 20970,user20970@example.com,City 1
User 20971,user20971@example.com,City 2
User 20972,user20972@example.com,City 3
User 20973,user20973@example.com,City 4
User 20974,user20974@example.com,City 5
User 20975,user20975@example.com,City 6
User 20976,user20976@example.com,City 7
User 20977,user20977@example.com,City 8
User 20978,user20978@example.com,City 9
User 20979,user20979@example.com,City 10
User 20980,user20980@example.com,City 1
User 20981,user20981@example.com,City 2
User 20982,user20982@example.com,City 3
User 20983,user20983@example.com,City 4
User 20984,user20984@example.com,City 5
User 20985,user20985@example.com,City 6
User 20986,user20986@example.com,City 7
User 20987,user20987@example.com,City 8
User 20988,user20988@example.com,City 9
User 20989,user20989@example.com,City 10
User 20990,user20990@example.com,City 1
User 20991,user20991@example.com,City 2
User 20992,user20992@example.com,City 3
User 20993,user20993@example.com,City 4
User 20994,user20994@example.com,City 5
User 20995,user20995@example.com,City 6
User 20996,user20996@example.com,City 7
User 20997,user20997@example.com,City 8
User 20998,user20998@example.com,City 9
User 20999,user20999@example.com,City 10
User 21000,user21000@example.com,City 1
User 21001,user21001@example.com,City 2
User 21002,user21002@example.com,City 3
User 21003,user21003@example.com,City 4
User 21004,user21004@example.com,City 5
User 21005,user21005@example.com,City 6
User 21006,user21006@example.com,City 7
User 21007,user21007@example.com,City 8
User 21008,user21008@example.com,City 9
User 21009,user21009@example.com,City 10
User 21010,user21010@example.com,City 1
User 21011,user21011@example.com,City 2
User 21012,user21012@example.com,City 3
User 21013,user21013@example.com,City 4
User 21014,user21014@example.com,City 5
User 21015,user21015@example.com,City 6
User 21016,user21016@example.com,City 7
User 21017,user21017@example.com,City 8
User 21018,user21018@example.com,City 9
User 21019,user21019@example.com,City 10
User 21020,user21020@example.com,City 1
User 21021,user21021@example.com,City 2
User 21022,user21022@example.com,City 3
User 21023,user21023@example.com,City 4
User 21024,user21024@example.com,City 5
User 21025,user21025@example.com,City 6
User 21026,user21026@example.com,City 7
User 21027,user21027@example.com,City 8
User 21028,user21028@example.com,City 9
User 21029,user21029@example.com,City 10
User 21030,user21030@example.com,City 1
User 21031,user21031@example.com,City 2
User 21032,user21032@example.com,City 3
User 21033,user21033@example.com,City 4
User 21034,user21034@example.com,City 5
User 21035,user21035@example.com,City 6
User 21036,user21036@example.com,City 7
User 21037,user21037@example.com,City 8
User 21038,user21038@example.com,City 9
User 21039,user21039@example.com,City 10
User 21040,user21040@example.com,City 1
User 21041,user21041@example.com,City 2
User 21042,user21042@example.com,City 3
User 21043,user21043@example.com,City 4
User 21044,user21044@example.com,City 5
User 21045,user21045@example.com,City 6
User 21046,user21046@example.com,City 7
User 21047,user21047@example.com,City 8
User 21048,user21048@example.com,City 9
User 21049,user21049@example.com,City 10
User 21050,user21050@example.com,City 1
User 21051,user21051@example.com,City 2
User 21052,user21052@example.com,City 3
User 21053,user21053@example.com,City 4
User 21054,user21054@example.com,City 5
User 21055,user21055@example.com,City 6
User 21056,user21056@example.com,City 7
User 21057,user21057@example.com,City 8
User 21058,user21058@example.com,City 9
User 21059,user21059@example.com,City 10
User 21060,user21060@example.com,City 1
User 21061,user21061@example.com,City 2
User 21062,user21062@example.com,City 3
User 21063,user21063@example.com,City 4
User 21064,user21064@example.com,City 5
User 21065,user21065@example.com,City 6
User 21066,user21066@example.com,City 7
User 21067,user21067@example.com,City 8
User 21068,user21068@example.com,City 9
User 21069,user21069@example.com,City 10
User 21070,user21070@example.com,City 1
User 21071,user21071@example.com,City 2
User 21072,user21072@example.com,City 3
User 21073,user21073@example.com,City 4
User 21074,user21074@example.com,City 5
User 21075,user21075@example.com,City 6
User 21076,user21076@example.com,City 7
User 21077,user21077@example.com,City 8
User 21078,user21078@example.com,City 9
User 21079,user21079@example.com,City 10
User 21080,user21080@example.com,City 1
User 21081,user21081@example.com,City 2
User 21082,user21082@example.com,City 3
User 21083,user21083@example.com,City 4
User 21084,user21084@example.com,City 5
User 21085,user21085@example.com,City 6
User 21086,user21086@example.com,City 7
User 21087,user21087@example.com,City 8
User 21088,user21088@example.com,City 9
User 21089,user21089@example.com,City 10
User 21090,user21090@example.com,City 1
User 21091,user21091@example.com,City 2
User 21092,user21092@example.com,City 3
User 21093,user21093@example.com,City 4
User 21094,user21094@example.com,City 5
User 21095,user21095@example.com,City 6
User 21096,user21096@example.com,City 7
User 21097,user21097@example.com,City 8
User 21098,user21098@example.com,City 9
User 21099,user21099@example.com,City 10
User 21100,user21100@example.com,City 1
User 21101,user21101@example.com,City 2
User 21102,user21102@example.com,City 3
User 21103,user21103@example.com,City 4
User 21104,user21104@example.com,City 5
User 21105,user21105@example.com,City 6
User 21106,user21106@example.com,City 7
User 21107,user21107@example.com,City 8
User 21108,user21108@example.com,City 9
User 21109,user21109@example.com,City 10
User 21110,user21110@example.com,City 1
User 21111,user21111@example.com,City 2
User 21112,user21112@example.com,City 3
User 21113,user21113@example.com,City 4
User 21114,user21114@example.com,City 5
User 21115,user21115@example.com,City 6
User 21116,user21116@example.com,City 7
User 21117,user21117@example.com,City 8
User 21118,user21118@example.com,City 9
User 21119,user21119@example.com,City 10
User 21120,user21120@example.com,City 1
User 21121,user21121@example.com,City 2
User 21122,user21122@example.com,City 3
User 21123,user21123@example.com,City 4
User 21124,user21124@example.com,City 5
User 21125,user21125@example.com,City 6
User 21126,user21126@example.com,City 7
User 21127,user21127@example.com,City 8
User 21128,user21128@example.com,City 9
User 21129,user21129@example.com,City 10
User 21130,user21130@example.com,City 1
User 21131,user21131@example.com,City 2
User 21132,user21132@example.com,City 3
User 21133,user21133@example.com,City 4
User 21134,user21134@example.com,City 5
User 21135,user21135@example.com,City 6
User 21136,user21136@example.com,City 7
User 21137,user21137@example.com,City 8
User 21138,user21138@example.com,City 9
User 21139,user21139@example.com,City 10
User 21140,user21140@example.com,City 1
User 21141,user21141@example.com,City 2
User 21142,user21142@example.com,City 3
User 21143,user21143@example.com,City 4
User 21144,user21144@example.com,City 5
User 21145,user21145@example.com,City 6
User 21146,user21146@example.com,City 7
User 21147,user21147@example.com,City 8
User 21148,user21148@example.com,City 9
User 21149,user21149@example.com,City 10
User 21150,user21150@example.com,City 1
User 21151,user21151@example.com,City 2
User 21152,user21152@example.com,City 3
User 21153,user21153@example.com,City 4
User 21154,user21154@example.com,City 5
User 21155,user21155@example.com,City 6
User 21156,user21156@example.com,City 7
User 21157,user21157@example.com,City 8
User 21158,user21158@example.com,City 9
User 21159,user21159@example.com,City 10
User 21160,user21160@example.com,City 1
User 21161,user21161@example.com,City 2
User 21162,user21162@example.com,City 3
User 21163,user21163@example.com,City 4
User 21164,user21164@example.com,City 5
User 21165,user21165@example.com,City 6
User 21166,user21166@example.com,City 7
User 21167,user21167@example.com,City 8
User 21168,user21168@example.com,City 9
User 21169,user21169@example.com,City 10
User 21170,user21170@example.com,City 1
User 21171,user21171@example.com,City 2
User 21172,user21172@example.com,City 3
User 21173,user21173@example.com,City 4
User 21174,user21174@example.com,City 5
User 21175,user21175@example.com,City 6
User 21176,user21176@example.com,City 7
User 21177,user21177@example.com,City 8
User 21178,user21178@example.com,City 9
User 21179,user21179@example.com,City 10
User 21180,user21180@example.com,City 1
User 21181,user21181@example.com,City 2
User 21182,user21182@example.com,City 3
User 21183,user21183@example.com,City 4
User 21184,user21184@example.com,City 5
User 21185,user21185@example.com,City 6
User 21186,user21186@example.com,City 7
User 21187,user21187@example.com,City 8
User 21188,user21188@example.com,City 9
User 21189,user21189@example.com,City 10
User 21190,user21190@example.com,City 1
User 21191,user21191@example.com,City 2
User 21192,user21192@example.com,City 3
User 21193,user21193@example.com,City 4
User 21194,user21194@example.com,City 5
User 21195,user21195@example.com,City 6
User 21196,user21196@example.com,City 7
User 21197,user21197@example.com,City 8
User 21198,user21198@example.com,City 9
User 21199,user21199@example.com,City 10
User 21200,user21200@example.com,City 1
User 21201,user21201@example.com,City 2
User 21202,user21202@example.com,City 3
User 21203,user21203@example.com,City 4
User 21204,user21204@example.com,City 5
User 21205,user21205@example.com,City 6
User 21206,user21206@example.com,City 7
User 21207,user21207@example.com,City 8
User 21208,user21208@example.com,City 9
User 21209,user21209@example.com,City 10
User 21210,user21210@example.com,City 1
User 21211,user21211@example.com,City 2
User 21212,user21212@example.com,City 3
User 21213,user21213@example.com,City 4
User 21214,user21214@example.com,City 5
User 21215,user21215@example.com,City 6
User 21216,user21216@example.com,City 7
User 21217,user21217@example.com,City 8
User 21218,user21218@example.com,City 9
User 21219,user21219@example.com,City 10
User 21220,user21220@example.com,City 1
User 21221,user21221@example.com,City 2
User 21222,user21222@example.com,City 3
User 21223,user21223@example.com,City 4
User 21224,user21224@example.com,City 5
User 21225,user21225@example.com,City 6
User 21226,user21226@example.com,City 7
User 21227,user21227@example.com,City 8
User 21228,user21228@example.com,City 9
User 21229,user21229@example.com,City 10
User 21230,user21230@example.com,City 1
User 21231,user21231@example.com,City 2
User 21232,user21232@example.com,City 3
User 21233,user21233@example.com,City 4
User 21234,user21234@example.com,City 5
User 21235,user21235@example.com,City 6
User 21236,user21236@example.com,City 7
User 21237,user21237@example.com,City 8
User 21238,user21238@example.com,City 9
User 21239,user21239@example.com,City 10
User 21240,user21240@example.com,City 1
User 21241,user21241@example.com,City 2
User 21242,user21242@example.com,City 3
User 21243,user21243@example.com,City 4
User 21244,user21244@example.com,City 5
User 21245,user21245@example.com,City 6
User 21246,user21246@example.com,City 7
User 21247,user21247@example.com,City 8
User 21248,user21248@example.com,City 9
User 21249,user21249@example.com,City 10
User 21250,user21250@example.com,City 1
User 21251,user21251@example.com,City 2
User 21252,user21252@example.com,City 3
User 21253,user21253@example.com,City 4
User 21254,user21254@example.com,City 5
User 21255,user21255@example.com,City 6
User 21256,user21256@example.com,City 7
User 21257,user21257@example.com,City 8
User 21258,user21258@example.com,City 9
User 21259,user21259@example.com,City 10
User 21260,user21260@example.com,City 1
User 21261,user21261@example.com,City 2
User 21262,user21262@example.com,City 3
User 21263,user21263@example.com,City 4
User 21264,user21264@example.com,City 5
User 21265,user21265@example.com,City 6
User 21266,user21266@example.com,City 7
User 21267,user21267@example.com,City 8
User 21268,user21268@example.com,City 9
User 21269,user21269@example.com,City 10
User 21270,user21270@example.com,City 1
User 21271,user21271@example.com,City 2
User 21272,user21272@example.com,City 3
User 21273,user21273@example.com,City 4
User 21274,user21274@example.com,City 5
User 21275,user21275@example.com,City 6
User 21276,user21276@example.com,City 7
User 21277,user21277@example.com,City 8
User 21278,user21278@example.com,City 9
User 21279,user21279@example.com,City 10
User 21280,user21280@example.com,City 1
User 21281,user21281@example.com,City 2
User 21282,user21282@example.com,City 3
User 21283,user21283@example.com,City 4
User 21284,user21284@example.com,City 5
User 21285,user21285@example.com,City 6
User 21286,user21286@example.com,City 7
User 21287,user21287@example.com,City 8
User 21288,user21288@example.com,City 9
User 21289,user21289@example.com,City 10
User 21290,user21290@example.com,City 1
User 21291,user21291@example.com,City 2
User 21292,user21292@example.com,City 3
User 21293,user21293@example.com,City 4
User 21294,user21294@example.com,City 5
User 21295,user21295@example.com,City 6
User 21296,user21296@example.com,City 7
User 21297,user21297@example.com,City 8
User 21298,user21298@example.com,City 9
User 21299,user21299@example.com,City 10
User 21300,user21300@example.com,City 1
User 21301,user21301@example.com,City 2
User 21302,user21302@example.com,City 3
User 21303,user21303@example.com,City 4
User 21304,user21304@example.com,City 5
User 21305,user21305@example.com,City 6
User 21306,user21306@example.com,City 7
User 21307,user21307@example.com,City 8
User 21308,user21308@example.com,City 9
User 21309,user21309@example.com,City 10
User 21310,user21310@example.com,City 1
User 21311,user21311@example.com,City 2
User 21312,user21312@example.com,City 3
User 21313,user21313@example.com,City 4
User 21314,user21314@example.com,City 5
User 21315,user21315@example.com,City 6
User 21316,user21316@example.com,City 7
User 21317,user21317@example.com,City 8
User 21318,user21318@example.com,City 9
User 21319,user21319@example.com,City 10
User 21320,user21320@example.com,City 1
User 21321,user21321@example.com,City 2
User 21322,user21322@example.com,City 3
User 21323,user21323@example.com,City 4
User 21324,user21324@example.com,City 5
User 21325,user21325@example.com,City 6
User 21326,user21326@example.com,City 7
User 21327,user21327@example.com,City 8
User 21328,user21328@example.com,City 9
User 21329,user21329@example.com,City 10
User 21330,user21330@example.com,City 1
User 21331,user21331@example.com,City 2
User 21332,user21332@example.com,City 3
User 21333,user21333@example.com,City 4
User 21334,user21334@example.com,City 5
User 21335,user21335@example.com,City 6
User 21336,user21336@example.com,City 7
User 21337,user21337@example.com,City 8
User 21338,user21338@example.com,City 9
User 21339,user21339@example.com,City 10
User 21340,user21340@example.com,City 1
User 21341,user21341@example.com,City 2
User 21342,user21342@example.com,City 3
User 21343,user21343@example.com,City 4
User 21344,user21344@example.com,City 5
User 21345,user21345@example.com,City 6
User 21346,user21346@example.com,City 7
User 21347,user21347@example.com,City 8
User 21348,user21348@example.com,City 9
User 21349,user21349@example.com,City 10
User 21350,user21350@example.com,City 1
User 21351,user21351@example.com,City 2
User 21352,user21352@example.com,City 3
User 21353,user21353@example.com,City 4
User 21354,user21354@example.com,City 5
User 21355,user21355@example.com,City 6
User 21356,user21356@example.com,City 7
User 21357,user21357@example.com,City 8
User 21358,user21358@example.com,City 9
User 21359,user21359@example.com,City 10
User 21360,user21360@example.com,City 1
User 21361,user21361@example.com,City 2
User 21362,user21362@example.com,City 3
User 21363,user21363@example.com,City 4
User 21364,user21364@example.com,City 5
User 21365,user21365@example.com,City 6
User 21366,user21366@example.com,City 7
User 21367,user21367@example.com,City 8
User 21368,user21368@example.com,City 9
User 21369,user21369@example.com,City 10
User 21370,user21370@example.com,City 1
User 21371,user21371@example.com,City 2
User 21372,user21372@example.com,City 3
User 21373,user21373@example.com,City 4
User 21374,user21374@example.com,City 5
User 21375,user21375@example.com,City 6
User 21376,user21376@example.com,City 7
User 21377,user21377@example.com,City 8
User 21378,user21378@example.com,City 9
User 21379,user21379@example.com,City 10
User 21380,user21380@example.com,City 1
User 21381,user21381@example.com,City 2
User 21382,user21382@example.com,City 3
User 21383,user21383@example.com,City 4
User 21384,user21384@example.com,City 5
User 21385,user21385@example.com,City 6
User 21386,user21386@example.com,City 7
User 21387,user21387@example.com,City 8
User 21388,user21388@example.com,City 9
User 21389,user21389@example.com,City 10
User 21390,user21390@example.com,City 1
User 21391,user21391@example.com,City 2
User 21392,user21392@example.com,City 3
User 21393,user21393@example.com,City 4
User 21394,user21394@example.com,City 5
User 21395,user21395@example.com,City 6
User 21396,user21396@example.com,City 7
User 21397,user21397@example.com,City 8
User 21398,user21398@example.com,City 9
User 21399,user21399@example.com,City 10
User 21400,user21400@example.com,City 1
User 21401,user21401@example.com,City 2
User 21402,user21402@example.com,City 3
User 21403,user21403@example.com,City 4
User 21404,user21404@example.com,City 5
User 21405,user21405@example.com,City 6
User 21406,user21406@example.com,City 7
User 21407,user21407@example.com,City 8
User 21408,user21408@example.com,City 9
User 21409,user21409@example.com,City 10
User 21410,user21410@example.com,City 1
User 21411,user21411@example.com,City 2
User 21412,user21412@example.com,City 3
User 21413,user21413@example.com,City 4
User 21414,user21414@example.com,City 5
User 21415,user21415@example.com,City 6
User 21416,user21416@example.com,City 7
User 21417,user21417@example.com,City 8
User 21418,user21418@example.com,City 9
User 21419,user21419@example.com,City 10
User 21420,user21420@example.com,City 1
User 21421,user21421@example.com,City 2
User 21422,user21422@example.com,City 3
User 21423,user21423@example.com,City 4
User 21424,user21424@example.com,City 5
User 21425,user21425@example.com,City 6
User 21426,user21426@example.com,City 7
User 21427,user21427@example.com,City 8
User 21428,user21428@example.com,City 9
User 21429,user21429@example.com,City 10
User 21430,user21430@example.com,City 1
User 21431,user21431@example.com,City 2
User 21432,user21432@example.com,City 3
User 21433,user21433@example.com,City 4
User 21434,user21434@example.com,City 5
User 21435,user21435@example.com,City 6
User 21436,user21436@example.com,City 7
User 21437,user21437@example.com,City 8
User 21438,user21438@example.com,City 9
User 21439,user21439@example.com,City 10
User 21440,user21440@example.com,City 1
User 21441,user21441@example.com,City 2
User 21442,user21442@example.com,City 3
User 21443,user21443@example.com,City 4
User 21444,user21444@example.com,City 5
User 21445,user21445@example.com,City 6
User 21446,user21446@example.com,City 7
User 21447,user21447@example.com,City 8
User 21448,user21448@example.com,City 9
User 21449,user21449@example.com,City 10
User 21450,user21450@example.com,City 1
User 21451,user21451@example.com,City 2
User 21452,user21452@example.com,City 3
User 21453,user21453@example.com,City 4
User 21454,user21454@example.com,City 5
User 21455,user21455@example.com,City 6
User 21456,user21456@example.com,City 7
User 21457,user21457@example.com,City 8
User 21458,user21458@example.com,City 9
User 21459,user21459@example.com,City 10
User 21460,user21460@example.com,City 1
User 21461,user21461@example.com,City 2
User 21462,user21462@example.com,City 3
User 21463,user21463@example.com,City 4
User 21464,user21464@example.com,City 5
User 21465,user21465@example.com,City 6
User 21466,user21466@example.com,City 7
User 21467,user21467@example.com,City 8
User 21468,user21468@example.com,City 9
User 21469,user21469@example.com,City 10
User 21470,user21470@example.com,City 1
User 21471,user21471@example.com,City 2
User 21472,user21472@example.com,City 3
User 21473,user21473@example.com,City 4
User 21474,user21474@example.com,City 5
User 21475,user21475@example.com,City 6
User 21476,user21476@example.com,City 7
User 21477,user21477@example.com,City 8
User 21478,user21478@example.com,City 9
User 21479,user21479@example.com,City 10
User 21480,user21480@example.com,City 1
User 21481,user21481@example.com,City 2
User 21482,user21482@example.com,City 3
User 21483,user21483@example.com,City 4
User 21484,user21484@example.com,City 5
User 21485,user21485@example.com,City 6
User 21486,user21486@example.com,City 7
User 21487,user21487@example.com,City 8
User 21488,user21488@example.com,City 9
User 21489,user21489@example.com,City 10
User 21490,user21490@example.com,City 1
User 21491,user21491@example.com,City 2
User 21492,user21492@example.com,City 3
User 21493,user21493@example.com,City 4
User 21494,user21494@example.com,City 5
User 21495,user21495@example.com,City 6
User 21496,user21496@example.com,City 7
User 21497,user21497@example.com,City 8
User 21498,user21498@example.com,City 9
User 21499,user21499@example.com,City 10
User 21500,user21500@example.com,City 1
User 21501,user21501@example.com,City 2
User 21502,user21502@example.com,City 3
User 21503,user21503@example.com,City 4
User 21504,user21504@example.com,City 5
User 21505,user21505@example.com,City 6
User 21506,user21506@example.com,City 7
User 21507,user21507@example.com,City 8
User 21508,user21508@example.com,City 9
User 21509,user21509@example.com,City 10
User 21510,user21510@example.com,City 1
User 21511,user21511@example.com,City 2
User 21512,user21512@example.com,City 3
User 21513,user21513@example.com,City 4
User 21514,user21514@example.com,City 5
User 21515,user21515@example.com,City 6
User 21516,user21516@example.com,City 7
User 21517,user21517@example.com,City 8
User 21518,user21518@example.com,City 9
User 21519,user21519@example.com,City 10
User 21520,user21520@example.com,City 1
User 21521,user21521@example.com,City 2
User 21522,user21522@example.com,City 3
User 21523,user21523@example.com,City 4
User 21524,user21524@example.com,City 5
User 21525,user21525@example.com,City 6
User 21526,user21526@example.com,City 7
User 21527,user21527@example.com,City 8
User 21528,user21528@example.com,City 9
User 21529,user21529@example.com,City 10
User 21530,user21530@example.com,City 1
User 21531,user21531@example.com,City 2
User 21532,user21532@example.com,City 3
User 21533,user21533@example.com,City 4
User 21534,user21534@example.com,City 5
User 21535,user21535@example.com,City 6
User 21536,user21536@example.com,City 7
User 21537,user21537@example.com,City 8
User 21538,user21538@example.com,City 9
User 21539,user21539@example.com,City 10
User 21540,user21540@example.com,City 1
User 21541,user21541@example.com,City 2
User 21542,user21542@example.com,City 3
User 21543,user21543@example.com,City 4
User 21544,user21544@example.com,City 5
User 21545,user21545@example.com,City 6
User 21546,user21546@example.com,City 7
User 21547,user21547@example.com,City 8
User 21548,user21548@example.com,City 9
User 21549,user21549@example.com,City 10
User 21550,user21550@example.com,City 1
User 21551,user21551@example.com,City 2
User 21552,user21552@example.com,City 3
User 21553,user21553@example.com,City 4
User 21554,user21554@example.com,City 5
User 21555,user21555@example.com,City 6
User 21556,user21556@example.com,City 7
User 21557,user21557@example.com,City 8
User 21558,user21558@example.com,City 9
User 21559,user21559@example.com,City 10
User 21560,user21560@example.com,City 1
User 21561,user21561@example.com,City 2
User 21562,user21562@example.com,City 3
User 21563,user21563@example.com,City 4
User 21564,user21564@example.com,City 5
User 21565,user21565@example.com,City 6
User 21566,user21566@example.com,City 7
User 21567,user21567@example.com,City 8
User 21568,user21568@example.com,City 9
User 21569,user21569@example.com,City 10
User 21570,user21570@example.com,City 1
User 21571,user21571@example.com,City 2
User 21572,user21572@example.com,City 3
User 21573,user21573@example.com,City 4
User 21574,user21574@example.com,City 5
User 21575,user21575@example.com,City 6
User 21576,user21576@example.com,City 7
User 21577,user21577@example.com,City 8
User 21578,user21578@example.com,City 9
User 21579,user21579@example.com,City 10
User 21580,user21580@example.com,City 1
User 21581,user21581@example.com,City 2
User 21582,user21582@example.com,City 3
User 21583,user21583@example.com,City 4
User 21584,user21584@example.com,City 5
User 21585,user21585@example.com,City 6
User 21586,user21586@example.com,City 7
User 21587,user21587@example.com,City 8
User 21588,user21588@example.com,City 9
User 21589,user21589@example.com,City 10
User 21590,user21590@example.com,City 1
User 21591,user21591@example.com,City 2
User 21592,user21592@example.com,City 3
User 21593,user21593@example.com,City 4
User 21594,user21594@example.com,City 5
User 21595,user21595@example.com,City 6
User 21596,user21596@example.com,City 7
User 21597,user21597@example.com,City 8
User 21598,user21598@example.com,City 9
User 21599,user21599@example.com,City 10
User 21600,user21600@example.com,City 1
User 21601,user21601@example.com,City 2
User 21602,user21602@example.com,City 3
User 21603,user21603@example.com,City 4
User 21604,user21604@example.com,City 5
User 21605,user21605@example.com,City 6
User 21606,user21606@example.com,City 7
User 21607,user21607@example.com,City 8
User 21608,user21608@example.com,City 9
User 21609,user21609@example.com,City 10
User 21610,user21610@example.com,City 1
User 21611,user21611@example.com,City 2
User 21612,user21612@example.com,City 3
User 21613,user21613@example.com,City 4
User 21614,user21614@example.com,City 5
User 21615,user21615@example.com,City 6
User 21616,user21616@example.com,City 7
User 21617,user21617@example.com,City 8
User 21618,user21618@example.com,City 9
User 21619,user21619@example.com,City 10
User 21620,user21620@example.com,City 1
User 21621,user21621@example.com,City 2
User 21622,user21622@example.com,City 3
User 21623,user21623@example.com,City 4
User 21624,user21624@example.com,City 5
User 21625,user21625@example.com,City 6
User 21626,user21626@example.com,City 7
User 21627,user21627@example.com,City 8
User 21628,user21628@example.com,City 9
User 21629,user21629@example.com,City 10
User 21630,user21630@example.com,City 1
User 21631,user21631@example.com,City 2
User 21632,user21632@example.com,City 3
User 21633,user21633@example.com,City 4
User 21634,user21634@example.com,City 5
User 21635,user21635@example.com,City 6
User 21636,user21636@example.com,City 7
User 21637,user21637@example.com,City 8
User 21638,user21638@example.com,City 9
User 21639,user21639@example.com,City 10
User 21640,user21640@example.com,City 1
User 21641,user21641@example.com,City 2
User 21642,user21642@example.com,City 3
User 21643,user21643@example.com,City 4
User 21644,user21644@example.com,City 5
User 21645,user21645@example.com,City 6
User 21646,user21646@example.com,City 7
User 21647,user21647@example.com,City 8
User 21648,user21648@example.com,City 9
User 21649,user21649@example.com,City 10
User 21650,user21650@example.com,City 1
User 21651,user21651@example.com,City 2
User 21652,user21652@example.com,City 3
User 21653,user21653@example.com,City 4
User 21654,user21654@example.com,City 5
User 21655,user21655@example.com,City 6
User 21656,user21656@example.com,City 7
User 21657,user21657@example.com,City 8
User 21658,user21658@example.com,City 9
User 21659,user21659@example.com,City 10
User 21660,user21660@example.com,City 1
User 21661,user21661@example.com,City 2
User 21662,user21662@example.com,City 3
User 21663,user21663@example.com,City 4
User 21664,user21664@example.com,City 5
User 21665,user21665@example.com,City 6
User 21666,user21666@example.com,City 7
User 21667,user21667@example.com,City 8
User 21668,user21668@example.com,City 9
User 21669,user21669@example.com,City 10
User 21670,user21670@example.com,City 1
User 21671,user21671@example.com,City 2
User 21672,user21672@example.com,City 3
User 21673,user21673@example.com,City 4
User 21674,user21674@example.com,City 5
User 21675,user21675@example.com,City 6
User 21676,user21676@example.com,City 7
User 21677,user21677@example.com,City 8
User 21678,user21678@example.com,City 9
User 21679,user21679@example.com,City 10
User 21680,user21680@example.com,City 1
User 21681,user21681@example.com,City 2
User 21682,user21682@example.com,City 3
User 21683,user21683@example.com,City 4
User 21684,user21684@example.com,City 5
User 21685,user21685@example.com,City 6
User 21686,user21686@example.com,City 7
User 21687,user21687@example.com,City 8
User 21688,user21688@example.com,City 9
User 21689,user21689@example.com,City 10
User 21690,user21690@example.com,City 1
User 21691,user21691@example.com,City 2
User 21692,user21692@example.com,City 3
User 21693,user21693@example.com,City 4
User 21694,user21694@example.com,City 5
User 21695,user21695@example.com,City 6
User 21696,user21696@example.com,City 7
User 21697,user21697@example.com,City 8
User 21698,user21698@example.com,City 9
User 21699,user21699@example.com,City 10
User 21700,user21700@example.com,City 1
User 21701,user21701@example.com,City 2
User 21702,user21702@example.com,City 3
User 21703,user21703@example.com,City 4
User 21704,user21704@example.com,City 5
User 21705,user21705@example.com,City 6
User 21706,user21706@example.com,City 7
User 21707,user21707@example.com,City 8
User 21708,user21708@example.com,City 9
User 21709,user21709@example.com,City 10
User 21710,user21710@example.com,City 1
User 21711,user21711@example.com,City 2
User 21712,user21712@example.com,City 3
User 21713,user21713@example.com,City 4
User 21714,user21714@example.com,City 5
User 21715,user21715@example.com,City 6
User 21716,user21716@example.com,City 7
User 21717,user21717@example.com,City 8
User 21718,user21718@example.com,City 9
User 21719,user21719@example.com,City 10
User 21720,user21720@example.com,City 1
User 21721,user21721@example.com,City 2
User 21722,user21722@example.com,City 3
User 21723,user21723@example.com,City 4
User 21724,user21724@example.com,City 5
User 21725,user21725@example.com,City 6
User 21726,user21726@example.com,City 7
User 21727,user21727@example.com,City 8
User 21728,user21728@example.com,City 9
User 21729,user21729@example.com,City 10
User 21730,user21730@example.com,City 1
User 21731,user21731@example.com,City 2
User 21732,user21732@example.com,City 3
User 21733,user21733@example.com,City 4
User 21734,user21734@example.com,City 5
User 21735,user21735@example.com,City 6
User 21736,user21736@example.com,City 7
User 21737,user21737@example.com,City 8
User 21738,user21738@example.com,City 9
User 21739,user21739@example.com,City 10
User 21740,user21740@example.com,City 1
User 21741,user21741@example.com,City 2
User 21742,user21742@example.com,City 3
User 21743,user21743@example.com,City 4
User 21744,user21744@example.com,City 5
User 21745,user21745@example.com,City 6
User 21746,user21746@example.com,City 7
User 21747,user21747@example.com,City 8
User 21748,user21748@example.com,City 9
User 21749,user21749@example.com,City 10
User 21750,user21750@example.com,City 1
User 21751,user21751@example.com,City 2
User 21752,user21752@example.com,City 3
User 21753,user21753@example.com,City 4
User 21754,user21754@example.com,City 5
User 21755,user21755@example.com,City 6
User 21756,user21756@example.com,City 7
User 21757,user21757@example.com,City 8
User 21758,user21758@example.com,City 9
User 21759,user21759@example.com,City 10
User 21760,user21760@example.com,City 1
User 21761,user21761@example.com,City 2
User 21762,user21762@example.com,City 3
User 21763,user21763@example.com,City 4
User 21764,user21764@example.com,City 5
User 21765,user21765@example.com,City 6
User 21766,user21766@example.com,City 7
User 21767,user21767@example.com,City 8
User 21768,user21768@example.com,City 9
User 21769,user21769@example.com,City 10
User 21770,user21770@example.com,City 1
User 21771,user21771@example.com,City 2
User 21772,user21772@example.com,City 3
User 21773,user21773@example.com,City 4
User 21774,user21774@example.com,City 5
User 21775,user21775@example.com,City 6
User 21776,user21776@example.com,City 7
User 21777,user21777@example.com,City 8
User 21778,user21778@example.com,City 9
User 21779,user21779@example.com,City 10
User 21780,user21780@example.com,City 1
User 21781,user21781@example.com,City 2
User 21782,user21782@example.com,City 3
User 21783,user21783@example.com,City 4
User 21784,user21784@example.com,City 5
User 21785,user21785@example.com,City 6
User 21786,user21786@example.com,City 7
User 21787,user21787@example.com,City 8
User 21788,user21788@example.com,City 9
User 21789,user21789@example.com,City 10
User 21790,user21790@example.com,City 1
User 21791,user21791@example.com,City 2
User 21792,user21792@example.com,City 3
User 21793,user21793@example.com,City 4
User 21794,user21794@example.com,City 5
User 21795,user21795@example.com,City 6
User 21796,user21796@example.com,City 7
User 21797,user21797@example.com,City 8
User 21798,user21798@example.com,City 9
User 21799,user21799@example.com,City 10
User 21800,user21800@example.com,City 1
User 21801,user21801@example.com,City 2
User 21802,user21802@example.com,City 3
User 21803,user21803@example.com,City 4
User 21804,user21804@example.com,City 5
User 21805,user21805@example.com,City 6
User 21806,user21806@example.com,City 7
User 21807,user21807@example.com,City 8
User 21808,user21808@example.com,City 9
User 21809,user21809@example.com,City 10
User 21810,user21810@example.com,City 1
User 21811,user21811@example.com,City 2
User 21812,user21812@example.com,City 3
User 21813,user21813@example.com,City 4
User 21814,user21814@example.com,City 5
User 21815,user21815@example.com,City 6
User 21816,user21816@example.com,City 7
User 21817,user21817@example.com,City 8
User 21818,user21818@example.com,City 9
User 21819,user21819@example.com,City 10
User 21820,user21820@example.com,City 1
User 21821,user21821@example.com,City 2
User 21822,user21822@example.com,City 3
User 21823,user21823@example.com,City 4
User 21824,user21824@example.com,City 5
User 21825,user21825@example.com,City 6
User 21826,user21826@example.com,City 7
User 21827,user21827@example.com,City 8
User 21828,user21828@example.com,City 9
User 21829,user21829@example.com,City 10
User 21830,user21830@example.com,City 1
User 21831,user21831@example.com,City 2
User 21832,user21832@example.com,City 3
User 21833,user21833@example.com,City 4
User 21834,user21834@example.com,City 5
User 21835,user21835@example.com,City 6
User 21836,user21836@example.com,City 7
User 21837,user21837@example.com,City 8
User 21838,user21838@example.com,City 9
User 21839,user21839@example.com,City 10
User 21840,user21840@example.com,City 1
User 21841,user21841@example.com,City 2
User 21842,user21842@example.com,City 3
User 21843,user21843@example.com,City 4
User 21844,user21844@example.com,City 5
User 21845,user21845@example.com,City 6
User 21846,user21846@example.com,City 7
User 21847,user21847@example.com,City 8
User 21848,user21848@example.com,City 9
User 21849,user21849@example.com,City 10
User 21850,user21850@example.com,City 1
User 21851,user21851@example.com,City 2
User 21852,user21852@example.com,City 3
User 21853,user21853@example.com,City 4
User 21854,user21854@example.com,City 5
User 21855,user21855@example.com,City 6
User 21856,user21856@example.com,City 7
User 21857,user21857@example.com,City 8
User 21858,user21858@example.com,City 9
User 21859,user21859@example.com,City 10
User 21860,user21860@example.com,City 1
User 21861,user21861@example.com,City 2
User 21862,user21862@example.com,City 3
User 21863,user21863@example.com,City 4
User 21864,user21864@example.com,City 5
User 21865,user21865@example.com,City 6
User 21866,user21866@example.com,City 7
User 21867,user21867@example.com,City 8
User 21868,user21868@example.com,City 9
User 21869,user21869@example.com,City 10
User 21870,user21870@example.com,City 1
User 21871,user21871@example.com,City 2
User 21872,user21872@example.com,City 3
User 21873,user21873@example.com,City 4
User 21874,user21874@example.com,City 5
User 21875,user21875@example.com,City 6
User 21876,user21876@example.com,City 7
User 21877,user21877@example.com,City 8
User 21878,user21878@example.com,City 9
User 21879,user21879@example.com,City 10
User 21880,user21880@example.com,City 1
User 21881,user21881@example.com,City 2
User 21882,user21882@example.com,City 3
User 21883,user21883@example.com,City 4
User 21884,user21884@example.com,City 5
User 21885,user21885@example.com,City 6
User 21886,user21886@example.com,City 7
User 21887,user21887@example.com,City 8
User 21888,user21888@example.com,City 9
User 21889,user21889@example.com,City 10
User 21890,user21890@example.com,City 1
User 21891,user21891@example.com,City 2
User 21892,user21892@example.com,City 3
User 21893,user21893@example.com,City 4
User 21894,user21894@example.com,City 5
User 21895,user21895@example.com,City 6
User 21896,user21896@example.com,City 7
User 21897,user21897@example.com,City 8
User 21898,user21898@example.com,City 9
User 21899,user21899@example.com,City 10
User 21900,user21900@example.com,City 1
User 21901,user21901@example.com,City 2
User 21902,user21902@example.com,City 3
User 21903,user21903@example.com,City 4
User 21904,user21904@example.com,City 5
User 21905,user21905@example.com,City 6
User 21906,user21906@example.com,City 7
User 21907,user21907@example.com,City 8
User 21908,user21908@example.com,City 9
User 21909,user21909@example.com,City 10
User 21910,user21910@example.com,City 1
User 21911,user21911@example.com,City 2
User 21912,user21912@example.com,City 3
User 21913,user21913@example.com,City 4
User 21914,user21914@example.com,City 5
User 21915,user21915@example.com,City 6
User 21916,user21916@example.com,City 7
User 21917,user21917@example.com,City 8
User 21918,user21918@example.com,City 9
User 21919,user21919@example.com,City 10
User 21920,user21920@example.com,City 1
User 21921,user21921@example.com,City 2
User 21922,user21922@example.com,City 3
User 21923,user21923@example.com,City 4
User 21924,user21924@example.com,City 5
User 21925,user21925@example.com,City 6
User 21926,user21926@example.com,City 7
User 21927,user21927@example.com,City 8
User 21928,user21928@example.com,City 9
User 21929,user21929@example.com,City 10
User 21930,user21930@example.com,City 1
User 21931,user21931@example.com,City 2
User 21932,user21932@example.com,City 3
User 21933,user21933@example.com,City 4
User 21934,user21934@example.com,City 5
User 21935,user21935@example.com,City 6
User 21936,user21936@example.com,City 7
User 21937,user21937@example.com,City 8
User 21938,user21938@example.com,City 9
User 21939,user21939@example.com,City 10
User 21940,user21940@example.com,City 1
User 21941,user21941@example.com,City 2
User 21942,user21942@example.com,City 3
User 21943,user21943@example.com,City 4
User 21944,user21944@example.com,City 5
User 21945,user21945@example.com,City 6
User 21946,user21946@example.com,City 7
User 21947,user21947@example.com,City 8
User 21948,user21948@example.com,City 9
User 21949,user21949@example.com,City 10
User 21950,user21950@example.com,City 1
User 21951,user21951@example.com,City 2
User 21952,user21952@example.com,City 3
User 21953,user21953@example.com,City 4
User 21954,user21954@example.com,City 5
User 21955,user21955@example.com,City 6
User 21956,user21956@example.com,City 7
User 21957,user21957@example.com,City 8
User 21958,user21958@example.com,City 9
User 21959,user21959@example.com,City 10
User 21960,user21960@example.com,City 1
User 21961,user21961@example.com,City 2
User 21962,user21962@example.com,City 3
User 21963,user21963@example.com,City 4
User 21964,user21964@example.com,City 5
User 21965,user21965@example.com,City 6
User 21966,user21966@example.com,City 7
User 21967,user21967@example.com,City 8
User 21968,user21968@example.com,City 9
User 21969,user21969@example.com,City 10
User 21970,user21970@example.com,City 1
User 21971,user21971@example.com,City 2
User 21972,user21972@example.com,City 3
User 21973,user21973@example.com,City 4
User 21974,user21974@example.com,City 5
User 21975,user21975@example.com,City 6
User 21976,user21976@example.com,City 7
User 21977,user21977@example.com,City 8
User 21978,user21978@example.com,City 9
User 21979,user21979@example.com,City 10
User 21980,user21980@example.com,City 1
User 21981,user21981@example.com,City 2
User 21982,user21982@example.com,City 3
User 21983,user21983@example.com,City 4
User 21984,user21984@example.com,City 5
User 21985,user21985@example.com,City 6
User 21986,user21986@example.com,City 7
User 21987,user21987@example.com,City 8
User 21988,user21988@example.com,City 9
User 21989,user21989@example.com,City 10
User 21990,user21990@example.com,City 1
User 21991,user21991@example.com,City 2
User 21992,user21992@example.com,City 3
User 21993,user21993@example.com,City 4
User 21994,user21994@example.com,City 5
User 21995,user21995@example.com,City 6
User 21996,user21996@example.com,City 7
User 21997,user21997@example.com,City 8
User 21998,user21998@example.com,City 9
User 21999,user21999@example.com,City 10
User 22000,user22000@example.com,City 1
User 22001,user22001@example.com,City 2
User 22002,user22002@example.com,City 3
User 22003,user22003@example.com,City 4
User 22004,user22004@example.com,City 5
User 22005,user22005@example.com,City 6
User 22006,user22006@example.com,City 7
User 22007,user22007@example.com,City 8
User 22008,user22008@example.com,City 9
User 22009,user22009@example.com,City 10
User 22010,user22010@example.com,City 1
User 22011,user22011@example.com,City 2
User 22012,user22012@example.com,City 3
User 22013,user22013@example.com,City 4
User 22014,user22014@example.com,City 5
User 22015,user22015@example.com,City 6
User 22016,user22016@example.com,City 7
User 22017,user22017@example.com,City 8
User 22018,user22018@example.com,City 9
User 22019,user22019@example.com,City 10
User 22020,user22020@example.com,City 1
User 22021,user22021@example.com,City 2
User 22022,user22022@example.com,City 3
User 22023,user22023@example.com,City 4
User 22024,user22024@example.com,City 5
User 22025,user22025@example.com,City 6
User 22026,user22026@example.com,City 7
User 22027,user22027@example.com,City 8
User 22028,user22028@example.com,City 9
User 22029,user22029@example.com,City 10
User 22030,user22030@example.com,City 1
User 22031,user22031@example.com,City 2
User 22032,user22032@example.com,City 3
User 22033,user22033@example.com,City 4
User 22034,user22034@example.com,City 5
User 22035,user22035@example.com,City 6
User 22036,user22036@example.com,City 7
User 22037,user22037@example.com,City 8
User 22038,user22038@example.com,City 9
User 22039,user22039@example.com,City 10
User 22040,user22040@example.com,City 1
User 22041,user22041@example.com,City 2
User 22042,user22042@example.com,City 3
User 22043,user22043@example.com,City 4
User 22044,user22044@example.com,City 5
User 22045,user22045@example.com,City 6
User 22046,user22046@example.com,City 7
User 22047,user22047@example.com,City 8
User 22048,user22048@example.com,City 9
User 22049,user22049@example.com,City 10
User 22050,user22050@example.com,City 1
User 22051,user22051@example.com,City 2
User 22052,user22052@example.com,City 3
User 22053,user22053@example.com,City 4
User 22054,user22054@example.com,City 5
User 22055,user22055@example.com,City 6
User 22056,user22056@example.com,City 7
User 22057,user22057@example.com,City 8
User 22058,user22058@example.com,City 9
User 22059,user22059@example.com,City 10
User 22060,user22060@example.com,City 1
User 22061,user22061@example.com,City 2
User 22062,user22062@example.com,City 3
User 22063,user22063@example.com,City 4
User 22064,user22064@example.com,City 5
User 22065,user22065@example.com,City 6
User 22066,user22066@example.com,City 7
User 22067,user22067@example.com,City 8
User 22068,user22068@example.com,City 9
User 22069,user22069@example.com,City 10
User 22070,user22070@example.com,City 1
User 22071,user22071@example.com,City 2
User 22072,user22072@example.com,City 3
User 22073,user22073@example.com,City 4
User 22074,user22074@example.com,City 5
User 22075,user22075@example.com,City 6
User 22076,user22076@example.com,City 7
User 22077,user22077@example.com,City 8
User 22078,user22078@example.com,City 9
User 22079,user22079@example.com,City 10
User 22080,user22080@example.com,City 1
User 22081,user22081@example.com,City 2
User 22082,user22082@example.com,City 3
User 22083,user22083@example.com,City 4
User 22084,user22084@example.com,City 5
User 22085,user22085@example.com,City 6
User 22086,user22086@example.com,City 7
User 22087,user22087@example.com,City 8
User 22088,user22088@example.com,City 9
User 22089,user22089@example.com,City 10
User 22090,user22090@example.com,City 1
User 22091,user22091@example.com,City 2
User 22092,user22092@example.com,City 3
User 22093,user22093@example.com,City 4
User 22094,user22094@example.com,City 5
User 22095,user22095@example.com,City 6
User 22096,user22096@example.com,City 7
User 22097,user22097@example.com,City 8
User 22098,user22098@example.com,City 9
User 22099,user22099@example.com,City 10
User 22100,user22100@example.com,City 1
User 22101,user22101@example.com,City 2
User 22102,user22102@example.com,City 3
User 22103,user22103@example.com,City 4
User 22104,user22104@example.com,City 5
User 22105,user22105@example.com,City 6
User 22106,user22106@example.com,City 7
User 22107,user22107@example.com,City 8
User 22108,user22108@example.com,City 9
User 22109,user22109@example.com,City 10
User 22110,user22110@example.com,City 1
User 22111,user22111@example.com,City 2
User 22112,user22112@example.com,City 3
User 22113,user22113@example.com,City 4
User 22114,user22114@example.com,City 5
User 22115,user22115@example.com,City 6
User 22116,user22116@example.com,City 7
User 22117,user22117@example.com,City 8
User 22118,user22118@example.com,City 9
User 22119,user22119@example.com,City 10
User 22120,user22120@example.com,City 1
User 22121,user22121@example.com,City 2
User 22122,user22122@example.com,City 3
User 22123,user22123@example.com,City 4
User 22124,user22124@example.com,City 5
User 22125,user22125@example.com,City 6
User 22126,user22126@example.com,City 7
User 22127,user22127@example.com,City 8
User 22128,user22128@example.com,City 9
User 22129,user22129@example.com,City 10
User 22130,user22130@example.com,City 1
User 22131,user22131@example.com,City 2
User 22132,user22132@example.com,City 3
User 22133,user22133@example.com,City 4
User 22134,user22134@example.com,City 5
User 22135,user22135@example.com,City 6
User 22136,user22136@example.com,City 7
User 22137,user22137@example.com,City 8
User 22138,user22138@example.com,City 9
User 22139,user22139@example.com,City 10
User 22140,user22140@example.com,City 1
User 22141,user22141@example.com,City 2
User 22142,user22142@example.com,City 3
User 22143,user22143@example.com,City 4
User 22144,user22144@example.com,City 5
User 22145,user22145@example.com,City 6
User 22146,user22146@example.com,City 7
User 22147,user22147@example.com,City 8
User 22148,user22148@example.com,City 9
User 22149,user22149@example.com,City 10
User 22150,user22150@example.com,City 1
User 22151,user22151@example.com,City 2
User 22152,user22152@example.com,City 3
User 22153,user22153@example.com,City 4
User 22154,user22154@example.com,City 5
User 22155,user22155@example.com,City 6
User 22156,user22156@example.com,City 7
User 22157,user22157@example.com,City 8
User 22158,user22158@example.com,City 9
User 22159,user22159@example.com,City 10
User 22160,user22160@example.com,City 1
User 22161,user22161@example.com,City 2
User 22162,user22162@example.com,City 3
User 22163,user22163@example.com,City 4
User 22164,user22164@example.com,City 5
User 22165,user22165@example.com,City 6
User 22166,user22166@example.com,City 7
User 22167,user22167@example.com,City 8
User 22168,user22168@example.com,City 9
User 22169,user22169@example.com,City 10
User 22170,user22170@example.com,City 1
User 22171,user22171@example.com,City 2
User 22172,user22172@example.com,City 3
User 22173,user22173@example.com,City 4
User 22174,user22174@example.com,City 5
User 22175,user22175@example.com,City 6
User 22176,user22176@example.com,City 7
User 22177,user22177@example.com,City 8
User 22178,user22178@example.com,City 9
User 22179,user22179@example.com,City 10
User 22180,user22180@example.com,City 1
User 22181,user22181@example.com,City 2
User 22182,user22182@example.com,City 3
User 22183,user22183@example.com,City 4
User 22184,user22184@example.com,City 5
User 22185,user22185@example.com,City 6
User 22186,user22186@example.com,City 7
User 22187,user22187@example.com,City 8
User 22188,user22188@example.com,City 9
User 22189,user22189@example.com,City 10
User 22190,user22190@example.com,City 1
User 22191,user22191@example.com,City 2
User 22192,user22192@example.com,City 3
User 22193,user22193@example.com,City 4
User 22194,user22194@example.com,City 5
User 22195,user22195@example.com,City 6
User 22196,user22196@example.com,City 7
User 22197,user22197@example.com,City 8
User 22198,user22198@example.com,City 9
User 22199,user22199@example.com,City 10
User 22200,user22200@example.com,City 1
User 22201,user22201@example.com,City 2
User 22202,user22202@example.com,City 3
User 22203,user22203@example.com,City 4
User 22204,user22204@example.com,City 5
User 22205,user22205@example.com,City 6
User 22206,user22206@example.com,City 7
User 22207,user22207@example.com,City 8
User 22208,user22208@example.com,City 9
User 22209,user22209@example.com,City 10
User 22210,user22210@example.com,City 1
User 22211,user22211@example.com,City 2
User 22212,user22212@example.com,City 3
User 22213,user22213@example.com,City 4
User 22214,user22214@example.com,City 5
User 22215,user22215@example.com,City 6
User 22216,user22216@example.com,City 7
User 22217,user22217@example.com,City 8
User 22218,user22218@example.com,City 9
User 22219,user22219@example.com,City 10
User 22220,user22220@example.com,City 1
User 22221,user22221@example.com,City 2
User 22222,user22222@example.com,City 3
User 22223,user22223@example.com,City 4
User 22224,user22224@example.com,City 5
User 22225,user22225@example.com,City 6
User 22226,user22226@example.com,City 7
User 22227,user22227@example.com,City 8
User 22228,user22228@example.com,City 9
User 22229,user22229@example.com,City 10
User 22230,user22230@example.com,City 1
User 22231,user22231@example.com,City 2
User 22232,user22232@example.com,City 3
User 22233,user22233@example.com,City 4
User 22234,user22234@example.com,City 5
User 22235,user22235@example.com,City 6
User 22236,user22236@example.com,City 7
User 22237,user22237@example.com,City 8
User 22238,user22238@example.com,City 9
User 22239,user22239@example.com,City 10
User 22240,user22240@example.com,City 1
User 22241,user22241@example.com,City 2
User 22242,user22242@example.com,City 3
User 22243,user22243@example.com,City 4
User 22244,user22244@example.com,City 5
User 22245,user22245@example.com,City 6
User 22246,user22246@example.com,City 7
User 22247,user22247@example.com,City 8
User 22248,user22248@example.com,City 9
User 22249,user22249@example.com,City 10
User 22250,user22250@example.com,City 1
User 22251,user22251@example.com,City 2
User 22252,user22252@example.com,City 3
User 22253,user22253@example.com,City 4
User 22254,user22254@example.com,City 5
User 22255,user22255@example.com,City 6
User 22256,user22256@example.com,City 7
User 22257,user22257@example.com,City 8
User 22258,user22258@example.com,City 9
User 22259,user22259@example.com,City 10
User 22260,user22260@example.com,City 1
User 22261,user22261@example.com,City 2
User 22262,user22262@example.com,City 3
User 22263,user22263@example.com,City 4
User 22264,user22264@example.com,City 5
User 22265,user22265@example.com,City 6
User 22266,user22266@example.com,City 7
User 22267,user22267@example.com,City 8
User 22268,user22268@example.com,City 9
User 22269,user22269@example.com,City 10
User 22270,user22270@example.com,City 1
User 22271,user22271@example.com,City 2
User 22272,user22272@example.com,City 3
User 22273,user22273@example.com,City 4
User 22274,user22274@example.com,City 5
User 22275,user22275@example.com,City 6
User 22276,user22276@example.com,City 7
User 22277,user22277@example.com,City 8
User 22278,user22278@example.com,City 9
User 22279,user22279@example.com,City 10
User 22280,user22280@example.com,City 1
User 22281,user22281@example.com,City 2
User 22282,user22282@example.com,City 3
User 22283,user22283@example.com,City 4
User 22284,user22284@example.com,City 5
User 22285,user22285@example.com,City 6
User 22286,user22286@example.com,City 7
User 22287,user22287@example.com,City 8
User 22288,user22288@example.com,City 9
User 22289,user22289@example.com,City 10
User 22290,user22290@example.com,City 1
User 22291,user22291@example.com,City 2
User 22292,user22292@example.com,City 3
User 22293,user22293@example.com,City 4
User 22294,user22294@example.com,City 5
User 22295,user22295@example.com,City 6
User 22296,user22296@example.com,City 7
User 22297,user22297@example.com,City 8
User 22298,user22298@example.com,City 9
User 22299,user22299@example.com,City 10
User 22300,user22300@example.com,City 1
User 22301,user22301@example.com,City 2
User 22302,user22302@example.com,City 3
User 22303,user22303@example.com,City 4
User 22304,user22304@example.com,City 5
User 22305,user22305@example.com,City 6
User 22306,user22306@example.com,City 7
User 22307,user22307@example.com,City 8
User 22308,user22308@example.com,City 9
User 22309,user22309@example.com,City 10
User 22310,user22310@example.com,City 1
User 22311,user22311@example.com,City 2
User 22312,user22312@example.com,City 3
User 22313,user22313@example.com,City 4
User 22314,user22314@example.com,City 5
User 22315,user22315@example.com,City 6
User 22316,user22316@example.com,City 7
User 22317,user22317@example.com,City 8
User 22318,user22318@example.com,City 9
User 22319,user22319@example.com,City 10
User 22320,user22320@example.com,City 1
User 22321,user22321@example.com,City 2
User 22322,user22322@example.com,City 3
User 22323,user22323@example.com,City 4
User 22324,user22324@example.com,City 5
User 22325,user22325@example.com,City 6
User 22326,user22326@example.com,City 7
User 22327,user22327@example.com,City 8
User 22328,user22328@example.com,City 9
User 22329,user22329@example.com,City 10
User 22330,user22330@example.com,City 1
User 22331,user22331@example.com,City 2
User 22332,user22332@example.com,City 3
User 22333,user22333@example.com,City 4
User 22334,user22334@example.com,City 5
User 22335,user22335@example.com,City 6
User 22336,user22336@example.com,City 7
User 22337,user22337@example.com,City 8
User 22338,user22338@example.com,City 9
User 22339,user22339@example.com,City 10
User 22340,user22340@example.com,City 1
User 22341,user22341@example.com,City 2
User 22342,user22342@example.com,City 3
User 22343,user22343@example.com,City 4
User 22344,user22344@example.com,City 5
User 22345,user22345@example.com,City 6
User 22346,user22346@example.com,City 7
User 22347,user22347@example.com,City 8
User 22348,user22348@example.com,City 9
User 22349,user22349@example.com,City 10
User 22350,user22350@example.com,City 1
User 22351,user22351@example.com,City 2
User 22352,user22352@example.com,City 3
User 22353,user22353@example.com,City 4
User 22354,user22354@example.com,City 5
User 22355,user22355@example.com,City 6
User 22356,user22356@example.com,City 7
User 22357,user22357@example.com,City 8
User 22358,user22358@example.com,City 9
User 22359,user22359@example.com,City 10
User 22360,user22360@example.com,City 1
User 22361,user22361@example.com,City 2
User 22362,user22362@example.com,City 3
User 22363,user22363@example.com,City 4
User 22364,user22364@example.com,City 5
User 22365,user22365@example.com,City 6
User 22366,user22366@example.com,City 7
User 22367,user22367@example.com,City 8
User 22368,user22368@example.com,City 9
User 22369,user22369@example.com,City 10
User 22370,user22370@example.com,City 1
User 22371,user22371@example.com,City 2
User 22372,user22372@example.com,City 3
User 22373,user22373@example.com,City 4
User 22374,user22374@example.com,City 5
User 22375,user22375@example.com,City 6
User 22376,user22376@example.com,City 7
User 22377,user22377@example.com,City 8
User 22378,user22378@example.com,City 9
User 22379,user22379@example.com,City 10
User 22380,user22380@example.com,City 1
User 22381,user22381@example.com,City 2
User 22382,user22382@example.com,City 3
User 22383,user22383@example.com,City 4
User 22384,user22384@example.com,City 5
User 22385,user22385@example.com,City 6
User 22386,user22386@example.com,City 7
User 22387,user22387@example.com,City 8
User 22388,user22388@example.com,City 9
User 22389,user22389@example.com,City 10
User 22390,user22390@example.com,City 1
User 22391,user22391@example.com,City 2
User 22392,user22392@example.com,City 3
User 22393,user22393@example.com,City 4
User 22394,user22394@example.com,City 5
User 22395,user22395@example.com,City 6
User 22396,user22396@example.com,City 7
User 22397,user22397@example.com,City 8
User 22398,user22398@example.com,City 9
User 22399,user22399@example.com,City 10
User 22400,user22400@example.com,City 1
User 22401,user22401@example.com,City 2
User 22402,user22402@example.com,City 3
User 22403,user22403@example.com,City 4
User 22404,user22404@example.com,City 5
User 22405,user22405@example.com,City 6
User 22406,user22406@example.com,City 7
User 22407,user22407@example.com,City 8
User 22408,user22408@example.com,City 9
User 22409,user22409@example.com,City 10
User 22410,user22410@example.com,City 1
User 22411,user22411@example.com,City 2
User 22412,user22412@example.com,City 3
User 22413,user22413@example.com,City 4
User 22414,user22414@example.com,City 5
User 22415,user22415@example.com,City 6
User 22416,user22416@example.com,City 7
User 22417,user22417@example.com,City 8
User 22418,user22418@example.com,City 9
User 22419,user22419@example.com,City 10
User 22420,user22420@example.com,City 1
User 22421,user22421@example.com,City 2
User 22422,user22422@example.com,City 3
User 22423,user22423@example.com,City 4
User 22424,user22424@example.com,City 5
User 22425,user22425@example.com,City 6
User 22426,user22426@example.com,City 7
User 22427,user22427@example.com,City 8
User 22428,user22428@example.com,City 9
User 22429,user22429@example.com,City 10
User 22430,user22430@example.com,City 1
User 22431,user22431@example.com,City 2
User 22432,user22432@example.com,City 3
User 22433,user22433@example.com,City 4
User 22434,user22434@example.com,City 5
User 22435,user22435@example.com,City 6
User 22436,user22436@example.com,City 7
User 22437,user22437@example.com,City 8
User 22438,user22438@example.com,City 9
User 22439,user22439@example.com,City 10
User 22440,user22440@example.com,City 1
User 22441,user22441@example.com,City 2
User 22442,user22442@example.com,City 3
User 22443,user22443@example.com,City 4
User 22444,user22444@example.com,City 5
User 22445,user22445@example.com,City 6
User 22446,user22446@example.com,City 7
User 22447,user22447@example.com,City 8
User 22448,user22448@example.com,City 9
User 22449,user22449@example.com,City 10
User 22450,user22450@example.com,City 1
User 22451,user22451@example.com,City 2
User 22452,user22452@example.com,City 3
User 22453,user22453@example.com,City 4
User 22454,user22454@example.com,City 5
User 22455,user22455@example.com,City 6
User 22456,user22456@example.com,City 7
User 22457,user22457@example.com,City 8
User 22458,user22458@example.com,City 9
User 22459,user22459@example.com,City 10
User 22460,user22460@example.com,City 1
User 22461,user22461@example.com,City 2
User 22462,user22462@example.com,City 3
User 22463,user22463@example.com,City 4
User 22464,user22464@example.com,City 5
User 22465,user22465@example.com,City 6
User 22466,user22466@example.com,City 7
User 22467,user22467@example.com,City 8
User 22468,user22468@example.com,City 9
User 22469,user22469@example.com,City 10
User 22470,user22470@example.com,City 1
User 22471,user22471@example.com,City 2
User 22472,user22472@example.com,City 3
User 22473,user22473@example.com,City 4
User 22474,user22474@example.com,City 5
User 22475,user22475@example.com,City 6
User 22476,user22476@example.com,City 7
User 22477,user22477@example.com,City 8
User 22478,user22478@example.com,City 9
User 22479,user22479@example.com,City 10
User 22480,user22480@example.com,City 1
User 22481,user22481@example.com,City 2
User 22482,user22482@example.com,City 3
User 22483,user22483@example.com,City 4
User 22484,user22484@example.com,City 5
User 22485,user22485@example.com,City 6
User 22486,user22486@example.com,City 7
User 22487,user22487@example.com,City 8
User 22488,user22488@example.com,City 9
User 22489,user22489@example.com,City 10
User 22490,user22490@example.com,City 1
User 22491,user22491@example.com,City 2
User 22492,user22492@example.com,City 3
User 22493,user22493@example.com,City 4
User 22494,user22494@example.com,City 5
User 22495,user22495@example.com,City 6
User 22496,user22496@example.com,City 7
User 22497,user22497@example.com,City 8
User 22498,user22498@example.com,City 9
User 22499,user22499@example.com,City 10
User 22500,user22500@example.com,City 1
User 22501,user22501@example.com,City 2
User 22502,user22502@example.com,City 3
User 22503,user22503@example.com,City 4
User 22504,user22504@example.com,City 5
User 22505,user22505@example.com,City 6
User 22506,user22506@example.com,City 7
User 22507,user22507@example.com,City 8
User 22508,user22508@example.com,City 9
User 22509,user22509@example.com,City 10
User 22510,user22510@example.com,City 1
User 22511,user22511@example.com,City 2
User 22512,user22512@example.com,City 3
User 22513,user22513@example.com,City 4
User 22514,user22514@example.com,City 5
User 22515,user22515@example.com,City 6
User 22516,user22516@example.com,City 7
User 22517,user22517@example.com,City 8
User 22518,user22518@example.com,City 9
User 22519,user22519@example.com,City 10
User 22520,user22520@example.com,City 1
User 22521,user22521@example.com,City 2
User 22522,user22522@example.com,City 3
User 22523,user22523@example.com,City 4
User 22524,user22524@example.com,City 5
User 22525,user22525@example.com,City 6
User 22526,user22526@example.com,City 7
User 22527,user22527@example.com,City 8
User 22528,user22528@example.com,City 9
User 22529,user22529@example.com,City 10
User 22530,user22530@example.com,City 1
User 22531,user22531@example.com,City 2
User 22532,user22532@example.com,City 3
User 22533,user22533@example.com,City 4
User 22534,user22534@example.com,City 5
User 22535,user22535@example.com,City 6
User 22536,user22536@example.com,City 7
User 22537,user22537@example.com,City 8
User 22538,user22538@example.com,City 9
User 22539,user22539@example.com,City 10
User 22540,user22540@example.com,City 1
User 22541,user22541@example.com,City 2
User 22542,user22542@example.com,City 3
User 22543,user22543@example.com,City 4
User 22544,user22544@example.com,City 5
User 22545,user22545@example.com,City 6
User 22546,user22546@example.com,City 7
User 22547,user22547@example.com,City 8
User 22548,user22548@example.com,City 9
User 22549,user22549@example.com,City 10
User 22550,user22550@example.com,City 1
User 22551,user22551@example.com,City 2
User 22552,user22552@example.com,City 3
User 22553,user22553@example.com,City 4
User 22554,user22554@example.com,City 5
User 22555,user22555@example.com,City 6
User 22556,user22556@example.com,City 7
User 22557,user22557@example.com,City 8
User 22558,user22558@example.com,City 9
User 22559,user22559@example.com,City 10
User 22560,user22560@example.com,City 1
User 22561,user22561@example.com,City 2
User 22562,user22562@example.com,City 3
User 22563,user22563@example.com,City 4
User 22564,user22564@example.com,City 5
User 22565,user22565@example.com,City 6
User 22566,user22566@example.com,City 7
User 22567,user22567@example.com,City 8
User 22568,user22568@example.com,City 9
User 22569,user22569@example.com,City 10
User 22570,user22570@example.com,City 1
User 22571,user22571@example.com,City 2
User 22572,user22572@example.com,City 3
User 22573,user22573@example.com,City 4
User 22574,user22574@example.com,City 5
User 22575,user22575@example.com,City 6
User 22576,user22576@example.com,City 7
User 22577,user22577@example.com,City 8
User 22578,user22578@example.com,City 9
User 22579,user22579@example.com,City 10
User 22580,user22580@example.com,City 1
User 22581,user22581@example.com,City 2
User 22582,user22582@example.com,City 3
User 22583,user22583@example.com,City 4
User 22584,user22584@example.com,City 5
User 22585,user22585@example.com,City 6
User 22586,user22586@example.com,City 7
User 22587,user22587@example.com,City 8
User 22588,user22588@example.com,City 9
User 22589,user22589@example.com,City 10
User 22590,user22590@example.com,City 1
User 22591,user22591@example.com,City 2
User 22592,user22592@example.com,City 3
User 22593,user22593@example.com,City 4
User 22594,user22594@example.com,City 5
User 22595,user22595@example.com,City 6
User 22596,user22596@example.com,City 7
User 22597,user22597@example.com,City 8
User 22598,user22598@example.com,City 9
User 22599,user22599@example.com,City 10
User 22600,user22600@example.com,City 1
User 22601,user22601@example.com,City 2
User 22602,user22602@example.com,City 3
User 22603,user22603@example.com,City 4
User 22604,user22604@example.com,City 5
User 22605,user22605@example.com,City 6
User 22606,user22606@example.com,City 7
User 22607,user22607@example.com,City 8
User 22608,user22608@example.com,City 9
User 22609,user22609@example.com,City 10
User 22610,user22610@example.com,City 1
User 22611,user22611@example.com,City 2
User 22612,user22612@example.com,City 3
User 22613,user22613@example.com,City 4
User 22614,user22614@example.com,City 5
User 22615,user22615@example.com,City 6
User 22616,user22616@example.com,City 7
User 22617,user22617@example.com,City 8
User 22618,user22618@example.com,City 9
User 22619,user22619@example.com,City 10
User 22620,user22620@example.com,City 1
User 22621,user22621@example.com,City 2
User 22622,user22622@example.com,City 3
User 22623,user22623@example.com,City 4
User 22624,user22624@example.com,City 5
User 22625,user22625@example.com,City 6
User 22626,user22626@example.com,City 7
User 22627,user22627@example.com,City 8
User 22628,user22628@example.com,City 9
User 22629,user22629@example.com,City 10
User 22630,user22630@example.com,City 1
User 22631,user22631@example.com,City 2
User 22632,user22632@example.com,City 3
User 22633,user22633@example.com,City 4
User 22634,user22634@example.com,City 5
User 22635,user22635@example.com,City 6
User 22636,user22636@example.com,City 7
User 22637,user22637@example.com,City 8
User 22638,user22638@example.com,City 9
User 22639,user22639@example.com,City 10
User 22640,user22640@example.com,City 1
User 22641,user22641@example.com,City 2
User 22642,user22642@example.com,City 3
User 22643,user22643@example.com,City 4
User 22644,user22644@example.com,City 5
User 22645,user22645@example.com,City 6
User 22646,user22646@example.com,City 7
User 22647,user22647@example.com,City 8
User 22648,user22648@example.com,City 9
User 22649,user22649@example.com,City 10
User 22650,user22650@example.com,City 1
User 22651,user22651@example.com,City 2
User 22652,user22652@example.com,City 3
User 22653,user22653@example.com,City 4
User 22654,user22654@example.com,City 5
User 22655,user22655@example.com,City 6
User 22656,user22656@example.com,City 7
User 22657,user22657@example.com,City 8
User 22658,user22658@example.com,City 9
User 22659,user22659@example.com,City 10
User 22660,user22660@example.com,City 1
User 22661,user22661@example.com,City 2
User 22662,user22662@example.com,City 3
User 22663,user22663@example.com,City 4
User 22664,user22664@example.com,City 5
User 22665,user22665@example.com,City 6
User 22666,user22666@example.com,City 7
User 22667,user22667@example.com,City 8
User 22668,user22668@example.com,City 9
User 22669,user22669@example.com,City 10
User 22670,user22670@example.com,City 1
User 22671,user22671@example.com,City 2
User 22672,user22672@example.com,City 3
User 22673,user22673@example.com,City 4
User 22674,user22674@example.com,City 5
User 22675,user22675@example.com,City 6
User 22676,user22676@example.com,City 7
User 22677,user22677@example.com,City 8
User 22678,user22678@example.com,City 9
User 22679,user22679@example.com,City 10
User 22680,user22680@example.com,City 1
User 22681,user22681@example.com,City 2
User 22682,user22682@example.com,City 3
User 22683,user22683@example.com,City 4
User 22684,user22684@example.com,City 5
User 22685,user22685@example.com,City 6
User 22686,user22686@example.com,City 7
User 22687,user22687@example.com,City 8
User 22688,user22688@example.com,City 9
User 22689,user22689@example.com,City 10
User 22690,user22690@example.com,City 1
User 22691,user22691@example.com,City 2
User 22692,user22692@example.com,City 3
User 22693,user22693@example.com,City 4
User 22694,user22694@example.com,City 5
User 22695,user22695@example.com,City 6
User 22696,user22696@example.com,City 7
User 22697,user22697@example.com,City 8
User 22698,user22698@example.com,City 9
User 22699,user22699@example.com,City 10
User 22700,user22700@example.com,City 1
User 22701,user22701@example.com,City 2
User 22702,user22702@example.com,City 3
User 22703,user22703@example.com,City 4
User 22704,user22704@example.com,City 5
User 22705,user22705@example.com,City 6
User 22706,user22706@example.com,City 7
User 22707,user22707@example.com,City 8
User 22708,user22708@example.com,City 9
User 22709,user22709@example.com,City 10
User 22710,user22710@example.com,City 1
User 22711,user22711@example.com,City 2
User 22712,user22712@example.com,City 3
User 22713,user22713@example.com,City 4
User 22714,user22714@example.com,City 5
User 22715,user22715@example.com,City 6
User 22716,user22716@example.com,City 7
User 22717,user22717@example.com,City 8
User 22718,user22718@example.com,City 9
User 22719,user22719@example.com,City 10
User 22720,user22720@example.com,City 1
User 22721,user22721@example.com,City 2
User 22722,user22722@example.com,City 3
User 22723,user22723@example.com,City 4
User 22724,user22724@example.com,City 5
User 22725,user22725@example.com,City 6
User 22726,user22726@example.com,City 7
User 22727,user22727@example.com,City 8
User 22728,user22728@example.com,City 9
User 22729,user22729@example.com,City 10
User 22730,user22730@example.com,City 1
User 22731,user22731@example.com,City 2
User 22732,user22732@example.com,City 3
User 22733,user22733@example.com,City 4
User 22734,user22734@example.com,City 5
User 22735,user22735@example.com,City 6
User 22736,user22736@example.com,City 7
User 22737,user22737@example.com,City 8
User 22738,user22738@example.com,City 9
User 22739,user22739@example.com,City 10
User 22740,user22740@example.com,City 1
User 22741,user22741@example.com,City 2
User 22742,user22742@example.com,City 3
User 22743,user22743@example.com,City 4
User 22744,user22744@example.com,City 5
User 22745,user22745@example.com,City 6
User 22746,user22746@example.com,City 7
User 22747,user22747@example.com,City 8
User 22748,user22748@example.com,City 9
User 22749,user22749@example.com,City 10
User 22750,user22750@example.com,City 1
User 22751,user22751@example.com,City 2
User 22752,user22752@example.com,City 3
User 22753,user22753@example.com,City 4
User 22754,user22754@example.com,City 5
User 22755,user22755@example.com,City 6
User 22756,user22756@example.com,City 7
User 22757,user22757@example.com,City 8
User 22758,user22758@example.com,City 9
User 22759,user22759@example.com,City 10
User 22760,user22760@example.com,City 1
User 22761,user22761@example.com,City 2
User 22762,user22762@example.com,City 3
User 22763,user22763@example.com,City 4
User 22764,user22764@example.com,City 5
User 22765,user22765@example.com,City 6
User 22766,user22766@example.com,City 7
User 22767,user22767@example.com,City 8
User 22768,user22768@example.com,City 9
User 22769,user22769@example.com,City 10
User 22770,user22770@example.com,City 1
User 22771,user22771@example.com,City 2
User 22772,user22772@example.com,City 3
User 22773,user22773@example.com,City 4
User 22774,user22774@example.com,City 5
User 22775,user22775@example.com,City 6
User 22776,user22776@example.com,City 7
User 22777,user22777@example.com,City 8
User 22778,user22778@example.com,City 9
User 22779,user22779@example.com,City 10
User 22780,user22780@example.com,City 1
User 22781,user22781@example.com,City 2
User 22782,user22782@example.com,City 3
User 22783,user22783@example.com,City 4
User 22784,user22784@example.com,City 5
User 22785,user22785@example.com,City 6
User 22786,user22786@example.com,City 7
User 22787,user22787@example.com,City 8
User 22788,user22788@example.com,City 9
User 22789,user22789@example.com,City 10
User 22790,user22790@example.com,City 1
User 22791,user22791@example.com,City 2
User 22792,user22792@example.com,City 3
User 22793,user22793@example.com,City 4
User 22794,user22794@example.com,City 5
User 22795,user22795@example.com,City 6
User 22796,user22796@example.com,City 7
User 22797,user22797@example.com,City 8
User 22798,user22798@example.com,City 9
User 22799,user22799@example.com,City 10
User 22800,user22800@example.com,City 1
User 22801,user22801@example.com,City 2
User 22802,user22802@example.com,City 3
User 22803,user22803@example.com,City 4
User 22804,user22804@example.com,City 5
User 22805,user22805@example.com,City 6
User 22806,user22806@example.com,City 7
User 22807,user22807@example.com,City 8
User 22808,user22808@example.com,City 9
User 22809,user22809@example.com,City 10
User 22810,user22810@example.com,City 1
User 22811,user22811@example.com,City 2
User 22812,user22812@example.com,City 3
User 22813,user22813@example.com,City 4
User 22814,user22814@example.com,City 5
User 22815,user22815@example.com,City 6
User 22816,user22816@example.com,City 7
User 22817,user22817@example.com,City 8
User 22818,user22818@example.com,City 9
User 22819,user22819@example.com,City 10
User 22820,user22820@example.com,City 1
User 22821,user22821@example.com,City 2
User 22822,user22822@example.com,City 3
User 22823,user22823@example.com,City 4
User 22824,user22824@example.com,City 5
User 22825,user22825@example.com,City 6
User 22826,user22826@example.com,City 7
User 22827,user22827@example.com,City 8
User 22828,user22828@example.com,City 9
User 22829,user22829@example.com,City 10
User 22830,user22830@example.com,City 1
User 22831,user22831@example.com,City 2
User 22832,user22832@example.com,City 3
User 22833,user22833@example.com,City 4
User 22834,user22834@example.com,City 5
User 22835,user22835@example.com,City 6
User 22836,user22836@example.com,City 7
User 22837,user22837@example.com,City 8
User 22838,user22838@example.com,City 9
User 22839,user22839@example.com,City 10
User 22840,user22840@example.com,City 1
User 22841,user22841@example.com,City 2
User 22842,user22842@example.com,City 3
User 22843,user22843@example.com,City 4
User 22844,user22844@example.com,City 5
User 22845,user22845@example.com,City 6
User 22846,user22846@example.com,City 7
User 22847,user22847@example.com,City 8
User 22848,user22848@example.com,City 9
User 22849,user22849@example.com,City 10
User 22850,user22850@example.com,City 1
User 22851,user22851@example.com,City 2
User 22852,user22852@example.com,City 3
User 22853,user22853@example.com,City 4
User 22854,user22854@example.com,City 5
User 22855,user22855@example.com,City 6
User 22856,user22856@example.com,City 7
User 22857,user22857@example.com,City 8
User 22858,user22858@example.com,City 9
User 22859,user22859@example.com,City 10
User 22860,user22860@example.com,City 1
User 22861,user22861@example.com,City 2
User 22862,user22862@example.com,City 3
User 22863,user22863@example.com,City 4
User 22864,user22864@example.com,City 5
User 22865,user22865@example.com,City 6
User 22866,user22866@example.com,City 7
User 22867,user22867@example.com,City 8
User 22868,user22868@example.com,City 9
User 22869,user22869@example.com,City 10
User 22870,user22870@example.com,City 1
User 22871,user22871@example.com,City 2
User 22872,user22872@example.com,City 3
User 22873,user22873@example.com,City 4
User 22874,user22874@example.com,City 5
User 22875,user22875@example.com,City 6
User 22876,user22876@example.com,City 7
User 22877,user22877@example.com,City 8
User 22878,user22878@example.com,City 9
User 22879,user22879@example.com,City 10
User 22880,user22880@example.com,City 1
User 22881,user22881@example.com,City 2
User 22882,user22882@example.com,City 3
User 22883,user22883@example.com,City 4
User 22884,user22884@example.com,City 5
User 22885,user22885@example.com,City 6
User 22886,user22886@example.com,City 7
User 22887,user22887@example.com,City 8
User 22888,user22888@example.com,City 9
User 22889,user22889@example.com,City 10
User 22890,user22890@example.com,City 1
User 22891,user22891@example.com,City 2
User 22892,user22892@example.com,City 3
User 22893,user22893@example.com,City 4
User 22894,user22894@example.com,City 5
User 22895,user22895@example.com,City 6
User 22896,user22896@example.com,City 7
User 22897,user22897@example.com,City 8
User 22898,user22898@example.com,City 9
User 22899,user22899@example.com,City 10
User 22900,user22900@example.com,City 1
User 22901,user22901@example.com,City 2
User 22902,user22902@example.com,City 3
User 22903,user22903@example.com,City 4
User 22904,user22904@example.com,City 5
User 22905,user22905@example.com,City 6
User 22906,user22906@example.com,City 7
User 22907,user22907@example.com,City 8
User 22908,user22908@example.com,City 9
User 22909,user22909@example.com,City 10
User 22910,user22910@example.com,City 1
User 22911,user22911@example.com,City 2
User 22912,user22912@example.com,City 3
User 22913,user22913@example.com,City 4
User 22914,user22914@example.com,City 5
User 22915,user22915@example.com,City 6
User 22916,user22916@example.com,City 7
User 22917,user22917@example.com,City 8
User 22918,user22918@example.com,City 9
User 22919,user22919@example.com,City 10
User 22920,user22920@example.com,City 1
User 22921,user22921@example.com,City 2
User 22922,user22922@example.com,City 3
User 22923,user22923@example.com,City 4
User 22924,user22924@example.com,City 5
User 22925,user22925@example.com,City 6
User 22926,user22926@example.com,City 7
User 22927,user22927@example.com,City 8
User 22928,user22928@example.com,City 9
User 22929,user22929@example.com,City 10
User 22930,user22930@example.com,City 1
User 22931,user22931@example.com,City 2
User 22932,user22932@example.com,City 3
User 22933,user22933@example.com,City 4
User 22934,user22934@example.com,City 5
User 22935,user22935@example.com,City 6
User 22936,user22936@example.com,City 7
User 22937,user22937@example.com,City 8
User 22938,user22938@example.com,City 9
User 22939,user22939@example.com,City 10
User 22940,user22940@example.com,City 1
User 22941,user22941@example.com,City 2
User 22942,user22942@example.com,City 3
User 22943,user22943@example.com,City 4
User 22944,user22944@example.com,City 5
User 22945,user22945@example.com,City 6
User 22946,user22946@example.com,City 7
User 22947,user22947@example.com,City 8
User 22948,user22948@example.com,City 9
User 22949,user22949@example.com,City 10
User 22950,user22950@example.com,City 1
User 22951,user22951@example.com,City 2
User 22952,user22952@example.com,City 3
User 22953,user22953@example.com,City 4
User 22954,user22954@example.com,City 5
User 22955,user22955@example.com,City 6
User 22956,user22956@example.com,City 7
User 22957,user22957@example.com,City 8
User 22958,user22958@example.com,City 9
User 22959,user22959@example.com,City 10
User 22960,user22960@example.com,City 1
User 22961,user22961@example.com,City 2
User 22962,user22962@example.com,City 3
User 22963,user22963@example.com,City 4
User 22964,user22964@example.com,City 5
User 22965,user22965@example.com,City 6
User 22966,user22966@example.com,City 7
User 22967,user22967@example.com,City 8
User 22968,user22968@example.com,City 9
User 22969,user22969@example.com,City 10
User 22970,user22970@example.com,City 1
User 22971,user22971@example.com,City 2
User 22972,user22972@example.com,City 3
User 22973,user22973@example.com,City 4
User 22974,user22974@example.com,City 5
User 22975,user22975@example.com,City 6
User 22976,user22976@example.com,City 7
User 22977,user22977@example.com,City 8
User 22978,user22978@example.com,City 9
User 22979,user22979@example.com,City 10
User 22980,user22980@example.com,City 1
User 22981,user22981@example.com,City 2
User 22982,user22982@example.com,City 3
User 22983,user22983@example.com,City 4
User 22984,user22984@example.com,City 5
User 22985,user22985@example.com,City 6
User 22986,user22986@example.com,City 7
User 22987,user22987@example.com,City 8
User 22988,user22988@example.com,City 9
User 22989,user22989@example.com,City 10
User 22990,user22990@example.com,City 1
User 22991,user22991@example.com,City 2
User 22992,user22992@example.com,City 3
User 22993,user22993@example.com,City 4
User 22994,user22994@example.com,City 5
User 22995,user22995@example.com,City 6
User 22996,user22996@example.com,City 7
User 22997,user22997@example.com,City 8
User 22998,user22998@example.com,City 9
User 22999,user22999@example.com,City 10
User 23000,user23000@example.com,City 1
User 23001,user23001@example.com,City 2
User 23002,user23002@example.com,City 3
User 23003,user23003@example.com,City 4
User 23004,user23004@example.com,City 5
User 23005,user23005@example.com,City 6
User 23006,user23006@example.com,City 7
User 23007,user23007@example.com,City 8
User 23008,user23008@example.com,City 9
User 23009,user23009@example.com,City 10
User 23010,user23010@example.com,City 1
User 23011,user23011@example.com,City 2
User 23012,user23012@example.com,City 3
User 23013,user23013@example.com,City 4
User 23014,user23014@example.com,City 5
User 23015,user23015@example.com,City 6
User 23016,user23016@example.com,City 7
User 23017,user23017@example.com,City 8
User 23018,user23018@example.com,City 9
User 23019,user23019@example.com,City 10
User 23020,user23020@example.com,City 1
User 23021,user23021@example.com,City 2
User 23022,user23022@example.com,City 3
User 23023,user23023@example.com,City 4
User 23024,user23024@example.com,City 5
User 23025,user23025@example.com,City 6
User 23026,user23026@example.com,City 7
User 23027,user23027@example.com,City 8
User 23028,user23028@example.com,City 9
User 23029,user23029@example.com,City 10
User 23030,user23030@example.com,City 1
User 23031,user23031@example.com,City 2
User 23032,user23032@example.com,City 3
User 23033,user23033@example.com,City 4
User 23034,user23034@example.com,City 5
User 23035,user23035@example.com,City 6
User 23036,user23036@example.com,City 7
User 23037,user23037@example.com,City 8
User 23038,user23038@example.com,City 9
User 23039,user23039@example.com,City 10
User 23040,user23040@example.com,City 1
User 23041,user23041@example.com,City 2
User 23042,user23042@example.com,City 3
User 23043,user23043@example.com,City 4
User 23044,user23044@example.com,City 5
User 23045,user23045@example.com,City 6
User 23046,user23046@example.com,City 7
User 23047,user23047@example.com,City 8
User 23048,user23048@example.com,City 9
User 23049,user23049@example.com,City 10
User 23050,user23050@example.com,City 1
User 23051,user23051@example.com,City 2
User 23052,user23052@example.com,City 3
User 23053,user23053@example.com,City 4
User 23054,user23054@example.com,City 5
User 23055,user23055@example.com,City 6
User 23056,user23056@example.com,City 7
User 23057,user23057@example.com,City 8
User 23058,user23058@example.com,City 9
User 23059,user23059@example.com,City 10
User 23060,user23060@example.com,City 1
User 23061,user23061@example.com,City 2
User 23062,user23062@example.com,City 3
User 23063,user23063@example.com,City 4
User 23064,user23064@example.com,City 5
User 23065,user23065@example.com,City 6
User 23066,user23066@example.com,City 7
User 23067,user23067@example.com,City 8
User 23068,user23068@example.com,City 9
User 23069,user23069@example.com,City 10
User 23070,user23070@example.com,City 1
User 23071,user23071@example.com,City 2
User 23072,user23072@example.com,City 3
User 23073,user23073@example.com,City 4
User 23074,user23074@example.com,City 5
User 23075,user23075@example.com,City 6
User 23076,user23076@example.com,City 7
User 23077,user23077@example.com,City 8
User 23078,user23078@example.com,City 9
User 23079,user23079@example.com,City 10
User 23080,user23080@example.com,City 1
User 23081,user23081@example.com,City 2
User 23082,user23082@example.com,City 3
User 23083,user23083@example.com,City 4
User 23084,user23084@example.com,City 5
User 23085,user23085@example.com,City 6
User 23086,user23086@example.com,City 7
User 23087,user23087@example.com,City 8
User 23088,user23088@example.com,City 9
User 23089,user23089@example.com,City 10
User 23090,user23090@example.com,City 1
User 23091,user23091@example.com,City 2
User 23092,user23092@example.com,City 3
User 23093,user23093@example.com,City 4
User 23094,user23094@example.com,City 5
User 23095,user23095@example.com,City 6
User 23096,user23096@example.com,City 7
User 23097,user23097@example.com,City 8
User 23098,user23098@example.com,City 9
User 23099,user23099@example.com,City 10
User 23100,user23100@example.com,City 1
User 23101,user23101@example.com,City 2
User 23102,user23102@example.com,City 3
User 23103,user23103@example.com,City 4
User 23104,user23104@example.com,City 5
User 23105,user23105@example.com,City 6
User 23106,user23106@example.com,City 7
User 23107,user23107@example.com,City 8
User 23108,user23108@example.com,City 9
User 23109,user23109@example.com,City 10
User 23110,user23110@example.com,City 1
User 23111,user23111@example.com,City 2
User 23112,user23112@example.com,City 3
User 23113,user23113@example.com,City 4
User 23114,user23114@example.com,City 5
User 23115,user23115@example.com,City 6
User 23116,user23116@example.com,City 7
User 23117,user23117@example.com,City 8
User 23118,user23118@example.com,City 9
User 23119,user23119@example.com,City 10
User 23120,user23120@example.com,City 1
User 23121,user23121@example.com,City 2
User 23122,user23122@example.com,City 3
User 23123,user23123@example.com,City 4
User 23124,user23124@example.com,City 5
User 23125,user23125@example.com,City 6
User 23126,user23126@example.com,City 7
User 23127,user23127@example.com,City 8
User 23128,user23128@example.com,City 9
User 23129,user23129@example.com,City 10
User 23130,user23130@example.com,City 1
User 23131,user23131@example.com,City 2
User 23132,user23132@example.com,City 3
User 23133,user23133@example.com,City 4
User 23134,user23134@example.com,City 5
User 23135,user23135@example.com,City 6
User 23136,user23136@example.com,City 7
User 23137,user23137@example.com,City 8
User 23138,user23138@example.com,City 9
User 23139,user23139@example.com,City 10
User 23140,user23140@example.com,City 1
User 23141,user23141@example.com,City 2
User 23142,user23142@example.com,City 3
User 23143,user23143@example.com,City 4
User 23144,user23144@example.com,City 5
User 23145,user23145@example.com,City 6
User 23146,user23146@example.com,City 7
User 23147,user23147@example.com,City 8
User 23148,user23148@example.com,City 9
User 23149,user23149@example.com,City 10
User 23150,user23150@example.com,City 1
User 23151,user23151@example.com,City 2
User 23152,user23152@example.com,City 3
User 23153,user23153@example.com,City 4
User 23154,user23154@example.com,City 5
User 23155,user23155@example.com,City 6
User 23156,user23156@example.com,City 7
User 23157,user23157@example.com,City 8
User 23158,user23158@example.com,City 9
User 23159,user23159@example.com,City 10
User 23160,user23160@example.com,City 1
User 23161,user23161@example.com,City 2
User 23162,user23162@example.com,City 3
User 23163,user23163@example.com,City 4
User 23164,user23164@example.com,City 5
User 23165,user23165@example.com,City 6
User 23166,user23166@example.com,City 7
User 23167,user23167@example.com,City 8
User 23168,user23168@example.com,City 9
User 23169,user23169@example.com,City 10
User 23170,user23170@example.com,City 1
User 23171,user23171@example.com,City 2
User 23172,user23172@example.com,City 3
User 23173,user23173@example.com,City 4
User 23174,user23174@example.com,City 5
User 23175,user23175@example.com,City 6
User 23176,user23176@example.com,City 7
User 23177,user23177@example.com,City 8
User 23178,user23178@example.com,City 9
User 23179,user23179@example.com,City 10
User 23180,user23180@example.com,City 1
User 23181,user23181@example.com,City 2
User 23182,user23182@example.com,City 3
User 23183,user23183@example.com,City 4
User 23184,user23184@example.com,City 5
User 23185,user23185@example.com,City 6
User 23186,user23186@example.com,City 7
User 23187,user23187@example.com,City 8
User 23188,user23188@example.com,City 9
User 23189,user23189@example.com,City 10
User 23190,user23190@example.com,City 1
User 23191,user23191@example.com,City 2
User 23192,user23192@example.com,City 3
User 23193,user23193@example.com,City 4
User 23194,user23194@example.com,City 5
User 23195,user23195@example.com,City 6
User 23196,user23196@example.com,City 7
User 23197,user23197@example.com,City 8
User 23198,user23198@example.com,City 9
User 23199,user23199@example.com,City 10
User 23200,user23200@example.com,City 1
User 23201,user23201@example.com,City 2
User 23202,user23202@example.com,City 3
User 23203,user23203@example.com,City 4
User 23204,user23204@example.com,City 5
User 23205,user23205@example.com,City 6
User 23206,user23206@example.com,City 7
User 23207,user23207@example.com,City 8
User 23208,user23208@example.com,City 9
User 23209,user23209@example.com,City 10
User 23210,user23210@example.com,City 1
User 23211,user23211@example.com,City 2
User 23212,user23212@example.com,City 3
User 23213,user23213@example.com,City 4
User 23214,user23214@example.com,City 5
User 23215,user23215@example.com,City 6
User 23216,user23216@example.com,City 7
User 23217,user23217@example.com,City 8
User 23218,user23218@example.com,City 9
User 23219,user23219@example.com,City 10
User 23220,user23220@example.com,City 1
User 23221,user23221@example.com,City 2
User 23222,user23222@example.com,City 3
User 23223,user23223@example.com,City 4
User 23224,user23224@example.com,City 5
User 23225,user23225@example.com,City 6
User 23226,user23226@example.com,City 7
User 23227,user23227@example.com,City 8
User 23228,user23228@example.com,City 9
User 23229,user23229@example.com,City 10
User 23230,user23230@example.com,City 1
User 23231,user23231@example.com,City 2
User 23232,user23232@example.com,City 3
User 23233,user23233@example.com,City 4
User 23234,user23234@example.com,City 5
User 23235,user23235@example.com,City 6
User 23236,user23236@example.com,City 7
User 23237,user23237@example.com,City 8
User 23238,user23238@example.com,City 9
User 23239,user23239@example.com,City 10
User 23240,user23240@example.com,City 1
User 23241,user23241@example.com,City 2
User 23242,user23242@example.com,City 3
User 23243,user23243@example.com,City 4
User 23244,user23244@example.com,City 5
User 23245,user23245@example.com,City 6
User 23246,user23246@example.com,City 7
User 23247,user23247@example.com,City 8
User 23248,user23248@example.com,City 9
User 23249,user23249@example.com,City 10
User 23250,user23250@example.com,City 1
User 23251,user23251@example.com,City 2
User 23252,user23252@example.com,City 3
User 23253,user23253@example.com,City 4
User 23254,user23254@example.com,City 5
User 23255,user23255@example.com,City 6
User 23256,user23256@example.com,City 7
User 23257,user23257@example.com,City 8
User 23258,user23258@example.com,City 9
User 23259,user23259@example.com,City 10
User 23260,user23260@example.com,City 1
User 23261,user23261@example.com,City 2
User 23262,user23262@example.com,City 3
User 23263,user23263@example.com,City 4
User 23264,user23264@example.com,City 5
User 23265,user23265@example.com,City 6
User 23266,user23266@example.com,City 7
User 23267,user23267@example.com,City 8
User 23268,user23268@example.com,City 9
User 23269,user23269@example.com,City 10
User 23270,user23270@example.com,City 1
User 23271,user23271@example.com,City 2
User 23272,user23272@example.com,City 3
User 23273,user23273@example.com,City 4
User 23274,user23274@example.com,City 5
User 23275,user23275@example.com,City 6
User 23276,user23276@example.com,City 7
User 23277,user23277@example.com,City 8
User 23278,user23278@example.com,City 9
User 23279,user23279@example.com,City 10
User 23280,user23280@example.com,City 1
User 23281,user23281@example.com,City 2
User 23282,user23282@example.com,City 3
User 23283,user23283@example.com,City 4
User 23284,user23284@example.com,City 5
User 23285,user23285@example.com,City 6
User 23286,user23286@example.com,City 7
User 23287,user23287@example.com,City 8
User 23288,user23288@example.com,City 9
User 23289,user23289@example.com,City 10
User 23290,user23290@example.com,City 1
User 23291,user23291@example.com,City 2
User 23292,user23292@example.com,City 3
User 23293,user23293@example.com,City 4
User 23294,user23294@example.com,City 5
User 23295,user23295@example.com,City 6
User 23296,user23296@example.com,City 7
User 23297,user23297@example.com,City 8
User 23298,user23298@example.com,City 9
User 23299,user23299@example.com,City 10
User 23300,user23300@example.com,City 1
User 23301,user23301@example.com,City 2
User 23302,user23302@example.com,City 3
User 23303,user23303@example.com,City 4
User 23304,user23304@example.com,City 5
User 23305,user23305@example.com,City 6
User 23306,user23306@example.com,City 7
User 23307,user23307@example.com,City 8
User 23308,user23308@example.com,City 9
User 23309,user23309@example.com,City 10
User 23310,user23310@example.com,City 1
User 23311,user23311@example.com,City 2
User 23312,user23312@example.com,City 3
User 23313,user23313@example.com,City 4
User 23314,user23314@example.com,City 5
User 23315,user23315@example.com,City 6
User 23316,user23316@example.com,City 7
User 23317,user23317@example.com,City 8
User 23318,user23318@example.com,City 9
User 23319,user23319@example.com,City 10
User 23320,user23320@example.com,City 1
User 23321,user23321@example.com,City 2
User 23322,user23322@example.com,City 3
User 23323,user23323@example.com,City 4
User 23324,user23324@example.com,City 5
User 23325,user23325@example.com,City 6
User 23326,user23326@example.com,City 7
User 23327,user23327@example.com,City 8
User 23328,user23328@example.com,City 9
User 23329,user23329@example.com,City 10
User 23330,user23330@example.com,City 1
User 23331,user23331@example.com,City 2
User 23332,user23332@example.com,City 3
User 23333,user23333@example.com,City 4
User 23334,user23334@example.com,City 5
User 23335,user23335@example.com,City 6
User 23336,user23336@example.com,City 7
User 23337,user23337@example.com,City 8
User 23338,user23338@example.com,City 9
User 23339,user23339@example.com,City 10
User 23340,user23340@example.com,City 1
User 23341,user23341@example.com,City 2
User 23342,user23342@example.com,City 3
User 23343,user23343@example.com,City 4
User 23344,user23344@example.com,City 5
User 23345,user23345@example.com,City 6
User 23346,user23346@example.com,City 7
User 23347,user23347@example.com,City 8
User 23348,user23348@example.com,City 9
User 23349,user23349@example.com,City 10
User 23350,user23350@example.com,City 1
User 23351,user23351@example.com,City 2
User 23352,user23352@example.com,City 3
User 23353,user23353@example.com,City 4
User 23354,user23354@example.com,City 5
User 23355,user23355@example.com,City 6
User 23356,user23356@example.com,City 7
User 23357,user23357@example.com,City 8
User 23358,user23358@example.com,City 9
User 23359,user23359@example.com,City 10
User 23360,user23360@example.com,City 1
User 23361,user23361@example.com,City 2
User 23362,user23362@example.com,City 3
User 23363,user23363@example.com,City 4
User 23364,user23364@example.com,City 5
User 23365,user23365@example.com,City 6
User 23366,user23366@example.com,City 7
User 23367,user23367@example.com,City 8
User 23368,user23368@example.com,City 9
User 23369,user23369@example.com,City 10
User 23370,user23370@example.com,City 1
User 23371,user23371@example.com,City 2
User 23372,user23372@example.com,City 3
User 23373,user23373@example.com,City 4
User 23374,user23374@example.com,City 5
User 23375,user23375@example.com,City 6
User 23376,user23376@example.com,City 7
User 23377,user23377@example.com,City 8
User 23378,user23378@example.com,City 9
User 23379,user23379@example.com,City 10
User 23380,user23380@example.com,City 1
User 23381,user23381@example.com,City 2
User 23382,user23382@example.com,City 3
User 23383,user23383@example.com,City 4
User 23384,user23384@example.com,City 5
User 23385,user23385@example.com,City 6
User 23386,user23386@example.com,City 7
User 23387,user23387@example.com,City 8
User 23388,user23388@example.com,City 9
User 23389,user23389@example.com,City 10
User 23390,user23390@example.com,City 1
User 23391,user23391@example.com,City 2
User 23392,user23392@example.com,City 3
User 23393,user23393@example.com,City 4
User 23394,user23394@example.com,City 5
User 23395,user23395@example.com,City 6
User 23396,user23396@example.com,City 7
User 23397,user23397@example.com,City 8
User 23398,user23398@example.com,City 9
User 23399,user23399@example.com,City 10
User 23400,user23400@example.com,City 1
User 23401,user23401@example.com,City 2
User 23402,user23402@example.com,City 3
User 23403,user23403@example.com,City 4
User 23404,user23404@example.com,City 5
User 23405,user23405@example.com,City 6
User 23406,user23406@example.com,City 7
User 23407,user23407@example.com,City 8
User 23408,user23408@example.com,City 9
User 23409,user23409@example.com,City 10
User 23410,user23410@example.com,City 1
User 23411,user23411@example.com,City 2
User 23412,user23412@example.com,City 3
User 23413,user23413@example.com,City 4
User 23414,user23414@example.com,City 5
User 23415,user23415@example.com,City 6
User 23416,user23416@example.com,City 7
User 23417,user23417@example.com,City 8
User 23418,user23418@example.com,City 9
User 23419,user23419@example.com,City 10
User 23420,user23420@example.com,City 1
User 23421,user23421@example.com,City 2
User 23422,user23422@example.com,City 3
User 23423,user23423@example.com,City 4
User 23424,user23424@example.com,City 5
User 23425,user23425@example.com,City 6
User 23426,user23426@example.com,City 7
User 23427,user23427@example.com,City 8
User 23428,user23428@example.com,City 9
User 23429,user23429@example.com,City 10
User 23430,user23430@example.com,City 1
User 23431,user23431@example.com,City 2
User 23432,user23432@example.com,City 3
User 23433,user23433@example.com,City 4
User 23434,user23434@example.com,City 5
User 23435,user23435@example.com,City 6
User 23436,user23436@example.com,City 7
User 23437,user23437@example.com,City 8
User 23438,user23438@example.com,City 9
User 23439,user23439@example.com,City 10
User 23440,user23440@example.com,City 1
User 23441,user23441@example.com,City 2
User 23442,user23442@example.com,City 3
User 23443,user23443@example.com,City 4
User 23444,user23444@example.com,City 5
User 23445,user23445@example.com,City 6
User 23446,user23446@example.com,City 7
User 23447,user23447@example.com,City 8
User 23448,user23448@example.com,City 9
User 23449,user23449@example.com,City 10
User 23450,user23450@example.com,City 1
User 23451,user23451@example.com,City 2
User 23452,user23452@example.com,City 3
User 23453,user23453@example.com,City 4
User 23454,user23454@example.com,City 5
User 23455,user23455@example.com,City 6
User 23456,user23456@example.com,City 7
User 23457,user23457@example.com,City 8
User 23458,user23458@example.com,City 9
User 23459,user23459@example.com,City 10
User 23460,user23460@example.com,City 1
User 23461,user23461@example.com,City 2
User 23462,user23462@example.com,City 3
User 23463,user23463@example.com,City 4
User 23464,user23464@example.com,City 5
User 23465,user23465@example.com,City 6
User 23466,user23466@example.com,City 7
User 23467,user23467@example.com,City 8
User 23468,user23468@example.com,City 9
User 23469,user23469@example.com,City 10
User 23470,user23470@example.com,City 1
User 23471,user23471@example.com,City 2
User 23472,user23472@example.com,City 3
User 23473,user23473@example.com,City 4
User 23474,user23474@example.com,City 5
User 23475,user23475@example.com,City 6
User 23476,user23476@example.com,City 7
User 23477,user23477@example.com,City 8
User 23478,user23478@example.com,City 9
User 23479,user23479@example.com,City 10
User 23480,user23480@example.com,City 1
User 23481,user23481@example.com,City 2
User 23482,user23482@example.com,City 3
User 23483,user23483@example.com,City 4
User 23484,user23484@example.com,City 5
User 23485,user23485@example.com,City 6
User 23486,user23486@example.com,City 7
User 23487,user23487@example.com,City 8
User 23488,user23488@example.com,City 9
User 23489,user23489@example.com,City 10
User 23490,user23490@example.com,City 1
User 23491,user23491@example.com,City 2
User 23492,user23492@example.com,City 3
User 23493,user23493@example.com,City 4
User 23494,user23494@example.com,City 5
User 23495,user23495@example.com,City 6
User 23496,user23496@example.com,City 7
User 23497,user23497@example.com,City 8
User 23498,user23498@example.com,City 9
User 23499,user23499@example.com,City 10
User 23500,user23500@example.com,City 1
User 23501,user23501@example.com,City 2
User 23502,user23502@example.com,City 3
User 23503,user23503@example.com,City 4
User 23504,user23504@example.com,City 5
User 23505,user23505@example.com,City 6
User 23506,user23506@example.com,City 7
User 23507,user23507@example.com,City 8
User 23508,user23508@example.com,City 9
User 23509,user23509@example.com,City 10
User 23510,user23510@example.com,City 1
User 23511,user23511@example.com,City 2
User 23512,user23512@example.com,City 3
User 23513,user23513@example.com,City 4
User 23514,user23514@example.com,City 5
User 23515,user23515@example.com,City 6
User 23516,user23516@example.com,City 7
User 23517,user23517@example.com,City 8
User 23518,user23518@example.com,City 9
User 23519,user23519@example.com,City 10
User 23520,user23520@example.com,City 1
User 23521,user23521@example.com,City 2
User 23522,user23522@example.com,City 3
User 23523,user23523@example.com,City 4
User 23524,user23524@example.com,City 5
User 23525,user23525@example.com,City 6
User 23526,user23526@example.com,City 7
User 23527,user23527@example.com,City 8
User 23528,user23528@example.com,City 9
User 23529,user23529@example.com,City 10
User 23530,user23530@example.com,City 1
User 23531,user23531@example.com,City 2
User 23532,user23532@example.com,City 3
User 23533,user23533@example.com,City 4
User 23534,user23534@example.com,City 5
User 23535,user23535@example.com,City 6
User 23536,user23536@example.com,City 7
User 23537,user23537@example.com,City 8
User 23538,user23538@example.com,City 9
User 23539,user23539@example.com,City 10
User 23540,user23540@example.com,City 1
User 23541,user23541@example.com,City 2
User 23542,user23542@example.com,City 3
User 23543,user23543@example.com,City 4
User 23544,user23544@example.com,City 5
User 23545,user23545@example.com,City 6
User 23546,user23546@example.com,City 7
User 23547,user23547@example.com,City 8
User 23548,user23548@example.com,City 9
User 23549,user23549@example.com,City 10
User 23550,user23550@example.com,City 1
User 23551,user23551@example.com,City 2
User 23552,user23552@example.com,City 3
User 23553,user23553@example.com,City 4
User 23554,user23554@example.com,City 5
User 23555,user23555@example.com,City 6
User 23556,user23556@example.com,City 7
User 23557,user23557@example.com,City 8
User 23558,user23558@example.com,City 9
User 23559,user23559@example.com,City 10
User 23560,user23560@example.com,City 1
User 23561,user23561@example.com,City 2
User 23562,user23562@example.com,City 3
User 23563,user23563@example.com,City 4
User 23564,user23564@example.com,City 5
User 23565,user23565@example.com,City 6
User 23566,user23566@example.com,City 7
User 23567,user23567@example.com,City 8
User 23568,user23568@example.com,City 9
User 23569,user23569@example.com,City 10
User 23570,user23570@example.com,City 1
User 23571,user23571@example.com,City 2
User 23572,user23572@example.com,City 3
User 23573,user23573@example.com,City 4
User 23574,user23574@example.com,City 5
User 23575,user23575@example.com,City 6
User 23576,user23576@example.com,City 7
User 23577,user23577@example.com,City 8
User 23578,user23578@example.com,City 9
User 23579,user23579@example.com,City 10
User 23580,user23580@example.com,City 1
User 23581,user23581@example.com,City 2
User 23582,user23582@example.com,City 3
User 23583,user23583@example.com,City 4
User 23584,user23584@example.com,City 5
User 23585,user23585@example.com,City 6
User 23586,user23586@example.com,City 7
User 23587,user23587@example.com,City 8
User 23588,user23588@example.com,City 9
User 23589,user23589@example.com,City 10
User 23590,user23590@example.com,City 1
User 23591,user23591@example.com,City 2
User 23592,user23592@example.com,City 3
User 23593,user23593@example.com,City 4
User 23594,user23594@example.com,City 5
User 23595,user23595@example.com,City 6
User 23596,user23596@example.com,City 7
User 23597,user23597@example.com,City 8
User 23598,user23598@example.com,City 9
User 23599,user23599@example.com,City 10
User 23600,user23600@example.com,City 1
User 23601,user23601@example.com,City 2
User 23602,user23602@example.com,City 3
User 23603,user23603@example.com,City 4
User 23604,user23604@example.com,City 5
User 23605,user23605@example.com,City 6
User 23606,user23606@example.com,City 7
User 23607,user23607@example.com,City 8
User 23608,user23608@example.com,City 9
User 23609,user23609@example.com,City 10
User 23610,user23610@example.com,City 1
User 23611,user23611@example.com,City 2
User 23612,user23612@example.com,City 3
User 23613,user23613@example.com,City 4
User 23614,user23614@example.com,City 5
User 23615,user23615@example.com,City 6
User 23616,user23616@example.com,City 7
User 23617,user23617@example.com,City 8
User 23618,user23618@example.com,City 9
User 23619,user23619@example.com,City 10
User 23620,user23620@example.com,City 1
User 23621,user23621@example.com,City 2
User 23622,user23622@example.com,City 3
User 23623,user23623@example.com,City 4
User 23624,user23624@example.com,City 5
User 23625,user23625@example.com,City 6
User 23626,user23626@example.com,City 7
User 23627,user23627@example.com,City 8
User 23628,user23628@example.com,City 9
User 23629,user23629@example.com,City 10
User 23630,user23630@example.com,City 1
User 23631,user23631@example.com,City 2
User 23632,user23632@example.com,City 3
User 23633,user23633@example.com,City 4
User 23634,user23634@example.com,City 5
User 23635,user23635@example.com,City 6
User 23636,user23636@example.com,City 7
User 23637,user23637@example.com,City 8
User 23638,user23638@example.com,City 9
User 23639,user23639@example.com,City 10
User 23640,user23640@example.com,City 1
User 23641,user23641@example.com,City 2
User 23642,user23642@example.com,City 3
User 23643,user23643@example.com,City 4
User 23644,user23644@example.com,City 5
User 23645,user23645@example.com,City 6
User 23646,user23646@example.com,City 7
User 23647,user23647@example.com,City 8
User 23648,user23648@example.com,City 9
User 23649,user23649@example.com,City 10
User 23650,user23650@example.com,City 1
User 23651,user23651@example.com,City 2
User 23652,user23652@example.com,City 3
User 23653,user23653@example.com,City 4
User 23654,user23654@example.com,City 5
User 23655,user23655@example.com,City 6
User 23656,user23656@example.com,City 7
User 23657,user23657@example.com,City 8
User 23658,user23658@example.com,City 9
User 23659,user23659@example.com,City 10
User 23660,user23660@example.com,City 1
User 23661,user23661@example.com,City 2
User 23662,user23662@example.com,City 3
User 23663,user23663@example.com,City 4
User 23664,user23664@example.com,City 5
User 23665,user23665@example.com,City 6
User 23666,user23666@example.com,City 7
User 23667,user23667@example.com,City 8
User 23668,user23668@example.com,City 9
User 23669,user23669@example.com,City 10
User 23670,user23670@example.com,City 1
User 23671,user23671@example.com,City 2
User 23672,user23672@example.com,City 3
User 23673,user23673@example.com,City 4
User 23674,user23674@example.com,City 5
User 23675,user23675@example.com,City 6
User 23676,user23676@example.com,City 7
User 23677,user23677@example.com,City 8
User 23678,user23678@example.com,City 9
User 23679,user23679@example.com,City 10
User 23680,user23680@example.com,City 1
User 23681,user23681@example.com,City 2
User 23682,user23682@example.com,City 3
User 23683,user23683@example.com,City 4
User 23684,user23684@example.com,City 5
User 23685,user23685@example.com,City 6
User 23686,user23686@example.com,City 7
User 23687,user23687@example.com,City 8
User 23688,user23688@example.com,City 9
User 23689,user23689@example.com,City 10
User 23690,user23690@example.com,City 1
User 23691,user23691@example.com,City 2
User 23692,user23692@example.com,City 3
User 23693,user23693@example.com,City 4
User 23694,user23694@example.com,City 5
User 23695,user23695@example.com,City 6
User 23696,user23696@example.com,City 7
User 23697,user23697@example.com,City 8
User 23698,user23698@example.com,City 9
User 23699,user23699@example.com,City 10
User 23700,user23700@example.com,City 1
User 23701,user23701@example.com,City 2
User 23702,user23702@example.com,City 3
User 23703,user23703@example.com,City 4
User 23704,user23704@example.com,City 5
User 23705,user23705@example.com,City 6
User 23706,user23706@example.com,City 7
User 23707,user23707@example.com,City 8
User 23708,user23708@example.com,City 9
User 23709,user23709@example.com,City 10
User 23710,user23710@example.com,City 1
User 23711,user23711@example.com,City 2
User 23712,user23712@example.com,City 3
User 23713,user23713@example.com,City 4
User 23714,user23714@example.com,City 5
User 23715,user23715@example.com,City 6
User 23716,user23716@example.com,City 7
User 23717,user23717@example.com,City 8
User 23718,user23718@example.com,City 9
User 23719,user23719@example.com,City 10
User 23720,user23720@example.com,City 1
User 23721,user23721@example.com,City 2
User 23722,user23722@example.com,City 3
User 23723,user23723@example.com,City 4
User 23724,user23724@example.com,City 5
User 23725,user23725@example.com,City 6
User 23726,user23726@example.com,City 7
User 23727,user23727@example.com,City 8
User 23728,user23728@example.com,City 9
User 23729,user23729@example.com,City 10
User 23730,user23730@example.com,City 1
User 23731,user23731@example.com,City 2
User 23732,user23732@example.com,City 3
User 23733,user23733@example.com,City 4
User 23734,user23734@example.com,City 5
User 23735,user23735@example.com,City 6
User 23736,user23736@example.com,City 7
User 23737,user23737@example.com,City 8
User 23738,user23738@example.com,City 9
User 23739,user23739@example.com,City 10
User 23740,user23740@example.com,City 1
User 23741,user23741@example.com,City 2
User 23742,user23742@example.com,City 3
User 23743,user23743@example.com,City 4
User 23744,user23744@example.com,City 5
User 23745,user23745@example.com,City 6
User 23746,user23746@example.com,City 7
User 23747,user23747@example.com,City 8
User 23748,user23748@example.com,City 9
User 23749,user23749@example.com,City 10
User 23750,user23750@example.com,City 1
User 23751,user23751@example.com,City 2
User 23752,user23752@example.com,City 3
User 23753,user23753@example.com,City 4
User 23754,user23754@example.com,City 5
User 23755,user23755@example.com,City 6
User 23756,user23756@example.com,City 7
User 23757,user23757@example.com,City 8
User 23758,user23758@example.com,City 9
User 23759,user23759@example.com,City 10
User 23760,user23760@example.com,City 1
User 23761,user23761@example.com,City 2
User 23762,user23762@example.com,City 3
User 23763,user23763@example.com,City 4
User 23764,user23764@example.com,City 5
User 23765,user23765@example.com,City 6
User 23766,user23766@example.com,City 7
User 23767,user23767@example.com,City 8
User 23768,user23768@example.com,City 9
User 23769,user23769@example.com,City 10
User 23770,user23770@example.com,City 1
User 23771,user23771@example.com,City 2
User 23772,user23772@example.com,City 3
User 23773,user23773@example.com,City 4
User 23774,user23774@example.com,City 5
User 23775,user23775@example.com,City 6
User 23776,user23776@example.com,City 7
User 23777,user23777@example.com,City 8
User 23778,user23778@example.com,City 9
User 23779,user23779@example.com,City 10
User 23780,user23780@example.com,City 1
User 23781,user23781@example.com,City 2
User 23782,user23782@example.com,City 3
User 23783,user23783@example.com,City 4
User 23784,user23784@example.com,City 5
User 23785,user23785@example.com,City 6
User 23786,user23786@example.com,City 7
User 23787,user23787@example.com,City 8
User 23788,user23788@example.com,City 9
User 23789,user23789@example.com,City 10
User 23790,user23790@example.com,City 1
User 23791,user23791@example.com,City 2
User 23792,user23792@example.com,City 3
User 23793,user23793@example.com,City 4
User 23794,user23794@example.com,City 5
User 23795,user23795@example.com,City 6
User 23796,user23796@example.com,City 7
User 23797,user23797@example.com,City 8
User 23798,user23798@example.com,City 9
User 23799,user23799@example.com,City 10
User 23800,user23800@example.com,City 1
User 23801,user23801@example.com,City 2
User 23802,user23802@example.com,City 3
User 23803,user23803@example.com,City 4
User 23804,user23804@example.com,City 5
User 23805,user23805@example.com,City 6
User 23806,user23806@example.com,City 7
User 23807,user23807@example.com,City 8
User 23808,user23808@example.com,City 9
User 23809,user23809@example.com,City 10
User 23810,user23810@example.com,City 1
User 23811,user23811@example.com,City 2
User 23812,user23812@example.com,City 3
User 23813,user23813@example.com,City 4
User 23814,user23814@example.com,City 5
User 23815,user23815@example.com,City 6
User 23816,user23816@example.com,City 7
User 23817,user23817@example.com,City 8
User 23818,user23818@example.com,City 9
User 23819,user23819@example.com,City 10
User 23820,user23820@example.com,City 1
User 23821,user23821@example.com,City 2
User 23822,user23822@example.com,City 3
User 23823,user23823@example.com,City 4
User 23824,user23824@example.com,City 5
User 23825,user23825@example.com,City 6
User 23826,user23826@example.com,City 7
User 23827,user23827@example.com,City 8
User 23828,user23828@example.com,City 9
User 23829,user23829@example.com,City 10
User 23830,user23830@example.com,City 1
User 23831,user23831@example.com,City 2
User 23832,user23832@example.com,City 3
User 23833,user23833@example.com,City 4
User 23834,user23834@example.com,City 5
User 23835,user23835@example.com,City 6
User 23836,user23836@example.com,City 7
User 23837,user23837@example.com,City 8
User 23838,user23838@example.com,City 9
User 23839,user23839@example.com,City 10
User 23840,user23840@example.com,City 1
User 23841,user23841@example.com,City 2
User 23842,user23842@example.com,City 3
User 23843,user23843@example.com,City 4
User 23844,user23844@example.com,City 5
User 23845,user23845@example.com,City 6
User 23846,user23846@example.com,City 7
User 23847,user23847@example.com,City 8
User 23848,user23848@example.com,City 9
User 23849,user23849@example.com,City 10
User 23850,user23850@example.com,City 1
User 23851,user23851@example.com,City 2
User 23852,user23852@example.com,City 3
User 23853,user23853@example.com,City 4
User 23854,user23854@example.com,City 5
User 23855,user23855@example.com,City 6
User 23856,user23856@example.com,City 7
User 23857,user23857@example.com,City 8
User 23858,user23858@example.com,City 9
User 23859,user23859@example.com,City 10
User 23860,user23860@example.com,City 1
User 23861,user23861@example.com,City 2
User 23862,user23862@example.com,City 3
User 23863,user23863@example.com,City 4
User 23864,user23864@example.com,City 5
User 23865,user23865@example.com,City 6
User 23866,user23866@example.com,City 7
User 23867,user23867@example.com,City 8
User 23868,user23868@example.com,City 9
User 23869,user23869@example.com,City 10
User 23870,user23870@example.com,City 1
User 23871,user23871@example.com,City 2
User 23872,user23872@example.com,City 3
User 23873,user23873@example.com,City 4
User 23874,user23874@example.com,City 5
User 23875,user23875@example.com,City 6
User 23876,user23876@example.com,City 7
User 23877,user23877@example.com,City 8
User 23878,user23878@example.com,City 9
User 23879,user23879@example.com,City 10
User 23880,user23880@example.com,City 1
User 23881,user23881@example.com,City 2
User 23882,user23882@example.com,City 3
User 23883,user23883@example.com,City 4
User 23884,user23884@example.com,City 5
User 23885,user23885@example.com,City 6
User 23886,user23886@example.com,City 7
User 23887,user23887@example.com,City 8
User 23888,user23888@example.com,City 9
User 23889,user23889@example.com,City 10
User 23890,user23890@example.com,City 1
User 23891,user23891@example.com,City 2
User 23892,user23892@example.com,City 3
User 23893,user23893@example.com,City 4
User 23894,user23894@example.com,City 5
User 23895,user23895@example.com,City 6
User 23896,user23896@example.com,City 7
User 23897,user23897@example.com,City 8
User 23898,user23898@example.com,City 9
User 23899,user23899@example.com,City 10
User 23900,user23900@example.com,City 1
User 23901,user23901@example.com,City 2
User 23902,user23902@example.com,City 3
User 23903,user23903@example.com,City 4
User 23904,user23904@example.com,City 5
User 23905,user23905@example.com,City 6
User 23906,user23906@example.com,City 7
User 23907,user23907@example.com,City 8
User 23908,user23908@example.com,City 9
User 23909,user23909@example.com,City 10
User 23910,user23910@example.com,City 1
User 23911,user23911@example.com,City 2
User 23912,user23912@example.com,City 3
User 23913,user23913@example.com,City 4
User 23914,user23914@example.com,City 5
User 23915,user23915@example.com,City 6
User 23916,user23916@example.com,City 7
User 23917,user23917@example.com,City 8
User 23918,user23918@example.com,City 9
User 23919,user23919@example.com,City 10
User 23920,user23920@example.com,City 1
User 23921,user23921@example.com,City 2
User 23922,user23922@example.com,City 3
User 23923,user23923@example.com,City 4
User 23924,user23924@example.com,City 5
User 23925,user23925@example.com,City 6
User 23926,user23926@example.com,City 7
User 23927,user23927@example.com,City 8
User 23928,user23928@example.com,City 9
User 23929,user23929@example.com,City 10
User 23930,user23930@example.com,City 1
User 23931,user23931@example.com,City 2
User 23932,user23932@example.com,City 3
User 23933,user23933@example.com,City 4
User 23934,user23934@example.com,City 5
User 23935,user23935@example.com,City 6
User 23936,user23936@example.com,City 7
User 23937,user23937@example.com,City 8
User 23938,user23938@example.com,City 9
User 23939,user23939@example.com,City 10
User 23940,user23940@example.com,City 1
User 23941,user23941@example.com,City 2
User 23942,user23942@example.com,City 3
User 23943,user23943@example.com,City 4
User 23944,user23944@example.com,City 5
User 23945,user23945@example.com,City 6
User 23946,user23946@example.com,City 7
User 23947,user23947@example.com,City 8
User 23948,user23948@example.com,City 9
User 23949,user23949@example.com,City 10
User 23950,user23950@example.com,City 1
User 23951,user23951@example.com,City 2
User 23952,user23952@example.com,City 3
User 23953,user23953@example.com,City 4
User 23954,user23954@example.com,City 5
User 23955,user23955@example.com,City 6
User 23956,user23956@example.com,City 7
User 23957,user23957@example.com,City 8
User 23958,user23958@example.com,City 9
User 23959,user23959@example.com,City 10
User 23960,user23960@example.com,City 1
User 23961,user23961@example.com,City 2
User 23962,user23962@example.com,City 3
User 23963,user23963@example.com,City 4
User 23964,user23964@example.com,City 5
User 23965,user23965@example.com,City 6
User 23966,user23966@example.com,City 7
User 23967,user23967@example.com,City 8
User 23968,user23968@example.com,City 9
User 23969,user23969@example.com,City 10
User 23970,user23970@example.com,City 1
User 23971,user23971@example.com,City 2
User 23972,user23972@example.com,City 3
User 23973,user23973@example.com,City 4
User 23974,user23974@example.com,City 5
User 23975,user23975@example.com,City 6
User 23976,user23976@example.com,City 7
User 23977,user23977@example.com,City 8
User 23978,user23978@example.com,City 9
User 23979,user23979@example.com,City 10
User 23980,user23980@example.com,City 1
User 23981,user23981@example.com,City 2
User 23982,user23982@example.com,City 3
User 23983,user23983@example.com,City 4
User 23984,user23984@example.com,City 5
User 23985,user23985@example.com,City 6
User 23986,user23986@example.com,City 7
User 23987,user23987@example.com,City 8
User 23988,user23988@example.com,City 9
User 23989,user23989@example.com,City 10
User 23990,user23990@example.com,City 1
User 23991,user23991@example.com,City 2
User 23992,user23992@example.com,City 3
User 23993,user23993@example.com,City 4
User 23994,user23994@example.com,City 5
User 23995,user23995@example.com,City 6
User 23996,user23996@example.com,City 7
User 23997,user23997@example.com,City 8
User 23998,user23998@example.com,City 9
User 23999,user23999@example.com,City 10
User 24000,user24000@example.com,City 1
User 24001,user24001@example.com,City 2
User 24002,user24002@example.com,City 3
User 24003,user24003@example.com,City 4
User 24004,user24004@example.com,City 5
User 24005,user24005@example.com,City 6
User 24006,user24006@example.com,City 7
User 24007,user24007@example.com,City 8
User 24008,user24008@example.com,City 9
User 24009,user24009@example.com,City 10
User 24010,user24010@example.com,City 1
User 24011,user24011@example.com,City 2
User 24012,user24012@example.com,City 3
User 24013,user24013@example.com,City 4
User 24014,user24014@example.com,City 5
User 24015,user24015@example.com,City 6
User 24016,user24016@example.com,City 7
User 24017,user24017@example.com,City 8
User 24018,user24018@example.com,City 9
User 24019,user24019@example.com,City 10
User 24020,user24020@example.com,City 1
User 24021,user24021@example.com,City 2
User 24022,user24022@example.com,City 3
User 24023,user24023@example.com,City 4
User 24024,user24024@example.com,City 5
User 24025,user24025@example.com,City 6
User 24026,user24026@example.com,City 7
User 24027,user24027@example.com,City 8
User 24028,user24028@example.com,City 9
User 24029,user24029@example.com,City 10
User 24030,user24030@example.com,City 1
User 24031,user24031@example.com,City 2
User 24032,user24032@example.com,City 3
User 24033,user24033@example.com,City 4
User 24034,user24034@example.com,City 5
User 24035,user24035@example.com,City 6
User 24036,user24036@example.com,City 7
User 24037,user24037@example.com,City 8
User 24038,user24038@example.com,City 9
User 24039,user24039@example.com,City 10
User 24040,user24040@example.com,City 1
User 24041,user24041@example.com,City 2
User 24042,user24042@example.com,City 3
User 24043,user24043@example.com,City 4
User 24044,user24044@example.com,City 5
User 24045,user24045@example.com,City 6
User 24046,user24046@example.com,City 7
User 24047,user24047@example.com,City 8
User 24048,user24048@example.com,City 9
User 24049,user24049@example.com,City 10
User 24050,user24050@example.com,City 1
User 24051,user24051@example.com,City 2
User 24052,user24052@example.com,City 3
User 24053,user24053@example.com,City 4
User 24054,user24054@example.com,City 5
User 24055,user24055@example.com,City 6
User 24056,user24056@example.com,City 7
User 24057,user24057@example.com,City 8
User 24058,user24058@example.com,City 9
User 24059,user24059@example.com,City 10
User 24060,user24060@example.com,City 1
User 24061,user24061@example.com,City 2
User 24062,user24062@example.com,City 3
User 24063,user24063@example.com,City 4
User 24064,user24064@example.com,City 5
User 24065,user24065@example.com,City 6
User 24066,user24066@example.com,City 7
User 24067,user24067@example.com,City 8
User 24068,user24068@example.com,City 9
User 24069,user24069@example.com,City 10
User 24070,user24070@example.com,City 1
User 24071,user24071@example.com,City 2
User 24072,user24072@example.com,City 3
User 24073,user24073@example.com,City 4
User 24074,user24074@example.com,City 5
User 24075,user24075@example.com,City 6
User 24076,user24076@example.com,City 7
User 24077,user24077@example.com,City 8
User 24078,user24078@example.com,City 9
User 24079,user24079@example.com,City 10
User 24080,user24080@example.com,City 1
User 24081,user24081@example.com,City 2
User 24082,user24082@example.com,City 3
User 24083,user24083@example.com,City 4
User 24084,user24084@example.com,City 5
User 24085,user24085@example.com,City 6
User 24086,user24086@example.com,City 7
User 24087,user24087@example.com,City 8
User 24088,user24088@example.com,City 9
User 24089,user24089@example.com,City 10
User 24090,user24090@example.com,City 1
User 24091,user24091@example.com,City 2
User 24092,user24092@example.com,City 3
User 24093,user24093@example.com,City 4
User 24094,user24094@example.com,City 5
User 24095,user24095@example.com,City 6
User 24096,user24096@example.com,City 7
User 24097,user24097@example.com,City 8
User 24098,user24098@example.com,City 9
User 24099,user24099@example.com,City 10
User 24100,user24100@example.com,City 1
User 24101,user24101@example.com,City 2
User 24102,user24102@example.com,City 3
User 24103,user24103@example.com,City 4
User 24104,user24104@example.com,City 5
User 24105,user24105@example.com,City 6
User 24106,user24106@example.com,City 7
User 24107,user24107@example.com,City 8
User 24108,user24108@example.com,City 9
User 24109,user24109@example.com,City 10
User 24110,user24110@example.com,City 1
User 24111,user24111@example.com,City 2
User 24112,user24112@example.com,City 3
User 24113,user24113@example.com,City 4
User 24114,user24114@example.com,City 5
User 24115,user24115@example.com,City 6
User 24116,user24116@example.com,City 7
User 24117,user24117@example.com,City 8
User 24118,user24118@example.com,City 9
User 24119,user24119@example.com,City 10
User 24120,user24120@example.com,City 1
User 24121,user24121@example.com,City 2
User 24122,user24122@example.com,City 3
User 24123,user24123@example.com,City 4
User 24124,user24124@example.com,City 5
User 24125,user24125@example.com,City 6
User 24126,user24126@example.com,City 7
User 24127,user24127@example.com,City 8
User 24128,user24128@example.com,City 9
User 24129,user24129@example.com,City 10
User 24130,user24130@example.com,City 1
User 24131,user24131@example.com,City 2
User 24132,user24132@example.com,City 3
User 24133,user24133@example.com,City 4
User 24134,user24134@example.com,City 5
User 24135,user24135@example.com,City 6
User 24136,user24136@example.com,City 7
User 24137,user24137@example.com,City 8
User 24138,user24138@example.com,City 9
User 24139,user24139@example.com,City 10
User 24140,user24140@example.com,City 1
User 24141,user24141@example.com,City 2
User 24142,user24142@example.com,City 3
User 24143,user24143@example.com,City 4
User 24144,user24144@example.com,City 5
User 24145,user24145@example.com,City 6
User 24146,user24146@example.com,City 7
User 24147,user24147@example.com,City 8
User 24148,user24148@example.com,City 9
User 24149,user24149@example.com,City 10
User 24150,user24150@example.com,City 1
User 24151,user24151@example.com,City 2
User 24152,user24152@example.com,City 3
User 24153,user24153@example.com,City 4
User 24154,user24154@example.com,City 5
User 24155,user24155@example.com,City 6
User 24156,user24156@example.com,City 7
User 24157,user24157@example.com,City 8
User 24158,user24158@example.com,City 9
User 24159,user24159@example.com,City 10
User 24160,user24160@example.com,City 1
User 24161,user24161@example.com,City 2
User 24162,user24162@example.com,City 3
User 24163,user24163@example.com,City 4
User 24164,user24164@example.com,City 5
User 24165,user24165@example.com,City 6
User 24166,user24166@example.com,City 7
User 24167,user24167@example.com,City 8
User 24168,user24168@example.com,City 9
User 24169,user24169@example.com,City 10
User 24170,user24170@example.com,City 1
User 24171,user24171@example.com,City 2
User 24172,user24172@example.com,City 3
User 24173,user24173@example.com,City 4
User 24174,user24174@example.com,City 5
User 24175,user24175@example.com,City 6
User 24176,user24176@example.com,City 7
User 24177,user24177@example.com,City 8
User 24178,user24178@example.com,City 9
User 24179,user24179@example.com,City 10
User 24180,user24180@example.com,City 1
User 24181,user24181@example.com,City 2
User 24182,user24182@example.com,City 3
User 24183,user24183@example.com,City 4
User 24184,user24184@example.com,City 5
User 24185,user24185@example.com,City 6
User 24186,user24186@example.com,City 7
User 24187,user24187@example.com,City 8
User 24188,user24188@example.com,City 9
User 24189,user24189@example.com,City 10
User 24190,user24190@example.com,City 1
User 24191,user24191@example.com,City 2
User 24192,user24192@example.com,City 3
User 24193,user24193@example.com,City 4
User 24194,user24194@example.com,City 5
User 24195,user24195@example.com,City 6
User 24196,user24196@example.com,City 7
User 24197,user24197@example.com,City 8
User 24198,user24198@example.com,City 9
User 24199,user24199@example.com,City 10
User 24200,user24200@example.com,City 1
User 24201,user24201@example.com,City 2
User 24202,user24202@example.com,City 3
User 24203,user24203@example.com,City 4
User 24204,user24204@example.com,City 5
User 24205,user24205@example.com,City 6
User 24206,user24206@example.com,City 7
User 24207,user24207@example.com,City 8
User 24208,user24208@example.com,City 9
User 24209,user24209@example.com,City 10
User 24210,user24210@example.com,City 1
User 24211,user24211@example.com,City 2
User 24212,user24212@example.com,City 3
User 24213,user24213@example.com,City 4
User 24214,user24214@example.com,City 5
User 24215,user24215@example.com,City 6
User 24216,user24216@example.com,City 7
User 24217,user24217@example.com,City 8
User 24218,user24218@example.com,City 9
User 24219,user24219@example.com,City 10
User 24220,user24220@example.com,City 1
User 24221,user24221@example.com,City 2
User 24222,user24222@example.com,City 3
User 24223,user24223@example.com,City 4
User 24224,user24224@example.com,City 5
User 24225,user24225@example.com,City 6
User 24226,user24226@example.com,City 7
User 24227,user24227@example.com,City 8
User 24228,user24228@example.com,City 9
User 24229,user24229@example.com,City 10
User 24230,user24230@example.com,City 1
User 24231,user24231@example.com,City 2
User 24232,user24232@example.com,City 3
User 24233,user24233@example.com,City 4
User 24234,user24234@example.com,City 5
User 24235,user24235@example.com,City 6
User 24236,user24236@example.com,City 7
User 24237,user24237@example.com,City 8
User 24238,user24238@example.com,City 9
User 24239,user24239@example.com,City 10
User 24240,user24240@example.com,City 1
User 24241,user24241@example.com,City 2
User 24242,user24242@example.com,City 3
User 24243,user24243@example.com,City 4
User 24244,user24244@example.com,City 5
User 24245,user24245@example.com,City 6
User 24246,user24246@example.com,City 7
User 24247,user24247@example.com,City 8
User 24248,user24248@example.com,City 9
User 24249,user24249@example.com,City 10
User 24250,user24250@example.com,City 1
User 24251,user24251@example.com,City 2
User 24252,user24252@example.com,City 3
User 24253,user24253@example.com,City 4
User 24254,user24254@example.com,City 5
User 24255,user24255@example.com,City 6
User 24256,user24256@example.com,City 7
User 24257,user24257@example.com,City 8
User 24258,user24258@example.com,City 9
User 24259,user24259@example.com,City 10
User 24260,user24260@example.com,City 1
User 24261,user24261@example.com,City 2
User 24262,user24262@example.com,City 3
User 24263,user24263@example.com,City 4
User 24264,user24264@example.com,City 5
User 24265,user24265@example.com,City 6
User 24266,user24266@example.com,City 7
User 24267,user24267@example.com,City 8
User 24268,user24268@example.com,City 9
User 24269,user24269@example.com,City 10
User 24270,user24270@example.com,City 1
User 24271,user24271@example.com,City 2
User 24272,user24272@example.com,City 3
User 24273,user24273@example.com,City 4
User 24274,user24274@example.com,City 5
User 24275,user24275@example.com,City 6
User 24276,user24276@example.com,City 7
User 24277,user24277@example.com,City 8
User 24278,user24278@example.com,City 9
User 24279,user24279@example.com,City 10
User 24280,user24280@example.com,City 1
User 24281,user24281@example.com,City 2
User 24282,user24282@example.com,City 3
User 24283,user24283@example.com,City 4
User 24284,user24284@example.com,City 5
User 24285,user24285@example.com,City 6
User 24286,user24286@example.com,City 7
User 24287,user24287@example.com,City 8
User 24288,user24288@example.com,City 9
User 24289,user24289@example.com,City 10
User 24290,user24290@example.com,City 1
User 24291,user24291@example.com,City 2
User 24292,user24292@example.com,City 3
User 24293,user24293@example.com,City 4
User 24294,user24294@example.com,City 5
User 24295,user24295@example.com,City 6
User 24296,user24296@example.com,City 7
User 24297,user24297@example.com,City 8
User 24298,user24298@example.com,City 9
User 24299,user24299@example.com,City 10
User 24300,user24300@example.com,City 1
User 24301,user24301@example.com,City 2
User 24302,user24302@example.com,City 3
User 24303,user24303@example.com,City 4
User 24304,user24304@example.com,City 5
User 24305,user24305@example.com,City 6
User 24306,user24306@example.com,City 7
User 24307,user24307@example.com,City 8
User 24308,user24308@example.com,City 9
User 24309,user24309@example.com,City 10
User 24310,user24310@example.com,City 1
User 24311,user24311@example.com,City 2
User 24312,user24312@example.com,City 3
User 24313,user24313@example.com,City 4
User 24314,user24314@example.com,City 5
User 24315,user24315@example.com,City 6
User 24316,user24316@example.com,City 7
User 24317,user24317@example.com,City 8
User 24318,user24318@example.com,City 9
User 24319,user24319@example.com,City 10
User 24320,user24320@example.com,City 1
User 24321,user24321@example.com,City 2
User 24322,user24322@example.com,City 3
User 24323,user24323@example.com,City 4
User 24324,user24324@example.com,City 5
User 24325,user24325@example.com,City 6
User 24326,user24326@example.com,City 7
User 24327,user24327@example.com,City 8
User 24328,user24328@example.com,City 9
User 24329,user24329@example.com,City 10
User 24330,user24330@example.com,City 1
User 24331,user24331@example.com,City 2
User 24332,user24332@example.com,City 3
User 24333,user24333@example.com,City 4
User 24334,user24334@example.com,City 5
User 24335,user24335@example.com,City 6
User 24336,user24336@example.com,City 7
User 24337,user24337@example.com,City 8
User 24338,user24338@example.com,City 9
User 24339,user24339@example.com,City 10
User 24340,user24340@example.com,City 1
User 24341,user24341@example.com,City 2
User 24342,user24342@example.com,City 3
User 24343,user24343@example.com,City 4
User 24344,user24344@example.com,City 5
User 24345,user24345@example.com,City 6
User 24346,user24346@example.com,City 7
User 24347,user24347@example.com,City 8
User 24348,user24348@example.com,City 9
User 24349,user24349@example.com,City 10
User 24350,user24350@example.com,City 1
User 24351,user24351@example.com,City 2
User 24352,user24352@example.com,City 3
User 24353,user24353@example.com,City 4
User 24354,user24354@example.com,City 5
User 24355,user24355@example.com,City 6
User 24356,user24356@example.com,City 7
User 24357,user24357@example.com,City 8
User 24358,user24358@example.com,City 9
User 24359,user24359@example.com,City 10
User 24360,user24360@example.com,City 1
User 24361,user24361@example.com,City 2
User 24362,user24362@example.com,City 3
User 24363,user24363@example.com,City 4
User 24364,user24364@example.com,City 5
User 24365,user24365@example.com,City 6
User 24366,user24366@example.com,City 7
User 24367,user24367@example.com,City 8
User 24368,user24368@example.com,City 9
User 24369,user24369@example.com,City 10
User 24370,user24370@example.com,City 1
User 24371,user24371@example.com,City 2
User 24372,user24372@example.com,City 3
User 24373,user24373@example.com,City 4
User 24374,user24374@example.com,City 5
User 24375,user24375@example.com,City 6
User 24376,user24376@example.com,City 7
User 24377,user24377@example.com,City 8
User 24378,user24378@example.com,City 9
User 24379,user24379@example.com,City 10
User 24380,user24380@example.com,City 1
User 24381,user24381@example.com,City 2
User 24382,user24382@example.com,City 3
User 24383,user24383@example.com,City 4
User 24384,user24384@example.com,City 5
User 24385,user24385@example.com,City 6
User 24386,user24386@example.com,City 7
User 24387,user24387@example.com,City 8
User 24388,user24388@example.com,City 9
User 24389,user24389@example.com,City 10
User 24390,user24390@example.com,City 1
User 24391,user24391@example.com,City 2
User 24392,user24392@example.com,City 3
User 24393,user24393@example.com,City 4
User 24394,user24394@example.com,City 5
User 24395,user24395@example.com,City 6
User 24396,user24396@example.com,City 7
User 24397,user24397@example.com,City 8
User 24398,user24398@example.com,City 9
User 24399,user24399@example.com,City 10
User 24400,user24400@example.com,City 1
User 24401,user24401@example.com,City 2
User 24402,user24402@example.com,City 3
User 24403,user24403@example.com,City 4
User 24404,user24404@example.com,City 5
User 24405,user24405@example.com,City 6
User 24406,user24406@example.com,City 7
User 24407,user24407@example.com,City 8
User 24408,user24408@example.com,City 9
User 24409,user24409@example.com,City 10
User 24410,user24410@example.com,City 1
User 24411,user24411@example.com,City 2
User 24412,user24412@example.com,City 3
User 24413,user24413@example.com,City 4
User 24414,user24414@example.com,City 5
User 24415,user24415@example.com,City 6
User 24416,user24416@example.com,City 7
User 24417,user24417@example.com,City 8
User 24418,user24418@example.com,City 9
User 24419,user24419@example.com,City 10
User 24420,user24420@example.com,City 1
User 24421,user24421@example.com,City 2
User 24422,user24422@example.com,City 3
User 24423,user24423@example.com,City 4
User 24424,user24424@example.com,City 5
User 24425,user24425@example.com,City 6
User 24426,user24426@example.com,City 7
User 24427,user24427@example.com,City 8
User 24428,user24428@example.com,City 9
User 24429,user24429@example.com,City 10
User 24430,user24430@example.com,City 1
User 24431,user24431@example.com,City 2
User 24432,user24432@example.com,City 3
User 24433,user24433@example.com,City 4
User 24434,user24434@example.com,City 5
User 24435,user24435@example.com,City 6
User 24436,user24436@example.com,City 7
User 24437,user24437@example.com,City 8
User 24438,user24438@example.com,City 9
User 24439,user24439@example.com,City 10
User 24440,user24440@example.com,City 1
User 24441,user24441@example.com,City 2
User 24442,user24442@example.com,City 3
User 24443,user24443@example.com,City 4
User 24444,user24444@example.com,City 5
User 24445,user24445@example.com,City 6
User 24446,user24446@example.com,City 7
User 24447,user24447@example.com,City 8
User 24448,user24448@example.com,City 9
User 24449,user24449@example.com,City 10
User 24450,user24450@example.com,City 1
User 24451,user24451@example.com,City 2
User 24452,user24452@example.com,City 3
User 24453,user24453@example.com,City 4
User 24454,user24454@example.com,City 5
User 24455,user24455@example.com,City 6
User 24456,user24456@example.com,City 7
User 24457,user24457@example.com,City 8
User 24458,user24458@example.com,City 9
User 24459,user24459@example.com,City 10
User 24460,user24460@example.com,City 1
User 24461,user24461@example.com,City 2
User 24462,user24462@example.com,City 3
User 24463,user24463@example.com,City 4
User 24464,user24464@example.com,City 5
User 24465,user24465@example.com,City 6
User 24466,user24466@example.com,City 7
User 24467,user24467@example.com,City 8
User 24468,user24468@example.com,City 9
User 24469,user24469@example.com,City 10
User 24470,user24470@example.com,City 1
User 24471,user24471@example.com,City 2
User 24472,user24472@example.com,City 3
User 24473,user24473@example.com,City 4
User 24474,user24474@example.com,City 5
User 24475,user24475@example.com,City 6
User 24476,user24476@example.com,City 7
User 24477,user24477@example.com,City 8
User 24478,user24478@example.com,City 9
User 24479,user24479@example.com,City 10
User 24480,user24480@example.com,City 1
User 24481,user24481@example.com,City 2
User 24482,user24482@example.com,City 3
User 24483,user24483@example.com,City 4
User 24484,user24484@example.com,City 5
User 24485,user24485@example.com,City 6
User 24486,user24486@example.com,City 7
User 24487,user24487@example.com,City 8
User 24488,user24488@example.com,City 9
User 24489,user24489@example.com,City 10
User 24490,user24490@example.com,City 1
User 24491,user24491@example.com,City 2
User 24492,user24492@example.com,City 3
User 24493,user24493@example.com,City 4
User 24494,user24494@example.com,City 5
User 24495,user24495@example.com,City 6
User 24496,user24496@example.com,City 7
User 24497,user24497@example.com,City 8
User 24498,user24498@example.com,City 9
User 24499,user24499@example.com,City 10
User 24500,user24500@example.com,City 1
User 24501,user24501@example.com,City 2
User 24502,user24502@example.com,City 3
User 24503,user24503@example.com,City 4
User 24504,user24504@example.com,City 5
User 24505,user24505@example.com,City 6
User 24506,user24506@example.com,City 7
User 24507,user24507@example.com,City 8
User 24508,user24508@example.com,City 9
User 24509,user24509@example.com,City 10
User 24510,user24510@example.com,City 1
User 24511,user24511@example.com,City 2
User 24512,user24512@example.com,City 3
User 24513,user24513@example.com,City 4
User 24514,user24514@example.com,City 5
User 24515,user24515@example.com,City 6
User 24516,user24516@example.com,City 7
User 24517,user24517@example.com,City 8
User 24518,user24518@example.com,City 9
User 24519,user24519@example.com,City 10
User 24520,user24520@example.com,City 1
User 24521,user24521@example.com,City 2
User 24522,user24522@example.com,City 3
User 24523,user24523@example.com,City 4
User 24524,user24524@example.com,City 5
User 24525,user24525@example.com,City 6
User 24526,user24526@example.com,City 7
User 24527,user24527@example.com,City 8
User 24528,user24528@example.com,City 9
User 24529,user24529@example.com,City 10
User 24530,user24530@example.com,City 1
User 24531,user24531@example.com,City 2
User 24532,user24532@example.com,City 3
User 24533,user24533@example.com,City 4
User 24534,user24534@example.com,City 5
User 24535,user24535@example.com,City 6
User 24536,user24536@example.com,City 7
User 24537,user24537@example.com,City 8
User 24538,user24538@example.com,City 9
User 24539,user24539@example.com,City 10
User 24540,user24540@example.com,City 1
User 24541,user24541@example.com,City 2
User 24542,user24542@example.com,City 3
User 24543,user24543@example.com,City 4
User 24544,user24544@example.com,City 5
User 24545,user24545@example.com,City 6
User 24546,user24546@example.com,City 7
User 24547,user24547@example.com,City 8
User 24548,user24548@example.com,City 9
User 24549,user24549@example.com,City 10
User 24550,user24550@example.com,City 1
User 24551,user24551@example.com,City 2
User 24552,user24552@example.com,City 3
User 24553,user24553@example.com,City 4
User 24554,user24554@example.com,City 5
User 24555,user24555@example.com,City 6
User 24556,user24556@example.com,City 7
User 24557,user24557@example.com,City 8
User 24558,user24558@example.com,City 9
User 24559,user24559@example.com,City 10
User 24560,user24560@example.com,City 1
User 24561,user24561@example.com,City 2
User 24562,user24562@example.com,City 3
User 24563,user24563@example.com,City 4
User 24564,user24564@example.com,City 5
User 24565,user24565@example.com,City 6
User 24566,user24566@example.com,City 7
User 24567,user24567@example.com,City 8
User 24568,user24568@example.com,City 9
User 24569,user24569@example.com,City 10
User 24570,user24570@example.com,City 1
User 24571,user24571@example.com,City 2
User 24572,user24572@example.com,City 3
User 24573,user24573@example.com,City 4
User 24574,user24574@example.com,City 5
User 24575,user24575@example.com,City 6
User 24576,user24576@example.com,City 7
User 24577,user24577@example.com,City 8
User 24578,user24578@example.com,City 9
User 24579,user24579@example.com,City 10
User 24580,user24580@example.com,City 1
User 24581,user24581@example.com,City 2
User 24582,user24582@example.com,City 3
User 24583,user24583@example.com,City 4
User 24584,user24584@example.com,City 5
User 24585,user24585@example.com,City 6
User 24586,user24586@example.com,City 7
User 24587,user24587@example.com,City 8
User 24588,user24588@example.com,City 9
User 24589,user24589@example.com,City 10
User 24590,user24590@example.com,City 1
User 24591,user24591@example.com,City 2
User 24592,user24592@example.com,City 3
User 24593,user24593@example.com,City 4
User 24594,user24594@example.com,City 5
User 24595,user24595@example.com,City 6
User 24596,user24596@example.com,City 7
User 24597,user24597@example.com,City 8
User 24598,user24598@example.com,City 9
User 24599,user24599@example.com,City 10
User 24600,user24600@example.com,City 1
User 24601,user24601@example.com,City 2
User 24602,user24602@example.com,City 3
User 24603,user24603@example.com,City 4
User 24604,user24604@example.com,City 5
User 24605,user24605@example.com,City 6
User 24606,user24606@example.com,City 7
User 24607,user24607@example.com,City 8
User 24608,user24608@example.com,City 9
User 24609,user24609@example.com,City 10
User 24610,user24610@example.com,City 1
User 24611,user24611@example.com,City 2
User 24612,user24612@example.com,City 3
User 24613,user24613@example.com,City 4
User 24614,user24614@example.com,City 5
User 24615,user24615@example.com,City 6
User 24616,user24616@example.com,City 7
User 24617,user24617@example.com,City 8
User 24618,user24618@example.com,City 9
User 24619,user24619@example.com,City 10
User 24620,user24620@example.com,City 1
User 24621,user24621@example.com,City 2
User 24622,user24622@example.com,City 3
User 24623,user24623@example.com,City 4
User 24624,user24624@example.com,City 5
User 24625,user24625@example.com,City 6
User 24626,user24626@example.com,City 7
User 24627,user24627@example.com,City 8
User 24628,user24628@example.com,City 9
User 24629,user24629@example.com,City 10
User 24630,user24630@example.com,City 1
User 24631,user24631@example.com,City 2
User 24632,user24632@example.com,City 3
User 24633,user24633@example.com,City 4
User 24634,user24634@example.com,City 5
User 24635,user24635@example.com,City 6
User 24636,user24636@example.com,City 7
User 24637,user24637@example.com,City 8
User 24638,user24638@example.com,City 9
User 24639,user24639@example.com,City 10
User 24640,user24640@example.com,City 1
User 24641,user24641@example.com,City 2
User 24642,user24642@example.com,City 3
User 24643,user24643@example.com,City 4
User 24644,user24644@example.com,City 5
User 24645,user24645@example.com,City 6
User 24646,user24646@example.com,City 7
User 24647,user24647@example.com,City 8
User 24648,user24648@example.com,City 9
User 24649,user24649@example.com,City 10
User 24650,user24650@example.com,City 1
User 24651,user24651@example.com,City 2
User 24652,user24652@example.com,City 3
User 24653,user24653@example.com,City 4
User 24654,user24654@example.com,City 5
User 24655,user24655@example.com,City 6
User 24656,user24656@example.com,City 7
User 24657,user24657@example.com,City 8
User 24658,user24658@example.com,City 9
User 24659,user24659@example.com,City 10
User 24660,user24660@example.com,City 1
User 24661,user24661@example.com,City 2
User 24662,user24662@example.com,City 3
User 24663,user24663@example.com,City 4
User 24664,user24664@example.com,City 5
User 24665,user24665@example.com,City 6
User 24666,user24666@example.com,City 7
User 24667,user24667@example.com,City 8
User 24668,user24668@example.com,City 9
User 24669,user24669@example.com,City 10
User 24670,user24670@example.com,City 1
User 24671,user24671@example.com,City 2
User 24672,user24672@example.com,City 3
User 24673,user24673@example.com,City 4
User 24674,user24674@example.com,City 5
User 24675,user24675@example.com,City 6
User 24676,user24676@example.com,City 7
User 24677,user24677@example.com,City 8
User 24678,user24678@example.com,City 9
User 24679,user24679@example.com,City 10
User 24680,user24680@example.com,City 1
User 24681,user24681@example.com,City 2
User 24682,user24682@example.com,City 3
User 24683,user24683@example.com,City 4
User 24684,user24684@example.com,City 5
User 24685,user24685@example.com,City 6
User 24686,user24686@example.com,City 7
User 24687,user24687@example.com,City 8
User 24688,user24688@example.com,City 9
User 24689,user24689@example.com,City 10
User 24690,user24690@example.com,City 1
User 24691,user24691@example.com,City 2
User 24692,user24692@example.com,City 3
User 24693,user24693@example.com,City 4
User 24694,user24694@example.com,City 5
User 24695,user24695@example.com,City 6
User 24696,user24696@example.com,City 7
User 24697,user24697@example.com,City 8
User 24698,user24698@example.com,City 9
User 24699,user24699@example.com,City 10
User 24700,user24700@example.com,City 1
User 24701,user24701@example.com,City 2
User 24702,user24702@example.com,City 3
User 24703,user24703@example.com,City 4
User 24704,user24704@example.com,City 5
User 24705,user24705@example.com,City 6
User 24706,user24706@example.com,City 7
User 24707,user24707@example.com,City 8
User 24708,user24708@example.com,City 9
User 24709,user24709@example.com,City 10
User 24710,user24710@example.com,City 1
User 24711,user24711@example.com,City 2
User 24712,user24712@example.com,City 3
User 24713,user24713@example.com,City 4
User 24714,user24714@example.com,City 5
User 24715,user24715@example.com,City 6
User 24716,user24716@example.com,City 7
User 24717,user24717@example.com,City 8
User 24718,user24718@example.com,City 9
User 24719,user24719@example.com,City 10
User 24720,user24720@example.com,City 1
User 24721,user24721@example.com,City 2
User 24722,user24722@example.com,City 3
User 24723,user24723@example.com,City 4
User 24724,user24724@example.com,City 5
User 24725,user24725@example.com,City 6
User 24726,user24726@example.com,City 7
User 24727,user24727@example.com,City 8
User 24728,user24728@example.com,City 9
User 24729,user24729@example.com,City 10
User 24730,user24730@example.com,City 1
User 24731,user24731@example.com,City 2
User 24732,user24732@example.com,City 3
User 24733,user24733@example.com,City 4
User 24734,user24734@example.com,City 5
User 24735,user24735@example.com,City 6
User 24736,user24736@example.com,City 7
User 24737,user24737@example.com,City 8
User 24738,user24738@example.com,City 9
User 24739,user24739@example.com,City 10
User 24740,user24740@example.com,City 1
User 24741,user24741@example.com,City 2
User 24742,user24742@example.com,City 3
User 24743,user24743@example.com,City 4
User 24744,user24744@example.com,City 5
User 24745,user24745@example.com,City 6
User 24746,user24746@example.com,City 7
User 24747,user24747@example.com,City 8
User 24748,user24748@example.com,City 9
User 24749,user24749@example.com,City 10
User 24750,user24750@example.com,City 1
User 24751,user24751@example.com,City 2
User 24752,user24752@example.com,City 3
User 24753,user24753@example.com,City 4
User 24754,user24754@example.com,City 5
User 24755,user24755@example.com,City 6
User 24756,user24756@example.com,City 7
User 24757,user24757@example.com,City 8
User 24758,user24758@example.com,City 9
User 24759,user24759@example.com,City 10
User 24760,user24760@example.com,City 1
User 24761,user24761@example.com,City 2
User 24762,user24762@example.com,City 3
User 24763,user24763@example.com,City 4
User 24764,user24764@example.com,City 5
User 24765,user24765@example.com,City 6
User 24766,user24766@example.com,City 7
User 24767,user24767@example.com,City 8
User 24768,user24768@example.com,City 9
User 24769,user24769@example.com,City 10
User 24770,user24770@example.com,City 1
User 24771,user24771@example.com,City 2
User 24772,user24772@example.com,City 3
User 24773,user24773@example.com,City 4
User 24774,user24774@example.com,City 5
User 24775,user24775@example.com,City 6
User 24776,user24776@example.com,City 7
User 24777,user24777@example.com,City 8
User 24778,user24778@example.com,City 9
User 24779,user24779@example.com,City 10
User 24780,user24780@example.com,City 1
User 24781,user24781@example.com,City 2
User 24782,user24782@example.com,City 3
User 24783,user24783@example.com,City 4
User 24784,user24784@example.com,City 5
User 24785,user24785@example.com,City 6
User 24786,user24786@example.com,City 7
User 24787,user24787@example.com,City 8
User 24788,user24788@example.com,City 9
User 24789,user24789@example.com,City 10
User 24790,user24790@example.com,City 1
User 24791,user24791@example.com,City 2
User 24792,user24792@example.com,City 3
User 24793,user24793@example.com,City 4
User 24794,user24794@example.com,City 5
User 24795,user24795@example.com,City 6
User 24796,user24796@example.com,City 7
User 24797,user24797@example.com,City 8
User 24798,user24798@example.com,City 9
User 24799,user24799@example.com,City 10
User 24800,user24800@example.com,City 1
User 24801,user24801@example.com,City 2
User 24802,user24802@example.com,City 3
User 24803,user24803@example.com,City 4
User 24804,user24804@example.com,City 5
User 24805,user24805@example.com,City 6
User 24806,user24806@example.com,City 7
User 24807,user24807@example.com,City 8
User 24808,user24808@example.com,City 9
User 24809,user24809@example.com,City 10
User 24810,user24810@example.com,City 1
User 24811,user24811@example.com,City 2
User 24812,user24812@example.com,City 3
User 24813,user24813@example.com,City 4
User 24814,user24814@example.com,City 5
User 24815,user24815@example.com,City 6
User 24816,user24816@example.com,City 7
User 24817,user24817@example.com,City 8
User 24818,user24818@example.com,City 9
User 24819,user24819@example.com,City 10
User 24820,user24820@example.com,City 1
User 24821,user24821@example.com,City 2
User 24822,user24822@example.com,City 3
User 24823,user24823@example.com,City 4
User 24824,user24824@example.com,City 5
User 24825,user24825@example.com,City 6
User 24826,user24826@example.com,City 7
User 24827,user24827@example.com,City 8
User 24828,user24828@example.com,City 9
User 24829,user24829@example.com,City 10
User 24830,user24830@example.com,City 1
User 24831,user24831@example.com,City 2
User 24832,user24832@example.com,City 3
User 24833,user24833@example.com,City 4
User 24834,user24834@example.com,City 5
User 24835,user24835@example.com,City 6
User 24836,user24836@example.com,City 7
User 24837,user24837@example.com,City 8
User 24838,user24838@example.com,City 9
User 24839,user24839@example.com,City 10
User 24840,user24840@example.com,City 1
User 24841,user24841@example.com,City 2
User 24842,user24842@example.com,City 3
User 24843,user24843@example.com,City 4
User 24844,user24844@example.com,City 5
User 24845,user24845@example.com,City 6
User 24846,user24846@example.com,City 7
User 24847,user24847@example.com,City 8
User 24848,user24848@example.com,City 9
User 24849,user24849@example.com,City 10
User 24850,user24850@example.com,City 1
User 24851,user24851@example.com,City 2
User 24852,user24852@example.com,City 3
User 24853,user24853@example.com,City 4
User 24854,user24854@example.com,City 5
User 24855,user24855@example.com,City 6
User 24856,user24856@example.com,City 7
User 24857,user24857@example.com,City 8
User 24858,user24858@example.com,City 9
User 24859,user24859@example.com,City 10
User 24860,user24860@example.com,City 1
User 24861,user24861@example.com,City 2
User 24862,user24862@example.com,City 3
User 24863,user24863@example.com,City 4
User 24864,user24864@example.com,City 5
User 24865,user24865@example.com,City 6
User 24866,user24866@example.com,City 7
User 24867,user24867@example.com,City 8
User 24868,user24868@example.com,City 9
User 24869,user24869@example.com,City 10
User 24870,user24870@example.com,City 1
User 24871,user24871@example.com,City 2
User 24872,user24872@example.com,City 3
User 24873,user24873@example.com,City 4
User 24874,user24874@example.com,City 5
User 24875,user24875@example.com,City 6
User 24876,user24876@example.com,City 7
User 24877,user24877@example.com,City 8
User 24878,user24878@example.com,City 9
User 24879,user24879@example.com,City 10
User 24880,user24880@example.com,City 1
User 24881,user24881@example.com,City 2
User 24882,user24882@example.com,City 3
User 24883,user24883@example.com,City 4
User 24884,user24884@example.com,City 5
User 24885,user24885@example.com,City 6
User 24886,user24886@example.com,City 7
User 24887,user24887@example.com,City 8
User 24888,user24888@example.com,City 9
User 24889,user24889@example.com,City 10
User 24890,user24890@example.com,City 1
User 24891,user24891@example.com,City 2
User 24892,user24892@example.com,City 3
User 24893,user24893@example.com,City 4
User 24894,user24894@example.com,City 5
User 24895,user24895@example.com,City 6
User 24896,user24896@example.com,City 7
User 24897,user24897@example.com,City 8
User 24898,user24898@example.com,City 9
User 24899,user24899@example.com,City 10
User 24900,user24900@example.com,City 1
User 24901,user24901@example.com,City 2
User 24902,user24902@example.com,City 3
User 24903,user24903@example.com,City 4
User 24904,user24904@example.com,City 5
User 24905,user24905@example.com,City 6
User 24906,user24906@example.com,City 7
User 24907,user24907@example.com,City 8
User 24908,user24908@example.com,City 9
User 24909,user24909@example.com,City 10
User 24910,user24910@example.com,City 1
User 24911,user24911@example.com,City 2
User 24912,user24912@example.com,City 3
User 24913,user24913@example.com,City 4
User 24914,user24914@example.com,City 5
User 24915,user24915@example.com,City 6
User 24916,user24916@example.com,City 7
User 24917,user24917@example.com,City 8
User 24918,user24918@example.com,City 9
User 24919,user24919@example.com,City 10
User 24920,user24920@example.com,City 1
User 24921,user24921@example.com,City 2
User 24922,user24922@example.com,City 3
User 24923,user24923@example.com,City 4
User 24924,user24924@example.com,City 5
User 24925,user24925@example.com,City 6
User 24926,user24926@example.com,City 7
User 24927,user24927@example.com,City 8
User 24928,user24928@example.com,City 9
User 24929,user24929@example.com,City 10
User 24930,user24930@example.com,City 1
User 24931,user24931@example.com,City 2
User 24932,user24932@example.com,City 3
User 24933,user24933@example.com,City 4
User 24934,user24934@example.com,City 5
User 24935,user24935@example.com,City 6
User 24936,user24936@example.com,City 7
User 24937,user24937@example.com,City 8
User 24938,user24938@example.com,City 9
User 24939,user24939@example.com,City 10
User 24940,user24940@example.com,City 1
User 24941,user24941@example.com,City 2
User 24942,user24942@example.com,City 3
User 24943,user24943@example.com,City 4
User 24944,user24944@example.com,City 5
User 24945,user24945@example.com,City 6
User 24946,user24946@example.com,City 7
User 24947,user24947@example.com,City 8
User 24948,user24948@example.com,City 9
User 24949,user24949@example.com,City 10
User 24950,user24950@example.com,City 1
User 24951,user24951@example.com,City 2
User 24952,user24952@example.com,City 3
User 24953,user24953@example.com,City 4
User 24954,user24954@example.com,City 5
User 24955,user24955@example.com,City 6
User 24956,user24956@example.com,City 7
User 24957,user24957@example.com,City 8
User 24958,user24958@example.com,City 9
User 24959,user24959@example.com,City 10
User 24960,user24960@example.com,City 1
User 24961,user24961@example.com,City 2
User 24962,user24962@example.com,City 3
User 24963,user24963@example.com,City 4
User 24964,user24964@example.com,City 5
User 24965,user24965@example.com,City 6
User 24966,user24966@example.com,City 7
User 24967,user24967@example.com,City 8
User 24968,user24968@example.com,City 9
User 24969,user24969@example.com,City 10
User 24970,user24970@example.com,City 1
User 24971,user24971@example.com,City 2
User 24972,user24972@example.com,City 3
User 24973,user24973@example.com,City 4
User 24974,user24974@example.com,City 5
User 24975,user24975@example.com,City 6
User 24976,user24976@example.com,City 7
User 24977,user24977@example.com,City 8
User 24978,user24978@example.com,City 9
User 24979,user24979@example.com,City 10
User 24980,user24980@example.com,City 1
User 24981,user24981@example.com,City 2
User 24982,user24982@example.com,City 3
User 24983,user24983@example.com,City 4
User 24984,user24984@example.com,City 5
User 24985,user24985@example.com,City 6
User 24986,user24986@example.com,City 7
User 24987,user24987@example.com,City 8
User 24988,user24988@example.com,City 9
User 24989,user24989@example.com,City 10
User 24990,user24990@example.com,City 1
User 24991,user24991@example.com,City 2
User 24992,user24992@example.com,City 3
User 24993,user24993@example.com,City 4
User 24994,user24994@example.com,City 5
User 24995,user24995@example.com,City 6
User 24996,user24996@example.com,City 7
User 24997,user24997@example.com,City 8
User 24998,user24998@example.com,City 9
User 24999,user24999@example.com,City 10
User 25000,user25000@example.com,City 1
