name,email,city
User 30001,user30001@example.com,City 2
User 30002,user30002@example.com,City 3
User 30003,user30003@example.com,City 4
User 30004,user30004@example.com,City 5
User 30005,user30005@example.com,City 6
User 30006,user30006@example.com,City 7
User 30007,user30007@example.com,City 8
User 30008,user30008@example.com,City 9
User 30009,user30009@example.com,City 10
User 30010,user30010@example.com,City 1
User 30011,user30011@example.com,City 2
User 30012,user30012@example.com,City 3
User 30013,user30013@example.com,City 4
User 30014,user30014@example.com,City 5
User 30015,user30015@example.com,City 6
User 30016,user30016@example.com,City 7
User 30017,user30017@example.com,City 8
User 30018,user30018@example.com,City 9
User 30019,user30019@example.com,City 10
User 30020,user30020@example.com,City 1
User 30021,user30021@example.com,City 2
User 30022,user30022@example.com,City 3
User 30023,user30023@example.com,City 4
User 30024,user30024@example.com,City 5
User 30025,user30025@example.com,City 6
User 30026,user30026@example.com,City 7
User 30027,user30027@example.com,City 8
User 30028,user30028@example.com,City 9
User 30029,user30029@example.com,City 10
User 30030,user30030@example.com,City 1
User 30031,user30031@example.com,City 2
User 30032,user30032@example.com,City 3
User 30033,user30033@example.com,City 4
User 30034,user30034@example.com,City 5
User 30035,user30035@example.com,City 6
User 30036,user30036@example.com,City 7
User 30037,user30037@example.com,City 8
User 30038,user30038@example.com,City 9
User 30039,user30039@example.com,City 10
User 30040,user30040@example.com,City 1
User 30041,user30041@example.com,City 2
User 30042,user30042@example.com,City 3
User 30043,user30043@example.com,City 4
User 30044,user30044@example.com,City 5
User 30045,user30045@example.com,City 6
User 30046,user30046@example.com,City 7
User 30047,user30047@example.com,City 8
User 30048,user30048@example.com,City 9
User 30049,user30049@example.com,City 10
User 30050,user30050@example.com,City 1
User 30051,user30051@example.com,City 2
User 30052,user30052@example.com,City 3
User 30053,user30053@example.com,City 4
User 30054,user30054@example.com,City 5
User 30055,user30055@example.com,City 6
User 30056,user30056@example.com,City 7
User 30057,user30057@example.com,City 8
User 30058,user30058@example.com,City 9
User 30059,user30059@example.com,City 10
User 30060,user30060@example.com,City 1
User 30061,user30061@example.com,City 2
User 30062,user30062@example.com,City 3
User 30063,user30063@example.com,City 4
User 30064,user30064@example.com,City 5
User 30065,user30065@example.com,City 6
User 30066,user30066@example.com,City 7
User 30067,user30067@example.com,City 8
User 30068,user30068@example.com,City 9
User 30069,user30069@example.com,City 10
User 30070,user30070@example.com,City 1
User 30071,user30071@example.com,City 2
User 30072,user30072@example.com,City 3
User 30073,user30073@example.com,City 4
User 30074,user30074@example.com,City 5
User 30075,user30075@example.com,City 6
User 30076,user30076@example.com,City 7
User 30077,user30077@example.com,City 8
User 30078,user30078@example.com,City 9
User 30079,user30079@example.com,City 10
User 30080,user30080@example.com,City 1
User 30081,user30081@example.com,City 2
User 30082,user30082@example.com,City 3
User 30083,user30083@example.com,City 4
User 30084,user30084@example.com,City 5
User 30085,user30085@example.com,City 6
User 30086,user30086@example.com,City 7
User 30087,user30087@example.com,City 8
User 30088,user30088@example.com,City 9
User 30089,user30089@example.com,City 10
User 30090,user30090@example.com,City 1
User 30091,user30091@example.com,City 2
User 30092,user30092@example.com,City 3
User 30093,user30093@example.com,City 4
User 30094,user30094@example.com,City 5
User 30095,user30095@example.com,City 6
User 30096,user30096@example.com,City 7
User 30097,user30097@example.com,City 8
User 30098,user30098@example.com,City 9
User 30099,user30099@example.com,City 10
User 30100,user30100@example.com,City 1
User 30101,user30101@example.com,City 2
User 30102,user30102@example.com,City 3
User 30103,user30103@example.com,City 4
User 30104,user30104@example.com,City 5
User 30105,user30105@example.com,City 6
User 30106,user30106@example.com,City 7
User 30107,user30107@example.com,City 8
User 30108,user30108@example.com,City 9
User 30109,user30109@example.com,City 10
User 30110,user30110@example.com,City 1
User 30111,user30111@example.com,City 2
User 30112,user30112@example.com,City 3
User 30113,user30113@example.com,City 4
User 30114,user30114@example.com,City 5
User 30115,user30115@example.com,City 6
User 30116,user30116@example.com,City 7
User 30117,user30117@example.com,City 8
User 30118,user30118@example.com,City 9
User 30119,user30119@example.com,City 10
User 30120,user30120@example.com,City 1
User 30121,user30121@example.com,City 2
User 30122,user30122@example.com,City 3
User 30123,user30123@example.com,City 4
User 30124,user30124@example.com,City 5
User 30125,user30125@example.com,City 6
User 30126,user30126@example.com,City 7
User 30127,user30127@example.com,City 8
User 30128,user30128@example.com,City 9
User 30129,user30129@example.com,City 10
User 30130,user30130@example.com,City 1
User 30131,user30131@example.com,City 2
User 30132,user30132@example.com,City 3
User 30133,user30133@example.com,City 4
User 30134,user30134@example.com,City 5
User 30135,user30135@example.com,City 6
User 30136,user30136@example.com,City 7
User 30137,user30137@example.com,City 8
User 30138,user30138@example.com,City 9
User 30139,user30139@example.com,City 10
User 30140,user30140@example.com,City 1
User 30141,user30141@example.com,City 2
User 30142,user30142@example.com,City 3
User 30143,user30143@example.com,City 4
User 30144,user30144@example.com,City 5
User 30145,user30145@example.com,City 6
User 30146,user30146@example.com,City 7
User 30147,user30147@example.com,City 8
User 30148,user30148@example.com,City 9
User 30149,user30149@example.com,City 10
User 30150,user30150@example.com,City 1
User 30151,user30151@example.com,City 2
User 30152,user30152@example.com,City 3
User 30153,user30153@example.com,City 4
User 30154,user30154@example.com,City 5
User 30155,user30155@example.com,City 6
User 30156,user30156@example.com,City 7
User 30157,user30157@example.com,City 8
User 30158,user30158@example.com,City 9
User 30159,user30159@example.com,City 10
User 30160,user30160@example.com,City 1
User 30161,user30161@example.com,City 2
User 30162,user30162@example.com,City 3
User 30163,user30163@example.com,City 4
User 30164,user30164@example.com,City 5
User 30165,user30165@example.com,City 6
User 30166,user30166@example.com,City 7
User 30167,user30167@example.com,City 8
User 30168,user30168@example.com,City 9
User 30169,user30169@example.com,City 10
User 30170,user30170@example.com,City 1
User 30171,user30171@example.com,City 2
User 30172,user30172@example.com,City 3
User 30173,user30173@example.com,City 4
User 30174,user30174@example.com,City 5
User 30175,user30175@example.com,City 6
User 30176,user30176@example.com,City 7
User 30177,user30177@example.com,City 8
User 30178,user30178@example.com,City 9
User 30179,user30179@example.com,City 10
User 30180,user30180@example.com,City 1
User 30181,user30181@example.com,City 2
User 30182,user30182@example.com,City 3
User 30183,user30183@example.com,City 4
User 30184,user30184@example.com,City 5
User 30185,user30185@example.com,City 6
User 30186,user30186@example.com,City 7
User 30187,user30187@example.com,City 8
User 30188,user30188@example.com,City 9
User 30189,user30189@example.com,City 10
User 30190,user30190@example.com,City 1
User 30191,user30191@example.com,City 2
User 30192,user30192@example.com,City 3
User 30193,user30193@example.com,City 4
User 30194,user30194@example.com,City 5
User 30195,user30195@example.com,City 6
User 30196,user30196@example.com,City 7
User 30197,user30197@example.com,City 8
User 30198,user30198@example.com,City 9
User 30199,user30199@example.com,City 10
User 30200,user30200@example.com,City 1
User 30201,user30201@example.com,City 2
User 30202,user30202@example.com,City 3
User 30203,user30203@example.com,City 4
User 30204,user30204@example.com,City 5
User 30205,user30205@example.com,City 6
User 30206,user30206@example.com,City 7
User 30207,user30207@example.com,City 8
User 30208,user30208@example.com,City 9
User 30209,user30209@example.com,City 10
User 30210,user30210@example.com,City 1
User 30211,user30211@example.com,City 2
User 30212,user30212@example.com,City 3
User 30213,user30213@example.com,City 4
User 30214,user30214@example.com,City 5
User 30215,user30215@example.com,City 6
User 30216,user30216@example.com,City 7
User 30217,user30217@example.com,City 8
User 30218,user30218@example.com,City 9
User 30219,user30219@example.com,City 10
User 30220,user30220@example.com,City 1
User 30221,user30221@example.com,City 2
User 30222,user30222@example.com,City 3
User 30223,user30223@example.com,City 4
User 30224,user30224@example.com,City 5
User 30225,user30225@example.com,City 6
User 30226,user30226@example.com,City 7
User 30227,user30227@example.com,City 8
User 30228,user30228@example.com,City 9
User 30229,user30229@example.com,City 10
User 30230,user30230@example.com,City 1
User 30231,user30231@example.com,City 2
User 30232,user30232@example.com,City 3
User 30233,user30233@example.com,City 4
User 30234,user30234@example.com,City 5
User 30235,user30235@example.com,City 6
User 30236,user30236@example.com,City 7
User 30237,user30237@example.com,City 8
User 30238,user30238@example.com,City 9
User 30239,user30239@example.com,City 10
User 30240,user30240@example.com,City 1
User 30241,user30241@example.com,City 2
User 30242,user30242@example.com,City 3
User 30243,user30243@example.com,City 4
User 30244,user30244@example.com,City 5
User 30245,user30245@example.com,City 6
User 30246,user30246@example.com,City 7
User 30247,user30247@example.com,City 8
User 30248,user30248@example.com,City 9
User 30249,user30249@example.com,City 10
User 30250,user30250@example.com,City 1
User 30251,user30251@example.com,City 2
User 30252,user30252@example.com,City 3
User 30253,user30253@example.com,City 4
User 30254,user30254@example.com,City 5
User 30255,user30255@example.com,City 6
User 30256,user30256@example.com,City 7
User 30257,user30257@example.com,City 8
User 30258,user30258@example.com,City 9
User 30259,user30259@example.com,City 10
User 30260,user30260@example.com,City 1
User 30261,user30261@example.com,City 2
User 30262,user30262@example.com,City 3
User 30263,user30263@example.com,City 4
User 30264,user30264@example.com,City 5
User 30265,user30265@example.com,City 6
User 30266,user30266@example.com,City 7
User 30267,user30267@example.com,City 8
User 30268,user30268@example.com,City 9
User 30269,user30269@example.com,City 10
User 30270,user30270@example.com,City 1
User 30271,user30271@example.com,City 2
User 30272,user30272@example.com,City 3
User 30273,user30273@example.com,City 4
User 30274,user30274@example.com,City 5
User 30275,user30275@example.com,City 6
User 30276,user30276@example.com,City 7
User 30277,user30277@example.com,City 8
User 30278,user30278@example.com,City 9
User 30279,user30279@example.com,City 10
User 30280,user30280@example.com,City 1
User 30281,user30281@example.com,City 2
User 30282,user30282@example.com,City 3
User 30283,user30283@example.com,City 4
User 30284,user30284@example.com,City 5
User 30285,user30285@example.com,City 6
User 30286,user30286@example.com,City 7
User 30287,user30287@example.com,City 8
User 30288,user30288@example.com,City 9
User 30289,user30289@example.com,City 10
User 30290,user30290@example.com,City 1
User 30291,user30291@example.com,City 2
User 30292,user30292@example.com,City 3
User 30293,user30293@example.com,City 4
User 30294,user30294@example.com,City 5
User 30295,user30295@example.com,City 6
User 30296,user30296@example.com,City 7
User 30297,user30297@example.com,City 8
User 30298,user30298@example.com,City 9
User 30299,user30299@example.com,City 10
User 30300,user30300@example.com,City 1
User 30301,user30301@example.com,City 2
User 30302,user30302@example.com,City 3
User 30303,user30303@example.com,City 4
User 30304,user30304@example.com,City 5
User 30305,user30305@example.com,City 6
User 30306,user30306@example.com,City 7
User 30307,user30307@example.com,City 8
User 30308,user30308@example.com,City 9
User 30309,user30309@example.com,City 10
User 30310,user30310@example.com,City 1
User 30311,user30311@example.com,City 2
User 30312,user30312@example.com,City 3
User 30313,user30313@example.com,City 4
User 30314,user30314@example.com,City 5
User 30315,user30315@example.com,City 6
User 30316,user30316@example.com,City 7
User 30317,user30317@example.com,City 8
User 30318,user30318@example.com,City 9
User 30319,user30319@example.com,City 10
User 30320,user30320@example.com,City 1
User 30321,user30321@example.com,City 2
User 30322,user30322@example.com,City 3
User 30323,user30323@example.com,City 4
User 30324,user30324@example.com,City 5
User 30325,user30325@example.com,City 6
User 30326,user30326@example.com,City 7
User 30327,user30327@example.com,City 8
User 30328,user30328@example.com,City 9
User 30329,user30329@example.com,City 10
User 30330,user30330@example.com,City 1
User 30331,user30331@example.com,City 2
User 30332,user30332@example.com,City 3
User 30333,user30333@example.com,City 4
User 30334,user30334@example.com,City 5
User 30335,user30335@example.com,City 6
User 30336,user30336@example.com,City 7
User 30337,user30337@example.com,City 8
User 30338,user30338@example.com,City 9
User 30339,user30339@example.com,City 10
User 30340,user30340@example.com,City 1
User 30341,user30341@example.com,City 2
User 30342,user30342@example.com,City 3
User 30343,user30343@example.com,City 4
User 30344,user30344@example.com,City 5
User 30345,user30345@example.com,City 6
User 30346,user30346@example.com,City 7
User 30347,user30347@example.com,City 8
User 30348,user30348@example.com,City 9
User 30349,user30349@example.com,City 10
User 30350,user30350@example.com,City 1
User 30351,user30351@example.com,City 2
User 30352,user30352@example.com,City 3
User 30353,user30353@example.com,City 4
User 30354,user30354@example.com,City 5
User 30355,user30355@example.com,City 6
User 30356,user30356@example.com,City 7
User 30357,user30357@example.com,City 8
User 30358,user30358@example.com,City 9
User 30359,user30359@example.com,City 10
User 30360,user30360@example.com,City 1
User 30361,user30361@example.com,City 2
User 30362,user30362@example.com,City 3
User 30363,user30363@example.com,City 4
User 30364,user30364@example.com,City 5
User 30365,user30365@example.com,City 6
User 30366,user30366@example.com,City 7
User 30367,user30367@example.com,City 8
User 30368,user30368@example.com,City 9
User 30369,user30369@example.com,City 10
User 30370,user30370@example.com,City 1
User 30371,user30371@example.com,City 2
User 30372,user30372@example.com,City 3
User 30373,user30373@example.com,City 4
User 30374,user30374@example.com,City 5
User 30375,user30375@example.com,City 6
User 30376,user30376@example.com,City 7
User 30377,user30377@example.com,City 8
User 30378,user30378@example.com,City 9
User 30379,user30379@example.com,City 10
User 30380,user30380@example.com,City 1
User 30381,user30381@example.com,City 2
User 30382,user30382@example.com,City 3
User 30383,user30383@example.com,City 4
User 30384,user30384@example.com,City 5
User 30385,user30385@example.com,City 6
User 30386,user30386@example.com,City 7
User 30387,user30387@example.com,City 8
User 30388,user30388@example.com,City 9
User 30389,user30389@example.com,City 10
User 30390,user30390@example.com,City 1
User 30391,user30391@example.com,City 2
User 30392,user30392@example.com,City 3
User 30393,user30393@example.com,City 4
User 30394,user30394@example.com,City 5
User 30395,user30395@example.com,City 6
User 30396,user30396@example.com,City 7
User 30397,user30397@example.com,City 8
User 30398,user30398@example.com,City 9
User 30399,user30399@example.com,City 10
User 30400,user30400@example.com,City 1
User 30401,user30401@example.com,City 2
User 30402,user30402@example.com,City 3
User 30403,user30403@example.com,City 4
User 30404,user30404@example.com,City 5
User 30405,user30405@example.com,City 6
User 30406,user30406@example.com,City 7
User 30407,user30407@example.com,City 8
User 30408,user30408@example.com,City 9
User 30409,user30409@example.com,City 10
User 30410,user30410@example.com,City 1
User 30411,user30411@example.com,City 2
User 30412,user30412@example.com,City 3
User 30413,user30413@example.com,City 4
User 30414,user30414@example.com,City 5
User 30415,user30415@example.com,City 6
User 30416,user30416@example.com,City 7
User 30417,user30417@example.com,City 8
User 30418,user30418@example.com,City 9
User 30419,user30419@example.com,City 10
User 30420,user30420@example.com,City 1
User 30421,user30421@example.com,City 2
User 30422,user30422@example.com,City 3
User 30423,user30423@example.com,City 4
User 30424,user30424@example.com,City 5
User 30425,user30425@example.com,City 6
User 30426,user30426@example.com,City 7
User 30427,user30427@example.com,City 8
User 30428,user30428@example.com,City 9
User 30429,user30429@example.com,City 10
User 30430,user30430@example.com,City 1
User 30431,user30431@example.com,City 2
User 30432,user30432@example.com,City 3
User 30433,user30433@example.com,City 4
User 30434,user30434@example.com,City 5
User 30435,user30435@example.com,City 6
User 30436,user30436@example.com,City 7
User 30437,user30437@example.com,City 8
User 30438,user30438@example.com,City 9
User 30439,user30439@example.com,City 10
User 30440,user30440@example.com,City 1
User 30441,user30441@example.com,City 2
User 30442,user30442@example.com,City 3
User 30443,user30443@example.com,City 4
User 30444,user30444@example.com,City 5
User 30445,user30445@example.com,City 6
User 30446,user30446@example.com,City 7
User 30447,user30447@example.com,City 8
User 30448,user30448@example.com,City 9
User 30449,user30449@example.com,City 10
User 30450,user30450@example.com,City 1
User 30451,user30451@example.com,City 2
User 30452,user30452@example.com,City 3
User 30453,user30453@example.com,City 4
User 30454,user30454@example.com,City 5
User 30455,user30455@example.com,City 6
User 30456,user30456@example.com,City 7
User 30457,user30457@example.com,City 8
User 30458,user30458@example.com,City 9
User 30459,user30459@example.com,City 10
User 30460,user30460@example.com,City 1
User 30461,user30461@example.com,City 2
User 30462,user30462@example.com,City 3
User 30463,user30463@example.com,City 4
User 30464,user30464@example.com,City 5
User 30465,user30465@example.com,City 6
User 30466,user30466@example.com,City 7
User 30467,user30467@example.com,City 8
User 30468,user30468@example.com,City 9
User 30469,user30469@example.com,City 10
User 30470,user30470@example.com,City 1
User 30471,user30471@example.com,City 2
User 30472,user30472@example.com,City 3
User 30473,user30473@example.com,City 4
User 30474,user30474@example.com,City 5
User 30475,user30475@example.com,City 6
User 30476,user30476@example.com,City 7
User 30477,user30477@example.com,City 8
User 30478,user30478@example.com,City 9
User 30479,user30479@example.com,City 10
User 30480,user30480@example.com,City 1
User 30481,user30481@example.com,City 2
User 30482,user30482@example.com,City 3
User 30483,user30483@example.com,City 4
User 30484,user30484@example.com,City 5
User 30485,user30485@example.com,City 6
User 30486,user30486@example.com,City 7
User 30487,user30487@example.com,City 8
User 30488,user30488@example.com,City 9
User 30489,user30489@example.com,City 10
User 30490,user30490@example.com,City 1
User 30491,user30491@example.com,City 2
User 30492,user30492@example.com,City 3
User 30493,user30493@example.com,City 4
User 30494,user30494@example.com,City 5
User 30495,user30495@example.com,City 6
User 30496,user30496@example.com,City 7
User 30497,user30497@example.com,City 8
User 30498,user30498@example.com,City 9
User 30499,user30499@example.com,City 10
User 30500,user30500@example.com,City 1
User 30501,user30501@example.com,City 2
User 30502,user30502@example.com,City 3
User 30503,user30503@example.com,City 4
User 30504,user30504@example.com,City 5
User 30505,user30505@example.com,City 6
User 30506,user30506@example.com,City 7
User 30507,user30507@example.com,City 8
User 30508,user30508@example.com,City 9
User 30509,user30509@example.com,City 10
User 30510,user30510@example.com,City 1
User 30511,user30511@example.com,City 2
User 30512,user30512@example.com,City 3
User 30513,user30513@example.com,City 4
User 30514,user30514@example.com,City 5
User 30515,user30515@example.com,City 6
User 30516,user30516@example.com,City 7
User 30517,user30517@example.com,City 8
User 30518,user30518@example.com,City 9
User 30519,user30519@example.com,City 10
User 30520,user30520@example.com,City 1
User 30521,user30521@example.com,City 2
User 30522,user30522@example.com,City 3
User 30523,user30523@example.com,City 4
User 30524,user30524@example.com,City 5
User 30525,user30525@example.com,City 6
User 30526,user30526@example.com,City 7
User 30527,user30527@example.com,City 8
User 30528,user30528@example.com,City 9
User 30529,user30529@example.com,City 10
User 30530,user30530@example.com,City 1
User 30531,user30531@example.com,City 2
User 30532,user30532@example.com,City 3
User 30533,user30533@example.com,City 4
User 30534,user30534@example.com,City 5
User 30535,user30535@example.com,City 6
User 30536,user30536@example.com,City 7
User 30537,user30537@example.com,City 8
User 30538,user30538@example.com,City 9
User 30539,user30539@example.com,City 10
User 30540,user30540@example.com,City 1
User 30541,user30541@example.com,City 2
User 30542,user30542@example.com,City 3
User 30543,user30543@example.com,City 4
User 30544,user30544@example.com,City 5
User 30545,user30545@example.com,City 6
User 30546,user30546@example.com,City 7
User 30547,user30547@example.com,City 8
User 30548,user30548@example.com,City 9
User 30549,user30549@example.com,City 10
User 30550,user30550@example.com,City 1
User 30551,user30551@example.com,City 2
User 30552,user30552@example.com,City 3
User 30553,user30553@example.com,City 4
User 30554,user30554@example.com,City 5
User 30555,user30555@example.com,City 6
User 30556,user30556@example.com,City 7
User 30557,user30557@example.com,City 8
User 30558,user30558@example.com,City 9
User 30559,user30559@example.com,City 10
User 30560,user30560@example.com,City 1
User 30561,user30561@example.com,City 2
User 30562,user30562@example.com,City 3
User 30563,user30563@example.com,City 4
User 30564,user30564@example.com,City 5
User 30565,user30565@example.com,City 6
User 30566,user30566@example.com,City 7
User 30567,user30567@example.com,City 8
User 30568,user30568@example.com,City 9
User 30569,user30569@example.com,City 10
User 30570,user30570@example.com,City 1
User 30571,user30571@example.com,City 2
User 30572,user30572@example.com,City 3
User 30573,user30573@example.com,City 4
User 30574,user30574@example.com,City 5
User 30575,user30575@example.com,City 6
User 30576,user30576@example.com,City 7
User 30577,user30577@example.com,City 8
User 30578,user30578@example.com,City 9
User 30579,user30579@example.com,City 10
User 30580,user30580@example.com,City 1
User 30581,user30581@example.com,City 2
User 30582,user30582@example.com,City 3
User 30583,user30583@example.com,City 4
User 30584,user30584@example.com,City 5
User 30585,user30585@example.com,City 6
User 30586,user30586@example.com,City 7
User 30587,user30587@example.com,City 8
User 30588,user30588@example.com,City 9
User 30589,user30589@example.com,City 10
User 30590,user30590@example.com,City 1
User 30591,user30591@example.com,City 2
User 30592,user30592@example.com,City 3
User 30593,user30593@example.com,City 4
User 30594,user30594@example.com,City 5
User 30595,user30595@example.com,City 6
User 30596,user30596@example.com,City 7
User 30597,user30597@example.com,City 8
User 30598,user30598@example.com,City 9
User 30599,user30599@example.com,City 10
User 30600,user30600@example.com,City 1
User 30601,user30601@example.com,City 2
User 30602,user30602@example.com,City 3
User 30603,user30603@example.com,City 4
User 30604,user30604@example.com,City 5
User 30605,user30605@example.com,City 6
User 30606,user30606@example.com,City 7
User 30607,user30607@example.com,City 8
User 30608,user30608@example.com,City 9
User 30609,user30609@example.com,City 10
User 30610,user30610@example.com,City 1
User 30611,user30611@example.com,City 2
User 30612,user30612@example.com,City 3
User 30613,user30613@example.com,City 4
User 30614,user30614@example.com,City 5
User 30615,user30615@example.com,City 6
User 30616,user30616@example.com,City 7
User 30617,user30617@example.com,City 8
User 30618,user30618@example.com,City 9
User 30619,user30619@example.com,City 10
User 30620,user30620@example.com,City 1
User 30621,user30621@example.com,City 2
User 30622,user30622@example.com,City 3
User 30623,user30623@example.com,City 4
User 30624,user30624@example.com,City 5
User 30625,user30625@example.com,City 6
User 30626,user30626@example.com,City 7
User 30627,user30627@example.com,City 8
User 30628,user30628@example.com,City 9
User 30629,user30629@example.com,City 10
User 30630,user30630@example.com,City 1
User 30631,user30631@example.com,City 2
User 30632,user30632@example.com,City 3
User 30633,user30633@example.com,City 4
User 30634,user30634@example.com,City 5
User 30635,user30635@example.com,City 6
User 30636,user30636@example.com,City 7
User 30637,user30637@example.com,City 8
User 30638,user30638@example.com,City 9
User 30639,user30639@example.com,City 10
User 30640,user30640@example.com,City 1
User 30641,user30641@example.com,City 2
User 30642,user30642@example.com,City 3
User 30643,user30643@example.com,City 4
User 30644,user30644@example.com,City 5
User 30645,user30645@example.com,City 6
User 30646,user30646@example.com,City 7
User 30647,user30647@example.com,City 8
User 30648,user30648@example.com,City 9
User 30649,user30649@example.com,City 10
User 30650,user30650@example.com,City 1
User 30651,user30651@example.com,City 2
User 30652,user30652@example.com,City 3
User 30653,user30653@example.com,City 4
User 30654,user30654@example.com,City 5
User 30655,user30655@example.com,City 6
User 30656,user30656@example.com,City 7
User 30657,user30657@example.com,City 8
User 30658,user30658@example.com,City 9
User 30659,user30659@example.com,City 10
User 30660,user30660@example.com,City 1
User 30661,user30661@example.com,City 2
User 30662,user30662@example.com,City 3
User 30663,user30663@example.com,City 4
User 30664,user30664@example.com,City 5
User 30665,user30665@example.com,City 6
User 30666,user30666@example.com,City 7
User 30667,user30667@example.com,City 8
User 30668,user30668@example.com,City 9
User 30669,user30669@example.com,City 10
User 30670,user30670@example.com,City 1
User 30671,user30671@example.com,City 2
User 30672,user30672@example.com,City 3
User 30673,user30673@example.com,City 4
User 30674,user30674@example.com,City 5
User 30675,user30675@example.com,City 6
User 30676,user30676@example.com,City 7
User 30677,user30677@example.com,City 8
User 30678,user30678@example.com,City 9
User 30679,user30679@example.com,City 10
User 30680,user30680@example.com,City 1
User 30681,user30681@example.com,City 2
User 30682,user30682@example.com,City 3
User 30683,user30683@example.com,City 4
User 30684,user30684@example.com,City 5
User 30685,user30685@example.com,City 6
User 30686,user30686@example.com,City 7
User 30687,user30687@example.com,City 8
User 30688,user30688@example.com,City 9
User 30689,user30689@example.com,City 10
User 30690,user30690@example.com,City 1
User 30691,user30691@example.com,City 2
User 30692,user30692@example.com,City 3
User 30693,user30693@example.com,City 4
User 30694,user30694@example.com,City 5
User 30695,user30695@example.com,City 6
User 30696,user30696@example.com,City 7
User 30697,user30697@example.com,City 8
User 30698,user30698@example.com,City 9
User 30699,user30699@example.com,City 10
User 30700,user30700@example.com,City 1
User 30701,user30701@example.com,City 2
User 30702,user30702@example.com,City 3
User 30703,user30703@example.com,City 4
User 30704,user30704@example.com,City 5
User 30705,user30705@example.com,City 6
User 30706,user30706@example.com,City 7
User 30707,user30707@example.com,City 8
User 30708,user30708@example.com,City 9
User 30709,user30709@example.com,City 10
User 30710,user30710@example.com,City 1
User 30711,user30711@example.com,City 2
User 30712,user30712@example.com,City 3
User 30713,user30713@example.com,City 4
User 30714,user30714@example.com,City 5
User 30715,user30715@example.com,City 6
User 30716,user30716@example.com,City 7
User 30717,user30717@example.com,City 8
User 30718,user30718@example.com,City 9
User 30719,user30719@example.com,City 10
User 30720,user30720@example.com,City 1
User 30721,user30721@example.com,City 2
User 30722,user30722@example.com,City 3
User 30723,user30723@example.com,City 4
User 30724,user30724@example.com,City 5
User 30725,user30725@example.com,City 6
User 30726,user30726@example.com,City 7
User 30727,user30727@example.com,City 8
User 30728,user30728@example.com,City 9
User 30729,user30729@example.com,City 10
User 30730,user30730@example.com,City 1
User 30731,user30731@example.com,City 2
User 30732,user30732@example.com,City 3
User 30733,user30733@example.com,City 4
User 30734,user30734@example.com,City 5
User 30735,user30735@example.com,City 6
User 30736,user30736@example.com,City 7
User 30737,user30737@example.com,City 8
User 30738,user30738@example.com,City 9
User 30739,user30739@example.com,City 10
User 30740,user30740@example.com,City 1
User 30741,user30741@example.com,City 2
User 30742,user30742@example.com,City 3
User 30743,user30743@example.com,City 4
User 30744,user30744@example.com,City 5
User 30745,user30745@example.com,City 6
User 30746,user30746@example.com,City 7
User 30747,user30747@example.com,City 8
User 30748,user30748@example.com,City 9
User 30749,user30749@example.com,City 10
User 30750,user30750@example.com,City 1
User 30751,user30751@example.com,City 2
User 30752,user30752@example.com,City 3
User 30753,user30753@example.com,City 4
User 30754,user30754@example.com,City 5
User 30755,user30755@example.com,City 6
User 30756,user30756@example.com,City 7
User 30757,user30757@example.com,City 8
User 30758,user30758@example.com,City 9
User 30759,user30759@example.com,City 10
User 30760,user30760@example.com,City 1
User 30761,user30761@example.com,City 2
User 30762,user30762@example.com,City 3
User 30763,user30763@example.com,City 4
User 30764,user30764@example.com,City 5
User 30765,user30765@example.com,City 6
User 30766,user30766@example.com,City 7
User 30767,user30767@example.com,City 8
User 30768,user30768@example.com,City 9
User 30769,user30769@example.com,City 10
User 30770,user30770@example.com,City 1
User 30771,user30771@example.com,City 2
User 30772,user30772@example.com,City 3
User 30773,user30773@example.com,City 4
User 30774,user30774@example.com,City 5
User 30775,user30775@example.com,City 6
User 30776,user30776@example.com,City 7
User 30777,user30777@example.com,City 8
User 30778,user30778@example.com,City 9
User 30779,user30779@example.com,City 10
User 30780,user30780@example.com,City 1
User 30781,user30781@example.com,City 2
User 30782,user30782@example.com,City 3
User 30783,user30783@example.com,City 4
User 30784,user30784@example.com,City 5
User 30785,user30785@example.com,City 6
User 30786,user30786@example.com,City 7
User 30787,user30787@example.com,City 8
User 30788,user30788@example.com,City 9
User 30789,user30789@example.com,City 10
User 30790,user30790@example.com,City 1
User 30791,user30791@example.com,City 2
User 30792,user30792@example.com,City 3
User 30793,user30793@example.com,City 4
User 30794,user30794@example.com,City 5
User 30795,user30795@example.com,City 6
User 30796,user30796@example.com,City 7
User 30797,user30797@example.com,City 8
User 30798,user30798@example.com,City 9
User 30799,user30799@example.com,City 10
User 30800,user30800@example.com,City 1
User 30801,user30801@example.com,City 2
User 30802,user30802@example.com,City 3
User 30803,user30803@example.com,City 4
User 30804,user30804@example.com,City 5
User 30805,user30805@example.com,City 6
User 30806,user30806@example.com,City 7
User 30807,user30807@example.com,City 8
User 30808,user30808@example.com,City 9
User 30809,user30809@example.com,City 10
User 30810,user30810@example.com,City 1
User 30811,user30811@example.com,City 2
User 30812,user30812@example.com,City 3
User 30813,user30813@example.com,City 4
User 30814,user30814@example.com,City 5
User 30815,user30815@example.com,City 6
User 30816,user30816@example.com,City 7
User 30817,user30817@example.com,City 8
User 30818,user30818@example.com,City 9
User 30819,user30819@example.com,City 10
User 30820,user30820@example.com,City 1
User 30821,user30821@example.com,City 2
User 30822,user30822@example.com,City 3
User 30823,user30823@example.com,City 4
User 30824,user30824@example.com,City 5
User 30825,user30825@example.com,City 6
User 30826,user30826@example.com,City 7
User 30827,user30827@example.com,City 8
User 30828,user30828@example.com,City 9
User 30829,user30829@example.com,City 10
User 30830,user30830@example.com,City 1
User 30831,user30831@example.com,City 2
User 30832,user30832@example.com,City 3
User 30833,user30833@example.com,City 4
User 30834,user30834@example.com,City 5
User 30835,user30835@example.com,City 6
User 30836,user30836@example.com,City 7
User 30837,user30837@example.com,City 8
User 30838,user30838@example.com,City 9
User 30839,user30839@example.com,City 10
User 30840,user30840@example.com,City 1
User 30841,user30841@example.com,City 2
User 30842,user30842@example.com,City 3
User 30843,user30843@example.com,City 4
User 30844,user30844@example.com,City 5
User 30845,user30845@example.com,City 6
User 30846,user30846@example.com,City 7
User 30847,user30847@example.com,City 8
User 30848,user30848@example.com,City 9
User 30849,user30849@example.com,City 10
User 30850,user30850@example.com,City 1
User 30851,user30851@example.com,City 2
User 30852,user30852@example.com,City 3
User 30853,user30853@example.com,City 4
User 30854,user30854@example.com,City 5
User 30855,user30855@example.com,City 6
User 30856,user30856@example.com,City 7
User 30857,user30857@example.com,City 8
User 30858,user30858@example.com,City 9
User 30859,user30859@example.com,City 10
User 30860,user30860@example.com,City 1
User 30861,user30861@example.com,City 2
User 30862,user30862@example.com,City 3
User 30863,user30863@example.com,City 4
User 30864,user30864@example.com,City 5
User 30865,user30865@example.com,City 6
User 30866,user30866@example.com,City 7
User 30867,user30867@example.com,City 8
User 30868,user30868@example.com,City 9
User 30869,user30869@example.com,City 10
User 30870,user30870@example.com,City 1
User 30871,user30871@example.com,City 2
User 30872,user30872@example.com,City 3
User 30873,user30873@example.com,City 4
User 30874,user30874@example.com,City 5
User 30875,user30875@example.com,City 6
User 30876,user30876@example.com,City 7
User 30877,user30877@example.com,City 8
User 30878,user30878@example.com,City 9
User 30879,user30879@example.com,City 10
User 30880,user30880@example.com,City 1
User 30881,user30881@example.com,City 2
User 30882,user30882@example.com,City 3
User 30883,user30883@example.com,City 4
User 30884,user30884@example.com,City 5
User 30885,user30885@example.com,City 6
User 30886,user30886@example.com,City 7
User 30887,user30887@example.com,City 8
User 30888,user30888@example.com,City 9
User 30889,user30889@example.com,City 10
User 30890,user30890@example.com,City 1
User 30891,user30891@example.com,City 2
User 30892,user30892@example.com,City 3
User 30893,user30893@example.com,City 4
User 30894,user30894@example.com,City 5
User 30895,user30895@example.com,City 6
User 30896,user30896@example.com,City 7
User 30897,user30897@example.com,City 8
User 30898,user30898@example.com,City 9
User 30899,user30899@example.com,City 10
User 30900,user30900@example.com,City 1
User 30901,user30901@example.com,City 2
User 30902,user30902@example.com,City 3
User 30903,user30903@example.com,City 4
User 30904,user30904@example.com,City 5
User 30905,user30905@example.com,City 6
User 30906,user30906@example.com,City 7
User 30907,user30907@example.com,City 8
User 30908,user30908@example.com,City 9
User 30909,user30909@example.com,City 10
User 30910,user30910@example.com,City 1
User 30911,user30911@example.com,City 2
User 30912,user30912@example.com,City 3
User 30913,user30913@example.com,City 4
User 30914,user30914@example.com,City 5
User 30915,user30915@example.com,City 6
User 30916,user30916@example.com,City 7
User 30917,user30917@example.com,City 8
User 30918,user30918@example.com,City 9
User 30919,user30919@example.com,City 10
User 30920,user30920@example.com,City 1
User 30921,user30921@example.com,City 2
User 30922,user30922@example.com,City 3
User 30923,user30923@example.com,City 4
User 30924,user30924@example.com,City 5
User 30925,user30925@example.com,City 6
User 30926,user30926@example.com,City 7
User 30927,user30927@example.com,City 8
User 30928,user30928@example.com,City 9
User 30929,user30929@example.com,City 10
User 30930,user30930@example.com,City 1
User 30931,user30931@example.com,City 2
User 30932,user30932@example.com,City 3
User 30933,user30933@example.com,City 4
User 30934,user30934@example.com,City 5
User 30935,user30935@example.com,City 6
User 30936,user30936@example.com,City 7
User 30937,user30937@example.com,City 8
User 30938,user30938@example.com,City 9
User 30939,user30939@example.com,City 10
User 30940,user30940@example.com,City 1
User 30941,user30941@example.com,City 2
User 30942,user30942@example.com,City 3
User 30943,user30943@example.com,City 4
User 30944,user30944@example.com,City 5
User 30945,user30945@example.com,City 6
User 30946,user30946@example.com,City 7
User 30947,user30947@example.com,City 8
User 30948,user30948@example.com,City 9
User 30949,user30949@example.com,City 10
User 30950,user30950@example.com,City 1
User 30951,user30951@example.com,City 2
User 30952,user30952@example.com,City 3
User 30953,user30953@example.com,City 4
User 30954,user30954@example.com,City 5
User 30955,user30955@example.com,City 6
User 30956,user30956@example.com,City 7
User 30957,user30957@example.com,City 8
User 30958,user30958@example.com,City 9
User 30959,user30959@example.com,City 10
User 30960,user30960@example.com,City 1
User 30961,user30961@example.com,City 2
User 30962,user30962@example.com,City 3
User 30963,user30963@example.com,City 4
User 30964,user30964@example.com,City 5
User 30965,user30965@example.com,City 6
User 30966,user30966@example.com,City 7
User 30967,user30967@example.com,City 8
User 30968,user30968@example.com,City 9
User 30969,user30969@example.com,City 10
User 30970,user30970@example.com,City 1
User 30971,user30971@example.com,City 2
User 30972,user30972@example.com,City 3
User 30973,user30973@example.com,City 4
User 30974,user30974@example.com,City 5
User 30975,user30975@example.com,City 6
User 30976,user30976@example.com,City 7
User 30977,user30977@example.com,City 8
User 30978,user30978@example.com,City 9
User 30979,user30979@example.com,City 10
User 30980,user30980@example.com,City 1
User 30981,user30981@example.com,City 2
User 30982,user30982@example.com,City 3
User 30983,user30983@example.com,City 4
User 30984,user30984@example.com,City 5
User 30985,user30985@example.com,City 6
User 30986,user30986@example.com,City 7
User 30987,user30987@example.com,City 8
User 30988,user30988@example.com,City 9
User 30989,user30989@example.com,City 10
User 30990,user30990@example.com,City 1
User 30991,user30991@example.com,City 2
User 30992,user30992@example.com,City 3
User 30993,user30993@example.com,City 4
User 30994,user30994@example.com,City 5
User 30995,user30995@example.com,City 6
User 30996,user30996@example.com,City 7
User 30997,user30997@example.com,City 8
User 30998,user30998@example.com,City 9
User 30999,user30999@example.com,City 10
User 31000,user31000@example.com,City 1
User 31001,user31001@example.com,City 2
User 31002,user31002@example.com,City 3
User 31003,user31003@example.com,City 4
User 31004,user31004@example.com,City 5
User 31005,user31005@example.com,City 6
User 31006,user31006@example.com,City 7
User 31007,user31007@example.com,City 8
User 31008,user31008@example.com,City 9
User 31009,user31009@example.com,City 10
User 31010,user31010@example.com,City 1
User 31011,user31011@example.com,City 2
User 31012,user31012@example.com,City 3
User 31013,user31013@example.com,City 4
User 31014,user31014@example.com,City 5
User 31015,user31015@example.com,City 6
User 31016,user31016@example.com,City 7
User 31017,user31017@example.com,City 8
User 31018,user31018@example.com,City 9
User 31019,user31019@example.com,City 10
User 31020,user31020@example.com,City 1
User 31021,user31021@example.com,City 2
User 31022,user31022@example.com,City 3
User 31023,user31023@example.com,City 4
User 31024,user31024@example.com,City 5
User 31025,user31025@example.com,City 6
User 31026,user31026@example.com,City 7
User 31027,user31027@example.com,City 8
User 31028,user31028@example.com,City 9
User 31029,user31029@example.com,City 10
User 31030,user31030@example.com,City 1
User 31031,user31031@example.com,City 2
User 31032,user31032@example.com,City 3
User 31033,user31033@example.com,City 4
User 31034,user31034@example.com,City 5
User 31035,user31035@example.com,City 6
User 31036,user31036@example.com,City 7
User 31037,user31037@example.com,City 8
User 31038,user31038@example.com,City 9
User 31039,user31039@example.com,City 10
User 31040,user31040@example.com,City 1
User 31041,user31041@example.com,City 2
User 31042,user31042@example.com,City 3
User 31043,user31043@example.com,City 4
User 31044,user31044@example.com,City 5
User 31045,user31045@example.com,City 6
User 31046,user31046@example.com,City 7
User 31047,user31047@example.com,City 8
User 31048,user31048@example.com,City 9
User 31049,user31049@example.com,City 10
User 31050,user31050@example.com,City 1
User 31051,user31051@example.com,City 2
User 31052,user31052@example.com,City 3
User 31053,user31053@example.com,City 4
User 31054,user31054@example.com,City 5
User 31055,user31055@example.com,City 6
User 31056,user31056@example.com,City 7
User 31057,user31057@example.com,City 8
User 31058,user31058@example.com,City 9
User 31059,user31059@example.com,City 10
User 31060,user31060@example.com,City 1
User 31061,user31061@example.com,City 2
User 31062,user31062@example.com,City 3
User 31063,user31063@example.com,City 4
User 31064,user31064@example.com,City 5
User 31065,user31065@example.com,City 6
User 31066,user31066@example.com,City 7
User 31067,user31067@example.com,City 8
User 31068,user31068@example.com,City 9
User 31069,user31069@example.com,City 10
User 31070,user31070@example.com,City 1
User 31071,user31071@example.com,City 2
User 31072,user31072@example.com,City 3
User 31073,user31073@example.com,City 4
User 31074,user31074@example.com,City 5
User 31075,user31075@example.com,City 6
User 31076,user31076@example.com,City 7
User 31077,user31077@example.com,City 8
User 31078,user31078@example.com,City 9
User 31079,user31079@example.com,City 10
User 31080,user31080@example.com,City 1
User 31081,user31081@example.com,City 2
User 31082,user31082@example.com,City 3
User 31083,user31083@example.com,City 4
User 31084,user31084@example.com,City 5
User 31085,user31085@example.com,City 6
User 31086,user31086@example.com,City 7
User 31087,user31087@example.com,City 8
User 31088,user31088@example.com,City 9
User 31089,user31089@example.com,City 10
User 31090,user31090@example.com,City 1
User 31091,user31091@example.com,City 2
User 31092,user31092@example.com,City 3
User 31093,user31093@example.com,City 4
User 31094,user31094@example.com,City 5
User 31095,user31095@example.com,City 6
User 31096,user31096@example.com,City 7
User 31097,user31097@example.com,City 8
User 31098,user31098@example.com,City 9
User 31099,user31099@example.com,City 10
User 31100,user31100@example.com,City 1
User 31101,user31101@example.com,City 2
User 31102,user31102@example.com,City 3
User 31103,user31103@example.com,City 4
User 31104,user31104@example.com,City 5
User 31105,user31105@example.com,City 6
User 31106,user31106@example.com,City 7
User 31107,user31107@example.com,City 8
User 31108,user31108@example.com,City 9
User 31109,user31109@example.com,City 10
User 31110,user31110@example.com,City 1
User 31111,user31111@example.com,City 2
User 31112,user31112@example.com,City 3
User 31113,user31113@example.com,City 4
User 31114,user31114@example.com,City 5
User 31115,user31115@example.com,City 6
User 31116,user31116@example.com,City 7
User 31117,user31117@example.com,City 8
User 31118,user31118@example.com,City 9
User 31119,user31119@example.com,City 10
User 31120,user31120@example.com,City 1
User 31121,user31121@example.com,City 2
User 31122,user31122@example.com,City 3
User 31123,user31123@example.com,City 4
User 31124,user31124@example.com,City 5
User 31125,user31125@example.com,City 6
User 31126,user31126@example.com,City 7
User 31127,user31127@example.com,City 8
User 31128,user31128@example.com,City 9
User 31129,user31129@example.com,City 10
User 31130,user31130@example.com,City 1
User 31131,user31131@example.com,City 2
User 31132,user31132@example.com,City 3
User 31133,user31133@example.com,City 4
User 31134,user31134@example.com,City 5
User 31135,user31135@example.com,City 6
User 31136,user31136@example.com,City 7
User 31137,user31137@example.com,City 8
User 31138,user31138@example.com,City 9
User 31139,user31139@example.com,City 10
User 31140,user31140@example.com,City 1
User 31141,user31141@example.com,City 2
User 31142,user31142@example.com,City 3
User 31143,user31143@example.com,City 4
User 31144,user31144@example.com,City 5
User 31145,user31145@example.com,City 6
User 31146,user31146@example.com,City 7
User 31147,user31147@example.com,City 8
User 31148,user31148@example.com,City 9
User 31149,user31149@example.com,City 10
User 31150,user31150@example.com,City 1
User 31151,user31151@example.com,City 2
User 31152,user31152@example.com,City 3
User 31153,user31153@example.com,City 4
User 31154,user31154@example.com,City 5
User 31155,user31155@example.com,City 6
User 31156,user31156@example.com,City 7
User 31157,user31157@example.com,City 8
User 31158,user31158@example.com,City 9
User 31159,user31159@example.com,City 10
User 31160,user31160@example.com,City 1
User 31161,user31161@example.com,City 2
User 31162,user31162@example.com,City 3
User 31163,user31163@example.com,City 4
User 31164,user31164@example.com,City 5
User 31165,user31165@example.com,City 6
User 31166,user31166@example.com,City 7
User 31167,user31167@example.com,City 8
User 31168,user31168@example.com,City 9
User 31169,user31169@example.com,City 10
User 31170,user31170@example.com,City 1
User 31171,user31171@example.com,City 2
User 31172,user31172@example.com,City 3
User 31173,user31173@example.com,City 4
User 31174,user31174@example.com,City 5
User 31175,user31175@example.com,City 6
User 31176,user31176@example.com,City 7
User 31177,user31177@example.com,City 8
User 31178,user31178@example.com,City 9
User 31179,user31179@example.com,City 10
User 31180,user31180@example.com,City 1
User 31181,user31181@example.com,City 2
User 31182,user31182@example.com,City 3
User 31183,user31183@example.com,City 4
User 31184,user31184@example.com,City 5
User 31185,user31185@example.com,City 6
User 31186,user31186@example.com,City 7
User 31187,user31187@example.com,City 8
User 31188,user31188@example.com,City 9
User 31189,user31189@example.com,City 10
User 31190,user31190@example.com,City 1
User 31191,user31191@example.com,City 2
User 31192,user31192@example.com,City 3
User 31193,user31193@example.com,City 4
User 31194,user31194@example.com,City 5
User 31195,user31195@example.com,City 6
User 31196,user31196@example.com,City 7
User 31197,user31197@example.com,City 8
User 31198,user31198@example.com,City 9
User 31199,user31199@example.com,City 10
User 31200,user31200@example.com,City 1
User 31201,user31201@example.com,City 2
User 31202,user31202@example.com,City 3
User 31203,user31203@example.com,City 4
User 31204,user31204@example.com,City 5
User 31205,user31205@example.com,City 6
User 31206,user31206@example.com,City 7
User 31207,user31207@example.com,City 8
User 31208,user31208@example.com,City 9
User 31209,user31209@example.com,City 10
User 31210,user31210@example.com,City 1
User 31211,user31211@example.com,City 2
User 31212,user31212@example.com,City 3
User 31213,user31213@example.com,City 4
User 31214,user31214@example.com,City 5
User 31215,user31215@example.com,City 6
User 31216,user31216@example.com,City 7
User 31217,user31217@example.com,City 8
User 31218,user31218@example.com,City 9
User 31219,user31219@example.com,City 10
User 31220,user31220@example.com,City 1
User 31221,user31221@example.com,City 2
User 31222,user31222@example.com,City 3
User 31223,user31223@example.com,City 4
User 31224,user31224@example.com,City 5
User 31225,user31225@example.com,City 6
User 31226,user31226@example.com,City 7
User 31227,user31227@example.com,City 8
User 31228,user31228@example.com,City 9
User 31229,user31229@example.com,City 10
User 31230,user31230@example.com,City 1
User 31231,user31231@example.com,City 2
User 31232,user31232@example.com,City 3
User 31233,user31233@example.com,City 4
User 31234,user31234@example.com,City 5
User 31235,user31235@example.com,City 6
User 31236,user31236@example.com,City 7
User 31237,user31237@example.com,City 8
User 31238,user31238@example.com,City 9
User 31239,user31239@example.com,City 10
User 31240,user31240@example.com,City 1
User 31241,user31241@example.com,City 2
User 31242,user31242@example.com,City 3
User 31243,user31243@example.com,City 4
User 31244,user31244@example.com,City 5
User 31245,user31245@example.com,City 6
User 31246,user31246@example.com,City 7
User 31247,user31247@example.com,City 8
User 31248,user31248@example.com,City 9
User 31249,user31249@example.com,City 10
User 31250,user31250@example.com,City 1
User 31251,user31251@example.com,City 2
User 31252,user31252@example.com,City 3
User 31253,user31253@example.com,City 4
User 31254,user31254@example.com,City 5
User 31255,user31255@example.com,City 6
User 31256,user31256@example.com,City 7
User 31257,user31257@example.com,City 8
User 31258,user31258@example.com,City 9
User 31259,user31259@example.com,City 10
User 31260,user31260@example.com,City 1
User 31261,user31261@example.com,City 2
User 31262,user31262@example.com,City 3
User 31263,user31263@example.com,City 4
User 31264,user31264@example.com,City 5
User 31265,user31265@example.com,City 6
User 31266,user31266@example.com,City 7
User 31267,user31267@example.com,City 8
User 31268,user31268@example.com,City 9
User 31269,user31269@example.com,City 10
User 31270,user31270@example.com,City 1
User 31271,user31271@example.com,City 2
User 31272,user31272@example.com,City 3
User 31273,user31273@example.com,City 4
User 31274,user31274@example.com,City 5
User 31275,user31275@example.com,City 6
User 31276,user31276@example.com,City 7
User 31277,user31277@example.com,City 8
User 31278,user31278@example.com,City 9
User 31279,user31279@example.com,City 10
User 31280,user31280@example.com,City 1
User 31281,user31281@example.com,City 2
User 31282,user31282@example.com,City 3
User 31283,user31283@example.com,City 4
User 31284,user31284@example.com,City 5
User 31285,user31285@example.com,City 6
User 31286,user31286@example.com,City 7
User 31287,user31287@example.com,City 8
User 31288,user31288@example.com,City 9
User 31289,user31289@example.com,City 10
User 31290,user31290@example.com,City 1
User 31291,user31291@example.com,City 2
User 31292,user31292@example.com,City 3
User 31293,user31293@example.com,City 4
User 31294,user31294@example.com,City 5
User 31295,user31295@example.com,City 6
User 31296,user31296@example.com,City 7
User 31297,user31297@example.com,City 8
User 31298,user31298@example.com,City 9
User 31299,user31299@example.com,City 10
User 31300,user31300@example.com,City 1
User 31301,user31301@example.com,City 2
User 31302,user31302@example.com,City 3
User 31303,user31303@example.com,City 4
User 31304,user31304@example.com,City 5
User 31305,user31305@example.com,City 6
User 31306,user31306@example.com,City 7
User 31307,user31307@example.com,City 8
User 31308,user31308@example.com,City 9
User 31309,user31309@example.com,City 10
User 31310,user31310@example.com,City 1
User 31311,user31311@example.com,City 2
User 31312,user31312@example.com,City 3
User 31313,user31313@example.com,City 4
User 31314,user31314@example.com,City 5
User 31315,user31315@example.com,City 6
User 31316,user31316@example.com,City 7
User 31317,user31317@example.com,City 8
User 31318,user31318@example.com,City 9
User 31319,user31319@example.com,City 10
User 31320,user31320@example.com,City 1
User 31321,user31321@example.com,City 2
User 31322,user31322@example.com,City 3
User 31323,user31323@example.com,City 4
User 31324,user31324@example.com,City 5
User 31325,user31325@example.com,City 6
User 31326,user31326@example.com,City 7
User 31327,user31327@example.com,City 8
User 31328,user31328@example.com,City 9
User 31329,user31329@example.com,City 10
User 31330,user31330@example.com,City 1
User 31331,user31331@example.com,City 2
User 31332,user31332@example.com,City 3
User 31333,user31333@example.com,City 4
User 31334,user31334@example.com,City 5
User 31335,user31335@example.com,City 6
User 31336,user31336@example.com,City 7
User 31337,user31337@example.com,City 8
User 31338,user31338@example.com,City 9
User 31339,user31339@example.com,City 10
User 31340,user31340@example.com,City 1
User 31341,user31341@example.com,City 2
User 31342,user31342@example.com,City 3
User 31343,user31343@example.com,City 4
User 31344,user31344@example.com,City 5
User 31345,user31345@example.com,City 6
User 31346,user31346@example.com,City 7
User 31347,user31347@example.com,City 8
User 31348,user31348@example.com,City 9
User 31349,user31349@example.com,City 10
User 31350,user31350@example.com,City 1
User 31351,user31351@example.com,City 2
User 31352,user31352@example.com,City 3
User 31353,user31353@example.com,City 4
User 31354,user31354@example.com,City 5
User 31355,user31355@example.com,City 6
User 31356,user31356@example.com,City 7
User 31357,user31357@example.com,City 8
User 31358,user31358@example.com,City 9
User 31359,user31359@example.com,City 10
User 31360,user31360@example.com,City 1
User 31361,user31361@example.com,City 2
User 31362,user31362@example.com,City 3
User 31363,user31363@example.com,City 4
User 31364,user31364@example.com,City 5
User 31365,user31365@example.com,City 6
User 31366,user31366@example.com,City 7
User 31367,user31367@example.com,City 8
User 31368,user31368@example.com,City 9
User 31369,user31369@example.com,City 10
User 31370,user31370@example.com,City 1
User 31371,user31371@example.com,City 2
User 31372,user31372@example.com,City 3
User 31373,user31373@example.com,City 4
User 31374,user31374@example.com,City 5
User 31375,user31375@example.com,City 6
User 31376,user31376@example.com,City 7
User 31377,user31377@example.com,City 8
User 31378,user31378@example.com,City 9
User 31379,user31379@example.com,City 10
User 31380,user31380@example.com,City 1
User 31381,user31381@example.com,City 2
User 31382,user31382@example.com,City 3
User 31383,user31383@example.com,City 4
User 31384,user31384@example.com,City 5
User 31385,user31385@example.com,City 6
User 31386,user31386@example.com,City 7
User 31387,user31387@example.com,City 8
User 31388,user31388@example.com,City 9
User 31389,user31389@example.com,City 10
User 31390,user31390@example.com,City 1
User 31391,user31391@example.com,City 2
User 31392,user31392@example.com,City 3
User 31393,user31393@example.com,City 4
User 31394,user31394@example.com,City 5
User 31395,user31395@example.com,City 6
User 31396,user31396@example.com,City 7
User 31397,user31397@example.com,City 8
User 31398,user31398@example.com,City 9
User 31399,user31399@example.com,City 10
User 31400,user31400@example.com,City 1
User 31401,user31401@example.com,City 2
User 31402,user31402@example.com,City 3
User 31403,user31403@example.com,City 4
User 31404,user31404@example.com,City 5
User 31405,user31405@example.com,City 6
User 31406,user31406@example.com,City 7
User 31407,user31407@example.com,City 8
User 31408,user31408@example.com,City 9
User 31409,user31409@example.com,City 10
User 31410,user31410@example.com,City 1
User 31411,user31411@example.com,City 2
User 31412,user31412@example.com,City 3
User 31413,user31413@example.com,City 4
User 31414,user31414@example.com,City 5
User 31415,user31415@example.com,City 6
User 31416,user31416@example.com,City 7
User 31417,user31417@example.com,City 8
User 31418,user31418@example.com,City 9
User 31419,user31419@example.com,City 10
User 31420,user31420@example.com,City 1
User 31421,user31421@example.com,City 2
User 31422,user31422@example.com,City 3
User 31423,user31423@example.com,City 4
User 31424,user31424@example.com,City 5
User 31425,user31425@example.com,City 6
User 31426,user31426@example.com,City 7
User 31427,user31427@example.com,City 8
User 31428,user31428@example.com,City 9
User 31429,user31429@example.com,City 10
User 31430,user31430@example.com,City 1
User 31431,user31431@example.com,City 2
User 31432,user31432@example.com,City 3
User 31433,user31433@example.com,City 4
User 31434,user31434@example.com,City 5
User 31435,user31435@example.com,City 6
User 31436,user31436@example.com,City 7
User 31437,user31437@example.com,City 8
User 31438,user31438@example.com,City 9
User 31439,user31439@example.com,City 10
User 31440,user31440@example.com,City 1
User 31441,user31441@example.com,City 2
User 31442,user31442@example.com,City 3
User 31443,user31443@example.com,City 4
User 31444,user31444@example.com,City 5
User 31445,user31445@example.com,City 6
User 31446,user31446@example.com,City 7
User 31447,user31447@example.com,City 8
User 31448,user31448@example.com,City 9
User 31449,user31449@example.com,City 10
User 31450,user31450@example.com,City 1
User 31451,user31451@example.com,City 2
User 31452,user31452@example.com,City 3
User 31453,user31453@example.com,City 4
User 31454,user31454@example.com,City 5
User 31455,user31455@example.com,City 6
User 31456,user31456@example.com,City 7
User 31457,user31457@example.com,City 8
User 31458,user31458@example.com,City 9
User 31459,user31459@example.com,City 10
User 31460,user31460@example.com,City 1
User 31461,user31461@example.com,City 2
User 31462,user31462@example.com,City 3
User 31463,user31463@example.com,City 4
User 31464,user31464@example.com,City 5
User 31465,user31465@example.com,City 6
User 31466,user31466@example.com,City 7
User 31467,user31467@example.com,City 8
User 31468,user31468@example.com,City 9
User 31469,user31469@example.com,City 10
User 31470,user31470@example.com,City 1
User 31471,user31471@example.com,City 2
User 31472,user31472@example.com,City 3
User 31473,user31473@example.com,City 4
User 31474,user31474@example.com,City 5
User 31475,user31475@example.com,City 6
User 31476,user31476@example.com,City 7
User 31477,user31477@example.com,City 8
User 31478,user31478@example.com,City 9
User 31479,user31479@example.com,City 10
User 31480,user31480@example.com,City 1
User 31481,user31481@example.com,City 2
User 31482,user31482@example.com,City 3
User 31483,user31483@example.com,City 4
User 31484,user31484@example.com,City 5
User 31485,user31485@example.com,City 6
User 31486,user31486@example.com,City 7
User 31487,user31487@example.com,City 8
User 31488,user31488@example.com,City 9
User 31489,user31489@example.com,City 10
User 31490,user31490@example.com,City 1
User 31491,user31491@example.com,City 2
User 31492,user31492@example.com,City 3
User 31493,user31493@example.com,City 4
User 31494,user31494@example.com,City 5
User 31495,user31495@example.com,City 6
User 31496,user31496@example.com,City 7
User 31497,user31497@example.com,City 8
User 31498,user31498@example.com,City 9
User 31499,user31499@example.com,City 10
User 31500,user31500@example.com,City 1
User 31501,user31501@example.com,City 2
User 31502,user31502@example.com,City 3
User 31503,user31503@example.com,City 4
User 31504,user31504@example.com,City 5
User 31505,user31505@example.com,City 6
User 31506,user31506@example.com,City 7
User 31507,user31507@example.com,City 8
User 31508,user31508@example.com,City 9
User 31509,user31509@example.com,City 10
User 31510,user31510@example.com,City 1
User 31511,user31511@example.com,City 2
User 31512,user31512@example.com,City 3
User 31513,user31513@example.com,City 4
User 31514,user31514@example.com,City 5
User 31515,user31515@example.com,City 6
User 31516,user31516@example.com,City 7
User 31517,user31517@example.com,City 8
User 31518,user31518@example.com,City 9
User 31519,user31519@example.com,City 10
User 31520,user31520@example.com,City 1
User 31521,user31521@example.com,City 2
User 31522,user31522@example.com,City 3
User 31523,user31523@example.com,City 4
User 31524,user31524@example.com,City 5
User 31525,user31525@example.com,City 6
User 31526,user31526@example.com,City 7
User 31527,user31527@example.com,City 8
User 31528,user31528@example.com,City 9
User 31529,user31529@example.com,City 10
User 31530,user31530@example.com,City 1
User 31531,user31531@example.com,City 2
User 31532,user31532@example.com,City 3
User 31533,user31533@example.com,City 4
User 31534,user31534@example.com,City 5
User 31535,user31535@example.com,City 6
User 31536,user31536@example.com,City 7
User 31537,user31537@example.com,City 8
User 31538,user31538@example.com,City 9
User 31539,user31539@example.com,City 10
User 31540,user31540@example.com,City 1
User 31541,user31541@example.com,City 2
User 31542,user31542@example.com,City 3
User 31543,user31543@example.com,City 4
User 31544,user31544@example.com,City 5
User 31545,user31545@example.com,City 6
User 31546,user31546@example.com,City 7
User 31547,user31547@example.com,City 8
User 31548,user31548@example.com,City 9
User 31549,user31549@example.com,City 10
User 31550,user31550@example.com,City 1
User 31551,user31551@example.com,City 2
User 31552,user31552@example.com,City 3
User 31553,user31553@example.com,City 4
User 31554,user31554@example.com,City 5
User 31555,user31555@example.com,City 6
User 31556,user31556@example.com,City 7
User 31557,user31557@example.com,City 8
User 31558,user31558@example.com,City 9
User 31559,user31559@example.com,City 10
User 31560,user31560@example.com,City 1
User 31561,user31561@example.com,City 2
User 31562,user31562@example.com,City 3
User 31563,user31563@example.com,City 4
User 31564,user31564@example.com,City 5
User 31565,user31565@example.com,City 6
User 31566,user31566@example.com,City 7
User 31567,user31567@example.com,City 8
User 31568,user31568@example.com,City 9
User 31569,user31569@example.com,City 10
User 31570,user31570@example.com,City 1
User 31571,user31571@example.com,City 2
User 31572,user31572@example.com,City 3
User 31573,user31573@example.com,City 4
User 31574,user31574@example.com,City 5
User 31575,user31575@example.com,City 6
User 31576,user31576@example.com,City 7
User 31577,user31577@example.com,City 8
User 31578,user31578@example.com,City 9
User 31579,user31579@example.com,City 10
User 31580,user31580@example.com,City 1
User 31581,user31581@example.com,City 2
User 31582,user31582@example.com,City 3
User 31583,user31583@example.com,City 4
User 31584,user31584@example.com,City 5
User 31585,user31585@example.com,City 6
User 31586,user31586@example.com,City 7
User 31587,user31587@example.com,City 8
User 31588,user31588@example.com,City 9
User 31589,user31589@example.com,City 10
User 31590,user31590@example.com,City 1
User 31591,user31591@example.com,City 2
User 31592,user31592@example.com,City 3
User 31593,user31593@example.com,City 4
User 31594,user31594@example.com,City 5
User 31595,user31595@example.com,City 6
User 31596,user31596@example.com,City 7
User 31597,user31597@example.com,City 8
User 31598,user31598@example.com,City 9
User 31599,user31599@example.com,City 10
User 31600,user31600@example.com,City 1
User 31601,user31601@example.com,City 2
User 31602,user31602@example.com,City 3
User 31603,user31603@example.com,City 4
User 31604,user31604@example.com,City 5
User 31605,user31605@example.com,City 6
User 31606,user31606@example.com,City 7
User 31607,user31607@example.com,City 8
User 31608,user31608@example.com,City 9
User 31609,user31609@example.com,City 10
User 31610,user31610@example.com,City 1
User 31611,user31611@example.com,City 2
User 31612,user31612@example.com,City 3
User 31613,user31613@example.com,City 4
User 31614,user31614@example.com,City 5
User 31615,user31615@example.com,City 6
User 31616,user31616@example.com,City 7
User 31617,user31617@example.com,City 8
User 31618,user31618@example.com,City 9
User 31619,user31619@example.com,City 10
User 31620,user31620@example.com,City 1
User 31621,user31621@example.com,City 2
User 31622,user31622@example.com,City 3
User 31623,user31623@example.com,City 4
User 31624,user31624@example.com,City 5
User 31625,user31625@example.com,City 6
User 31626,user31626@example.com,City 7
User 31627,user31627@example.com,City 8
User 31628,user31628@example.com,City 9
User 31629,user31629@example.com,City 10
User 31630,user31630@example.com,City 1
User 31631,user31631@example.com,City 2
User 31632,user31632@example.com,City 3
User 31633,user31633@example.com,City 4
User 31634,user31634@example.com,City 5
User 31635,user31635@example.com,City 6
User 31636,user31636@example.com,City 7
User 31637,user31637@example.com,City 8
User 31638,user31638@example.com,City 9
User 31639,user31639@example.com,City 10
User 31640,user31640@example.com,City 1
User 31641,user31641@example.com,City 2
User 31642,user31642@example.com,City 3
User 31643,user31643@example.com,City 4
User 31644,user31644@example.com,City 5
User 31645,user31645@example.com,City 6
User 31646,user31646@example.com,City 7
User 31647,user31647@example.com,City 8
User 31648,user31648@example.com,City 9
User 31649,user31649@example.com,City 10
User 31650,user31650@example.com,City 1
User 31651,user31651@example.com,City 2
User 31652,user31652@example.com,City 3
User 31653,user31653@example.com,City 4
User 31654,user31654@example.com,City 5
User 31655,user31655@example.com,City 6
User 31656,user31656@example.com,City 7
User 31657,user31657@example.com,City 8
User 31658,user31658@example.com,City 9
User 31659,user31659@example.com,City 10
User 31660,user31660@example.com,City 1
User 31661,user31661@example.com,City 2
User 31662,user31662@example.com,City 3
User 31663,user31663@example.com,City 4
User 31664,user31664@example.com,City 5
User 31665,user31665@example.com,City 6
User 31666,user31666@example.com,City 7
User 31667,user31667@example.com,City 8
User 31668,user31668@example.com,City 9
User 31669,user31669@example.com,City 10
User 31670,user31670@example.com,City 1
User 31671,user31671@example.com,City 2
User 31672,user31672@example.com,City 3
User 31673,user31673@example.com,City 4
User 31674,user31674@example.com,City 5
User 31675,user31675@example.com,City 6
User 31676,user31676@example.com,City 7
User 31677,user31677@example.com,City 8
User 31678,user31678@example.com,City 9
User 31679,user31679@example.com,City 10
User 31680,user31680@example.com,City 1
User 31681,user31681@example.com,City 2
User 31682,user31682@example.com,City 3
User 31683,user31683@example.com,City 4
User 31684,user31684@example.com,City 5
User 31685,user31685@example.com,City 6
User 31686,user31686@example.com,City 7
User 31687,user31687@example.com,City 8
User 31688,user31688@example.com,City 9
User 31689,user31689@example.com,City 10
User 31690,user31690@example.com,City 1
User 31691,user31691@example.com,City 2
User 31692,user31692@example.com,City 3
User 31693,user31693@example.com,City 4
User 31694,user31694@example.com,City 5
User 31695,user31695@example.com,City 6
User 31696,user31696@example.com,City 7
User 31697,user31697@example.com,City 8
User 31698,user31698@example.com,City 9
User 31699,user31699@example.com,City 10
User 31700,user31700@example.com,City 1
User 31701,user31701@example.com,City 2
User 31702,user31702@example.com,City 3
User 31703,user31703@example.com,City 4
User 31704,user31704@example.com,City 5
User 31705,user31705@example.com,City 6
User 31706,user31706@example.com,City 7
User 31707,user31707@example.com,City 8
User 31708,user31708@example.com,City 9
User 31709,user31709@example.com,City 10
User 31710,user31710@example.com,City 1
User 31711,user31711@example.com,City 2
User 31712,user31712@example.com,City 3
User 31713,user31713@example.com,City 4
User 31714,user31714@example.com,City 5
User 31715,user31715@example.com,City 6
User 31716,user31716@example.com,City 7
User 31717,user31717@example.com,City 8
User 31718,user31718@example.com,City 9
User 31719,user31719@example.com,City 10
User 31720,user31720@example.com,City 1
User 31721,user31721@example.com,City 2
User 31722,user31722@example.com,City 3
User 31723,user31723@example.com,City 4
User 31724,user31724@example.com,City 5
User 31725,user31725@example.com,City 6
User 31726,user31726@example.com,City 7
User 31727,user31727@example.com,City 8
User 31728,user31728@example.com,City 9
User 31729,user31729@example.com,City 10
User 31730,user31730@example.com,City 1
User 31731,user31731@example.com,City 2
User 31732,user31732@example.com,City 3
User 31733,user31733@example.com,City 4
User 31734,user31734@example.com,City 5
User 31735,user31735@example.com,City 6
User 31736,user31736@example.com,City 7
User 31737,user31737@example.com,City 8
User 31738,user31738@example.com,City 9
User 31739,user31739@example.com,City 10
User 31740,user31740@example.com,City 1
User 31741,user31741@example.com,City 2
User 31742,user31742@example.com,City 3
User 31743,user31743@example.com,City 4
User 31744,user31744@example.com,City 5
User 31745,user31745@example.com,City 6
User 31746,user31746@example.com,City 7
User 31747,user31747@example.com,City 8
User 31748,user31748@example.com,City 9
User 31749,user31749@example.com,City 10
User 31750,user31750@example.com,City 1
User 31751,user31751@example.com,City 2
User 31752,user31752@example.com,City 3
User 31753,user31753@example.com,City 4
User 31754,user31754@example.com,City 5
User 31755,user31755@example.com,City 6
User 31756,user31756@example.com,City 7
User 31757,user31757@example.com,City 8
User 31758,user31758@example.com,City 9
User 31759,user31759@example.com,City 10
User 31760,user31760@example.com,City 1
User 31761,user31761@example.com,City 2
User 31762,user31762@example.com,City 3
User 31763,user31763@example.com,City 4
User 31764,user31764@example.com,City 5
User 31765,user31765@example.com,City 6
User 31766,user31766@example.com,City 7
User 31767,user31767@example.com,City 8
User 31768,user31768@example.com,City 9
User 31769,user31769@example.com,City 10
User 31770,user31770@example.com,City 1
User 31771,user31771@example.com,City 2
User 31772,user31772@example.com,City 3
User 31773,user31773@example.com,City 4
User 31774,user31774@example.com,City 5
User 31775,user31775@example.com,City 6
User 31776,user31776@example.com,City 7
User 31777,user31777@example.com,City 8
User 31778,user31778@example.com,City 9
User 31779,user31779@example.com,City 10
User 31780,user31780@example.com,City 1
User 31781,user31781@example.com,City 2
User 31782,user31782@example.com,City 3
User 31783,user31783@example.com,City 4
User 31784,user31784@example.com,City 5
User 31785,user31785@example.com,City 6
User 31786,user31786@example.com,City 7
User 31787,user31787@example.com,City 8
User 31788,user31788@example.com,City 9
User 31789,user31789@example.com,City 10
User 31790,user31790@example.com,City 1
User 31791,user31791@example.com,City 2
User 31792,user31792@example.com,City 3
User 31793,user31793@example.com,City 4
User 31794,user31794@example.com,City 5
User 31795,user31795@example.com,City 6
User 31796,user31796@example.com,City 7
User 31797,user31797@example.com,City 8
User 31798,user31798@example.com,City 9
User 31799,user31799@example.com,City 10
User 31800,user31800@example.com,City 1
User 31801,user31801@example.com,City 2
User 31802,user31802@example.com,City 3
User 31803,user31803@example.com,City 4
User 31804,user31804@example.com,City 5
User 31805,user31805@example.com,City 6
User 31806,user31806@example.com,City 7
User 31807,user31807@example.com,City 8
User 31808,user31808@example.com,City 9
User 31809,user31809@example.com,City 10
User 31810,user31810@example.com,City 1
User 31811,user31811@example.com,City 2
User 31812,user31812@example.com,City 3
User 31813,user31813@example.com,City 4
User 31814,user31814@example.com,City 5
User 31815,user31815@example.com,City 6
User 31816,user31816@example.com,City 7
User 31817,user31817@example.com,City 8
User 31818,user31818@example.com,City 9
User 31819,user31819@example.com,City 10
User 31820,user31820@example.com,City 1
User 31821,user31821@example.com,City 2
User 31822,user31822@example.com,City 3
User 31823,user31823@example.com,City 4
User 31824,user31824@example.com,City 5
User 31825,user31825@example.com,City 6
User 31826,user31826@example.com,City 7
User 31827,user31827@example.com,City 8
User 31828,user31828@example.com,City 9
User 31829,user31829@example.com,City 10
User 31830,user31830@example.com,City 1
User 31831,user31831@example.com,City 2
User 31832,user31832@example.com,City 3
User 31833,user31833@example.com,City 4
User 31834,user31834@example.com,City 5
User 31835,user31835@example.com,City 6
User 31836,user31836@example.com,City 7
User 31837,user31837@example.com,City 8
User 31838,user31838@example.com,City 9
User 31839,user31839@example.com,City 10
User 31840,user31840@example.com,City 1
User 31841,user31841@example.com,City 2
User 31842,user31842@example.com,City 3
User 31843,user31843@example.com,City 4
User 31844,user31844@example.com,City 5
User 31845,user31845@example.com,City 6
User 31846,user31846@example.com,City 7
User 31847,user31847@example.com,City 8
User 31848,user31848@example.com,City 9
User 31849,user31849@example.com,City 10
User 31850,user31850@example.com,City 1
User 31851,user31851@example.com,City 2
User 31852,user31852@example.com,City 3
User 31853,user31853@example.com,City 4
User 31854,user31854@example.com,City 5
User 31855,user31855@example.com,City 6
User 31856,user31856@example.com,City 7
User 31857,user31857@example.com,City 8
User 31858,user31858@example.com,City 9
User 31859,user31859@example.com,City 10
User 31860,user31860@example.com,City 1
User 31861,user31861@example.com,City 2
User 31862,user31862@example.com,City 3
User 31863,user31863@example.com,City 4
User 31864,user31864@example.com,City 5
User 31865,user31865@example.com,City 6
User 31866,user31866@example.com,City 7
User 31867,user31867@example.com,City 8
User 31868,user31868@example.com,City 9
User 31869,user31869@example.com,City 10
User 31870,user31870@example.com,City 1
User 31871,user31871@example.com,City 2
User 31872,user31872@example.com,City 3
User 31873,user31873@example.com,City 4
User 31874,user31874@example.com,City 5
User 31875,user31875@example.com,City 6
User 31876,user31876@example.com,City 7
User 31877,user31877@example.com,City 8
User 31878,user31878@example.com,City 9
User 31879,user31879@example.com,City 10
User 31880,user31880@example.com,City 1
User 31881,user31881@example.com,City 2
User 31882,user31882@example.com,City 3
User 31883,user31883@example.com,City 4
User 31884,user31884@example.com,City 5
User 31885,user31885@example.com,City 6
User 31886,user31886@example.com,City 7
User 31887,user31887@example.com,City 8
User 31888,user31888@example.com,City 9
User 31889,user31889@example.com,City 10
User 31890,user31890@example.com,City 1
User 31891,user31891@example.com,City 2
User 31892,user31892@example.com,City 3
User 31893,user31893@example.com,City 4
User 31894,user31894@example.com,City 5
User 31895,user31895@example.com,City 6
User 31896,user31896@example.com,City 7
User 31897,user31897@example.com,City 8
User 31898,user31898@example.com,City 9
User 31899,user31899@example.com,City 10
User 31900,user31900@example.com,City 1
User 31901,user31901@example.com,City 2
User 31902,user31902@example.com,City 3
User 31903,user31903@example.com,City 4
User 31904,user31904@example.com,City 5
User 31905,user31905@example.com,City 6
User 31906,user31906@example.com,City 7
User 31907,user31907@example.com,City 8
User 31908,user31908@example.com,City 9
User 31909,user31909@example.com,City 10
User 31910,user31910@example.com,City 1
User 31911,user31911@example.com,City 2
User 31912,user31912@example.com,City 3
User 31913,user31913@example.com,City 4
User 31914,user31914@example.com,City 5
User 31915,user31915@example.com,City 6
User 31916,user31916@example.com,City 7
User 31917,user31917@example.com,City 8
User 31918,user31918@example.com,City 9
User 31919,user31919@example.com,City 10
User 31920,user31920@example.com,City 1
User 31921,user31921@example.com,City 2
User 31922,user31922@example.com,City 3
User 31923,user31923@example.com,City 4
User 31924,user31924@example.com,City 5
User 31925,user31925@example.com,City 6
User 31926,user31926@example.com,City 7
User 31927,user31927@example.com,City 8
User 31928,user31928@example.com,City 9
User 31929,user31929@example.com,City 10
User 31930,user31930@example.com,City 1
User 31931,user31931@example.com,City 2
User 31932,user31932@example.com,City 3
User 31933,user31933@example.com,City 4
User 31934,user31934@example.com,City 5
User 31935,user31935@example.com,City 6
User 31936,user31936@example.com,City 7
User 31937,user31937@example.com,City 8
User 31938,user31938@example.com,City 9
User 31939,user31939@example.com,City 10
User 31940,user31940@example.com,City 1
User 31941,user31941@example.com,City 2
User 31942,user31942@example.com,City 3
User 31943,user31943@example.com,City 4
User 31944,user31944@example.com,City 5
User 31945,user31945@example.com,City 6
User 31946,user31946@example.com,City 7
User 31947,user31947@example.com,City 8
User 31948,user31948@example.com,City 9
User 31949,user31949@example.com,City 10
User 31950,user31950@example.com,City 1
User 31951,user31951@example.com,City 2
User 31952,user31952@example.com,City 3
User 31953,user31953@example.com,City 4
User 31954,user31954@example.com,City 5
User 31955,user31955@example.com,City 6
User 31956,user31956@example.com,City 7
User 31957,user31957@example.com,City 8
User 31958,user31958@example.com,City 9
User 31959,user31959@example.com,City 10
User 31960,user31960@example.com,City 1
User 31961,user31961@example.com,City 2
User 31962,user31962@example.com,City 3
User 31963,user31963@example.com,City 4
User 31964,user31964@example.com,City 5
User 31965,user31965@example.com,City 6
User 31966,user31966@example.com,City 7
User 31967,user31967@example.com,City 8
User 31968,user31968@example.com,City 9
User 31969,user31969@example.com,City 10
User 31970,user31970@example.com,City 1
User 31971,user31971@example.com,City 2
User 31972,user31972@example.com,City 3
User 31973,user31973@example.com,City 4
User 31974,user31974@example.com,City 5
User 31975,user31975@example.com,City 6
User 31976,user31976@example.com,City 7
User 31977,user31977@example.com,City 8
User 31978,user31978@example.com,City 9
User 31979,user31979@example.com,City 10
User 31980,user31980@example.com,City 1
User 31981,user31981@example.com,City 2
User 31982,user31982@example.com,City 3
User 31983,user31983@example.com,City 4
User 31984,user31984@example.com,City 5
User 31985,user31985@example.com,City 6
User 31986,user31986@example.com,City 7
User 31987,user31987@example.com,City 8
User 31988,user31988@example.com,City 9
User 31989,user31989@example.com,City 10
User 31990,user31990@example.com,City 1
User 31991,user31991@example.com,City 2
User 31992,user31992@example.com,City 3
User 31993,user31993@example.com,City 4
User 31994,user31994@example.com,City 5
User 31995,user31995@example.com,City 6
User 31996,user31996@example.com,City 7
User 31997,user31997@example.com,City 8
User 31998,user31998@example.com,City 9
User 31999,user31999@example.com,City 10
User 32000,user32000@example.com,City 1
User 32001,user32001@example.com,City 2
User 32002,user32002@example.com,City 3
User 32003,user32003@example.com,City 4
User 32004,user32004@example.com,City 5
User 32005,user32005@example.com,City 6
User 32006,user32006@example.com,City 7
User 32007,user32007@example.com,City 8
User 32008,user32008@example.com,City 9
User 32009,user32009@example.com,City 10
User 32010,user32010@example.com,City 1
User 32011,user32011@example.com,City 2
User 32012,user32012@example.com,City 3
User 32013,user32013@example.com,City 4
User 32014,user32014@example.com,City 5
User 32015,user32015@example.com,City 6
User 32016,user32016@example.com,City 7
User 32017,user32017@example.com,City 8
User 32018,user32018@example.com,City 9
User 32019,user32019@example.com,City 10
User 32020,user32020@example.com,City 1
User 32021,user32021@example.com,City 2
User 32022,user32022@example.com,City 3
User 32023,user32023@example.com,City 4
User 32024,user32024@example.com,City 5
User 32025,user32025@example.com,City 6
User 32026,user32026@example.com,City 7
User 32027,user32027@example.com,City 8
User 32028,user32028@example.com,City 9
User 32029,user32029@example.com,City 10
User 32030,user32030@example.com,City 1
User 32031,user32031@example.com,City 2
User 32032,user32032@example.com,City 3
User 32033,user32033@example.com,City 4
User 32034,user32034@example.com,City 5
User 32035,user32035@example.com,City 6
User 32036,user32036@example.com,City 7
User 32037,user32037@example.com,City 8
User 32038,user32038@example.com,City 9
User 32039,user32039@example.com,City 10
User 32040,user32040@example.com,City 1
User 32041,user32041@example.com,City 2
User 32042,user32042@example.com,City 3
User 32043,user32043@example.com,City 4
User 32044,user32044@example.com,City 5
User 32045,user32045@example.com,City 6
User 32046,user32046@example.com,City 7
User 32047,user32047@example.com,City 8
User 32048,user32048@example.com,City 9
User 32049,user32049@example.com,City 10
User 32050,user32050@example.com,City 1
User 32051,user32051@example.com,City 2
User 32052,user32052@example.com,City 3
User 32053,user32053@example.com,City 4
User 32054,user32054@example.com,City 5
User 32055,user32055@example.com,City 6
User 32056,user32056@example.com,City 7
User 32057,user32057@example.com,City 8
User 32058,user32058@example.com,City 9
User 32059,user32059@example.com,City 10
User 32060,user32060@example.com,City 1
User 32061,user32061@example.com,City 2
User 32062,user32062@example.com,City 3
User 32063,user32063@example.com,City 4
User 32064,user32064@example.com,City 5
User 32065,user32065@example.com,City 6
User 32066,user32066@example.com,City 7
User 32067,user32067@example.com,City 8
User 32068,user32068@example.com,City 9
User 32069,user32069@example.com,City 10
User 32070,user32070@example.com,City 1
User 32071,user32071@example.com,City 2
User 32072,user32072@example.com,City 3
User 32073,user32073@example.com,City 4
User 32074,user32074@example.com,City 5
User 32075,user32075@example.com,City 6
User 32076,user32076@example.com,City 7
User 32077,user32077@example.com,City 8
User 32078,user32078@example.com,City 9
User 32079,user32079@example.com,City 10
User 32080,user32080@example.com,City 1
User 32081,user32081@example.com,City 2
User 32082,user32082@example.com,City 3
User 32083,user32083@example.com,City 4
User 32084,user32084@example.com,City 5
User 32085,user32085@example.com,City 6
User 32086,user32086@example.com,City 7
User 32087,user32087@example.com,City 8
User 32088,user32088@example.com,City 9
User 32089,user32089@example.com,City 10
User 32090,user32090@example.com,City 1
User 32091,user32091@example.com,City 2
User 32092,user32092@example.com,City 3
User 32093,user32093@example.com,City 4
User 32094,user32094@example.com,City 5
User 32095,user32095@example.com,City 6
User 32096,user32096@example.com,City 7
User 32097,user32097@example.com,City 8
User 32098,user32098@example.com,City 9
User 32099,user32099@example.com,City 10
User 32100,user32100@example.com,City 1
User 32101,user32101@example.com,City 2
User 32102,user32102@example.com,City 3
User 32103,user32103@example.com,City 4
User 32104,user32104@example.com,City 5
User 32105,user32105@example.com,City 6
User 32106,user32106@example.com,City 7
User 32107,user32107@example.com,City 8
User 32108,user32108@example.com,City 9
User 32109,user32109@example.com,City 10
User 32110,user32110@example.com,City 1
User 32111,user32111@example.com,City 2
User 32112,user32112@example.com,City 3
User 32113,user32113@example.com,City 4
User 32114,user32114@example.com,City 5
User 32115,user32115@example.com,City 6
User 32116,user32116@example.com,City 7
User 32117,user32117@example.com,City 8
User 32118,user32118@example.com,City 9
User 32119,user32119@example.com,City 10
User 32120,user32120@example.com,City 1
User 32121,user32121@example.com,City 2
User 32122,user32122@example.com,City 3
User 32123,user32123@example.com,City 4
User 32124,user32124@example.com,City 5
User 32125,user32125@example.com,City 6
User 32126,user32126@example.com,City 7
User 32127,user32127@example.com,City 8
User 32128,user32128@example.com,City 9
User 32129,user32129@example.com,City 10
User 32130,user32130@example.com,City 1
User 32131,user32131@example.com,City 2
User 32132,user32132@example.com,City 3
User 32133,user32133@example.com,City 4
User 32134,user32134@example.com,City 5
User 32135,user32135@example.com,City 6
User 32136,user32136@example.com,City 7
User 32137,user32137@example.com,City 8
User 32138,user32138@example.com,City 9
User 32139,user32139@example.com,City 10
User 32140,user32140@example.com,City 1
User 32141,user32141@example.com,City 2
User 32142,user32142@example.com,City 3
User 32143,user32143@example.com,City 4
User 32144,user32144@example.com,City 5
User 32145,user32145@example.com,City 6
User 32146,user32146@example.com,City 7
User 32147,user32147@example.com,City 8
User 32148,user32148@example.com,City 9
User 32149,user32149@example.com,City 10
User 32150,user32150@example.com,City 1
User 32151,user32151@example.com,City 2
User 32152,user32152@example.com,City 3
User 32153,user32153@example.com,City 4
User 32154,user32154@example.com,City 5
User 32155,user32155@example.com,City 6
User 32156,user32156@example.com,City 7
User 32157,user32157@example.com,City 8
User 32158,user32158@example.com,City 9
User 32159,user32159@example.com,City 10
User 32160,user32160@example.com,City 1
User 32161,user32161@example.com,City 2
User 32162,user32162@example.com,City 3
User 32163,user32163@example.com,City 4
User 32164,user32164@example.com,City 5
User 32165,user32165@example.com,City 6
User 32166,user32166@example.com,City 7
User 32167,user32167@example.com,City 8
User 32168,user32168@example.com,City 9
User 32169,user32169@example.com,City 10
User 32170,user32170@example.com,City 1
User 32171,user32171@example.com,City 2
User 32172,user32172@example.com,City 3
User 32173,user32173@example.com,City 4
User 32174,user32174@example.com,City 5
User 32175,user32175@example.com,City 6
User 32176,user32176@example.com,City 7
User 32177,user32177@example.com,City 8
User 32178,user32178@example.com,City 9
User 32179,user32179@example.com,City 10
User 32180,user32180@example.com,City 1
User 32181,user32181@example.com,City 2
User 32182,user32182@example.com,City 3
User 32183,user32183@example.com,City 4
User 32184,user32184@example.com,City 5
User 32185,user32185@example.com,City 6
User 32186,user32186@example.com,City 7
User 32187,user32187@example.com,City 8
User 32188,user32188@example.com,City 9
User 32189,user32189@example.com,City 10
User 32190,user32190@example.com,City 1
User 32191,user32191@example.com,City 2
User 32192,user32192@example.com,City 3
User 32193,user32193@example.com,City 4
User 32194,user32194@example.com,City 5
User 32195,user32195@example.com,City 6
User 32196,user32196@example.com,City 7
User 32197,user32197@example.com,City 8
User 32198,user32198@example.com,City 9
User 32199,user32199@example.com,City 10
User 32200,user32200@example.com,City 1
User 32201,user32201@example.com,City 2
User 32202,user32202@example.com,City 3
User 32203,user32203@example.com,City 4
User 32204,user32204@example.com,City 5
User 32205,user32205@example.com,City 6
User 32206,user32206@example.com,City 7
User 32207,user32207@example.com,City 8
User 32208,user32208@example.com,City 9
User 32209,user32209@example.com,City 10
User 32210,user32210@example.com,City 1
User 32211,user32211@example.com,City 2
User 32212,user32212@example.com,City 3
User 32213,user32213@example.com,City 4
User 32214,user32214@example.com,City 5
User 32215,user32215@example.com,City 6
User 32216,user32216@example.com,City 7
User 32217,user32217@example.com,City 8
User 32218,user32218@example.com,City 9
User 32219,user32219@example.com,City 10
User 32220,user32220@example.com,City 1
User 32221,user32221@example.com,City 2
User 32222,user32222@example.com,City 3
User 32223,user32223@example.com,City 4
User 32224,user32224@example.com,City 5
User 32225,user32225@example.com,City 6
User 32226,user32226@example.com,City 7
User 32227,user32227@example.com,City 8
User 32228,user32228@example.com,City 9
User 32229,user32229@example.com,City 10
User 32230,user32230@example.com,City 1
User 32231,user32231@example.com,City 2
User 32232,user32232@example.com,City 3
User 32233,user32233@example.com,City 4
User 32234,user32234@example.com,City 5
User 32235,user32235@example.com,City 6
User 32236,user32236@example.com,City 7
User 32237,user32237@example.com,City 8
User 32238,user32238@example.com,City 9
User 32239,user32239@example.com,City 10
User 32240,user32240@example.com,City 1
User 32241,user32241@example.com,City 2
User 32242,user32242@example.com,City 3
User 32243,user32243@example.com,City 4
User 32244,user32244@example.com,City 5
User 32245,user32245@example.com,City 6
User 32246,user32246@example.com,City 7
User 32247,user32247@example.com,City 8
User 32248,user32248@example.com,City 9
User 32249,user32249@example.com,City 10
User 32250,user32250@example.com,City 1
User 32251,user32251@example.com,City 2
User 32252,user32252@example.com,City 3
User 32253,user32253@example.com,City 4
User 32254,user32254@example.com,City 5
User 32255,user32255@example.com,City 6
User 32256,user32256@example.com,City 7
User 32257,user32257@example.com,City 8
User 32258,user32258@example.com,City 9
User 32259,user32259@example.com,City 10
User 32260,user32260@example.com,City 1
User 32261,user32261@example.com,City 2
User 32262,user32262@example.com,City 3
User 32263,user32263@example.com,City 4
User 32264,user32264@example.com,City 5
User 32265,user32265@example.com,City 6
User 32266,user32266@example.com,City 7
User 32267,user32267@example.com,City 8
User 32268,user32268@example.com,City 9
User 32269,user32269@example.com,City 10
User 32270,user32270@example.com,City 1
User 32271,user32271@example.com,City 2
User 32272,user32272@example.com,City 3
User 32273,user32273@example.com,City 4
User 32274,user32274@example.com,City 5
User 32275,user32275@example.com,City 6
User 32276,user32276@example.com,City 7
User 32277,user32277@example.com,City 8
User 32278,user32278@example.com,City 9
User 32279,user32279@example.com,City 10
User 32280,user32280@example.com,City 1
User 32281,user32281@example.com,City 2
User 32282,user32282@example.com,City 3
User 32283,user32283@example.com,City 4
User 32284,user32284@example.com,City 5
User 32285,user32285@example.com,City 6
User 32286,user32286@example.com,City 7
User 32287,user32287@example.com,City 8
User 32288,user32288@example.com,City 9
User 32289,user32289@example.com,City 10
User 32290,user32290@example.com,City 1
User 32291,user32291@example.com,City 2
User 32292,user32292@example.com,City 3
User 32293,user32293@example.com,City 4
User 32294,user32294@example.com,City 5
User 32295,user32295@example.com,City 6
User 32296,user32296@example.com,City 7
User 32297,user32297@example.com,City 8
User 32298,user32298@example.com,City 9
User 32299,user32299@example.com,City 10
User 32300,user32300@example.com,City 1
User 32301,user32301@example.com,City 2
User 32302,user32302@example.com,City 3
User 32303,user32303@example.com,City 4
User 32304,user32304@example.com,City 5
User 32305,user32305@example.com,City 6
User 32306,user32306@example.com,City 7
User 32307,user32307@example.com,City 8
User 32308,user32308@example.com,City 9
User 32309,user32309@example.com,City 10
User 32310,user32310@example.com,City 1
User 32311,user32311@example.com,City 2
User 32312,user32312@example.com,City 3
User 32313,user32313@example.com,City 4
User 32314,user32314@example.com,City 5
User 32315,user32315@example.com,City 6
User 32316,user32316@example.com,City 7
User 32317,user32317@example.com,City 8
User 32318,user32318@example.com,City 9
User 32319,user32319@example.com,City 10
User 32320,user32320@example.com,City 1
User 32321,user32321@example.com,City 2
User 32322,user32322@example.com,City 3
User 32323,user32323@example.com,City 4
User 32324,user32324@example.com,City 5
User 32325,user32325@example.com,City 6
User 32326,user32326@example.com,City 7
User 32327,user32327@example.com,City 8
User 32328,user32328@example.com,City 9
User 32329,user32329@example.com,City 10
User 32330,user32330@example.com,City 1
User 32331,user32331@example.com,City 2
User 32332,user32332@example.com,City 3
User 32333,user32333@example.com,City 4
User 32334,user32334@example.com,City 5
User 32335,user32335@example.com,City 6
User 32336,user32336@example.com,City 7
User 32337,user32337@example.com,City 8
User 32338,user32338@example.com,City 9
User 32339,user32339@example.com,City 10
User 32340,user32340@example.com,City 1
User 32341,user32341@example.com,City 2
User 32342,user32342@example.com,City 3
User 32343,user32343@example.com,City 4
User 32344,user32344@example.com,City 5
User 32345,user32345@example.com,City 6
User 32346,user32346@example.com,City 7
User 32347,user32347@example.com,City 8
User 32348,user32348@example.com,City 9
User 32349,user32349@example.com,City 10
User 32350,user32350@example.com,City 1
User 32351,user32351@example.com,City 2
User 32352,user32352@example.com,City 3
User 32353,user32353@example.com,City 4
User 32354,user32354@example.com,City 5
User 32355,user32355@example.com,City 6
User 32356,user32356@example.com,City 7
User 32357,user32357@example.com,City 8
User 32358,user32358@example.com,City 9
User 32359,user32359@example.com,City 10
User 32360,user32360@example.com,City 1
User 32361,user32361@example.com,City 2
User 32362,user32362@example.com,City 3
User 32363,user32363@example.com,City 4
User 32364,user32364@example.com,City 5
User 32365,user32365@example.com,City 6
User 32366,user32366@example.com,City 7
User 32367,user32367@example.com,City 8
User 32368,user32368@example.com,City 9
User 32369,user32369@example.com,City 10
User 32370,user32370@example.com,City 1
User 32371,user32371@example.com,City 2
User 32372,user32372@example.com,City 3
User 32373,user32373@example.com,City 4
User 32374,user32374@example.com,City 5
User 32375,user32375@example.com,City 6
User 32376,user32376@example.com,City 7
User 32377,user32377@example.com,City 8
User 32378,user32378@example.com,City 9
User 32379,user32379@example.com,City 10
User 32380,user32380@example.com,City 1
User 32381,user32381@example.com,City 2
User 32382,user32382@example.com,City 3
User 32383,user32383@example.com,City 4
User 32384,user32384@example.com,City 5
User 32385,user32385@example.com,City 6
User 32386,user32386@example.com,City 7
User 32387,user32387@example.com,City 8
User 32388,user32388@example.com,City 9
User 32389,user32389@example.com,City 10
User 32390,user32390@example.com,City 1
User 32391,user32391@example.com,City 2
User 32392,user32392@example.com,City 3
User 32393,user32393@example.com,City 4
User 32394,user32394@example.com,City 5
User 32395,user32395@example.com,City 6
User 32396,user32396@example.com,City 7
User 32397,user32397@example.com,City 8
User 32398,user32398@example.com,City 9
User 32399,user32399@example.com,City 10
User 32400,user32400@example.com,City 1
User 32401,user32401@example.com,City 2
User 32402,user32402@example.com,City 3
User 32403,user32403@example.com,City 4
User 32404,user32404@example.com,City 5
User 32405,user32405@example.com,City 6
User 32406,user32406@example.com,City 7
User 32407,user32407@example.com,City 8
User 32408,user32408@example.com,City 9
User 32409,user32409@example.com,City 10
User 32410,user32410@example.com,City 1
User 32411,user32411@example.com,City 2
User 32412,user32412@example.com,City 3
User 32413,user32413@example.com,City 4
User 32414,user32414@example.com,City 5
User 32415,user32415@example.com,City 6
User 32416,user32416@example.com,City 7
User 32417,user32417@example.com,City 8
User 32418,user32418@example.com,City 9
User 32419,user32419@example.com,City 10
User 32420,user32420@example.com,City 1
User 32421,user32421@example.com,City 2
User 32422,user32422@example.com,City 3
User 32423,user32423@example.com,City 4
User 32424,user32424@example.com,City 5
User 32425,user32425@example.com,City 6
User 32426,user32426@example.com,City 7
User 32427,user32427@example.com,City 8
User 32428,user32428@example.com,City 9
User 32429,user32429@example.com,City 10
User 32430,user32430@example.com,City 1
User 32431,user32431@example.com,City 2
User 32432,user32432@example.com,City 3
User 32433,user32433@example.com,City 4
User 32434,user32434@example.com,City 5
User 32435,user32435@example.com,City 6
User 32436,user32436@example.com,City 7
User 32437,user32437@example.com,City 8
User 32438,user32438@example.com,City 9
User 32439,user32439@example.com,City 10
User 32440,user32440@example.com,City 1
User 32441,user32441@example.com,City 2
User 32442,user32442@example.com,City 3
User 32443,user32443@example.com,City 4
User 32444,user32444@example.com,City 5
User 32445,user32445@example.com,City 6
User 32446,user32446@example.com,City 7
User 32447,user32447@example.com,City 8
User 32448,user32448@example.com,City 9
User 32449,user32449@example.com,City 10
User 32450,user32450@example.com,City 1
User 32451,user32451@example.com,City 2
User 32452,user32452@example.com,City 3
User 32453,user32453@example.com,City 4
User 32454,user32454@example.com,City 5
User 32455,user32455@example.com,City 6
User 32456,user32456@example.com,City 7
User 32457,user32457@example.com,City 8
User 32458,user32458@example.com,City 9
User 32459,user32459@example.com,City 10
User 32460,user32460@example.com,City 1
User 32461,user32461@example.com,City 2
User 32462,user32462@example.com,City 3
User 32463,user32463@example.com,City 4
User 32464,user32464@example.com,City 5
User 32465,user32465@example.com,City 6
User 32466,user32466@example.com,City 7
User 32467,user32467@example.com,City 8
User 32468,user32468@example.com,City 9
User 32469,user32469@example.com,City 10
User 32470,user32470@example.com,City 1
User 32471,user32471@example.com,City 2
User 32472,user32472@example.com,City 3
User 32473,user32473@example.com,City 4
User 32474,user32474@example.com,City 5
User 32475,user32475@example.com,City 6
User 32476,user32476@example.com,City 7
User 32477,user32477@example.com,City 8
User 32478,user32478@example.com,City 9
User 32479,user32479@example.com,City 10
User 32480,user32480@example.com,City 1
User 32481,user32481@example.com,City 2
User 32482,user32482@example.com,City 3
User 32483,user32483@example.com,City 4
User 32484,user32484@example.com,City 5
User 32485,user32485@example.com,City 6
User 32486,user32486@example.com,City 7
User 32487,user32487@example.com,City 8
User 32488,user32488@example.com,City 9
User 32489,user32489@example.com,City 10
User 32490,user32490@example.com,City 1
User 32491,user32491@example.com,City 2
User 32492,user32492@example.com,City 3
User 32493,user32493@example.com,City 4
User 32494,user32494@example.com,City 5
User 32495,user32495@example.com,City 6
User 32496,user32496@example.com,City 7
User 32497,user32497@example.com,City 8
User 32498,user32498@example.com,City 9
User 32499,user32499@example.com,City 10
User 32500,user32500@example.com,City 1
User 32501,user32501@example.com,City 2
User 32502,user32502@example.com,City 3
User 32503,user32503@example.com,City 4
User 32504,user32504@example.com,City 5
User 32505,user32505@example.com,City 6
User 32506,user32506@example.com,City 7
User 32507,user32507@example.com,City 8
User 32508,user32508@example.com,City 9
User 32509,user32509@example.com,City 10
User 32510,user32510@example.com,City 1
User 32511,user32511@example.com,City 2
User 32512,user32512@example.com,City 3
User 32513,user32513@example.com,City 4
User 32514,user32514@example.com,City 5
User 32515,user32515@example.com,City 6
User 32516,user32516@example.com,City 7
User 32517,user32517@example.com,City 8
User 32518,user32518@example.com,City 9
User 32519,user32519@example.com,City 10
User 32520,user32520@example.com,City 1
User 32521,user32521@example.com,City 2
User 32522,user32522@example.com,City 3
User 32523,user32523@example.com,City 4
User 32524,user32524@example.com,City 5
User 32525,user32525@example.com,City 6
User 32526,user32526@example.com,City 7
User 32527,user32527@example.com,City 8
User 32528,user32528@example.com,City 9
User 32529,user32529@example.com,City 10
User 32530,user32530@example.com,City 1
User 32531,user32531@example.com,City 2
User 32532,user32532@example.com,City 3
User 32533,user32533@example.com,City 4
User 32534,user32534@example.com,City 5
User 32535,user32535@example.com,City 6
User 32536,user32536@example.com,City 7
User 32537,user32537@example.com,City 8
User 32538,user32538@example.com,City 9
User 32539,user32539@example.com,City 10
User 32540,user32540@example.com,City 1
User 32541,user32541@example.com,City 2
User 32542,user32542@example.com,City 3
User 32543,user32543@example.com,City 4
User 32544,user32544@example.com,City 5
User 32545,user32545@example.com,City 6
User 32546,user32546@example.com,City 7
User 32547,user32547@example.com,City 8
User 32548,user32548@example.com,City 9
User 32549,user32549@example.com,City 10
User 32550,user32550@example.com,City 1
User 32551,user32551@example.com,City 2
User 32552,user32552@example.com,City 3
User 32553,user32553@example.com,City 4
User 32554,user32554@example.com,City 5
User 32555,user32555@example.com,City 6
User 32556,user32556@example.com,City 7
User 32557,user32557@example.com,City 8
User 32558,user32558@example.com,City 9
User 32559,user32559@example.com,City 10
User 32560,user32560@example.com,City 1
User 32561,user32561@example.com,City 2
User 32562,user32562@example.com,City 3
User 32563,user32563@example.com,City 4
User 32564,user32564@example.com,City 5
User 32565,user32565@example.com,City 6
User 32566,user32566@example.com,City 7
User 32567,user32567@example.com,City 8
User 32568,user32568@example.com,City 9
User 32569,user32569@example.com,City 10
User 32570,user32570@example.com,City 1
User 32571,user32571@example.com,City 2
User 32572,user32572@example.com,City 3
User 32573,user32573@example.com,City 4
User 32574,user32574@example.com,City 5
User 32575,user32575@example.com,City 6
User 32576,user32576@example.com,City 7
User 32577,user32577@example.com,City 8
User 32578,user32578@example.com,City 9
User 32579,user32579@example.com,City 10
User 32580,user32580@example.com,City 1
User 32581,user32581@example.com,City 2
User 32582,user32582@example.com,City 3
User 32583,user32583@example.com,City 4
User 32584,user32584@example.com,City 5
User 32585,user32585@example.com,City 6
User 32586,user32586@example.com,City 7
User 32587,user32587@example.com,City 8
User 32588,user32588@example.com,City 9
User 32589,user32589@example.com,City 10
User 32590,user32590@example.com,City 1
User 32591,user32591@example.com,City 2
User 32592,user32592@example.com,City 3
User 32593,user32593@example.com,City 4
User 32594,user32594@example.com,City 5
User 32595,user32595@example.com,City 6
User 32596,user32596@example.com,City 7
User 32597,user32597@example.com,City 8
User 32598,user32598@example.com,City 9
User 32599,user32599@example.com,City 10
User 32600,user32600@example.com,City 1
User 32601,user32601@example.com,City 2
User 32602,user32602@example.com,City 3
User 32603,user32603@example.com,City 4
User 32604,user32604@example.com,City 5
User 32605,user32605@example.com,City 6
User 32606,user32606@example.com,City 7
User 32607,user32607@example.com,City 8
User 32608,user32608@example.com,City 9
User 32609,user32609@example.com,City 10
User 32610,user32610@example.com,City 1
User 32611,user32611@example.com,City 2
User 32612,user32612@example.com,City 3
User 32613,user32613@example.com,City 4
User 32614,user32614@example.com,City 5
User 32615,user32615@example.com,City 6
User 32616,user32616@example.com,City 7
User 32617,user32617@example.com,City 8
User 32618,user32618@example.com,City 9
User 32619,user32619@example.com,City 10
User 32620,user32620@example.com,City 1
User 32621,user32621@example.com,City 2
User 32622,user32622@example.com,City 3
User 32623,user32623@example.com,City 4
User 32624,user32624@example.com,City 5
User 32625,user32625@example.com,City 6
User 32626,user32626@example.com,City 7
User 32627,user32627@example.com,City 8
User 32628,user32628@example.com,City 9
User 32629,user32629@example.com,City 10
User 32630,user32630@example.com,City 1
User 32631,user32631@example.com,City 2
User 32632,user32632@example.com,City 3
User 32633,user32633@example.com,City 4
User 32634,user32634@example.com,City 5
User 32635,user32635@example.com,City 6
User 32636,user32636@example.com,City 7
User 32637,user32637@example.com,City 8
User 32638,user32638@example.com,City 9
User 32639,user32639@example.com,City 10
User 32640,user32640@example.com,City 1
User 32641,user32641@example.com,City 2
User 32642,user32642@example.com,City 3
User 32643,user32643@example.com,City 4
User 32644,user32644@example.com,City 5
User 32645,user32645@example.com,City 6
User 32646,user32646@example.com,City 7
User 32647,user32647@example.com,City 8
User 32648,user32648@example.com,City 9
User 32649,user32649@example.com,City 10
User 32650,user32650@example.com,City 1
User 32651,user32651@example.com,City 2
User 32652,user32652@example.com,City 3
User 32653,user32653@example.com,City 4
User 32654,user32654@example.com,City 5
User 32655,user32655@example.com,City 6
User 32656,user32656@example.com,City 7
User 32657,user32657@example.com,City 8
User 32658,user32658@example.com,City 9
User 32659,user32659@example.com,City 10
User 32660,user32660@example.com,City 1
User 32661,user32661@example.com,City 2
User 32662,user32662@example.com,City 3
User 32663,user32663@example.com,City 4
User 32664,user32664@example.com,City 5
User 32665,user32665@example.com,City 6
User 32666,user32666@example.com,City 7
User 32667,user32667@example.com,City 8
User 32668,user32668@example.com,City 9
User 32669,user32669@example.com,City 10
User 32670,user32670@example.com,City 1
User 32671,user32671@example.com,City 2
User 32672,user32672@example.com,City 3
User 32673,user32673@example.com,City 4
User 32674,user32674@example.com,City 5
User 32675,user32675@example.com,City 6
User 32676,user32676@example.com,City 7
User 32677,user32677@example.com,City 8
User 32678,user32678@example.com,City 9
User 32679,user32679@example.com,City 10
User 32680,user32680@example.com,City 1
User 32681,user32681@example.com,City 2
User 32682,user32682@example.com,City 3
User 32683,user32683@example.com,City 4
User 32684,user32684@example.com,City 5
User 32685,user32685@example.com,City 6
User 32686,user32686@example.com,City 7
User 32687,user32687@example.com,City 8
User 32688,user32688@example.com,City 9
User 32689,user32689@example.com,City 10
User 32690,user32690@example.com,City 1
User 32691,user32691@example.com,City 2
User 32692,user32692@example.com,City 3
User 32693,user32693@example.com,City 4
User 32694,user32694@example.com,City 5
User 32695,user32695@example.com,City 6
User 32696,user32696@example.com,City 7
User 32697,user32697@example.com,City 8
User 32698,user32698@example.com,City 9
User 32699,user32699@example.com,City 10
User 32700,user32700@example.com,City 1
User 32701,user32701@example.com,City 2
User 32702,user32702@example.com,City 3
User 32703,user32703@example.com,City 4
User 32704,user32704@example.com,City 5
User 32705,user32705@example.com,City 6
User 32706,user32706@example.com,City 7
User 32707,user32707@example.com,City 8
User 32708,user32708@example.com,City 9
User 32709,user32709@example.com,City 10
User 32710,user32710@example.com,City 1
User 32711,user32711@example.com,City 2
User 32712,user32712@example.com,City 3
User 32713,user32713@example.com,City 4
User 32714,user32714@example.com,City 5
User 32715,user32715@example.com,City 6
User 32716,user32716@example.com,City 7
User 32717,user32717@example.com,City 8
User 32718,user32718@example.com,City 9
User 32719,user32719@example.com,City 10
User 32720,user32720@example.com,City 1
User 32721,user32721@example.com,City 2
User 32722,user32722@example.com,City 3
User 32723,user32723@example.com,City 4
User 32724,user32724@example.com,City 5
User 32725,user32725@example.com,City 6
User 32726,user32726@example.com,City 7
User 32727,user32727@example.com,City 8
User 32728,user32728@example.com,City 9
User 32729,user32729@example.com,City 10
User 32730,user32730@example.com,City 1
User 32731,user32731@example.com,City 2
User 32732,user32732@example.com,City 3
User 32733,user32733@example.com,City 4
User 32734,user32734@example.com,City 5
User 32735,user32735@example.com,City 6
User 32736,user32736@example.com,City 7
User 32737,user32737@example.com,City 8
User 32738,user32738@example.com,City 9
User 32739,user32739@example.com,City 10
User 32740,user32740@example.com,City 1
User 32741,user32741@example.com,City 2
User 32742,user32742@example.com,City 3
User 32743,user32743@example.com,City 4
User 32744,user32744@example.com,City 5
User 32745,user32745@example.com,City 6
User 32746,user32746@example.com,City 7
User 32747,user32747@example.com,City 8
User 32748,user32748@example.com,City 9
User 32749,user32749@example.com,City 10
User 32750,user32750@example.com,City 1
User 32751,user32751@example.com,City 2
User 32752,user32752@example.com,City 3
User 32753,user32753@example.com,City 4
User 32754,user32754@example.com,City 5
User 32755,user32755@example.com,City 6
User 32756,user32756@example.com,City 7
User 32757,user32757@example.com,City 8
User 32758,user32758@example.com,City 9
User 32759,user32759@example.com,City 10
User 32760,user32760@example.com,City 1
User 32761,user32761@example.com,City 2
User 32762,user32762@example.com,City 3
User 32763,user32763@example.com,City 4
User 32764,user32764@example.com,City 5
User 32765,user32765@example.com,City 6
User 32766,user32766@example.com,City 7
User 32767,user32767@example.com,City 8
User 32768,user32768@example.com,City 9
User 32769,user32769@example.com,City 10
User 32770,user32770@example.com,City 1
User 32771,user32771@example.com,City 2
User 32772,user32772@example.com,City 3
User 32773,user32773@example.com,City 4
User 32774,user32774@example.com,City 5
User 32775,user32775@example.com,City 6
User 32776,user32776@example.com,City 7
User 32777,user32777@example.com,City 8
User 32778,user32778@example.com,City 9
User 32779,user32779@example.com,City 10
User 32780,user32780@example.com,City 1
User 32781,user32781@example.com,City 2
User 32782,user32782@example.com,City 3
User 32783,user32783@example.com,City 4
User 32784,user32784@example.com,City 5
User 32785,user32785@example.com,City 6
User 32786,user32786@example.com,City 7
User 32787,user32787@example.com,City 8
User 32788,user32788@example.com,City 9
User 32789,user32789@example.com,City 10
User 32790,user32790@example.com,City 1
User 32791,user32791@example.com,City 2
User 32792,user32792@example.com,City 3
User 32793,user32793@example.com,City 4
User 32794,user32794@example.com,City 5
User 32795,user32795@example.com,City 6
User 32796,user32796@example.com,City 7
User 32797,user32797@example.com,City 8
User 32798,user32798@example.com,City 9
User 32799,user32799@example.com,City 10
User 32800,user32800@example.com,City 1
User 32801,user32801@example.com,City 2
User 32802,user32802@example.com,City 3
User 32803,user32803@example.com,City 4
User 32804,user32804@example.com,City 5
User 32805,user32805@example.com,City 6
User 32806,user32806@example.com,City 7
User 32807,user32807@example.com,City 8
User 32808,user32808@example.com,City 9
User 32809,user32809@example.com,City 10
User 32810,user32810@example.com,City 1
User 32811,user32811@example.com,City 2
User 32812,user32812@example.com,City 3
User 32813,user32813@example.com,City 4
User 32814,user32814@example.com,City 5
User 32815,user32815@example.com,City 6
User 32816,user32816@example.com,City 7
User 32817,user32817@example.com,City 8
User 32818,user32818@example.com,City 9
User 32819,user32819@example.com,City 10
User 32820,user32820@example.com,City 1
User 32821,user32821@example.com,City 2
User 32822,user32822@example.com,City 3
User 32823,user32823@example.com,City 4
User 32824,user32824@example.com,City 5
User 32825,user32825@example.com,City 6
User 32826,user32826@example.com,City 7
User 32827,user32827@example.com,City 8
User 32828,user32828@example.com,City 9
User 32829,user32829@example.com,City 10
User 32830,user32830@example.com,City 1
User 32831,user32831@example.com,City 2
User 32832,user32832@example.com,City 3
User 32833,user32833@example.com,City 4
User 32834,user32834@example.com,City 5
User 32835,user32835@example.com,City 6
User 32836,user32836@example.com,City 7
User 32837,user32837@example.com,City 8
User 32838,user32838@example.com,City 9
User 32839,user32839@example.com,City 10
User 32840,user32840@example.com,City 1
User 32841,user32841@example.com,City 2
User 32842,user32842@example.com,City 3
User 32843,user32843@example.com,City 4
User 32844,user32844@example.com,City 5
User 32845,user32845@example.com,City 6
User 32846,user32846@example.com,City 7
User 32847,user32847@example.com,City 8
User 32848,user32848@example.com,City 9
User 32849,user32849@example.com,City 10
User 32850,user32850@example.com,City 1
User 32851,user32851@example.com,City 2
User 32852,user32852@example.com,City 3
User 32853,user32853@example.com,City 4
User 32854,user32854@example.com,City 5
User 32855,user32855@example.com,City 6
User 32856,user32856@example.com,City 7
User 32857,user32857@example.com,City 8
User 32858,user32858@example.com,City 9
User 32859,user32859@example.com,City 10
User 32860,user32860@example.com,City 1
User 32861,user32861@example.com,City 2
User 32862,user32862@example.com,City 3
User 32863,user32863@example.com,City 4
User 32864,user32864@example.com,City 5
User 32865,user32865@example.com,City 6
User 32866,user32866@example.com,City 7
User 32867,user32867@example.com,City 8
User 32868,user32868@example.com,City 9
User 32869,user32869@example.com,City 10
User 32870,user32870@example.com,City 1
User 32871,user32871@example.com,City 2
User 32872,user32872@example.com,City 3
User 32873,user32873@example.com,City 4
User 32874,user32874@example.com,City 5
User 32875,user32875@example.com,City 6
User 32876,user32876@example.com,City 7
User 32877,user32877@example.com,City 8
User 32878,user32878@example.com,City 9
User 32879,user32879@example.com,City 10
User 32880,user32880@example.com,City 1
User 32881,user32881@example.com,City 2
User 32882,user32882@example.com,City 3
User 32883,user32883@example.com,City 4
User 32884,user32884@example.com,City 5
User 32885,user32885@example.com,City 6
User 32886,user32886@example.com,City 7
User 32887,user32887@example.com,City 8
User 32888,user32888@example.com,City 9
User 32889,user32889@example.com,City 10
User 32890,user32890@example.com,City 1
User 32891,user32891@example.com,City 2
User 32892,user32892@example.com,City 3
User 32893,user32893@example.com,City 4
User 32894,user32894@example.com,City 5
User 32895,user32895@example.com,City 6
User 32896,user32896@example.com,City 7
User 32897,user32897@example.com,City 8
User 32898,user32898@example.com,City 9
User 32899,user32899@example.com,City 10
User 32900,user32900@example.com,City 1
User 32901,user32901@example.com,City 2
User 32902,user32902@example.com,City 3
User 32903,user32903@example.com,City 4
User 32904,user32904@example.com,City 5
User 32905,user32905@example.com,City 6
User 32906,user32906@example.com,City 7
User 32907,user32907@example.com,City 8
User 32908,user32908@example.com,City 9
User 32909,user32909@example.com,City 10
User 32910,user32910@example.com,City 1
User 32911,user32911@example.com,City 2
User 32912,user32912@example.com,City 3
User 32913,user32913@example.com,City 4
User 32914,user32914@example.com,City 5
User 32915,user32915@example.com,City 6
User 32916,user32916@example.com,City 7
User 32917,user32917@example.com,City 8
User 32918,user32918@example.com,City 9
User 32919,user32919@example.com,City 10
User 32920,user32920@example.com,City 1
User 32921,user32921@example.com,City 2
User 32922,user32922@example.com,City 3
User 32923,user32923@example.com,City 4
User 32924,user32924@example.com,City 5
User 32925,user32925@example.com,City 6
User 32926,user32926@example.com,City 7
User 32927,user32927@example.com,City 8
User 32928,user32928@example.com,City 9
User 32929,user32929@example.com,City 10
User 32930,user32930@example.com,City 1
User 32931,user32931@example.com,City 2
User 32932,user32932@example.com,City 3
User 32933,user32933@example.com,City 4
User 32934,user32934@example.com,City 5
User 32935,user32935@example.com,City 6
User 32936,user32936@example.com,City 7
User 32937,user32937@example.com,City 8
User 32938,user32938@example.com,City 9
User 32939,user32939@example.com,City 10
User 32940,user32940@example.com,City 1
User 32941,user32941@example.com,City 2
User 32942,user32942@example.com,City 3
User 32943,user32943@example.com,City 4
User 32944,user32944@example.com,City 5
User 32945,user32945@example.com,City 6
User 32946,user32946@example.com,City 7
User 32947,user32947@example.com,City 8
User 32948,user32948@example.com,City 9
User 32949,user32949@example.com,City 10
User 32950,user32950@example.com,City 1
User 32951,user32951@example.com,City 2
User 32952,user32952@example.com,City 3
User 32953,user32953@example.com,City 4
User 32954,user32954@example.com,City 5
User 32955,user32955@example.com,City 6
User 32956,user32956@example.com,City 7
User 32957,user32957@example.com,City 8
User 32958,user32958@example.com,City 9
User 32959,user32959@example.com,City 10
User 32960,user32960@example.com,City 1
User 32961,user32961@example.com,City 2
User 32962,user32962@example.com,City 3
User 32963,user32963@example.com,City 4
User 32964,user32964@example.com,City 5
User 32965,user32965@example.com,City 6
User 32966,user32966@example.com,City 7
User 32967,user32967@example.com,City 8
User 32968,user32968@example.com,City 9
User 32969,user32969@example.com,City 10
User 32970,user32970@example.com,City 1
User 32971,user32971@example.com,City 2
User 32972,user32972@example.com,City 3
User 32973,user32973@example.com,City 4
User 32974,user32974@example.com,City 5
User 32975,user32975@example.com,City 6
User 32976,user32976@example.com,City 7
User 32977,user32977@example.com,City 8
User 32978,user32978@example.com,City 9
User 32979,user32979@example.com,City 10
User 32980,user32980@example.com,City 1
User 32981,user32981@example.com,City 2
User 32982,user32982@example.com,City 3
User 32983,user32983@example.com,City 4
User 32984,user32984@example.com,City 5
User 32985,user32985@example.com,City 6
User 32986,user32986@example.com,City 7
User 32987,user32987@example.com,City 8
User 32988,user32988@example.com,City 9
User 32989,user32989@example.com,City 10
User 32990,user32990@example.com,City 1
User 32991,user32991@example.com,City 2
User 32992,user32992@example.com,City 3
User 32993,user32993@example.com,City 4
User 32994,user32994@example.com,City 5
User 32995,user32995@example.com,City 6
User 32996,user32996@example.com,City 7
User 32997,user32997@example.com,City 8
User 32998,user32998@example.com,City 9
User 32999,user32999@example.com,City 10
User 33000,user33000@example.com,City 1
User 33001,user33001@example.com,City 2
User 33002,user33002@example.com,City 3
User 33003,user33003@example.com,City 4
User 33004,user33004@example.com,City 5
User 33005,user33005@example.com,City 6
User 33006,user33006@example.com,City 7
User 33007,user33007@example.com,City 8
User 33008,user33008@example.com,City 9
User 33009,user33009@example.com,City 10
User 33010,user33010@example.com,City 1
User 33011,user33011@example.com,City 2
User 33012,user33012@example.com,City 3
User 33013,user33013@example.com,City 4
User 33014,user33014@example.com,City 5
User 33015,user33015@example.com,City 6
User 33016,user33016@example.com,City 7
User 33017,user33017@example.com,City 8
User 33018,user33018@example.com,City 9
User 33019,user33019@example.com,City 10
User 33020,user33020@example.com,City 1
User 33021,user33021@example.com,City 2
User 33022,user33022@example.com,City 3
User 33023,user33023@example.com,City 4
User 33024,user33024@example.com,City 5
User 33025,user33025@example.com,City 6
User 33026,user33026@example.com,City 7
User 33027,user33027@example.com,City 8
User 33028,user33028@example.com,City 9
User 33029,user33029@example.com,City 10
User 33030,user33030@example.com,City 1
User 33031,user33031@example.com,City 2
User 33032,user33032@example.com,City 3
User 33033,user33033@example.com,City 4
User 33034,user33034@example.com,City 5
User 33035,user33035@example.com,City 6
User 33036,user33036@example.com,City 7
User 33037,user33037@example.com,City 8
User 33038,user33038@example.com,City 9
User 33039,user33039@example.com,City 10
User 33040,user33040@example.com,City 1
User 33041,user33041@example.com,City 2
User 33042,user33042@example.com,City 3
User 33043,user33043@example.com,City 4
User 33044,user33044@example.com,City 5
User 33045,user33045@example.com,City 6
User 33046,user33046@example.com,City 7
User 33047,user33047@example.com,City 8
User 33048,user33048@example.com,City 9
User 33049,user33049@example.com,City 10
User 33050,user33050@example.com,City 1
User 33051,user33051@example.com,City 2
User 33052,user33052@example.com,City 3
User 33053,user33053@example.com,City 4
User 33054,user33054@example.com,City 5
User 33055,user33055@example.com,City 6
User 33056,user33056@example.com,City 7
User 33057,user33057@example.com,City 8
User 33058,user33058@example.com,City 9
User 33059,user33059@example.com,City 10
User 33060,user33060@example.com,City 1
User 33061,user33061@example.com,City 2
User 33062,user33062@example.com,City 3
User 33063,user33063@example.com,City 4
User 33064,user33064@example.com,City 5
User 33065,user33065@example.com,City 6
User 33066,user33066@example.com,City 7
User 33067,user33067@example.com,City 8
User 33068,user33068@example.com,City 9
User 33069,user33069@example.com,City 10
User 33070,user33070@example.com,City 1
User 33071,user33071@example.com,City 2
User 33072,user33072@example.com,City 3
User 33073,user33073@example.com,City 4
User 33074,user33074@example.com,City 5
User 33075,user33075@example.com,City 6
User 33076,user33076@example.com,City 7
User 33077,user33077@example.com,City 8
User 33078,user33078@example.com,City 9
User 33079,user33079@example.com,City 10
User 33080,user33080@example.com,City 1
User 33081,user33081@example.com,City 2
User 33082,user33082@example.com,City 3
User 33083,user33083@example.com,City 4
User 33084,user33084@example.com,City 5
User 33085,user33085@example.com,City 6
User 33086,user33086@example.com,City 7
User 33087,user33087@example.com,City 8
User 33088,user33088@example.com,City 9
User 33089,user33089@example.com,City 10
User 33090,user33090@example.com,City 1
User 33091,user33091@example.com,City 2
User 33092,user33092@example.com,City 3
User 33093,user33093@example.com,City 4
User 33094,user33094@example.com,City 5
User 33095,user33095@example.com,City 6
User 33096,user33096@example.com,City 7
User 33097,user33097@example.com,City 8
User 33098,user33098@example.com,City 9
User 33099,user33099@example.com,City 10
User 33100,user33100@example.com,City 1
User 33101,user33101@example.com,City 2
User 33102,user33102@example.com,City 3
User 33103,user33103@example.com,City 4
User 33104,user33104@example.com,City 5
User 33105,user33105@example.com,City 6
User 33106,user33106@example.com,City 7
User 33107,user33107@example.com,City 8
User 33108,user33108@example.com,City 9
User 33109,user33109@example.com,City 10
User 33110,user33110@example.com,City 1
User 33111,user33111@example.com,City 2
User 33112,user33112@example.com,City 3
User 33113,user33113@example.com,City 4
User 33114,user33114@example.com,City 5
User 33115,user33115@example.com,City 6
User 33116,user33116@example.com,City 7
User 33117,user33117@example.com,City 8
User 33118,user33118@example.com,City 9
User 33119,user33119@example.com,City 10
User 33120,user33120@example.com,City 1
User 33121,user33121@example.com,City 2
User 33122,user33122@example.com,City 3
User 33123,user33123@example.com,City 4
User 33124,user33124@example.com,City 5
User 33125,user33125@example.com,City 6
User 33126,user33126@example.com,City 7
User 33127,user33127@example.com,City 8
User 33128,user33128@example.com,City 9
User 33129,user33129@example.com,City 10
User 33130,user33130@example.com,City 1
User 33131,user33131@example.com,City 2
User 33132,user33132@example.com,City 3
User 33133,user33133@example.com,City 4
User 33134,user33134@example.com,City 5
User 33135,user33135@example.com,City 6
User 33136,user33136@example.com,City 7
User 33137,user33137@example.com,City 8
User 33138,user33138@example.com,City 9
User 33139,user33139@example.com,City 10
User 33140,user33140@example.com,City 1
User 33141,user33141@example.com,City 2
User 33142,user33142@example.com,City 3
User 33143,user33143@example.com,City 4
User 33144,user33144@example.com,City 5
User 33145,user33145@example.com,City 6
User 33146,user33146@example.com,City 7
User 33147,user33147@example.com,City 8
User 33148,user33148@example.com,City 9
User 33149,user33149@example.com,City 10
User 33150,user33150@example.com,City 1
User 33151,user33151@example.com,City 2
User 33152,user33152@example.com,City 3
User 33153,user33153@example.com,City 4
User 33154,user33154@example.com,City 5
User 33155,user33155@example.com,City 6
User 33156,user33156@example.com,City 7
User 33157,user33157@example.com,City 8
User 33158,user33158@example.com,City 9
User 33159,user33159@example.com,City 10
User 33160,user33160@example.com,City 1
User 33161,user33161@example.com,City 2
User 33162,user33162@example.com,City 3
User 33163,user33163@example.com,City 4
User 33164,user33164@example.com,City 5
User 33165,user33165@example.com,City 6
User 33166,user33166@example.com,City 7
User 33167,user33167@example.com,City 8
User 33168,user33168@example.com,City 9
User 33169,user33169@example.com,City 10
User 33170,user33170@example.com,City 1
User 33171,user33171@example.com,City 2
User 33172,user33172@example.com,City 3
User 33173,user33173@example.com,City 4
User 33174,user33174@example.com,City 5
User 33175,user33175@example.com,City 6
User 33176,user33176@example.com,City 7
User 33177,user33177@example.com,City 8
User 33178,user33178@example.com,City 9
User 33179,user33179@example.com,City 10
User 33180,user33180@example.com,City 1
User 33181,user33181@example.com,City 2
User 33182,user33182@example.com,City 3
User 33183,user33183@example.com,City 4
User 33184,user33184@example.com,City 5
User 33185,user33185@example.com,City 6
User 33186,user33186@example.com,City 7
User 33187,user33187@example.com,City 8
User 33188,user33188@example.com,City 9
User 33189,user33189@example.com,City 10
User 33190,user33190@example.com,City 1
User 33191,user33191@example.com,City 2
User 33192,user33192@example.com,City 3
User 33193,user33193@example.com,City 4
User 33194,user33194@example.com,City 5
User 33195,user33195@example.com,City 6
User 33196,user33196@example.com,City 7
User 33197,user33197@example.com,City 8
User 33198,user33198@example.com,City 9
User 33199,user33199@example.com,City 10
User 33200,user33200@example.com,City 1
User 33201,user33201@example.com,City 2
User 33202,user33202@example.com,City 3
User 33203,user33203@example.com,City 4
User 33204,user33204@example.com,City 5
User 33205,user33205@example.com,City 6
User 33206,user33206@example.com,City 7
User 33207,user33207@example.com,City 8
User 33208,user33208@example.com,City 9
User 33209,user33209@example.com,City 10
User 33210,user33210@example.com,City 1
User 33211,user33211@example.com,City 2
User 33212,user33212@example.com,City 3
User 33213,user33213@example.com,City 4
User 33214,user33214@example.com,City 5
User 33215,user33215@example.com,City 6
User 33216,user33216@example.com,City 7
User 33217,user33217@example.com,City 8
User 33218,user33218@example.com,City 9
User 33219,user33219@example.com,City 10
User 33220,user33220@example.com,City 1
User 33221,user33221@example.com,City 2
User 33222,user33222@example.com,City 3
User 33223,user33223@example.com,City 4
User 33224,user33224@example.com,City 5
User 33225,user33225@example.com,City 6
User 33226,user33226@example.com,City 7
User 33227,user33227@example.com,City 8
User 33228,user33228@example.com,City 9
User 33229,user33229@example.com,City 10
User 33230,user33230@example.com,City 1
User 33231,user33231@example.com,City 2
User 33232,user33232@example.com,City 3
User 33233,user33233@example.com,City 4
User 33234,user33234@example.com,City 5
User 33235,user33235@example.com,City 6
User 33236,user33236@example.com,City 7
User 33237,user33237@example.com,City 8
User 33238,user33238@example.com,City 9
User 33239,user33239@example.com,City 10
User 33240,user33240@example.com,City 1
User 33241,user33241@example.com,City 2
User 33242,user33242@example.com,City 3
User 33243,user33243@example.com,City 4
User 33244,user33244@example.com,City 5
User 33245,user33245@example.com,City 6
User 33246,user33246@example.com,City 7
User 33247,user33247@example.com,City 8
User 33248,user33248@example.com,City 9
User 33249,user33249@example.com,City 10
User 33250,user33250@example.com,City 1
User 33251,user33251@example.com,City 2
User 33252,user33252@example.com,City 3
User 33253,user33253@example.com,City 4
User 33254,user33254@example.com,City 5
User 33255,user33255@example.com,City 6
User 33256,user33256@example.com,City 7
User 33257,user33257@example.com,City 8
User 33258,user33258@example.com,City 9
User 33259,user33259@example.com,City 10
User 33260,user33260@example.com,City 1
User 33261,user33261@example.com,City 2
User 33262,user33262@example.com,City 3
User 33263,user33263@example.com,City 4
User 33264,user33264@example.com,City 5
User 33265,user33265@example.com,City 6
User 33266,user33266@example.com,City 7
User 33267,user33267@example.com,City 8
User 33268,user33268@example.com,City 9
User 33269,user33269@example.com,City 10
User 33270,user33270@example.com,City 1
User 33271,user33271@example.com,City 2
User 33272,user33272@example.com,City 3
User 33273,user33273@example.com,City 4
User 33274,user33274@example.com,City 5
User 33275,user33275@example.com,City 6
User 33276,user33276@example.com,City 7
User 33277,user33277@example.com,City 8
User 33278,user33278@example.com,City 9
User 33279,user33279@example.com,City 10
User 33280,user33280@example.com,City 1
User 33281,user33281@example.com,City 2
User 33282,user33282@example.com,City 3
User 33283,user33283@example.com,City 4
User 33284,user33284@example.com,City 5
User 33285,user33285@example.com,City 6
User 33286,user33286@example.com,City 7
User 33287,user33287@example.com,City 8
User 33288,user33288@example.com,City 9
User 33289,user33289@example.com,City 10
User 33290,user33290@example.com,City 1
User 33291,user33291@example.com,City 2
User 33292,user33292@example.com,City 3
User 33293,user33293@example.com,City 4
User 33294,user33294@example.com,City 5
User 33295,user33295@example.com,City 6
User 33296,user33296@example.com,City 7
User 33297,user33297@example.com,City 8
User 33298,user33298@example.com,City 9
User 33299,user33299@example.com,City 10
User 33300,user33300@example.com,City 1
User 33301,user33301@example.com,City 2
User 33302,user33302@example.com,City 3
User 33303,user33303@example.com,City 4
User 33304,user33304@example.com,City 5
User 33305,user33305@example.com,City 6
User 33306,user33306@example.com,City 7
User 33307,user33307@example.com,City 8
User 33308,user33308@example.com,City 9
User 33309,user33309@example.com,City 10
User 33310,user33310@example.com,City 1
User 33311,user33311@example.com,City 2
User 33312,user33312@example.com,City 3
User 33313,user33313@example.com,City 4
User 33314,user33314@example.com,City 5
User 33315,user33315@example.com,City 6
User 33316,user33316@example.com,City 7
User 33317,user33317@example.com,City 8
User 33318,user33318@example.com,City 9
User 33319,user33319@example.com,City 10
User 33320,user33320@example.com,City 1
User 33321,user33321@example.com,City 2
User 33322,user33322@example.com,City 3
User 33323,user33323@example.com,City 4
User 33324,user33324@example.com,City 5
User 33325,user33325@example.com,City 6
User 33326,user33326@example.com,City 7
User 33327,user33327@example.com,City 8
User 33328,user33328@example.com,City 9
User 33329,user33329@example.com,City 10
User 33330,user33330@example.com,City 1
User 33331,user33331@example.com,City 2
User 33332,user33332@example.com,City 3
User 33333,user33333@example.com,City 4
User 33334,user33334@example.com,City 5
User 33335,user33335@example.com,City 6
User 33336,user33336@example.com,City 7
User 33337,user33337@example.com,City 8
User 33338,user33338@example.com,City 9
User 33339,user33339@example.com,City 10
User 33340,user33340@example.com,City 1
User 33341,user33341@example.com,City 2
User 33342,user33342@example.com,City 3
User 33343,user33343@example.com,City 4
User 33344,user33344@example.com,City 5
User 33345,user33345@example.com,City 6
User 33346,user33346@example.com,City 7
User 33347,user33347@example.com,City 8
User 33348,user33348@example.com,City 9
User 33349,user33349@example.com,City 10
User 33350,user33350@example.com,City 1
User 33351,user33351@example.com,City 2
User 33352,user33352@example.com,City 3
User 33353,user33353@example.com,City 4
User 33354,user33354@example.com,City 5
User 33355,user33355@example.com,City 6
User 33356,user33356@example.com,City 7
User 33357,user33357@example.com,City 8
User 33358,user33358@example.com,City 9
User 33359,user33359@example.com,City 10
User 33360,user33360@example.com,City 1
User 33361,user33361@example.com,City 2
User 33362,user33362@example.com,City 3
User 33363,user33363@example.com,City 4
User 33364,user33364@example.com,City 5
User 33365,user33365@example.com,City 6
User 33366,user33366@example.com,City 7
User 33367,user33367@example.com,City 8
User 33368,user33368@example.com,City 9
User 33369,user33369@example.com,City 10
User 33370,user33370@example.com,City 1
User 33371,user33371@example.com,City 2
User 33372,user33372@example.com,City 3
User 33373,user33373@example.com,City 4
User 33374,user33374@example.com,City 5
User 33375,user33375@example.com,City 6
User 33376,user33376@example.com,City 7
User 33377,user33377@example.com,City 8
User 33378,user33378@example.com,City 9
User 33379,user33379@example.com,City 10
User 33380,user33380@example.com,City 1
User 33381,user33381@example.com,City 2
User 33382,user33382@example.com,City 3
User 33383,user33383@example.com,City 4
User 33384,user33384@example.com,City 5
User 33385,user33385@example.com,City 6
User 33386,user33386@example.com,City 7
User 33387,user33387@example.com,City 8
User 33388,user33388@example.com,City 9
User 33389,user33389@example.com,City 10
User 33390,user33390@example.com,City 1
User 33391,user33391@example.com,City 2
User 33392,user33392@example.com,City 3
User 33393,user33393@example.com,City 4
User 33394,user33394@example.com,City 5
User 33395,user33395@example.com,City 6
User 33396,user33396@example.com,City 7
User 33397,user33397@example.com,City 8
User 33398,user33398@example.com,City 9
User 33399,user33399@example.com,City 10
User 33400,user33400@example.com,City 1
User 33401,user33401@example.com,City 2
User 33402,user33402@example.com,City 3
User 33403,user33403@example.com,City 4
User 33404,user33404@example.com,City 5
User 33405,user33405@example.com,City 6
User 33406,user33406@example.com,City 7
User 33407,user33407@example.com,City 8
User 33408,user33408@example.com,City 9
User 33409,user33409@example.com,City 10
User 33410,user33410@example.com,City 1
User 33411,user33411@example.com,City 2
User 33412,user33412@example.com,City 3
User 33413,user33413@example.com,City 4
User 33414,user33414@example.com,City 5
User 33415,user33415@example.com,City 6
User 33416,user33416@example.com,City 7
User 33417,user33417@example.com,City 8
User 33418,user33418@example.com,City 9
User 33419,user33419@example.com,City 10
User 33420,user33420@example.com,City 1
User 33421,user33421@example.com,City 2
User 33422,user33422@example.com,City 3
User 33423,user33423@example.com,City 4
User 33424,user33424@example.com,City 5
User 33425,user33425@example.com,City 6
User 33426,user33426@example.com,City 7
User 33427,user33427@example.com,City 8
User 33428,user33428@example.com,City 9
User 33429,user33429@example.com,City 10
User 33430,user33430@example.com,City 1
User 33431,user33431@example.com,City 2
User 33432,user33432@example.com,City 3
User 33433,user33433@example.com,City 4
User 33434,user33434@example.com,City 5
User 33435,user33435@example.com,City 6
User 33436,user33436@example.com,City 7
User 33437,user33437@example.com,City 8
User 33438,user33438@example.com,City 9
User 33439,user33439@example.com,City 10
User 33440,user33440@example.com,City 1
User 33441,user33441@example.com,City 2
User 33442,user33442@example.com,City 3
User 33443,user33443@example.com,City 4
User 33444,user33444@example.com,City 5
User 33445,user33445@example.com,City 6
User 33446,user33446@example.com,City 7
User 33447,user33447@example.com,City 8
User 33448,user33448@example.com,City 9
User 33449,user33449@example.com,City 10
User 33450,user33450@example.com,City 1
User 33451,user33451@example.com,City 2
User 33452,user33452@example.com,City 3
User 33453,user33453@example.com,City 4
User 33454,user33454@example.com,City 5
User 33455,user33455@example.com,City 6
User 33456,user33456@example.com,City 7
User 33457,user33457@example.com,City 8
User 33458,user33458@example.com,City 9
User 33459,user33459@example.com,City 10
User 33460,user33460@example.com,City 1
User 33461,user33461@example.com,City 2
User 33462,user33462@example.com,City 3
User 33463,user33463@example.com,City 4
User 33464,user33464@example.com,City 5
User 33465,user33465@example.com,City 6
User 33466,user33466@example.com,City 7
User 33467,user33467@example.com,City 8
User 33468,user33468@example.com,City 9
User 33469,user33469@example.com,City 10
User 33470,user33470@example.com,City 1
User 33471,user33471@example.com,City 2
User 33472,user33472@example.com,City 3
User 33473,user33473@example.com,City 4
User 33474,user33474@example.com,City 5
User 33475,user33475@example.com,City 6
User 33476,user33476@example.com,City 7
User 33477,user33477@example.com,City 8
User 33478,user33478@example.com,City 9
User 33479,user33479@example.com,City 10
User 33480,user33480@example.com,City 1
User 33481,user33481@example.com,City 2
User 33482,user33482@example.com,City 3
User 33483,user33483@example.com,City 4
User 33484,user33484@example.com,City 5
User 33485,user33485@example.com,City 6
User 33486,user33486@example.com,City 7
User 33487,user33487@example.com,City 8
User 33488,user33488@example.com,City 9
User 33489,user33489@example.com,City 10
User 33490,user33490@example.com,City 1
User 33491,user33491@example.com,City 2
User 33492,user33492@example.com,City 3
User 33493,user33493@example.com,City 4
User 33494,user33494@example.com,City 5
User 33495,user33495@example.com,City 6
User 33496,user33496@example.com,City 7
User 33497,user33497@example.com,City 8
User 33498,user33498@example.com,City 9
User 33499,user33499@example.com,City 10
User 33500,user33500@example.com,City 1
User 33501,user33501@example.com,City 2
User 33502,user33502@example.com,City 3
User 33503,user33503@example.com,City 4
User 33504,user33504@example.com,City 5
User 33505,user33505@example.com,City 6
User 33506,user33506@example.com,City 7
User 33507,user33507@example.com,City 8
User 33508,user33508@example.com,City 9
User 33509,user33509@example.com,City 10
User 33510,user33510@example.com,City 1
User 33511,user33511@example.com,City 2
User 33512,user33512@example.com,City 3
User 33513,user33513@example.com,City 4
User 33514,user33514@example.com,City 5
User 33515,user33515@example.com,City 6
User 33516,user33516@example.com,City 7
User 33517,user33517@example.com,City 8
User 33518,user33518@example.com,City 9
User 33519,user33519@example.com,City 10
User 33520,user33520@example.com,City 1
User 33521,user33521@example.com,City 2
User 33522,user33522@example.com,City 3
User 33523,user33523@example.com,City 4
User 33524,user33524@example.com,City 5
User 33525,user33525@example.com,City 6
User 33526,user33526@example.com,City 7
User 33527,user33527@example.com,City 8
User 33528,user33528@example.com,City 9
User 33529,user33529@example.com,City 10
User 33530,user33530@example.com,City 1
User 33531,user33531@example.com,City 2
User 33532,user33532@example.com,City 3
User 33533,user33533@example.com,City 4
User 33534,user33534@example.com,City 5
User 33535,user33535@example.com,City 6
User 33536,user33536@example.com,City 7
User 33537,user33537@example.com,City 8
User 33538,user33538@example.com,City 9
User 33539,user33539@example.com,City 10
User 33540,user33540@example.com,City 1
User 33541,user33541@example.com,City 2
User 33542,user33542@example.com,City 3
User 33543,user33543@example.com,City 4
User 33544,user33544@example.com,City 5
User 33545,user33545@example.com,City 6
User 33546,user33546@example.com,City 7
User 33547,user33547@example.com,City 8
User 33548,user33548@example.com,City 9
User 33549,user33549@example.com,City 10
User 33550,user33550@example.com,City 1
User 33551,user33551@example.com,City 2
User 33552,user33552@example.com,City 3
User 33553,user33553@example.com,City 4
User 33554,user33554@example.com,City 5
User 33555,user33555@example.com,City 6
User 33556,user33556@example.com,City 7
User 33557,user33557@example.com,City 8
User 33558,user33558@example.com,City 9
User 33559,user33559@example.com,City 10
User 33560,user33560@example.com,City 1
User 33561,user33561@example.com,City 2
User 33562,user33562@example.com,City 3
User 33563,user33563@example.com,City 4
User 33564,user33564@example.com,City 5
User 33565,user33565@example.com,City 6
User 33566,user33566@example.com,City 7
User 33567,user33567@example.com,City 8
User 33568,user33568@example.com,City 9
User 33569,user33569@example.com,City 10
User 33570,user33570@example.com,City 1
User 33571,user33571@example.com,City 2
User 33572,user33572@example.com,City 3
User 33573,user33573@example.com,City 4
User 33574,user33574@example.com,City 5
User 33575,user33575@example.com,City 6
User 33576,user33576@example.com,City 7
User 33577,user33577@example.com,City 8
User 33578,user33578@example.com,City 9
User 33579,user33579@example.com,City 10
User 33580,user33580@example.com,City 1
User 33581,user33581@example.com,City 2
User 33582,user33582@example.com,City 3
User 33583,user33583@example.com,City 4
User 33584,user33584@example.com,City 5
User 33585,user33585@example.com,City 6
User 33586,user33586@example.com,City 7
User 33587,user33587@example.com,City 8
User 33588,user33588@example.com,City 9
User 33589,user33589@example.com,City 10
User 33590,user33590@example.com,City 1
User 33591,user33591@example.com,City 2
User 33592,user33592@example.com,City 3
User 33593,user33593@example.com,City 4
User 33594,user33594@example.com,City 5
User 33595,user33595@example.com,City 6
User 33596,user33596@example.com,City 7
User 33597,user33597@example.com,City 8
User 33598,user33598@example.com,City 9
User 33599,user33599@example.com,City 10
User 33600,user33600@example.com,City 1
User 33601,user33601@example.com,City 2
User 33602,user33602@example.com,City 3
User 33603,user33603@example.com,City 4
User 33604,user33604@example.com,City 5
User 33605,user33605@example.com,City 6
User 33606,user33606@example.com,City 7
User 33607,user33607@example.com,City 8
User 33608,user33608@example.com,City 9
User 33609,user33609@example.com,City 10
User 33610,user33610@example.com,City 1
User 33611,user33611@example.com,City 2
User 33612,user33612@example.com,City 3
User 33613,user33613@example.com,City 4
User 33614,user33614@example.com,City 5
User 33615,user33615@example.com,City 6
User 33616,user33616@example.com,City 7
User 33617,user33617@example.com,City 8
User 33618,user33618@example.com,City 9
User 33619,user33619@example.com,City 10
User 33620,user33620@example.com,City 1
User 33621,user33621@example.com,City 2
User 33622,user33622@example.com,City 3
User 33623,user33623@example.com,City 4
User 33624,user33624@example.com,City 5
User 33625,user33625@example.com,City 6
User 33626,user33626@example.com,City 7
User 33627,user33627@example.com,City 8
User 33628,user33628@example.com,City 9
User 33629,user33629@example.com,City 10
User 33630,user33630@example.com,City 1
User 33631,user33631@example.com,City 2
User 33632,user33632@example.com,City 3
User 33633,user33633@example.com,City 4
User 33634,user33634@example.com,City 5
User 33635,user33635@example.com,City 6
User 33636,user33636@example.com,City 7
User 33637,user33637@example.com,City 8
User 33638,user33638@example.com,City 9
User 33639,user33639@example.com,City 10
User 33640,user33640@example.com,City 1
User 33641,user33641@example.com,City 2
User 33642,user33642@example.com,City 3
User 33643,user33643@example.com,City 4
User 33644,user33644@example.com,City 5
User 33645,user33645@example.com,City 6
User 33646,user33646@example.com,City 7
User 33647,user33647@example.com,City 8
User 33648,user33648@example.com,City 9
User 33649,user33649@example.com,City 10
User 33650,user33650@example.com,City 1
User 33651,user33651@example.com,City 2
User 33652,user33652@example.com,City 3
User 33653,user33653@example.com,City 4
User 33654,user33654@example.com,City 5
User 33655,user33655@example.com,City 6
User 33656,user33656@example.com,City 7
User 33657,user33657@example.com,City 8
User 33658,user33658@example.com,City 9
User 33659,user33659@example.com,City 10
User 33660,user33660@example.com,City 1
User 33661,user33661@example.com,City 2
User 33662,user33662@example.com,City 3
User 33663,user33663@example.com,City 4
User 33664,user33664@example.com,City 5
User 33665,user33665@example.com,City 6
User 33666,user33666@example.com,City 7
User 33667,user33667@example.com,City 8
User 33668,user33668@example.com,City 9
User 33669,user33669@example.com,City 10
User 33670,user33670@example.com,City 1
User 33671,user33671@example.com,City 2
User 33672,user33672@example.com,City 3
User 33673,user33673@example.com,City 4
User 33674,user33674@example.com,City 5
User 33675,user33675@example.com,City 6
User 33676,user33676@example.com,City 7
User 33677,user33677@example.com,City 8
User 33678,user33678@example.com,City 9
User 33679,user33679@example.com,City 10
User 33680,user33680@example.com,City 1
User 33681,user33681@example.com,City 2
User 33682,user33682@example.com,City 3
User 33683,user33683@example.com,City 4
User 33684,user33684@example.com,City 5
User 33685,user33685@example.com,City 6
User 33686,user33686@example.com,City 7
User 33687,user33687@example.com,City 8
User 33688,user33688@example.com,City 9
User 33689,user33689@example.com,City 10
User 33690,user33690@example.com,City 1
User 33691,user33691@example.com,City 2
User 33692,user33692@example.com,City 3
User 33693,user33693@example.com,City 4
User 33694,user33694@example.com,City 5
User 33695,user33695@example.com,City 6
User 33696,user33696@example.com,City 7
User 33697,user33697@example.com,City 8
User 33698,user33698@example.com,City 9
User 33699,user33699@example.com,City 10
User 33700,user33700@example.com,City 1
User 33701,user33701@example.com,City 2
User 33702,user33702@example.com,City 3
User 33703,user33703@example.com,City 4
User 33704,user33704@example.com,City 5
User 33705,user33705@example.com,City 6
User 33706,user33706@example.com,City 7
User 33707,user33707@example.com,City 8
User 33708,user33708@example.com,City 9
User 33709,user33709@example.com,City 10
User 33710,user33710@example.com,City 1
User 33711,user33711@example.com,City 2
User 33712,user33712@example.com,City 3
User 33713,user33713@example.com,City 4
User 33714,user33714@example.com,City 5
User 33715,user33715@example.com,City 6
User 33716,user33716@example.com,City 7
User 33717,user33717@example.com,City 8
User 33718,user33718@example.com,City 9
User 33719,user33719@example.com,City 10
User 33720,user33720@example.com,City 1
User 33721,user33721@example.com,City 2
User 33722,user33722@example.com,City 3
User 33723,user33723@example.com,City 4
User 33724,user33724@example.com,City 5
User 33725,user33725@example.com,City 6
User 33726,user33726@example.com,City 7
User 33727,user33727@example.com,City 8
User 33728,user33728@example.com,City 9
User 33729,user33729@example.com,City 10
User 33730,user33730@example.com,City 1
User 33731,user33731@example.com,City 2
User 33732,user33732@example.com,City 3
User 33733,user33733@example.com,City 4
User 33734,user33734@example.com,City 5
User 33735,user33735@example.com,City 6
User 33736,user33736@example.com,City 7
User 33737,user33737@example.com,City 8
User 33738,user33738@example.com,City 9
User 33739,user33739@example.com,City 10
User 33740,user33740@example.com,City 1
User 33741,user33741@example.com,City 2
User 33742,user33742@example.com,City 3
User 33743,user33743@example.com,City 4
User 33744,user33744@example.com,City 5
User 33745,user33745@example.com,City 6
User 33746,user33746@example.com,City 7
User 33747,user33747@example.com,City 8
User 33748,user33748@example.com,City 9
User 33749,user33749@example.com,City 10
User 33750,user33750@example.com,City 1
User 33751,user33751@example.com,City 2
User 33752,user33752@example.com,City 3
User 33753,user33753@example.com,City 4
User 33754,user33754@example.com,City 5
User 33755,user33755@example.com,City 6
User 33756,user33756@example.com,City 7
User 33757,user33757@example.com,City 8
User 33758,user33758@example.com,City 9
User 33759,user33759@example.com,City 10
User 33760,user33760@example.com,City 1
User 33761,user33761@example.com,City 2
User 33762,user33762@example.com,City 3
User 33763,user33763@example.com,City 4
User 33764,user33764@example.com,City 5
User 33765,user33765@example.com,City 6
User 33766,user33766@example.com,City 7
User 33767,user33767@example.com,City 8
User 33768,user33768@example.com,City 9
User 33769,user33769@example.com,City 10
User 33770,user33770@example.com,City 1
User 33771,user33771@example.com,City 2
User 33772,user33772@example.com,City 3
User 33773,user33773@example.com,City 4
User 33774,user33774@example.com,City 5
User 33775,user33775@example.com,City 6
User 33776,user33776@example.com,City 7
User 33777,user33777@example.com,City 8
User 33778,user33778@example.com,City 9
User 33779,user33779@example.com,City 10
User 33780,user33780@example.com,City 1
User 33781,user33781@example.com,City 2
User 33782,user33782@example.com,City 3
User 33783,user33783@example.com,City 4
User 33784,user33784@example.com,City 5
User 33785,user33785@example.com,City 6
User 33786,user33786@example.com,City 7
User 33787,user33787@example.com,City 8
User 33788,user33788@example.com,City 9
User 33789,user33789@example.com,City 10
User 33790,user33790@example.com,City 1
User 33791,user33791@example.com,City 2
User 33792,user33792@example.com,City 3
User 33793,user33793@example.com,City 4
User 33794,user33794@example.com,City 5
User 33795,user33795@example.com,City 6
User 33796,user33796@example.com,City 7
User 33797,user33797@example.com,City 8
User 33798,user33798@example.com,City 9
User 33799,user33799@example.com,City 10
User 33800,user33800@example.com,City 1
User 33801,user33801@example.com,City 2
User 33802,user33802@example.com,City 3
User 33803,user33803@example.com,City 4
User 33804,user33804@example.com,City 5
User 33805,user33805@example.com,City 6
User 33806,user33806@example.com,City 7
User 33807,user33807@example.com,City 8
User 33808,user33808@example.com,City 9
User 33809,user33809@example.com,City 10
User 33810,user33810@example.com,City 1
User 33811,user33811@example.com,City 2
User 33812,user33812@example.com,City 3
User 33813,user33813@example.com,City 4
User 33814,user33814@example.com,City 5
User 33815,user33815@example.com,City 6
User 33816,user33816@example.com,City 7
User 33817,user33817@example.com,City 8
User 33818,user33818@example.com,City 9
User 33819,user33819@example.com,City 10
User 33820,user33820@example.com,City 1
User 33821,user33821@example.com,City 2
User 33822,user33822@example.com,City 3
User 33823,user33823@example.com,City 4
User 33824,user33824@example.com,City 5
User 33825,user33825@example.com,City 6
User 33826,user33826@example.com,City 7
User 33827,user33827@example.com,City 8
User 33828,user33828@example.com,City 9
User 33829,user33829@example.com,City 10
User 33830,user33830@example.com,City 1
User 33831,user33831@example.com,City 2
User 33832,user33832@example.com,City 3
User 33833,user33833@example.com,City 4
User 33834,user33834@example.com,City 5
User 33835,user33835@example.com,City 6
User 33836,user33836@example.com,City 7
User 33837,user33837@example.com,City 8
User 33838,user33838@example.com,City 9
User 33839,user33839@example.com,City 10
User 33840,user33840@example.com,City 1
User 33841,user33841@example.com,City 2
User 33842,user33842@example.com,City 3
User 33843,user33843@example.com,City 4
User 33844,user33844@example.com,City 5
User 33845,user33845@example.com,City 6
User 33846,user33846@example.com,City 7
User 33847,user33847@example.com,City 8
User 33848,user33848@example.com,City 9
User 33849,user33849@example.com,City 10
User 33850,user33850@example.com,City 1
User 33851,user33851@example.com,City 2
User 33852,user33852@example.com,City 3
User 33853,user33853@example.com,City 4
User 33854,user33854@example.com,City 5
User 33855,user33855@example.com,City 6
User 33856,user33856@example.com,City 7
User 33857,user33857@example.com,City 8
User 33858,user33858@example.com,City 9
User 33859,user33859@example.com,City 10
User 33860,user33860@example.com,City 1
User 33861,user33861@example.com,City 2
User 33862,user33862@example.com,City 3
User 33863,user33863@example.com,City 4
User 33864,user33864@example.com,City 5
User 33865,user33865@example.com,City 6
User 33866,user33866@example.com,City 7
User 33867,user33867@example.com,City 8
User 33868,user33868@example.com,City 9
User 33869,user33869@example.com,City 10
User 33870,user33870@example.com,City 1
User 33871,user33871@example.com,City 2
User 33872,user33872@example.com,City 3
User 33873,user33873@example.com,City 4
User 33874,user33874@example.com,City 5
User 33875,user33875@example.com,City 6
User 33876,user33876@example.com,City 7
User 33877,user33877@example.com,City 8
User 33878,user33878@example.com,City 9
User 33879,user33879@example.com,City 10
User 33880,user33880@example.com,City 1
User 33881,user33881@example.com,City 2
User 33882,user33882@example.com,City 3
User 33883,user33883@example.com,City 4
User 33884,user33884@example.com,City 5
User 33885,user33885@example.com,City 6
User 33886,user33886@example.com,City 7
User 33887,user33887@example.com,City 8
User 33888,user33888@example.com,City 9
User 33889,user33889@example.com,City 10
User 33890,user33890@example.com,City 1
User 33891,user33891@example.com,City 2
User 33892,user33892@example.com,City 3
User 33893,user33893@example.com,City 4
User 33894,user33894@example.com,City 5
User 33895,user33895@example.com,City 6
User 33896,user33896@example.com,City 7
User 33897,user33897@example.com,City 8
User 33898,user33898@example.com,City 9
User 33899,user33899@example.com,City 10
User 33900,user33900@example.com,City 1
User 33901,user33901@example.com,City 2
User 33902,user33902@example.com,City 3
User 33903,user33903@example.com,City 4
User 33904,user33904@example.com,City 5
User 33905,user33905@example.com,City 6
User 33906,user33906@example.com,City 7
User 33907,user33907@example.com,City 8
User 33908,user33908@example.com,City 9
User 33909,user33909@example.com,City 10
User 33910,user33910@example.com,City 1
User 33911,user33911@example.com,City 2
User 33912,user33912@example.com,City 3
User 33913,user33913@example.com,City 4
User 33914,user33914@example.com,City 5
User 33915,user33915@example.com,City 6
User 33916,user33916@example.com,City 7
User 33917,user33917@example.com,City 8
User 33918,user33918@example.com,City 9
User 33919,user33919@example.com,City 10
User 33920,user33920@example.com,City 1
User 33921,user33921@example.com,City 2
User 33922,user33922@example.com,City 3
User 33923,user33923@example.com,City 4
User 33924,user33924@example.com,City 5
User 33925,user33925@example.com,City 6
User 33926,user33926@example.com,City 7
User 33927,user33927@example.com,City 8
User 33928,user33928@example.com,City 9
User 33929,user33929@example.com,City 10
User 33930,user33930@example.com,City 1
User 33931,user33931@example.com,City 2
User 33932,user33932@example.com,City 3
User 33933,user33933@example.com,City 4
User 33934,user33934@example.com,City 5
User 33935,user33935@example.com,City 6
User 33936,user33936@example.com,City 7
User 33937,user33937@example.com,City 8
User 33938,user33938@example.com,City 9
User 33939,user33939@example.com,City 10
User 33940,user33940@example.com,City 1
User 33941,user33941@example.com,City 2
User 33942,user33942@example.com,City 3
User 33943,user33943@example.com,City 4
User 33944,user33944@example.com,City 5
User 33945,user33945@example.com,City 6
User 33946,user33946@example.com,City 7
User 33947,user33947@example.com,City 8
User 33948,user33948@example.com,City 9
User 33949,user33949@example.com,City 10
User 33950,user33950@example.com,City 1
User 33951,user33951@example.com,City 2
User 33952,user33952@example.com,City 3
User 33953,user33953@example.com,City 4
User 33954,user33954@example.com,City 5
User 33955,user33955@example.com,City 6
User 33956,user33956@example.com,City 7
User 33957,user33957@example.com,City 8
User 33958,user33958@example.com,City 9
User 33959,user33959@example.com,City 10
User 33960,user33960@example.com,City 1
User 33961,user33961@example.com,City 2
User 33962,user33962@example.com,City 3
User 33963,user33963@example.com,City 4
User 33964,user33964@example.com,City 5
User 33965,user33965@example.com,City 6
User 33966,user33966@example.com,City 7
User 33967,user33967@example.com,City 8
User 33968,user33968@example.com,City 9
User 33969,user33969@example.com,City 10
User 33970,user33970@example.com,City 1
User 33971,user33971@example.com,City 2
User 33972,user33972@example.com,City 3
User 33973,user33973@example.com,City 4
User 33974,user33974@example.com,City 5
User 33975,user33975@example.com,City 6
User 33976,user33976@example.com,City 7
User 33977,user33977@example.com,City 8
User 33978,user33978@example.com,City 9
User 33979,user33979@example.com,City 10
User 33980,user33980@example.com,City 1
User 33981,user33981@example.com,City 2
User 33982,user33982@example.com,City 3
User 33983,user33983@example.com,City 4
User 33984,user33984@example.com,City 5
User 33985,user33985@example.com,City 6
User 33986,user33986@example.com,City 7
User 33987,user33987@example.com,City 8
User 33988,user33988@example.com,City 9
User 33989,user33989@example.com,City 10
User 33990,user33990@example.com,City 1
User 33991,user33991@example.com,City 2
User 33992,user33992@example.com,City 3
User 33993,user33993@example.com,City 4
User 33994,user33994@example.com,City 5
User 33995,user33995@example.com,City 6
User 33996,user33996@example.com,City 7
User 33997,user33997@example.com,City 8
User 33998,user33998@example.com,City 9
User 33999,user33999@example.com,City 10
User 34000,user34000@example.com,City 1
User 34001,user34001@example.com,City 2
User 34002,user34002@example.com,City 3
User 34003,user34003@example.com,City 4
User 34004,user34004@example.com,City 5
User 34005,user34005@example.com,City 6
User 34006,user34006@example.com,City 7
User 34007,user34007@example.com,City 8
User 34008,user34008@example.com,City 9
User 34009,user34009@example.com,City 10
User 34010,user34010@example.com,City 1
User 34011,user34011@example.com,City 2
User 34012,user34012@example.com,City 3
User 34013,user34013@example.com,City 4
User 34014,user34014@example.com,City 5
User 34015,user34015@example.com,City 6
User 34016,user34016@example.com,City 7
User 34017,user34017@example.com,City 8
User 34018,user34018@example.com,City 9
User 34019,user34019@example.com,City 10
User 34020,user34020@example.com,City 1
User 34021,user34021@example.com,City 2
User 34022,user34022@example.com,City 3
User 34023,user34023@example.com,City 4
User 34024,user34024@example.com,City 5
User 34025,user34025@example.com,City 6
User 34026,user34026@example.com,City 7
User 34027,user34027@example.com,City 8
User 34028,user34028@example.com,City 9
User 34029,user34029@example.com,City 10
User 34030,user34030@example.com,City 1
User 34031,user34031@example.com,City 2
User 34032,user34032@example.com,City 3
User 34033,user34033@example.com,City 4
User 34034,user34034@example.com,City 5
User 34035,user34035@example.com,City 6
User 34036,user34036@example.com,City 7
User 34037,user34037@example.com,City 8
User 34038,user34038@example.com,City 9
User 34039,user34039@example.com,City 10
User 34040,user34040@example.com,City 1
User 34041,user34041@example.com,City 2
User 34042,user34042@example.com,City 3
User 34043,user34043@example.com,City 4
User 34044,user34044@example.com,City 5
User 34045,user34045@example.com,City 6
User 34046,user34046@example.com,City 7
User 34047,user34047@example.com,City 8
User 34048,user34048@example.com,City 9
User 34049,user34049@example.com,City 10
User 34050,user34050@example.com,City 1
User 34051,user34051@example.com,City 2
User 34052,user34052@example.com,City 3
User 34053,user34053@example.com,City 4
User 34054,user34054@example.com,City 5
User 34055,user34055@example.com,City 6
User 34056,user34056@example.com,City 7
User 34057,user34057@example.com,City 8
User 34058,user34058@example.com,City 9
User 34059,user34059@example.com,City 10
User 34060,user34060@example.com,City 1
User 34061,user34061@example.com,City 2
User 34062,user34062@example.com,City 3
User 34063,user34063@example.com,City 4
User 34064,user34064@example.com,City 5
User 34065,user34065@example.com,City 6
User 34066,user34066@example.com,City 7
User 34067,user34067@example.com,City 8
User 34068,user34068@example.com,City 9
User 34069,user34069@example.com,City 10
User 34070,user34070@example.com,City 1
User 34071,user34071@example.com,City 2
User 34072,user34072@example.com,City 3
User 34073,user34073@example.com,City 4
User 34074,user34074@example.com,City 5
User 34075,user34075@example.com,City 6
User 34076,user34076@example.com,City 7
User 34077,user34077@example.com,City 8
User 34078,user34078@example.com,City 9
User 34079,user34079@example.com,City 10
User 34080,user34080@example.com,City 1
User 34081,user34081@example.com,City 2
User 34082,user34082@example.com,City 3
User 34083,user34083@example.com,City 4
User 34084,user34084@example.com,City 5
User 34085,user34085@example.com,City 6
User 34086,user34086@example.com,City 7
User 34087,user34087@example.com,City 8
User 34088,user34088@example.com,City 9
User 34089,user34089@example.com,City 10
User 34090,user34090@example.com,City 1
User 34091,user34091@example.com,City 2
User 34092,user34092@example.com,City 3
User 34093,user34093@example.com,City 4
User 34094,user34094@example.com,City 5
User 34095,user34095@example.com,City 6
User 34096,user34096@example.com,City 7
User 34097,user34097@example.com,City 8
User 34098,user34098@example.com,City 9
User 34099,user34099@example.com,City 10
User 34100,user34100@example.com,City 1
User 34101,user34101@example.com,City 2
User 34102,user34102@example.com,City 3
User 34103,user34103@example.com,City 4
User 34104,user34104@example.com,City 5
User 34105,user34105@example.com,City 6
User 34106,user34106@example.com,City 7
User 34107,user34107@example.com,City 8
User 34108,user34108@example.com,City 9
User 34109,user34109@example.com,City 10
User 34110,user34110@example.com,City 1
User 34111,user34111@example.com,City 2
User 34112,user34112@example.com,City 3
User 34113,user34113@example.com,City 4
User 34114,user34114@example.com,City 5
User 34115,user34115@example.com,City 6
User 34116,user34116@example.com,City 7
User 34117,user34117@example.com,City 8
User 34118,user34118@example.com,City 9
User 34119,user34119@example.com,City 10
User 34120,user34120@example.com,City 1
User 34121,user34121@example.com,City 2
User 34122,user34122@example.com,City 3
User 34123,user34123@example.com,City 4
User 34124,user34124@example.com,City 5
User 34125,user34125@example.com,City 6
User 34126,user34126@example.com,City 7
User 34127,user34127@example.com,City 8
User 34128,user34128@example.com,City 9
User 34129,user34129@example.com,City 10
User 34130,user34130@example.com,City 1
User 34131,user34131@example.com,City 2
User 34132,user34132@example.com,City 3
User 34133,user34133@example.com,City 4
User 34134,user34134@example.com,City 5
User 34135,user34135@example.com,City 6
User 34136,user34136@example.com,City 7
User 34137,user34137@example.com,City 8
User 34138,user34138@example.com,City 9
User 34139,user34139@example.com,City 10
User 34140,user34140@example.com,City 1
User 34141,user34141@example.com,City 2
User 34142,user34142@example.com,City 3
User 34143,user34143@example.com,City 4
User 34144,user34144@example.com,City 5
User 34145,user34145@example.com,City 6
User 34146,user34146@example.com,City 7
User 34147,user34147@example.com,City 8
User 34148,user34148@example.com,City 9
User 34149,user34149@example.com,City 10
User 34150,user34150@example.com,City 1
User 34151,user34151@example.com,City 2
User 34152,user34152@example.com,City 3
User 34153,user34153@example.com,City 4
User 34154,user34154@example.com,City 5
User 34155,user34155@example.com,City 6
User 34156,user34156@example.com,City 7
User 34157,user34157@example.com,City 8
User 34158,user34158@example.com,City 9
User 34159,user34159@example.com,City 10
User 34160,user34160@example.com,City 1
User 34161,user34161@example.com,City 2
User 34162,user34162@example.com,City 3
User 34163,user34163@example.com,City 4
User 34164,user34164@example.com,City 5
User 34165,user34165@example.com,City 6
User 34166,user34166@example.com,City 7
User 34167,user34167@example.com,City 8
User 34168,user34168@example.com,City 9
User 34169,user34169@example.com,City 10
User 34170,user34170@example.com,City 1
User 34171,user34171@example.com,City 2
User 34172,user34172@example.com,City 3
User 34173,user34173@example.com,City 4
User 34174,user34174@example.com,City 5
User 34175,user34175@example.com,City 6
User 34176,user34176@example.com,City 7
User 34177,user34177@example.com,City 8
User 34178,user34178@example.com,City 9
User 34179,user34179@example.com,City 10
User 34180,user34180@example.com,City 1
User 34181,user34181@example.com,City 2
User 34182,user34182@example.com,City 3
User 34183,user34183@example.com,City 4
User 34184,user34184@example.com,City 5
User 34185,user34185@example.com,City 6
User 34186,user34186@example.com,City 7
User 34187,user34187@example.com,City 8
User 34188,user34188@example.com,City 9
User 34189,user34189@example.com,City 10
User 34190,user34190@example.com,City 1
User 34191,user34191@example.com,City 2
User 34192,user34192@example.com,City 3
User 34193,user34193@example.com,City 4
User 34194,user34194@example.com,City 5
User 34195,user34195@example.com,City 6
User 34196,user34196@example.com,City 7
User 34197,user34197@example.com,City 8
User 34198,user34198@example.com,City 9
User 34199,user34199@example.com,City 10
User 34200,user34200@example.com,City 1
User 34201,user34201@example.com,City 2
User 34202,user34202@example.com,City 3
User 34203,user34203@example.com,City 4
User 34204,user34204@example.com,City 5
User 34205,user34205@example.com,City 6
User 34206,user34206@example.com,City 7
User 34207,user34207@example.com,City 8
User 34208,user34208@example.com,City 9
User 34209,user34209@example.com,City 10
User 34210,user34210@example.com,City 1
User 34211,user34211@example.com,City 2
User 34212,user34212@example.com,City 3
User 34213,user34213@example.com,City 4
User 34214,user34214@example.com,City 5
User 34215,user34215@example.com,City 6
User 34216,user34216@example.com,City 7
User 34217,user34217@example.com,City 8
User 34218,user34218@example.com,City 9
User 34219,user34219@example.com,City 10
User 34220,user34220@example.com,City 1
User 34221,user34221@example.com,City 2
User 34222,user34222@example.com,City 3
User 34223,user34223@example.com,City 4
User 34224,user34224@example.com,City 5
User 34225,user34225@example.com,City 6
User 34226,user34226@example.com,City 7
User 34227,user34227@example.com,City 8
User 34228,user34228@example.com,City 9
User 34229,user34229@example.com,City 10
User 34230,user34230@example.com,City 1
User 34231,user34231@example.com,City 2
User 34232,user34232@example.com,City 3
User 34233,user34233@example.com,City 4
User 34234,user34234@example.com,City 5
User 34235,user34235@example.com,City 6
User 34236,user34236@example.com,City 7
User 34237,user34237@example.com,City 8
User 34238,user34238@example.com,City 9
User 34239,user34239@example.com,City 10
User 34240,user34240@example.com,City 1
User 34241,user34241@example.com,City 2
User 34242,user34242@example.com,City 3
User 34243,user34243@example.com,City 4
User 34244,user34244@example.com,City 5
User 34245,user34245@example.com,City 6
User 34246,user34246@example.com,City 7
User 34247,user34247@example.com,City 8
User 34248,user34248@example.com,City 9
User 34249,user34249@example.com,City 10
User 34250,user34250@example.com,City 1
User 34251,user34251@example.com,City 2
User 34252,user34252@example.com,City 3
User 34253,user34253@example.com,City 4
User 34254,user34254@example.com,City 5
User 34255,user34255@example.com,City 6
User 34256,user34256@example.com,City 7
User 34257,user34257@example.com,City 8
User 34258,user34258@example.com,City 9
User 34259,user34259@example.com,City 10
User 34260,user34260@example.com,City 1
User 34261,user34261@example.com,City 2
User 34262,user34262@example.com,City 3
User 34263,user34263@example.com,City 4
User 34264,user34264@example.com,City 5
User 34265,user34265@example.com,City 6
User 34266,user34266@example.com,City 7
User 34267,user34267@example.com,City 8
User 34268,user34268@example.com,City 9
User 34269,user34269@example.com,City 10
User 34270,user34270@example.com,City 1
User 34271,user34271@example.com,City 2
User 34272,user34272@example.com,City 3
User 34273,user34273@example.com,City 4
User 34274,user34274@example.com,City 5
User 34275,user34275@example.com,City 6
User 34276,user34276@example.com,City 7
User 34277,user34277@example.com,City 8
User 34278,user34278@example.com,City 9
User 34279,user34279@example.com,City 10
User 34280,user34280@example.com,City 1
User 34281,user34281@example.com,City 2
User 34282,user34282@example.com,City 3
User 34283,user34283@example.com,City 4
User 34284,user34284@example.com,City 5
User 34285,user34285@example.com,City 6
User 34286,user34286@example.com,City 7
User 34287,user34287@example.com,City 8
User 34288,user34288@example.com,City 9
User 34289,user34289@example.com,City 10
User 34290,user34290@example.com,City 1
User 34291,user34291@example.com,City 2
User 34292,user34292@example.com,City 3
User 34293,user34293@example.com,City 4
User 34294,user34294@example.com,City 5
User 34295,user34295@example.com,City 6
User 34296,user34296@example.com,City 7
User 34297,user34297@example.com,City 8
User 34298,user34298@example.com,City 9
User 34299,user34299@example.com,City 10
User 34300,user34300@example.com,City 1
User 34301,user34301@example.com,City 2
User 34302,user34302@example.com,City 3
User 34303,user34303@example.com,City 4
User 34304,user34304@example.com,City 5
User 34305,user34305@example.com,City 6
User 34306,user34306@example.com,City 7
User 34307,user34307@example.com,City 8
User 34308,user34308@example.com,City 9
User 34309,user34309@example.com,City 10
User 34310,user34310@example.com,City 1
User 34311,user34311@example.com,City 2
User 34312,user34312@example.com,City 3
User 34313,user34313@example.com,City 4
User 34314,user34314@example.com,City 5
User 34315,user34315@example.com,City 6
User 34316,user34316@example.com,City 7
User 34317,user34317@example.com,City 8
User 34318,user34318@example.com,City 9
User 34319,user34319@example.com,City 10
User 34320,user34320@example.com,City 1
User 34321,user34321@example.com,City 2
User 34322,user34322@example.com,City 3
User 34323,user34323@example.com,City 4
User 34324,user34324@example.com,City 5
User 34325,user34325@example.com,City 6
User 34326,user34326@example.com,City 7
User 34327,user34327@example.com,City 8
User 34328,user34328@example.com,City 9
User 34329,user34329@example.com,City 10
User 34330,user34330@example.com,City 1
User 34331,user34331@example.com,City 2
User 34332,user34332@example.com,City 3
User 34333,user34333@example.com,City 4
User 34334,user34334@example.com,City 5
User 34335,user34335@example.com,City 6
User 34336,user34336@example.com,City 7
User 34337,user34337@example.com,City 8
User 34338,user34338@example.com,City 9
User 34339,user34339@example.com,City 10
User 34340,user34340@example.com,City 1
User 34341,user34341@example.com,City 2
User 34342,user34342@example.com,City 3
User 34343,user34343@example.com,City 4
User 34344,user34344@example.com,City 5
User 34345,user34345@example.com,City 6
User 34346,user34346@example.com,City 7
User 34347,user34347@example.com,City 8
User 34348,user34348@example.com,City 9
User 34349,user34349@example.com,City 10
User 34350,user34350@example.com,City 1
User 34351,user34351@example.com,City 2
User 34352,user34352@example.com,City 3
User 34353,user34353@example.com,City 4
User 34354,user34354@example.com,City 5
User 34355,user34355@example.com,City 6
User 34356,user34356@example.com,City 7
User 34357,user34357@example.com,City 8
User 34358,user34358@example.com,City 9
User 34359,user34359@example.com,City 10
User 34360,user34360@example.com,City 1
User 34361,user34361@example.com,City 2
User 34362,user34362@example.com,City 3
User 34363,user34363@example.com,City 4
User 34364,user34364@example.com,City 5
User 34365,user34365@example.com,City 6
User 34366,user34366@example.com,City 7
User 34367,user34367@example.com,City 8
User 34368,user34368@example.com,City 9
User 34369,user34369@example.com,City 10
User 34370,user34370@example.com,City 1
User 34371,user34371@example.com,City 2
User 34372,user34372@example.com,City 3
User 34373,user34373@example.com,City 4
User 34374,user34374@example.com,City 5
User 34375,user34375@example.com,City 6
User 34376,user34376@example.com,City 7
User 34377,user34377@example.com,City 8
User 34378,user34378@example.com,City 9
User 34379,user34379@example.com,City 10
User 34380,user34380@example.com,City 1
User 34381,user34381@example.com,City 2
User 34382,user34382@example.com,City 3
User 34383,user34383@example.com,City 4
User 34384,user34384@example.com,City 5
User 34385,user34385@example.com,City 6
User 34386,user34386@example.com,City 7
User 34387,user34387@example.com,City 8
User 34388,user34388@example.com,City 9
User 34389,user34389@example.com,City 10
User 34390,user34390@example.com,City 1
User 34391,user34391@example.com,City 2
User 34392,user34392@example.com,City 3
User 34393,user34393@example.com,City 4
User 34394,user34394@example.com,City 5
User 34395,user34395@example.com,City 6
User 34396,user34396@example.com,City 7
User 34397,user34397@example.com,City 8
User 34398,user34398@example.com,City 9
User 34399,user34399@example.com,City 10
User 34400,user34400@example.com,City 1
User 34401,user34401@example.com,City 2
User 34402,user34402@example.com,City 3
User 34403,user34403@example.com,City 4
User 34404,user34404@example.com,City 5
User 34405,user34405@example.com,City 6
User 34406,user34406@example.com,City 7
User 34407,user34407@example.com,City 8
User 34408,user34408@example.com,City 9
User 34409,user34409@example.com,City 10
User 34410,user34410@example.com,City 1
User 34411,user34411@example.com,City 2
User 34412,user34412@example.com,City 3
User 34413,user34413@example.com,City 4
User 34414,user34414@example.com,City 5
User 34415,user34415@example.com,City 6
User 34416,user34416@example.com,City 7
User 34417,user34417@example.com,City 8
User 34418,user34418@example.com,City 9
User 34419,user34419@example.com,City 10
User 34420,user34420@example.com,City 1
User 34421,user34421@example.com,City 2
User 34422,user34422@example.com,City 3
User 34423,user34423@example.com,City 4
User 34424,user34424@example.com,City 5
User 34425,user34425@example.com,City 6
User 34426,user34426@example.com,City 7
User 34427,user34427@example.com,City 8
User 34428,user34428@example.com,City 9
User 34429,user34429@example.com,City 10
User 34430,user34430@example.com,City 1
User 34431,user34431@example.com,City 2
User 34432,user34432@example.com,City 3
User 34433,user34433@example.com,City 4
User 34434,user34434@example.com,City 5
User 34435,user34435@example.com,City 6
User 34436,user34436@example.com,City 7
User 34437,user34437@example.com,City 8
User 34438,user34438@example.com,City 9
User 34439,user34439@example.com,City 10
User 34440,user34440@example.com,City 1
User 34441,user34441@example.com,City 2
User 34442,user34442@example.com,City 3
User 34443,user34443@example.com,City 4
User 34444,user34444@example.com,City 5
User 34445,user34445@example.com,City 6
User 34446,user34446@example.com,City 7
User 34447,user34447@example.com,City 8
User 34448,user34448@example.com,City 9
User 34449,user34449@example.com,City 10
User 34450,user34450@example.com,City 1
User 34451,user34451@example.com,City 2
User 34452,user34452@example.com,City 3
User 34453,user34453@example.com,City 4
User 34454,user34454@example.com,City 5
User 34455,user34455@example.com,City 6
User 34456,user34456@example.com,City 7
User 34457,user34457@example.com,City 8
User 34458,user34458@example.com,City 9
User 34459,user34459@example.com,City 10
User 34460,user34460@example.com,City 1
User 34461,user34461@example.com,City 2
User 34462,user34462@example.com,City 3
User 34463,user34463@example.com,City 4
User 34464,user34464@example.com,City 5
User 34465,user34465@example.com,City 6
User 34466,user34466@example.com,City 7
User 34467,user34467@example.com,City 8
User 34468,user34468@example.com,City 9
User 34469,user34469@example.com,City 10
User 34470,user34470@example.com,City 1
User 34471,user34471@example.com,City 2
User 34472,user34472@example.com,City 3
User 34473,user34473@example.com,City 4
User 34474,user34474@example.com,City 5
User 34475,user34475@example.com,City 6
User 34476,user34476@example.com,City 7
User 34477,user34477@example.com,City 8
User 34478,user34478@example.com,City 9
User 34479,user34479@example.com,City 10
User 34480,user34480@example.com,City 1
User 34481,user34481@example.com,City 2
User 34482,user34482@example.com,City 3
User 34483,user34483@example.com,City 4
User 34484,user34484@example.com,City 5
User 34485,user34485@example.com,City 6
User 34486,user34486@example.com,City 7
User 34487,user34487@example.com,City 8
User 34488,user34488@example.com,City 9
User 34489,user34489@example.com,City 10
User 34490,user34490@example.com,City 1
User 34491,user34491@example.com,City 2
User 34492,user34492@example.com,City 3
User 34493,user34493@example.com,City 4
User 34494,user34494@example.com,City 5
User 34495,user34495@example.com,City 6
User 34496,user34496@example.com,City 7
User 34497,user34497@example.com,City 8
User 34498,user34498@example.com,City 9
User 34499,user34499@example.com,City 10
User 34500,user34500@example.com,City 1
User 34501,user34501@example.com,City 2
User 34502,user34502@example.com,City 3
User 34503,user34503@example.com,City 4
User 34504,user34504@example.com,City 5
User 34505,user34505@example.com,City 6
User 34506,user34506@example.com,City 7
User 34507,user34507@example.com,City 8
User 34508,user34508@example.com,City 9
User 34509,user34509@example.com,City 10
User 34510,user34510@example.com,City 1
User 34511,user34511@example.com,City 2
User 34512,user34512@example.com,City 3
User 34513,user34513@example.com,City 4
User 34514,user34514@example.com,City 5
User 34515,user34515@example.com,City 6
User 34516,user34516@example.com,City 7
User 34517,user34517@example.com,City 8
User 34518,user34518@example.com,City 9
User 34519,user34519@example.com,City 10
User 34520,user34520@example.com,City 1
User 34521,user34521@example.com,City 2
User 34522,user34522@example.com,City 3
User 34523,user34523@example.com,City 4
User 34524,user34524@example.com,City 5
User 34525,user34525@example.com,City 6
User 34526,user34526@example.com,City 7
User 34527,user34527@example.com,City 8
User 34528,user34528@example.com,City 9
User 34529,user34529@example.com,City 10
User 34530,user34530@example.com,City 1
User 34531,user34531@example.com,City 2
User 34532,user34532@example.com,City 3
User 34533,user34533@example.com,City 4
User 34534,user34534@example.com,City 5
User 34535,user34535@example.com,City 6
User 34536,user34536@example.com,City 7
User 34537,user34537@example.com,City 8
User 34538,user34538@example.com,City 9
User 34539,user34539@example.com,City 10
User 34540,user34540@example.com,City 1
User 34541,user34541@example.com,City 2
User 34542,user34542@example.com,City 3
User 34543,user34543@example.com,City 4
User 34544,user34544@example.com,City 5
User 34545,user34545@example.com,City 6
User 34546,user34546@example.com,City 7
User 34547,user34547@example.com,City 8
User 34548,user34548@example.com,City 9
User 34549,user34549@example.com,City 10
User 34550,user34550@example.com,City 1
User 34551,user34551@example.com,City 2
User 34552,user34552@example.com,City 3
User 34553,user34553@example.com,City 4
User 34554,user34554@example.com,City 5
User 34555,user34555@example.com,City 6
User 34556,user34556@example.com,City 7
User 34557,user34557@example.com,City 8
User 34558,user34558@example.com,City 9
User 34559,user34559@example.com,City 10
User 34560,user34560@example.com,City 1
User 34561,user34561@example.com,City 2
User 34562,user34562@example.com,City 3
User 34563,user34563@example.com,City 4
User 34564,user34564@example.com,City 5
User 34565,user34565@example.com,City 6
User 34566,user34566@example.com,City 7
User 34567,user34567@example.com,City 8
User 34568,user34568@example.com,City 9
User 34569,user34569@example.com,City 10
User 34570,user34570@example.com,City 1
User 34571,user34571@example.com,City 2
User 34572,user34572@example.com,City 3
User 34573,user34573@example.com,City 4
User 34574,user34574@example.com,City 5
User 34575,user34575@example.com,City 6
User 34576,user34576@example.com,City 7
User 34577,user34577@example.com,City 8
User 34578,user34578@example.com,City 9
User 34579,user34579@example.com,City 10
User 34580,user34580@example.com,City 1
User 34581,user34581@example.com,City 2
User 34582,user34582@example.com,City 3
User 34583,user34583@example.com,City 4
User 34584,user34584@example.com,City 5
User 34585,user34585@example.com,City 6
User 34586,user34586@example.com,City 7
User 34587,user34587@example.com,City 8
User 34588,user34588@example.com,City 9
User 34589,user34589@example.com,City 10
User 34590,user34590@example.com,City 1
User 34591,user34591@example.com,City 2
User 34592,user34592@example.com,City 3
User 34593,user34593@example.com,City 4
User 34594,user34594@example.com,City 5
User 34595,user34595@example.com,City 6
User 34596,user34596@example.com,City 7
User 34597,user34597@example.com,City 8
User 34598,user34598@example.com,City 9
User 34599,user34599@example.com,City 10
User 34600,user34600@example.com,City 1
User 34601,user34601@example.com,City 2
User 34602,user34602@example.com,City 3
User 34603,user34603@example.com,City 4
User 34604,user34604@example.com,City 5
User 34605,user34605@example.com,City 6
User 34606,user34606@example.com,City 7
User 34607,user34607@example.com,City 8
User 34608,user34608@example.com,City 9
User 34609,user34609@example.com,City 10
User 34610,user34610@example.com,City 1
User 34611,user34611@example.com,City 2
User 34612,user34612@example.com,City 3
User 34613,user34613@example.com,City 4
User 34614,user34614@example.com,City 5
User 34615,user34615@example.com,City 6
User 34616,user34616@example.com,City 7
User 34617,user34617@example.com,City 8
User 34618,user34618@example.com,City 9
User 34619,user34619@example.com,City 10
User 34620,user34620@example.com,City 1
User 34621,user34621@example.com,City 2
User 34622,user34622@example.com,City 3
User 34623,user34623@example.com,City 4
User 34624,user34624@example.com,City 5
User 34625,user34625@example.com,City 6
User 34626,user34626@example.com,City 7
User 34627,user34627@example.com,City 8
User 34628,user34628@example.com,City 9
User 34629,user34629@example.com,City 10
User 34630,user34630@example.com,City 1
User 34631,user34631@example.com,City 2
User 34632,user34632@example.com,City 3
User 34633,user34633@example.com,City 4
User 34634,user34634@example.com,City 5
User 34635,user34635@example.com,City 6
User 34636,user34636@example.com,City 7
User 34637,user34637@example.com,City 8
User 34638,user34638@example.com,City 9
User 34639,user34639@example.com,City 10
User 34640,user34640@example.com,City 1
User 34641,user34641@example.com,City 2
User 34642,user34642@example.com,City 3
User 34643,user34643@example.com,City 4
User 34644,user34644@example.com,City 5
User 34645,user34645@example.com,City 6
User 34646,user34646@example.com,City 7
User 34647,user34647@example.com,City 8
User 34648,user34648@example.com,City 9
User 34649,user34649@example.com,City 10
User 34650,user34650@example.com,City 1
User 34651,user34651@example.com,City 2
User 34652,user34652@example.com,City 3
User 34653,user34653@example.com,City 4
User 34654,user34654@example.com,City 5
User 34655,user34655@example.com,City 6
User 34656,user34656@example.com,City 7
User 34657,user34657@example.com,City 8
User 34658,user34658@example.com,City 9
User 34659,user34659@example.com,City 10
User 34660,user34660@example.com,City 1
User 34661,user34661@example.com,City 2
User 34662,user34662@example.com,City 3
User 34663,user34663@example.com,City 4
User 34664,user34664@example.com,City 5
User 34665,user34665@example.com,City 6
User 34666,user34666@example.com,City 7
User 34667,user34667@example.com,City 8
User 34668,user34668@example.com,City 9
User 34669,user34669@example.com,City 10
User 34670,user34670@example.com,City 1
User 34671,user34671@example.com,City 2
User 34672,user34672@example.com,City 3
User 34673,user34673@example.com,City 4
User 34674,user34674@example.com,City 5
User 34675,user34675@example.com,City 6
User 34676,user34676@example.com,City 7
User 34677,user34677@example.com,City 8
User 34678,user34678@example.com,City 9
User 34679,user34679@example.com,City 10
User 34680,user34680@example.com,City 1
User 34681,user34681@example.com,City 2
User 34682,user34682@example.com,City 3
User 34683,user34683@example.com,City 4
User 34684,user34684@example.com,City 5
User 34685,user34685@example.com,City 6
User 34686,user34686@example.com,City 7
User 34687,user34687@example.com,City 8
User 34688,user34688@example.com,City 9
User 34689,user34689@example.com,City 10
User 34690,user34690@example.com,City 1
User 34691,user34691@example.com,City 2
User 34692,user34692@example.com,City 3
User 34693,user34693@example.com,City 4
User 34694,user34694@example.com,City 5
User 34695,user34695@example.com,City 6
User 34696,user34696@example.com,City 7
User 34697,user34697@example.com,City 8
User 34698,user34698@example.com,City 9
User 34699,user34699@example.com,City 10
User 34700,user34700@example.com,City 1
User 34701,user34701@example.com,City 2
User 34702,user34702@example.com,City 3
User 34703,user34703@example.com,City 4
User 34704,user34704@example.com,City 5
User 34705,user34705@example.com,City 6
User 34706,user34706@example.com,City 7
User 34707,user34707@example.com,City 8
User 34708,user34708@example.com,City 9
User 34709,user34709@example.com,City 10
User 34710,user34710@example.com,City 1
User 34711,user34711@example.com,City 2
User 34712,user34712@example.com,City 3
User 34713,user34713@example.com,City 4
User 34714,user34714@example.com,City 5
User 34715,user34715@example.com,City 6
User 34716,user34716@example.com,City 7
User 34717,user34717@example.com,City 8
User 34718,user34718@example.com,City 9
User 34719,user34719@example.com,City 10
User 34720,user34720@example.com,City 1
User 34721,user34721@example.com,City 2
User 34722,user34722@example.com,City 3
User 34723,user34723@example.com,City 4
User 34724,user34724@example.com,City 5
User 34725,user34725@example.com,City 6
User 34726,user34726@example.com,City 7
User 34727,user34727@example.com,City 8
User 34728,user34728@example.com,City 9
User 34729,user34729@example.com,City 10
User 34730,user34730@example.com,City 1
User 34731,user34731@example.com,City 2
User 34732,user34732@example.com,City 3
User 34733,user34733@example.com,City 4
User 34734,user34734@example.com,City 5
User 34735,user34735@example.com,City 6
User 34736,user34736@example.com,City 7
User 34737,user34737@example.com,City 8
User 34738,user34738@example.com,City 9
User 34739,user34739@example.com,City 10
User 34740,user34740@example.com,City 1
User 34741,user34741@example.com,City 2
User 34742,user34742@example.com,City 3
User 34743,user34743@example.com,City 4
User 34744,user34744@example.com,City 5
User 34745,user34745@example.com,City 6
User 34746,user34746@example.com,City 7
User 34747,user34747@example.com,City 8
User 34748,user34748@example.com,City 9
User 34749,user34749@example.com,City 10
User 34750,user34750@example.com,City 1
User 34751,user34751@example.com,City 2
User 34752,user34752@example.com,City 3
User 34753,user34753@example.com,City 4
User 34754,user34754@example.com,City 5
User 34755,user34755@example.com,City 6
User 34756,user34756@example.com,City 7
User 34757,user34757@example.com,City 8
User 34758,user34758@example.com,City 9
User 34759,user34759@example.com,City 10
User 34760,user34760@example.com,City 1
User 34761,user34761@example.com,City 2
User 34762,user34762@example.com,City 3
User 34763,user34763@example.com,City 4
User 34764,user34764@example.com,City 5
User 34765,user34765@example.com,City 6
User 34766,user34766@example.com,City 7
User 34767,user34767@example.com,City 8
User 34768,user34768@example.com,City 9
User 34769,user34769@example.com,City 10
User 34770,user34770@example.com,City 1
User 34771,user34771@example.com,City 2
User 34772,user34772@example.com,City 3
User 34773,user34773@example.com,City 4
User 34774,user34774@example.com,City 5
User 34775,user34775@example.com,City 6
User 34776,user34776@example.com,City 7
User 34777,user34777@example.com,City 8
User 34778,user34778@example.com,City 9
User 34779,user34779@example.com,City 10
User 34780,user34780@example.com,City 1
User 34781,user34781@example.com,City 2
User 34782,user34782@example.com,City 3
User 34783,user34783@example.com,City 4
User 34784,user34784@example.com,City 5
User 34785,user34785@example.com,City 6
User 34786,user34786@example.com,City 7
User 34787,user34787@example.com,City 8
User 34788,user34788@example.com,City 9
User 34789,user34789@example.com,City 10
User 34790,user34790@example.com,City 1
User 34791,user34791@example.com,City 2
User 34792,user34792@example.com,City 3
User 34793,user34793@example.com,City 4
User 34794,user34794@example.com,City 5
User 34795,user34795@example.com,City 6
User 34796,user34796@example.com,City 7
User 34797,user34797@example.com,City 8
User 34798,user34798@example.com,City 9
User 34799,user34799@example.com,City 10
User 34800,user34800@example.com,City 1
User 34801,user34801@example.com,City 2
User 34802,user34802@example.com,City 3
User 34803,user34803@example.com,City 4
User 34804,user34804@example.com,City 5
User 34805,user34805@example.com,City 6
User 34806,user34806@example.com,City 7
User 34807,user34807@example.com,City 8
User 34808,user34808@example.com,City 9
User 34809,user34809@example.com,City 10
User 34810,user34810@example.com,City 1
User 34811,user34811@example.com,City 2
User 34812,user34812@example.com,City 3
User 34813,user34813@example.com,City 4
User 34814,user34814@example.com,City 5
User 34815,user34815@example.com,City 6
User 34816,user34816@example.com,City 7
User 34817,user34817@example.com,City 8
User 34818,user34818@example.com,City 9
User 34819,user34819@example.com,City 10
User 34820,user34820@example.com,City 1
User 34821,user34821@example.com,City 2
User 34822,user34822@example.com,City 3
User 34823,user34823@example.com,City 4
User 34824,user34824@example.com,City 5
User 34825,user34825@example.com,City 6
User 34826,user34826@example.com,City 7
User 34827,user34827@example.com,City 8
User 34828,user34828@example.com,City 9
User 34829,user34829@example.com,City 10
User 34830,user34830@example.com,City 1
User 34831,user34831@example.com,City 2
User 34832,user34832@example.com,City 3
User 34833,user34833@example.com,City 4
User 34834,user34834@example.com,City 5
User 34835,user34835@example.com,City 6
User 34836,user34836@example.com,City 7
User 34837,user34837@example.com,City 8
User 34838,user34838@example.com,City 9
User 34839,user34839@example.com,City 10
User 34840,user34840@example.com,City 1
User 34841,user34841@example.com,City 2
User 34842,user34842@example.com,City 3
User 34843,user34843@example.com,City 4
User 34844,user34844@example.com,City 5
User 34845,user34845@example.com,City 6
User 34846,user34846@example.com,City 7
User 34847,user34847@example.com,City 8
User 34848,user34848@example.com,City 9
User 34849,user34849@example.com,City 10
User 34850,user34850@example.com,City 1
User 34851,user34851@example.com,City 2
User 34852,user34852@example.com,City 3
User 34853,user34853@example.com,City 4
User 34854,user34854@example.com,City 5
User 34855,user34855@example.com,City 6
User 34856,user34856@example.com,City 7
User 34857,user34857@example.com,City 8
User 34858,user34858@example.com,City 9
User 34859,user34859@example.com,City 10
User 34860,user34860@example.com,City 1
User 34861,user34861@example.com,City 2
User 34862,user34862@example.com,City 3
User 34863,user34863@example.com,City 4
User 34864,user34864@example.com,City 5
User 34865,user34865@example.com,City 6
User 34866,user34866@example.com,City 7
User 34867,user34867@example.com,City 8
User 34868,user34868@example.com,City 9
User 34869,user34869@example.com,City 10
User 34870,user34870@example.com,City 1
User 34871,user34871@example.com,City 2
User 34872,user34872@example.com,City 3
User 34873,user34873@example.com,City 4
User 34874,user34874@example.com,City 5
User 34875,user34875@example.com,City 6
User 34876,user34876@example.com,City 7
User 34877,user34877@example.com,City 8
User 34878,user34878@example.com,City 9
User 34879,user34879@example.com,City 10
User 34880,user34880@example.com,City 1
User 34881,user34881@example.com,City 2
User 34882,user34882@example.com,City 3
User 34883,user34883@example.com,City 4
User 34884,user34884@example.com,City 5
User 34885,user34885@example.com,City 6
User 34886,user34886@example.com,City 7
User 34887,user34887@example.com,City 8
User 34888,user34888@example.com,City 9
User 34889,user34889@example.com,City 10
User 34890,user34890@example.com,City 1
User 34891,user34891@example.com,City 2
User 34892,user34892@example.com,City 3
User 34893,user34893@example.com,City 4
User 34894,user34894@example.com,City 5
User 34895,user34895@example.com,City 6
User 34896,user34896@example.com,City 7
User 34897,user34897@example.com,City 8
User 34898,user34898@example.com,City 9
User 34899,user34899@example.com,City 10
User 34900,user34900@example.com,City 1
User 34901,user34901@example.com,City 2
User 34902,user34902@example.com,City 3
User 34903,user34903@example.com,City 4
User 34904,user34904@example.com,City 5
User 34905,user34905@example.com,City 6
User 34906,user34906@example.com,City 7
User 34907,user34907@example.com,City 8
User 34908,user34908@example.com,City 9
User 34909,user34909@example.com,City 10
User 34910,user34910@example.com,City 1
User 34911,user34911@example.com,City 2
User 34912,user34912@example.com,City 3
User 34913,user34913@example.com,City 4
User 34914,user34914@example.com,City 5
User 34915,user34915@example.com,City 6
User 34916,user34916@example.com,City 7
User 34917,user34917@example.com,City 8
User 34918,user34918@example.com,City 9
User 34919,user34919@example.com,City 10
User 34920,user34920@example.com,City 1
User 34921,user34921@example.com,City 2
User 34922,user34922@example.com,City 3
User 34923,user34923@example.com,City 4
User 34924,user34924@example.com,City 5
User 34925,user34925@example.com,City 6
User 34926,user34926@example.com,City 7
User 34927,user34927@example.com,City 8
User 34928,user34928@example.com,City 9
User 34929,user34929@example.com,City 10
User 34930,user34930@example.com,City 1
User 34931,user34931@example.com,City 2
User 34932,user34932@example.com,City 3
User 34933,user34933@example.com,City 4
User 34934,user34934@example.com,City 5
User 34935,user34935@example.com,City 6
User 34936,user34936@example.com,City 7
User 34937,user34937@example.com,City 8
User 34938,user34938@example.com,City 9
User 34939,user34939@example.com,City 10
User 34940,user34940@example.com,City 1
User 34941,user34941@example.com,City 2
User 34942,user34942@example.com,City 3
User 34943,user34943@example.com,City 4
User 34944,user34944@example.com,City 5
User 34945,user34945@example.com,City 6
User 34946,user34946@example.com,City 7
User 34947,user34947@example.com,City 8
User 34948,user34948@example.com,City 9
User 34949,user34949@example.com,City 10
User 34950,user34950@example.com,City 1
User 34951,user34951@example.com,City 2
User 34952,user34952@example.com,City 3
User 34953,user34953@example.com,City 4
User 34954,user34954@example.com,City 5
User 34955,user34955@example.com,City 6
User 34956,user34956@example.com,City 7
User 34957,user34957@example.com,City 8
User 34958,user34958@example.com,City 9
User 34959,user34959@example.com,City 10
User 34960,user34960@example.com,City 1
User 34961,user34961@example.com,City 2
User 34962,user34962@example.com,City 3
User 34963,user34963@example.com,City 4
User 34964,user34964@example.com,City 5
User 34965,user34965@example.com,City 6
User 34966,user34966@example.com,City 7
User 34967,user34967@example.com,City 8
User 34968,user34968@example.com,City 9
User 34969,user34969@example.com,City 10
User 34970,user34970@example.com,City 1
User 34971,user34971@example.com,City 2
User 34972,user34972@example.com,City 3
User 34973,user34973@example.com,City 4
User 34974,user34974@example.com,City 5
User 34975,user34975@example.com,City 6
User 34976,user34976@example.com,City 7
User 34977,user34977@example.com,City 8
User 34978,user34978@example.com,City 9
User 34979,user34979@example.com,City 10
User 34980,user34980@example.com,City 1
User 34981,user34981@example.com,City 2
User 34982,user34982@example.com,City 3
User 34983,user34983@example.com,City 4
User 34984,user34984@example.com,City 5
User 34985,user34985@example.com,City 6
User 34986,user34986@example.com,City 7
User 34987,user34987@example.com,City 8
User 34988,user34988@example.com,City 9
User 34989,user34989@example.com,City 10
User 34990,user34990@example.com,City 1
User 34991,user34991@example.com,City 2
User 34992,user34992@example.com,City 3
User 34993,user34993@example.com,City 4
User 34994,user34994@example.com,City 5
User 34995,user34995@example.com,City 6
User 34996,user34996@example.com,City 7
User 34997,user34997@example.com,City 8
User 34998,user34998@example.com,City 9
User 34999,user34999@example.com,City 10
User 35000,user35000@example.com,City 1
