name,email,city
User 35001,user35001@example.com,City 2
User 35002,user35002@example.com,City 3
User 35003,user35003@example.com,City 4
User 35004,user35004@example.com,City 5
User 35005,user35005@example.com,City 6
User 35006,user35006@example.com,City 7
User 35007,user35007@example.com,City 8
User 35008,user35008@example.com,City 9
User 35009,user35009@example.com,City 10
User 35010,user35010@example.com,City 1
User 35011,user35011@example.com,City 2
User 35012,user35012@example.com,City 3
User 35013,user35013@example.com,City 4
User 35014,user35014@example.com,City 5
User 35015,user35015@example.com,City 6
User 35016,user35016@example.com,City 7
User 35017,user35017@example.com,City 8
User 35018,user35018@example.com,City 9
User 35019,user35019@example.com,City 10
User 35020,user35020@example.com,City 1
User 35021,user35021@example.com,City 2
User 35022,user35022@example.com,City 3
User 35023,user35023@example.com,City 4
User 35024,user35024@example.com,City 5
User 35025,user35025@example.com,City 6
User 35026,user35026@example.com,City 7
User 35027,user35027@example.com,City 8
User 35028,user35028@example.com,City 9
User 35029,user35029@example.com,City 10
User 35030,user35030@example.com,City 1
User 35031,user35031@example.com,City 2
User 35032,user35032@example.com,City 3
User 35033,user35033@example.com,City 4
User 35034,user35034@example.com,City 5
User 35035,user35035@example.com,City 6
User 35036,user35036@example.com,City 7
User 35037,user35037@example.com,City 8
User 35038,user35038@example.com,City 9
User 35039,user35039@example.com,City 10
User 35040,user35040@example.com,City 1
User 35041,user35041@example.com,City 2
User 35042,user35042@example.com,City 3
User 35043,user35043@example.com,City 4
User 35044,user35044@example.com,City 5
User 35045,user35045@example.com,City 6
User 35046,user35046@example.com,City 7
User 35047,user35047@example.com,City 8
User 35048,user35048@example.com,City 9
User 35049,user35049@example.com,City 10
User 35050,user35050@example.com,City 1
User 35051,user35051@example.com,City 2
User 35052,user35052@example.com,City 3
User 35053,user35053@example.com,City 4
User 35054,user35054@example.com,City 5
User 35055,user35055@example.com,City 6
User 35056,user35056@example.com,City 7
User 35057,user35057@example.com,City 8
User 35058,user35058@example.com,City 9
User 35059,user35059@example.com,City 10
User 35060,user35060@example.com,City 1
User 35061,user35061@example.com,City 2
User 35062,user35062@example.com,City 3
User 35063,user35063@example.com,City 4
User 35064,user35064@example.com,City 5
User 35065,user35065@example.com,City 6
User 35066,user35066@example.com,City 7
User 35067,user35067@example.com,City 8
User 35068,user35068@example.com,City 9
User 35069,user35069@example.com,City 10
User 35070,user35070@example.com,City 1
User 35071,user35071@example.com,City 2
User 35072,user35072@example.com,City 3
User 35073,user35073@example.com,City 4
User 35074,user35074@example.com,City 5
User 35075,user35075@example.com,City 6
User 35076,user35076@example.com,City 7
User 35077,user35077@example.com,City 8
User 35078,user35078@example.com,City 9
User 35079,user35079@example.com,City 10
User 35080,user35080@example.com,City 1
User 35081,user35081@example.com,City 2
User 35082,user35082@example.com,City 3
User 35083,user35083@example.com,City 4
User 35084,user35084@example.com,City 5
User 35085,user35085@example.com,City 6
User 35086,user35086@example.com,City 7
User 35087,user35087@example.com,City 8
User 35088,user35088@example.com,City 9
User 35089,user35089@example.com,City 10
User 35090,user35090@example.com,City 1
User 35091,user35091@example.com,City 2
User 35092,user35092@example.com,City 3
User 35093,user35093@example.com,City 4
User 35094,user35094@example.com,City 5
User 35095,user35095@example.com,City 6
User 35096,user35096@example.com,City 7
User 35097,user35097@example.com,City 8
User 35098,user35098@example.com,City 9
User 35099,user35099@example.com,City 10
User 35100,user35100@example.com,City 1
User 35101,user35101@example.com,City 2
User 35102,user35102@example.com,City 3
User 35103,user35103@example.com,City 4
User 35104,user35104@example.com,City 5
User 35105,user35105@example.com,City 6
User 35106,user35106@example.com,City 7
User 35107,user35107@example.com,City 8
User 35108,user35108@example.com,City 9
User 35109,user35109@example.com,City 10
User 35110,user35110@example.com,City 1
User 35111,user35111@example.com,City 2
User 35112,user35112@example.com,City 3
User 35113,user35113@example.com,City 4
User 35114,user35114@example.com,City 5
User 35115,user35115@example.com,City 6
User 35116,user35116@example.com,City 7
User 35117,user35117@example.com,City 8
User 35118,user35118@example.com,City 9
User 35119,user35119@example.com,City 10
User 35120,user35120@example.com,City 1
User 35121,user35121@example.com,City 2
User 35122,user35122@example.com,City 3
User 35123,user35123@example.com,City 4
User 35124,user35124@example.com,City 5
User 35125,user35125@example.com,City 6
User 35126,user35126@example.com,City 7
User 35127,user35127@example.com,City 8
User 35128,user35128@example.com,City 9
User 35129,user35129@example.com,City 10
User 35130,user35130@example.com,City 1
User 35131,user35131@example.com,City 2
User 35132,user35132@example.com,City 3
User 35133,user35133@example.com,City 4
User 35134,user35134@example.com,City 5
User 35135,user35135@example.com,City 6
User 35136,user35136@example.com,City 7
User 35137,user35137@example.com,City 8
User 35138,user35138@example.com,City 9
User 35139,user35139@example.com,City 10
User 35140,user35140@example.com,City 1
User 35141,user35141@example.com,City 2
User 35142,user35142@example.com,City 3
User 35143,user35143@example.com,City 4
User 35144,user35144@example.com,City 5
User 35145,user35145@example.com,City 6
User 35146,user35146@example.com,City 7
User 35147,user35147@example.com,City 8
User 35148,user35148@example.com,City 9
User 35149,user35149@example.com,City 10
User 35150,user35150@example.com,City 1
User 35151,user35151@example.com,City 2
User 35152,user35152@example.com,City 3
User 35153,user35153@example.com,City 4
User 35154,user35154@example.com,City 5
User 35155,user35155@example.com,City 6
User 35156,user35156@example.com,City 7
User 35157,user35157@example.com,City 8
User 35158,user35158@example.com,City 9
User 35159,user35159@example.com,City 10
User 35160,user35160@example.com,City 1
User 35161,user35161@example.com,City 2
User 35162,user35162@example.com,City 3
User 35163,user35163@example.com,City 4
User 35164,user35164@example.com,City 5
User 35165,user35165@example.com,City 6
User 35166,user35166@example.com,City 7
User 35167,user35167@example.com,City 8
User 35168,user35168@example.com,City 9
User 35169,user35169@example.com,City 10
User 35170,user35170@example.com,City 1
User 35171,user35171@example.com,City 2
User 35172,user35172@example.com,City 3
User 35173,user35173@example.com,City 4
User 35174,user35174@example.com,City 5
User 35175,user35175@example.com,City 6
User 35176,user35176@example.com,City 7
User 35177,user35177@example.com,City 8
User 35178,user35178@example.com,City 9
User 35179,user35179@example.com,City 10
User 35180,user35180@example.com,City 1
User 35181,user35181@example.com,City 2
User 35182,user35182@example.com,City 3
User 35183,user35183@example.com,City 4
User 35184,user35184@example.com,City 5
User 35185,user35185@example.com,City 6
User 35186,user35186@example.com,City 7
User 35187,user35187@example.com,City 8
User 35188,user35188@example.com,City 9
User 35189,user35189@example.com,City 10
User 35190,user35190@example.com,City 1
User 35191,user35191@example.com,City 2
User 35192,user35192@example.com,City 3
User 35193,user35193@example.com,City 4
User 35194,user35194@example.com,City 5
User 35195,user35195@example.com,City 6
User 35196,user35196@example.com,City 7
User 35197,user35197@example.com,City 8
User 35198,user35198@example.com,City 9
User 35199,user35199@example.com,City 10
User 35200,user35200@example.com,City 1
User 35201,user35201@example.com,City 2
User 35202,user35202@example.com,City 3
User 35203,user35203@example.com,City 4
User 35204,user35204@example.com,City 5
User 35205,user35205@example.com,City 6
User 35206,user35206@example.com,City 7
User 35207,user35207@example.com,City 8
User 35208,user35208@example.com,City 9
User 35209,user35209@example.com,City 10
User 35210,user35210@example.com,City 1
User 35211,user35211@example.com,City 2
User 35212,user35212@example.com,City 3
User 35213,user35213@example.com,City 4
User 35214,user35214@example.com,City 5
User 35215,user35215@example.com,City 6
User 35216,user35216@example.com,City 7
User 35217,user35217@example.com,City 8
User 35218,user35218@example.com,City 9
User 35219,user35219@example.com,City 10
User 35220,user35220@example.com,City 1
User 35221,user35221@example.com,City 2
User 35222,user35222@example.com,City 3
User 35223,user35223@example.com,City 4
User 35224,user35224@example.com,City 5
User 35225,user35225@example.com,City 6
User 35226,user35226@example.com,City 7
User 35227,user35227@example.com,City 8
User 35228,user35228@example.com,City 9
User 35229,user35229@example.com,City 10
User 35230,user35230@example.com,City 1
User 35231,user35231@example.com,City 2
User 35232,user35232@example.com,City 3
User 35233,user35233@example.com,City 4
User 35234,user35234@example.com,City 5
User 35235,user35235@example.com,City 6
User 35236,user35236@example.com,City 7
User 35237,user35237@example.com,City 8
User 35238,user35238@example.com,City 9
User 35239,user35239@example.com,City 10
User 35240,user35240@example.com,City 1
User 35241,user35241@example.com,City 2
User 35242,user35242@example.com,City 3
User 35243,user35243@example.com,City 4
User 35244,user35244@example.com,City 5
User 35245,user35245@example.com,City 6
User 35246,user35246@example.com,City 7
User 35247,user35247@example.com,City 8
User 35248,user35248@example.com,City 9
User 35249,user35249@example.com,City 10
User 35250,user35250@example.com,City 1
User 35251,user35251@example.com,City 2
User 35252,user35252@example.com,City 3
User 35253,user35253@example.com,City 4
User 35254,user35254@example.com,City 5
User 35255,user35255@example.com,City 6
User 35256,user35256@example.com,City 7
User 35257,user35257@example.com,City 8
User 35258,user35258@example.com,City 9
User 35259,user35259@example.com,City 10
User 35260,user35260@example.com,City 1
User 35261,user35261@example.com,City 2
User 35262,user35262@example.com,City 3
User 35263,user35263@example.com,City 4
User 35264,user35264@example.com,City 5
User 35265,user35265@example.com,City 6
User 35266,user35266@example.com,City 7
User 35267,user35267@example.com,City 8
User 35268,user35268@example.com,City 9
User 35269,user35269@example.com,City 10
User 35270,user35270@example.com,City 1
User 35271,user35271@example.com,City 2
User 35272,user35272@example.com,City 3
User 35273,user35273@example.com,City 4
User 35274,user35274@example.com,City 5
User 35275,user35275@example.com,City 6
User 35276,user35276@example.com,City 7
User 35277,user35277@example.com,City 8
User 35278,user35278@example.com,City 9
User 35279,user35279@example.com,City 10
User 35280,user35280@example.com,City 1
User 35281,user35281@example.com,City 2
User 35282,user35282@example.com,City 3
User 35283,user35283@example.com,City 4
User 35284,user35284@example.com,City 5
User 35285,user35285@example.com,City 6
User 35286,user35286@example.com,City 7
User 35287,user35287@example.com,City 8
User 35288,user35288@example.com,City 9
User 35289,user35289@example.com,City 10
User 35290,user35290@example.com,City 1
User 35291,user35291@example.com,City 2
User 35292,user35292@example.com,City 3
User 35293,user35293@example.com,City 4
User 35294,user35294@example.com,City 5
User 35295,user35295@example.com,City 6
User 35296,user35296@example.com,City 7
User 35297,user35297@example.com,City 8
User 35298,user35298@example.com,City 9
User 35299,user35299@example.com,City 10
User 35300,user35300@example.com,City 1
User 35301,user35301@example.com,City 2
User 35302,user35302@example.com,City 3
User 35303,user35303@example.com,City 4
User 35304,user35304@example.com,City 5
User 35305,user35305@example.com,City 6
User 35306,user35306@example.com,City 7
User 35307,user35307@example.com,City 8
User 35308,user35308@example.com,City 9
User 35309,user35309@example.com,City 10
User 35310,user35310@example.com,City 1
User 35311,user35311@example.com,City 2
User 35312,user35312@example.com,City 3
User 35313,user35313@example.com,City 4
User 35314,user35314@example.com,City 5
User 35315,user35315@example.com,City 6
User 35316,user35316@example.com,City 7
User 35317,user35317@example.com,City 8
User 35318,user35318@example.com,City 9
User 35319,user35319@example.com,City 10
User 35320,user35320@example.com,City 1
User 35321,user35321@example.com,City 2
User 35322,user35322@example.com,City 3
User 35323,user35323@example.com,City 4
User 35324,user35324@example.com,City 5
User 35325,user35325@example.com,City 6
User 35326,user35326@example.com,City 7
User 35327,user35327@example.com,City 8
User 35328,user35328@example.com,City 9
User 35329,user35329@example.com,City 10
User 35330,user35330@example.com,City 1
User 35331,user35331@example.com,City 2
User 35332,user35332@example.com,City 3
User 35333,user35333@example.com,City 4
User 35334,user35334@example.com,City 5
User 35335,user35335@example.com,City 6
User 35336,user35336@example.com,City 7
User 35337,user35337@example.com,City 8
User 35338,user35338@example.com,City 9
User 35339,user35339@example.com,City 10
User 35340,user35340@example.com,City 1
User 35341,user35341@example.com,City 2
User 35342,user35342@example.com,City 3
User 35343,user35343@example.com,City 4
User 35344,user35344@example.com,City 5
User 35345,user35345@example.com,City 6
User 35346,user35346@example.com,City 7
User 35347,user35347@example.com,City 8
User 35348,user35348@example.com,City 9
User 35349,user35349@example.com,City 10
User 35350,user35350@example.com,City 1
User 35351,user35351@example.com,City 2
User 35352,user35352@example.com,City 3
User 35353,user35353@example.com,City 4
User 35354,user35354@example.com,City 5
User 35355,user35355@example.com,City 6
User 35356,user35356@example.com,City 7
User 35357,user35357@example.com,City 8
User 35358,user35358@example.com,City 9
User 35359,user35359@example.com,City 10
User 35360,user35360@example.com,City 1
User 35361,user35361@example.com,City 2
User 35362,user35362@example.com,City 3
User 35363,user35363@example.com,City 4
User 35364,user35364@example.com,City 5
User 35365,user35365@example.com,City 6
User 35366,user35366@example.com,City 7
User 35367,user35367@example.com,City 8
User 35368,user35368@example.com,City 9
User 35369,user35369@example.com,City 10
User 35370,user35370@example.com,City 1
User 35371,user35371@example.com,City 2
User 35372,user35372@example.com,City 3
User 35373,user35373@example.com,City 4
User 35374,user35374@example.com,City 5
User 35375,user35375@example.com,City 6
User 35376,user35376@example.com,City 7
User 35377,user35377@example.com,City 8
User 35378,user35378@example.com,City 9
User 35379,user35379@example.com,City 10
User 35380,user35380@example.com,City 1
User 35381,user35381@example.com,City 2
User 35382,user35382@example.com,City 3
User 35383,user35383@example.com,City 4
User 35384,user35384@example.com,City 5
User 35385,user35385@example.com,City 6
User 35386,user35386@example.com,City 7
User 35387,user35387@example.com,City 8
User 35388,user35388@example.com,City 9
User 35389,user35389@example.com,City 10
User 35390,user35390@example.com,City 1
User 35391,user35391@example.com,City 2
User 35392,user35392@example.com,City 3
User 35393,user35393@example.com,City 4
User 35394,user35394@example.com,City 5
User 35395,user35395@example.com,City 6
User 35396,user35396@example.com,City 7
User 35397,user35397@example.com,City 8
User 35398,user35398@example.com,City 9
User 35399,user35399@example.com,City 10
User 35400,user35400@example.com,City 1
User 35401,user35401@example.com,City 2
User 35402,user35402@example.com,City 3
User 35403,user35403@example.com,City 4
User 35404,user35404@example.com,City 5
User 35405,user35405@example.com,City 6
User 35406,user35406@example.com,City 7
User 35407,user35407@example.com,City 8
User 35408,user35408@example.com,City 9
User 35409,user35409@example.com,City 10
User 35410,user35410@example.com,City 1
User 35411,user35411@example.com,City 2
User 35412,user35412@example.com,City 3
User 35413,user35413@example.com,City 4
User 35414,user35414@example.com,City 5
User 35415,user35415@example.com,City 6
User 35416,user35416@example.com,City 7
User 35417,user35417@example.com,City 8
User 35418,user35418@example.com,City 9
User 35419,user35419@example.com,City 10
User 35420,user35420@example.com,City 1
User 35421,user35421@example.com,City 2
User 35422,user35422@example.com,City 3
User 35423,user35423@example.com,City 4
User 35424,user35424@example.com,City 5
User 35425,user35425@example.com,City 6
User 35426,user35426@example.com,City 7
User 35427,user35427@example.com,City 8
User 35428,user35428@example.com,City 9
User 35429,user35429@example.com,City 10
User 35430,user35430@example.com,City 1
User 35431,user35431@example.com,City 2
User 35432,user35432@example.com,City 3
User 35433,user35433@example.com,City 4
User 35434,user35434@example.com,City 5
User 35435,user35435@example.com,City 6
User 35436,user35436@example.com,City 7
User 35437,user35437@example.com,City 8
User 35438,user35438@example.com,City 9
User 35439,user35439@example.com,City 10
User 35440,user35440@example.com,City 1
User 35441,user35441@example.com,City 2
User 35442,user35442@example.com,City 3
User 35443,user35443@example.com,City 4
User 35444,user35444@example.com,City 5
User 35445,user35445@example.com,City 6
User 35446,user35446@example.com,City 7
User 35447,user35447@example.com,City 8
User 35448,user35448@example.com,City 9
User 35449,user35449@example.com,City 10
User 35450,user35450@example.com,City 1
User 35451,user35451@example.com,City 2
User 35452,user35452@example.com,City 3
User 35453,user35453@example.com,City 4
User 35454,user35454@example.com,City 5
User 35455,user35455@example.com,City 6
User 35456,user35456@example.com,City 7
User 35457,user35457@example.com,City 8
User 35458,user35458@example.com,City 9
User 35459,user35459@example.com,City 10
User 35460,user35460@example.com,City 1
User 35461,user35461@example.com,City 2
User 35462,user35462@example.com,City 3
User 35463,user35463@example.com,City 4
User 35464,user35464@example.com,City 5
User 35465,user35465@example.com,City 6
User 35466,user35466@example.com,City 7
User 35467,user35467@example.com,City 8
User 35468,user35468@example.com,City 9
User 35469,user35469@example.com,City 10
User 35470,user35470@example.com,City 1
User 35471,user35471@example.com,City 2
User 35472,user35472@example.com,City 3
User 35473,user35473@example.com,City 4
User 35474,user35474@example.com,City 5
User 35475,user35475@example.com,City 6
User 35476,user35476@example.com,City 7
User 35477,user35477@example.com,City 8
User 35478,user35478@example.com,City 9
User 35479,user35479@example.com,City 10
User 35480,user35480@example.com,City 1
User 35481,user35481@example.com,City 2
User 35482,user35482@example.com,City 3
User 35483,user35483@example.com,City 4
User 35484,user35484@example.com,City 5
User 35485,user35485@example.com,City 6
User 35486,user35486@example.com,City 7
User 35487,user35487@example.com,City 8
User 35488,user35488@example.com,City 9
User 35489,user35489@example.com,City 10
User 35490,user35490@example.com,City 1
User 35491,user35491@example.com,City 2
User 35492,user35492@example.com,City 3
User 35493,user35493@example.com,City 4
User 35494,user35494@example.com,City 5
User 35495,user35495@example.com,City 6
User 35496,user35496@example.com,City 7
User 35497,user35497@example.com,City 8
User 35498,user35498@example.com,City 9
User 35499,user35499@example.com,City 10
User 35500,user35500@example.com,City 1
User 35501,user35501@example.com,City 2
User 35502,user35502@example.com,City 3
User 35503,user35503@example.com,City 4
User 35504,user35504@example.com,City 5
User 35505,user35505@example.com,City 6
User 35506,user35506@example.com,City 7
User 35507,user35507@example.com,City 8
User 35508,user35508@example.com,City 9
User 35509,user35509@example.com,City 10
User 35510,user35510@example.com,City 1
User 35511,user35511@example.com,City 2
User 35512,user35512@example.com,City 3
User 35513,user35513@example.com,City 4
User 35514,user35514@example.com,City 5
User 35515,user35515@example.com,City 6
User 35516,user35516@example.com,City 7
User 35517,user35517@example.com,City 8
User 35518,user35518@example.com,City 9
User 35519,user35519@example.com,City 10
User 35520,user35520@example.com,City 1
User 35521,user35521@example.com,City 2
User 35522,user35522@example.com,City 3
User 35523,user35523@example.com,City 4
User 35524,user35524@example.com,City 5
User 35525,user35525@example.com,City 6
User 35526,user35526@example.com,City 7
User 35527,user35527@example.com,City 8
User 35528,user35528@example.com,City 9
User 35529,user35529@example.com,City 10
User 35530,user35530@example.com,City 1
User 35531,user35531@example.com,City 2
User 35532,user35532@example.com,City 3
User 35533,user35533@example.com,City 4
User 35534,user35534@example.com,City 5
User 35535,user35535@example.com,City 6
User 35536,user35536@example.com,City 7
User 35537,user35537@example.com,City 8
User 35538,user35538@example.com,City 9
User 35539,user35539@example.com,City 10
User 35540,user35540@example.com,City 1
User 35541,user35541@example.com,City 2
User 35542,user35542@example.com,City 3
User 35543,user35543@example.com,City 4
User 35544,user35544@example.com,City 5
User 35545,user35545@example.com,City 6
User 35546,user35546@example.com,City 7
User 35547,user35547@example.com,City 8
User 35548,user35548@example.com,City 9
User 35549,user35549@example.com,City 10
User 35550,user35550@example.com,City 1
User 35551,user35551@example.com,City 2
User 35552,user35552@example.com,City 3
User 35553,user35553@example.com,City 4
User 35554,user35554@example.com,City 5
User 35555,user35555@example.com,City 6
User 35556,user35556@example.com,City 7
User 35557,user35557@example.com,City 8
User 35558,user35558@example.com,City 9
User 35559,user35559@example.com,City 10
User 35560,user35560@example.com,City 1
User 35561,user35561@example.com,City 2
User 35562,user35562@example.com,City 3
User 35563,user35563@example.com,City 4
User 35564,user35564@example.com,City 5
User 35565,user35565@example.com,City 6
User 35566,user35566@example.com,City 7
User 35567,user35567@example.com,City 8
User 35568,user35568@example.com,City 9
User 35569,user35569@example.com,City 10
User 35570,user35570@example.com,City 1
User 35571,user35571@example.com,City 2
User 35572,user35572@example.com,City 3
User 35573,user35573@example.com,City 4
User 35574,user35574@example.com,City 5
User 35575,user35575@example.com,City 6
User 35576,user35576@example.com,City 7
User 35577,user35577@example.com,City 8
User 35578,user35578@example.com,City 9
User 35579,user35579@example.com,City 10
User 35580,user35580@example.com,City 1
User 35581,user35581@example.com,City 2
User 35582,user35582@example.com,City 3
User 35583,user35583@example.com,City 4
User 35584,user35584@example.com,City 5
User 35585,user35585@example.com,City 6
User 35586,user35586@example.com,City 7
User 35587,user35587@example.com,City 8
User 35588,user35588@example.com,City 9
User 35589,user35589@example.com,City 10
User 35590,user35590@example.com,City 1
User 35591,user35591@example.com,City 2
User 35592,user35592@example.com,City 3
User 35593,user35593@example.com,City 4
User 35594,user35594@example.com,City 5
User 35595,user35595@example.com,City 6
User 35596,user35596@example.com,City 7
User 35597,user35597@example.com,City 8
User 35598,user35598@example.com,City 9
User 35599,user35599@example.com,City 10
User 35600,user35600@example.com,City 1
User 35601,user35601@example.com,City 2
User 35602,user35602@example.com,City 3
User 35603,user35603@example.com,City 4
User 35604,user35604@example.com,City 5
User 35605,user35605@example.com,City 6
User 35606,user35606@example.com,City 7
User 35607,user35607@example.com,City 8
User 35608,user35608@example.com,City 9
User 35609,user35609@example.com,City 10
User 35610,user35610@example.com,City 1
User 35611,user35611@example.com,City 2
User 35612,user35612@example.com,City 3
User 35613,user35613@example.com,City 4
User 35614,user35614@example.com,City 5
User 35615,user35615@example.com,City 6
User 35616,user35616@example.com,City 7
User 35617,user35617@example.com,City 8
User 35618,user35618@example.com,City 9
User 35619,user35619@example.com,City 10
User 35620,user35620@example.com,City 1
User 35621,user35621@example.com,City 2
User 35622,user35622@example.com,City 3
User 35623,user35623@example.com,City 4
User 35624,user35624@example.com,City 5
User 35625,user35625@example.com,City 6
User 35626,user35626@example.com,City 7
User 35627,user35627@example.com,City 8
User 35628,user35628@example.com,City 9
User 35629,user35629@example.com,City 10
User 35630,user35630@example.com,City 1
User 35631,user35631@example.com,City 2
User 35632,user35632@example.com,City 3
User 35633,user35633@example.com,City 4
User 35634,user35634@example.com,City 5
User 35635,user35635@example.com,City 6
User 35636,user35636@example.com,City 7
User 35637,user35637@example.com,City 8
User 35638,user35638@example.com,City 9
User 35639,user35639@example.com,City 10
User 35640,user35640@example.com,City 1
User 35641,user35641@example.com,City 2
User 35642,user35642@example.com,City 3
User 35643,user35643@example.com,City 4
User 35644,user35644@example.com,City 5
User 35645,user35645@example.com,City 6
User 35646,user35646@example.com,City 7
User 35647,user35647@example.com,City 8
User 35648,user35648@example.com,City 9
User 35649,user35649@example.com,City 10
User 35650,user35650@example.com,City 1
User 35651,user35651@example.com,City 2
User 35652,user35652@example.com,City 3
User 35653,user35653@example.com,City 4
User 35654,user35654@example.com,City 5
User 35655,user35655@example.com,City 6
User 35656,user35656@example.com,City 7
User 35657,user35657@example.com,City 8
User 35658,user35658@example.com,City 9
User 35659,user35659@example.com,City 10
User 35660,user35660@example.com,City 1
User 35661,user35661@example.com,City 2
User 35662,user35662@example.com,City 3
User 35663,user35663@example.com,City 4
User 35664,user35664@example.com,City 5
User 35665,user35665@example.com,City 6
User 35666,user35666@example.com,City 7
User 35667,user35667@example.com,City 8
User 35668,user35668@example.com,City 9
User 35669,user35669@example.com,City 10
User 35670,user35670@example.com,City 1
User 35671,user35671@example.com,City 2
User 35672,user35672@example.com,City 3
User 35673,user35673@example.com,City 4
User 35674,user35674@example.com,City 5
User 35675,user35675@example.com,City 6
User 35676,user35676@example.com,City 7
User 35677,user35677@example.com,City 8
User 35678,user35678@example.com,City 9
User 35679,user35679@example.com,City 10
User 35680,user35680@example.com,City 1
User 35681,user35681@example.com,City 2
User 35682,user35682@example.com,City 3
User 35683,user35683@example.com,City 4
User 35684,user35684@example.com,City 5
User 35685,user35685@example.com,City 6
User 35686,user35686@example.com,City 7
User 35687,user35687@example.com,City 8
User 35688,user35688@example.com,City 9
User 35689,user35689@example.com,City 10
User 35690,user35690@example.com,City 1
User 35691,user35691@example.com,City 2
User 35692,user35692@example.com,City 3
User 35693,user35693@example.com,City 4
User 35694,user35694@example.com,City 5
User 35695,user35695@example.com,City 6
User 35696,user35696@example.com,City 7
User 35697,user35697@example.com,City 8
User 35698,user35698@example.com,City 9
User 35699,user35699@example.com,City 10
User 35700,user35700@example.com,City 1
User 35701,user35701@example.com,City 2
User 35702,user35702@example.com,City 3
User 35703,user35703@example.com,City 4
User 35704,user35704@example.com,City 5
User 35705,user35705@example.com,City 6
User 35706,user35706@example.com,City 7
User 35707,user35707@example.com,City 8
User 35708,user35708@example.com,City 9
User 35709,user35709@example.com,City 10
User 35710,user35710@example.com,City 1
User 35711,user35711@example.com,City 2
User 35712,user35712@example.com,City 3
User 35713,user35713@example.com,City 4
User 35714,user35714@example.com,City 5
User 35715,user35715@example.com,City 6
User 35716,user35716@example.com,City 7
User 35717,user35717@example.com,City 8
User 35718,user35718@example.com,City 9
User 35719,user35719@example.com,City 10
User 35720,user35720@example.com,City 1
User 35721,user35721@example.com,City 2
User 35722,user35722@example.com,City 3
User 35723,user35723@example.com,City 4
User 35724,user35724@example.com,City 5
User 35725,user35725@example.com,City 6
User 35726,user35726@example.com,City 7
User 35727,user35727@example.com,City 8
User 35728,user35728@example.com,City 9
User 35729,user35729@example.com,City 10
User 35730,user35730@example.com,City 1
User 35731,user35731@example.com,City 2
User 35732,user35732@example.com,City 3
User 35733,user35733@example.com,City 4
User 35734,user35734@example.com,City 5
User 35735,user35735@example.com,City 6
User 35736,user35736@example.com,City 7
User 35737,user35737@example.com,City 8
User 35738,user35738@example.com,City 9
User 35739,user35739@example.com,City 10
User 35740,user35740@example.com,City 1
User 35741,user35741@example.com,City 2
User 35742,user35742@example.com,City 3
User 35743,user35743@example.com,City 4
User 35744,user35744@example.com,City 5
User 35745,user35745@example.com,City 6
User 35746,user35746@example.com,City 7
User 35747,user35747@example.com,City 8
User 35748,user35748@example.com,City 9
User 35749,user35749@example.com,City 10
User 35750,user35750@example.com,City 1
User 35751,user35751@example.com,City 2
User 35752,user35752@example.com,City 3
User 35753,user35753@example.com,City 4
User 35754,user35754@example.com,City 5
User 35755,user35755@example.com,City 6
User 35756,user35756@example.com,City 7
User 35757,user35757@example.com,City 8
User 35758,user35758@example.com,City 9
User 35759,user35759@example.com,City 10
User 35760,user35760@example.com,City 1
User 35761,user35761@example.com,City 2
User 35762,user35762@example.com,City 3
User 35763,user35763@example.com,City 4
User 35764,user35764@example.com,City 5
User 35765,user35765@example.com,City 6
User 35766,user35766@example.com,City 7
User 35767,user35767@example.com,City 8
User 35768,user35768@example.com,City 9
User 35769,user35769@example.com,City 10
User 35770,user35770@example.com,City 1
User 35771,user35771@example.com,City 2
User 35772,user35772@example.com,City 3
User 35773,user35773@example.com,City 4
User 35774,user35774@example.com,City 5
User 35775,user35775@example.com,City 6
User 35776,user35776@example.com,City 7
User 35777,user35777@example.com,City 8
User 35778,user35778@example.com,City 9
User 35779,user35779@example.com,City 10
User 35780,user35780@example.com,City 1
User 35781,user35781@example.com,City 2
User 35782,user35782@example.com,City 3
User 35783,user35783@example.com,City 4
User 35784,user35784@example.com,City 5
User 35785,user35785@example.com,City 6
User 35786,user35786@example.com,City 7
User 35787,user35787@example.com,City 8
User 35788,user35788@example.com,City 9
User 35789,user35789@example.com,City 10
User 35790,user35790@example.com,City 1
User 35791,user35791@example.com,City 2
User 35792,user35792@example.com,City 3
User 35793,user35793@example.com,City 4
User 35794,user35794@example.com,City 5
User 35795,user35795@example.com,City 6
User 35796,user35796@example.com,City 7
User 35797,user35797@example.com,City 8
User 35798,user35798@example.com,City 9
User 35799,user35799@example.com,City 10
User 35800,user35800@example.com,City 1
User 35801,user35801@example.com,City 2
User 35802,user35802@example.com,City 3
User 35803,user35803@example.com,City 4
User 35804,user35804@example.com,City 5
User 35805,user35805@example.com,City 6
User 35806,user35806@example.com,City 7
User 35807,user35807@example.com,City 8
User 35808,user35808@example.com,City 9
User 35809,user35809@example.com,City 10
User 35810,user35810@example.com,City 1
User 35811,user35811@example.com,City 2
User 35812,user35812@example.com,City 3
User 35813,user35813@example.com,City 4
User 35814,user35814@example.com,City 5
User 35815,user35815@example.com,City 6
User 35816,user35816@example.com,City 7
User 35817,user35817@example.com,City 8
User 35818,user35818@example.com,City 9
User 35819,user35819@example.com,City 10
User 35820,user35820@example.com,City 1
User 35821,user35821@example.com,City 2
User 35822,user35822@example.com,City 3
User 35823,user35823@example.com,City 4
User 35824,user35824@example.com,City 5
User 35825,user35825@example.com,City 6
User 35826,user35826@example.com,City 7
User 35827,user35827@example.com,City 8
User 35828,user35828@example.com,City 9
User 35829,user35829@example.com,City 10
User 35830,user35830@example.com,City 1
User 35831,user35831@example.com,City 2
User 35832,user35832@example.com,City 3
User 35833,user35833@example.com,City 4
User 35834,user35834@example.com,City 5
User 35835,user35835@example.com,City 6
User 35836,user35836@example.com,City 7
User 35837,user35837@example.com,City 8
User 35838,user35838@example.com,City 9
User 35839,user35839@example.com,City 10
User 35840,user35840@example.com,City 1
User 35841,user35841@example.com,City 2
User 35842,user35842@example.com,City 3
User 35843,user35843@example.com,City 4
User 35844,user35844@example.com,City 5
User 35845,user35845@example.com,City 6
User 35846,user35846@example.com,City 7
User 35847,user35847@example.com,City 8
User 35848,user35848@example.com,City 9
User 35849,user35849@example.com,City 10
User 35850,user35850@example.com,City 1
User 35851,user35851@example.com,City 2
User 35852,user35852@example.com,City 3
User 35853,user35853@example.com,City 4
User 35854,user35854@example.com,City 5
User 35855,user35855@example.com,City 6
User 35856,user35856@example.com,City 7
User 35857,user35857@example.com,City 8
User 35858,user35858@example.com,City 9
User 35859,user35859@example.com,City 10
User 35860,user35860@example.com,City 1
User 35861,user35861@example.com,City 2
User 35862,user35862@example.com,City 3
User 35863,user35863@example.com,City 4
User 35864,user35864@example.com,City 5
User 35865,user35865@example.com,City 6
User 35866,user35866@example.com,City 7
User 35867,user35867@example.com,City 8
User 35868,user35868@example.com,City 9
User 35869,user35869@example.com,City 10
User 35870,user35870@example.com,City 1
User 35871,user35871@example.com,City 2
User 35872,user35872@example.com,City 3
User 35873,user35873@example.com,City 4
User 35874,user35874@example.com,City 5
User 35875,user35875@example.com,City 6
User 35876,user35876@example.com,City 7
User 35877,user35877@example.com,City 8
User 35878,user35878@example.com,City 9
User 35879,user35879@example.com,City 10
User 35880,user35880@example.com,City 1
User 35881,user35881@example.com,City 2
User 35882,user35882@example.com,City 3
User 35883,user35883@example.com,City 4
User 35884,user35884@example.com,City 5
User 35885,user35885@example.com,City 6
User 35886,user35886@example.com,City 7
User 35887,user35887@example.com,City 8
User 35888,user35888@example.com,City 9
User 35889,user35889@example.com,City 10
User 35890,user35890@example.com,City 1
User 35891,user35891@example.com,City 2
User 35892,user35892@example.com,City 3
User 35893,user35893@example.com,City 4
User 35894,user35894@example.com,City 5
User 35895,user35895@example.com,City 6
User 35896,user35896@example.com,City 7
User 35897,user35897@example.com,City 8
User 35898,user35898@example.com,City 9
User 35899,user35899@example.com,City 10
User 35900,user35900@example.com,City 1
User 35901,user35901@example.com,City 2
User 35902,user35902@example.com,City 3
User 35903,user35903@example.com,City 4
User 35904,user35904@example.com,City 5
User 35905,user35905@example.com,City 6
User 35906,user35906@example.com,City 7
User 35907,user35907@example.com,City 8
User 35908,user35908@example.com,City 9
User 35909,user35909@example.com,City 10
User 35910,user35910@example.com,City 1
User 35911,user35911@example.com,City 2
User 35912,user35912@example.com,City 3
User 35913,user35913@example.com,City 4
User 35914,user35914@example.com,City 5
User 35915,user35915@example.com,City 6
User 35916,user35916@example.com,City 7
User 35917,user35917@example.com,City 8
User 35918,user35918@example.com,City 9
User 35919,user35919@example.com,City 10
User 35920,user35920@example.com,City 1
User 35921,user35921@example.com,City 2
User 35922,user35922@example.com,City 3
User 35923,user35923@example.com,City 4
User 35924,user35924@example.com,City 5
User 35925,user35925@example.com,City 6
User 35926,user35926@example.com,City 7
User 35927,user35927@example.com,City 8
User 35928,user35928@example.com,City 9
User 35929,user35929@example.com,City 10
User 35930,user35930@example.com,City 1
User 35931,user35931@example.com,City 2
User 35932,user35932@example.com,City 3
User 35933,user35933@example.com,City 4
User 35934,user35934@example.com,City 5
User 35935,user35935@example.com,City 6
User 35936,user35936@example.com,City 7
User 35937,user35937@example.com,City 8
User 35938,user35938@example.com,City 9
User 35939,user35939@example.com,City 10
User 35940,user35940@example.com,City 1
User 35941,user35941@example.com,City 2
User 35942,user35942@example.com,City 3
User 35943,user35943@example.com,City 4
User 35944,user35944@example.com,City 5
User 35945,user35945@example.com,City 6
User 35946,user35946@example.com,City 7
User 35947,user35947@example.com,City 8
User 35948,user35948@example.com,City 9
User 35949,user35949@example.com,City 10
User 35950,user35950@example.com,City 1
User 35951,user35951@example.com,City 2
User 35952,user35952@example.com,City 3
User 35953,user35953@example.com,City 4
User 35954,user35954@example.com,City 5
User 35955,user35955@example.com,City 6
User 35956,user35956@example.com,City 7
User 35957,user35957@example.com,City 8
User 35958,user35958@example.com,City 9
User 35959,user35959@example.com,City 10
User 35960,user35960@example.com,City 1
User 35961,user35961@example.com,City 2
User 35962,user35962@example.com,City 3
User 35963,user35963@example.com,City 4
User 35964,user35964@example.com,City 5
User 35965,user35965@example.com,City 6
User 35966,user35966@example.com,City 7
User 35967,user35967@example.com,City 8
User 35968,user35968@example.com,City 9
User 35969,user35969@example.com,City 10
User 35970,user35970@example.com,City 1
User 35971,user35971@example.com,City 2
User 35972,user35972@example.com,City 3
User 35973,user35973@example.com,City 4
User 35974,user35974@example.com,City 5
User 35975,user35975@example.com,City 6
User 35976,user35976@example.com,City 7
User 35977,user35977@example.com,City 8
User 35978,user35978@example.com,City 9
User 35979,user35979@example.com,City 10
User 35980,user35980@example.com,City 1
User 35981,user35981@example.com,City 2
User 35982,user35982@example.com,City 3
User 35983,user35983@example.com,City 4
User 35984,user35984@example.com,City 5
User 35985,user35985@example.com,City 6
User 35986,user35986@example.com,City 7
User 35987,user35987@example.com,City 8
User 35988,user35988@example.com,City 9
User 35989,user35989@example.com,City 10
User 35990,user35990@example.com,City 1
User 35991,user35991@example.com,City 2
User 35992,user35992@example.com,City 3
User 35993,user35993@example.com,City 4
User 35994,user35994@example.com,City 5
User 35995,user35995@example.com,City 6
User 35996,user35996@example.com,City 7
User 35997,user35997@example.com,City 8
User 35998,user35998@example.com,City 9
User 35999,user35999@example.com,City 10
User 36000,user36000@example.com,City 1
User 36001,user36001@example.com,City 2
User 36002,user36002@example.com,City 3
User 36003,user36003@example.com,City 4
User 36004,user36004@example.com,City 5
User 36005,user36005@example.com,City 6
User 36006,user36006@example.com,City 7
User 36007,user36007@example.com,City 8
User 36008,user36008@example.com,City 9
User 36009,user36009@example.com,City 10
User 36010,user36010@example.com,City 1
User 36011,user36011@example.com,City 2
User 36012,user36012@example.com,City 3
User 36013,user36013@example.com,City 4
User 36014,user36014@example.com,City 5
User 36015,user36015@example.com,City 6
User 36016,user36016@example.com,City 7
User 36017,user36017@example.com,City 8
User 36018,user36018@example.com,City 9
User 36019,user36019@example.com,City 10
User 36020,user36020@example.com,City 1
User 36021,user36021@example.com,City 2
User 36022,user36022@example.com,City 3
User 36023,user36023@example.com,City 4
User 36024,user36024@example.com,City 5
User 36025,user36025@example.com,City 6
User 36026,user36026@example.com,City 7
User 36027,user36027@example.com,City 8
User 36028,user36028@example.com,City 9
User 36029,user36029@example.com,City 10
User 36030,user36030@example.com,City 1
User 36031,user36031@example.com,City 2
User 36032,user36032@example.com,City 3
User 36033,user36033@example.com,City 4
User 36034,user36034@example.com,City 5
User 36035,user36035@example.com,City 6
User 36036,user36036@example.com,City 7
User 36037,user36037@example.com,City 8
User 36038,user36038@example.com,City 9
User 36039,user36039@example.com,City 10
User 36040,user36040@example.com,City 1
User 36041,user36041@example.com,City 2
User 36042,user36042@example.com,City 3
User 36043,user36043@example.com,City 4
User 36044,user36044@example.com,City 5
User 36045,user36045@example.com,City 6
User 36046,user36046@example.com,City 7
User 36047,user36047@example.com,City 8
User 36048,user36048@example.com,City 9
User 36049,user36049@example.com,City 10
User 36050,user36050@example.com,City 1
User 36051,user36051@example.com,City 2
User 36052,user36052@example.com,City 3
User 36053,user36053@example.com,City 4
User 36054,user36054@example.com,City 5
User 36055,user36055@example.com,City 6
User 36056,user36056@example.com,City 7
User 36057,user36057@example.com,City 8
User 36058,user36058@example.com,City 9
User 36059,user36059@example.com,City 10
User 36060,user36060@example.com,City 1
User 36061,user36061@example.com,City 2
User 36062,user36062@example.com,City 3
User 36063,user36063@example.com,City 4
User 36064,user36064@example.com,City 5
User 36065,user36065@example.com,City 6
User 36066,user36066@example.com,City 7
User 36067,user36067@example.com,City 8
User 36068,user36068@example.com,City 9
User 36069,user36069@example.com,City 10
User 36070,user36070@example.com,City 1
User 36071,user36071@example.com,City 2
User 36072,user36072@example.com,City 3
User 36073,user36073@example.com,City 4
User 36074,user36074@example.com,City 5
User 36075,user36075@example.com,City 6
User 36076,user36076@example.com,City 7
User 36077,user36077@example.com,City 8
User 36078,user36078@example.com,City 9
User 36079,user36079@example.com,City 10
User 36080,user36080@example.com,City 1
User 36081,user36081@example.com,City 2
User 36082,user36082@example.com,City 3
User 36083,user36083@example.com,City 4
User 36084,user36084@example.com,City 5
User 36085,user36085@example.com,City 6
User 36086,user36086@example.com,City 7
User 36087,user36087@example.com,City 8
User 36088,user36088@example.com,City 9
User 36089,user36089@example.com,City 10
User 36090,user36090@example.com,City 1
User 36091,user36091@example.com,City 2
User 36092,user36092@example.com,City 3
User 36093,user36093@example.com,City 4
User 36094,user36094@example.com,City 5
User 36095,user36095@example.com,City 6
User 36096,user36096@example.com,City 7
User 36097,user36097@example.com,City 8
User 36098,user36098@example.com,City 9
User 36099,user36099@example.com,City 10
User 36100,user36100@example.com,City 1
User 36101,user36101@example.com,City 2
User 36102,user36102@example.com,City 3
User 36103,user36103@example.com,City 4
User 36104,user36104@example.com,City 5
User 36105,user36105@example.com,City 6
User 36106,user36106@example.com,City 7
User 36107,user36107@example.com,City 8
User 36108,user36108@example.com,City 9
User 36109,user36109@example.com,City 10
User 36110,user36110@example.com,City 1
User 36111,user36111@example.com,City 2
User 36112,user36112@example.com,City 3
User 36113,user36113@example.com,City 4
User 36114,user36114@example.com,City 5
User 36115,user36115@example.com,City 6
User 36116,user36116@example.com,City 7
User 36117,user36117@example.com,City 8
User 36118,user36118@example.com,City 9
User 36119,user36119@example.com,City 10
User 36120,user36120@example.com,City 1
User 36121,user36121@example.com,City 2
User 36122,user36122@example.com,City 3
User 36123,user36123@example.com,City 4
User 36124,user36124@example.com,City 5
User 36125,user36125@example.com,City 6
User 36126,user36126@example.com,City 7
User 36127,user36127@example.com,City 8
User 36128,user36128@example.com,City 9
User 36129,user36129@example.com,City 10
User 36130,user36130@example.com,City 1
User 36131,user36131@example.com,City 2
User 36132,user36132@example.com,City 3
User 36133,user36133@example.com,City 4
User 36134,user36134@example.com,City 5
User 36135,user36135@example.com,City 6
User 36136,user36136@example.com,City 7
User 36137,user36137@example.com,City 8
User 36138,user36138@example.com,City 9
User 36139,user36139@example.com,City 10
User 36140,user36140@example.com,City 1
User 36141,user36141@example.com,City 2
User 36142,user36142@example.com,City 3
User 36143,user36143@example.com,City 4
User 36144,user36144@example.com,City 5
User 36145,user36145@example.com,City 6
User 36146,user36146@example.com,City 7
User 36147,user36147@example.com,City 8
User 36148,user36148@example.com,City 9
User 36149,user36149@example.com,City 10
User 36150,user36150@example.com,City 1
User 36151,user36151@example.com,City 2
User 36152,user36152@example.com,City 3
User 36153,user36153@example.com,City 4
User 36154,user36154@example.com,City 5
User 36155,user36155@example.com,City 6
User 36156,user36156@example.com,City 7
User 36157,user36157@example.com,City 8
User 36158,user36158@example.com,City 9
User 36159,user36159@example.com,City 10
User 36160,user36160@example.com,City 1
User 36161,user36161@example.com,City 2
User 36162,user36162@example.com,City 3
User 36163,user36163@example.com,City 4
User 36164,user36164@example.com,City 5
User 36165,user36165@example.com,City 6
User 36166,user36166@example.com,City 7
User 36167,user36167@example.com,City 8
User 36168,user36168@example.com,City 9
User 36169,user36169@example.com,City 10
User 36170,user36170@example.com,City 1
User 36171,user36171@example.com,City 2
User 36172,user36172@example.com,City 3
User 36173,user36173@example.com,City 4
User 36174,user36174@example.com,City 5
User 36175,user36175@example.com,City 6
User 36176,user36176@example.com,City 7
User 36177,user36177@example.com,City 8
User 36178,user36178@example.com,City 9
User 36179,user36179@example.com,City 10
User 36180,user36180@example.com,City 1
User 36181,user36181@example.com,City 2
User 36182,user36182@example.com,City 3
User 36183,user36183@example.com,City 4
User 36184,user36184@example.com,City 5
User 36185,user36185@example.com,City 6
User 36186,user36186@example.com,City 7
User 36187,user36187@example.com,City 8
User 36188,user36188@example.com,City 9
User 36189,user36189@example.com,City 10
User 36190,user36190@example.com,City 1
User 36191,user36191@example.com,City 2
User 36192,user36192@example.com,City 3
User 36193,user36193@example.com,City 4
User 36194,user36194@example.com,City 5
User 36195,user36195@example.com,City 6
User 36196,user36196@example.com,City 7
User 36197,user36197@example.com,City 8
User 36198,user36198@example.com,City 9
User 36199,user36199@example.com,City 10
User 36200,user36200@example.com,City 1
User 36201,user36201@example.com,City 2
User 36202,user36202@example.com,City 3
User 36203,user36203@example.com,City 4
User 36204,user36204@example.com,City 5
User 36205,user36205@example.com,City 6
User 36206,user36206@example.com,City 7
User 36207,user36207@example.com,City 8
User 36208,user36208@example.com,City 9
User 36209,user36209@example.com,City 10
User 36210,user36210@example.com,City 1
User 36211,user36211@example.com,City 2
User 36212,user36212@example.com,City 3
User 36213,user36213@example.com,City 4
User 36214,user36214@example.com,City 5
User 36215,user36215@example.com,City 6
User 36216,user36216@example.com,City 7
User 36217,user36217@example.com,City 8
User 36218,user36218@example.com,City 9
User 36219,user36219@example.com,City 10
User 36220,user36220@example.com,City 1
User 36221,user36221@example.com,City 2
User 36222,user36222@example.com,City 3
User 36223,user36223@example.com,City 4
User 36224,user36224@example.com,City 5
User 36225,user36225@example.com,City 6
User 36226,user36226@example.com,City 7
User 36227,user36227@example.com,City 8
User 36228,user36228@example.com,City 9
User 36229,user36229@example.com,City 10
User 36230,user36230@example.com,City 1
User 36231,user36231@example.com,City 2
User 36232,user36232@example.com,City 3
User 36233,user36233@example.com,City 4
User 36234,user36234@example.com,City 5
User 36235,user36235@example.com,City 6
User 36236,user36236@example.com,City 7
User 36237,user36237@example.com,City 8
User 36238,user36238@example.com,City 9
User 36239,user36239@example.com,City 10
User 36240,user36240@example.com,City 1
User 36241,user36241@example.com,City 2
User 36242,user36242@example.com,City 3
User 36243,user36243@example.com,City 4
User 36244,user36244@example.com,City 5
User 36245,user36245@example.com,City 6
User 36246,user36246@example.com,City 7
User 36247,user36247@example.com,City 8
User 36248,user36248@example.com,City 9
User 36249,user36249@example.com,City 10
User 36250,user36250@example.com,City 1
User 36251,user36251@example.com,City 2
User 36252,user36252@example.com,City 3
User 36253,user36253@example.com,City 4
User 36254,user36254@example.com,City 5
User 36255,user36255@example.com,City 6
User 36256,user36256@example.com,City 7
User 36257,user36257@example.com,City 8
User 36258,user36258@example.com,City 9
User 36259,user36259@example.com,City 10
User 36260,user36260@example.com,City 1
User 36261,user36261@example.com,City 2
User 36262,user36262@example.com,City 3
User 36263,user36263@example.com,City 4
User 36264,user36264@example.com,City 5
User 36265,user36265@example.com,City 6
User 36266,user36266@example.com,City 7
User 36267,user36267@example.com,City 8
User 36268,user36268@example.com,City 9
User 36269,user36269@example.com,City 10
User 36270,user36270@example.com,City 1
User 36271,user36271@example.com,City 2
User 36272,user36272@example.com,City 3
User 36273,user36273@example.com,City 4
User 36274,user36274@example.com,City 5
User 36275,user36275@example.com,City 6
User 36276,user36276@example.com,City 7
User 36277,user36277@example.com,City 8
User 36278,user36278@example.com,City 9
User 36279,user36279@example.com,City 10
User 36280,user36280@example.com,City 1
User 36281,user36281@example.com,City 2
User 36282,user36282@example.com,City 3
User 36283,user36283@example.com,City 4
User 36284,user36284@example.com,City 5
User 36285,user36285@example.com,City 6
User 36286,user36286@example.com,City 7
User 36287,user36287@example.com,City 8
User 36288,user36288@example.com,City 9
User 36289,user36289@example.com,City 10
User 36290,user36290@example.com,City 1
User 36291,user36291@example.com,City 2
User 36292,user36292@example.com,City 3
User 36293,user36293@example.com,City 4
User 36294,user36294@example.com,City 5
User 36295,user36295@example.com,City 6
User 36296,user36296@example.com,City 7
User 36297,user36297@example.com,City 8
User 36298,user36298@example.com,City 9
User 36299,user36299@example.com,City 10
User 36300,user36300@example.com,City 1
User 36301,user36301@example.com,City 2
User 36302,user36302@example.com,City 3
User 36303,user36303@example.com,City 4
User 36304,user36304@example.com,City 5
User 36305,user36305@example.com,City 6
User 36306,user36306@example.com,City 7
User 36307,user36307@example.com,City 8
User 36308,user36308@example.com,City 9
User 36309,user36309@example.com,City 10
User 36310,user36310@example.com,City 1
User 36311,user36311@example.com,City 2
User 36312,user36312@example.com,City 3
User 36313,user36313@example.com,City 4
User 36314,user36314@example.com,City 5
User 36315,user36315@example.com,City 6
User 36316,user36316@example.com,City 7
User 36317,user36317@example.com,City 8
User 36318,user36318@example.com,City 9
User 36319,user36319@example.com,City 10
User 36320,user36320@example.com,City 1
User 36321,user36321@example.com,City 2
User 36322,user36322@example.com,City 3
User 36323,user36323@example.com,City 4
User 36324,user36324@example.com,City 5
User 36325,user36325@example.com,City 6
User 36326,user36326@example.com,City 7
User 36327,user36327@example.com,City 8
User 36328,user36328@example.com,City 9
User 36329,user36329@example.com,City 10
User 36330,user36330@example.com,City 1
User 36331,user36331@example.com,City 2
User 36332,user36332@example.com,City 3
User 36333,user36333@example.com,City 4
User 36334,user36334@example.com,City 5
User 36335,user36335@example.com,City 6
User 36336,user36336@example.com,City 7
User 36337,user36337@example.com,City 8
User 36338,user36338@example.com,City 9
User 36339,user36339@example.com,City 10
User 36340,user36340@example.com,City 1
User 36341,user36341@example.com,City 2
User 36342,user36342@example.com,City 3
User 36343,user36343@example.com,City 4
User 36344,user36344@example.com,City 5
User 36345,user36345@example.com,City 6
User 36346,user36346@example.com,City 7
User 36347,user36347@example.com,City 8
User 36348,user36348@example.com,City 9
User 36349,user36349@example.com,City 10
User 36350,user36350@example.com,City 1
User 36351,user36351@example.com,City 2
User 36352,user36352@example.com,City 3
User 36353,user36353@example.com,City 4
User 36354,user36354@example.com,City 5
User 36355,user36355@example.com,City 6
User 36356,user36356@example.com,City 7
User 36357,user36357@example.com,City 8
User 36358,user36358@example.com,City 9
User 36359,user36359@example.com,City 10
User 36360,user36360@example.com,City 1
User 36361,user36361@example.com,City 2
User 36362,user36362@example.com,City 3
User 36363,user36363@example.com,City 4
User 36364,user36364@example.com,City 5
User 36365,user36365@example.com,City 6
User 36366,user36366@example.com,City 7
User 36367,user36367@example.com,City 8
User 36368,user36368@example.com,City 9
User 36369,user36369@example.com,City 10
User 36370,user36370@example.com,City 1
User 36371,user36371@example.com,City 2
User 36372,user36372@example.com,City 3
User 36373,user36373@example.com,City 4
User 36374,user36374@example.com,City 5
User 36375,user36375@example.com,City 6
User 36376,user36376@example.com,City 7
User 36377,user36377@example.com,City 8
User 36378,user36378@example.com,City 9
User 36379,user36379@example.com,City 10
User 36380,user36380@example.com,City 1
User 36381,user36381@example.com,City 2
User 36382,user36382@example.com,City 3
User 36383,user36383@example.com,City 4
User 36384,user36384@example.com,City 5
User 36385,user36385@example.com,City 6
User 36386,user36386@example.com,City 7
User 36387,user36387@example.com,City 8
User 36388,user36388@example.com,City 9
User 36389,user36389@example.com,City 10
User 36390,user36390@example.com,City 1
User 36391,user36391@example.com,City 2
User 36392,user36392@example.com,City 3
User 36393,user36393@example.com,City 4
User 36394,user36394@example.com,City 5
User 36395,user36395@example.com,City 6
User 36396,user36396@example.com,City 7
User 36397,user36397@example.com,City 8
User 36398,user36398@example.com,City 9
User 36399,user36399@example.com,City 10
User 36400,user36400@example.com,City 1
User 36401,user36401@example.com,City 2
User 36402,user36402@example.com,City 3
User 36403,user36403@example.com,City 4
User 36404,user36404@example.com,City 5
User 36405,user36405@example.com,City 6
User 36406,user36406@example.com,City 7
User 36407,user36407@example.com,City 8
User 36408,user36408@example.com,City 9
User 36409,user36409@example.com,City 10
User 36410,user36410@example.com,City 1
User 36411,user36411@example.com,City 2
User 36412,user36412@example.com,City 3
User 36413,user36413@example.com,City 4
User 36414,user36414@example.com,City 5
User 36415,user36415@example.com,City 6
User 36416,user36416@example.com,City 7
User 36417,user36417@example.com,City 8
User 36418,user36418@example.com,City 9
User 36419,user36419@example.com,City 10
User 36420,user36420@example.com,City 1
User 36421,user36421@example.com,City 2
User 36422,user36422@example.com,City 3
User 36423,user36423@example.com,City 4
User 36424,user36424@example.com,City 5
User 36425,user36425@example.com,City 6
User 36426,user36426@example.com,City 7
User 36427,user36427@example.com,City 8
User 36428,user36428@example.com,City 9
User 36429,user36429@example.com,City 10
User 36430,user36430@example.com,City 1
User 36431,user36431@example.com,City 2
User 36432,user36432@example.com,City 3
User 36433,user36433@example.com,City 4
User 36434,user36434@example.com,City 5
User 36435,user36435@example.com,City 6
User 36436,user36436@example.com,City 7
User 36437,user36437@example.com,City 8
User 36438,user36438@example.com,City 9
User 36439,user36439@example.com,City 10
User 36440,user36440@example.com,City 1
User 36441,user36441@example.com,City 2
User 36442,user36442@example.com,City 3
User 36443,user36443@example.com,City 4
User 36444,user36444@example.com,City 5
User 36445,user36445@example.com,City 6
User 36446,user36446@example.com,City 7
User 36447,user36447@example.com,City 8
User 36448,user36448@example.com,City 9
User 36449,user36449@example.com,City 10
User 36450,user36450@example.com,City 1
User 36451,user36451@example.com,City 2
User 36452,user36452@example.com,City 3
User 36453,user36453@example.com,City 4
User 36454,user36454@example.com,City 5
User 36455,user36455@example.com,City 6
User 36456,user36456@example.com,City 7
User 36457,user36457@example.com,City 8
User 36458,user36458@example.com,City 9
User 36459,user36459@example.com,City 10
User 36460,user36460@example.com,City 1
User 36461,user36461@example.com,City 2
User 36462,user36462@example.com,City 3
User 36463,user36463@example.com,City 4
User 36464,user36464@example.com,City 5
User 36465,user36465@example.com,City 6
User 36466,user36466@example.com,City 7
User 36467,user36467@example.com,City 8
User 36468,user36468@example.com,City 9
User 36469,user36469@example.com,City 10
User 36470,user36470@example.com,City 1
User 36471,user36471@example.com,City 2
User 36472,user36472@example.com,City 3
User 36473,user36473@example.com,City 4
User 36474,user36474@example.com,City 5
User 36475,user36475@example.com,City 6
User 36476,user36476@example.com,City 7
User 36477,user36477@example.com,City 8
User 36478,user36478@example.com,City 9
User 36479,user36479@example.com,City 10
User 36480,user36480@example.com,City 1
User 36481,user36481@example.com,City 2
User 36482,user36482@example.com,City 3
User 36483,user36483@example.com,City 4
User 36484,user36484@example.com,City 5
User 36485,user36485@example.com,City 6
User 36486,user36486@example.com,City 7
User 36487,user36487@example.com,City 8
User 36488,user36488@example.com,City 9
User 36489,user36489@example.com,City 10
User 36490,user36490@example.com,City 1
User 36491,user36491@example.com,City 2
User 36492,user36492@example.com,City 3
User 36493,user36493@example.com,City 4
User 36494,user36494@example.com,City 5
User 36495,user36495@example.com,City 6
User 36496,user36496@example.com,City 7
User 36497,user36497@example.com,City 8
User 36498,user36498@example.com,City 9
User 36499,user36499@example.com,City 10
User 36500,user36500@example.com,City 1
User 36501,user36501@example.com,City 2
User 36502,user36502@example.com,City 3
User 36503,user36503@example.com,City 4
User 36504,user36504@example.com,City 5
User 36505,user36505@example.com,City 6
User 36506,user36506@example.com,City 7
User 36507,user36507@example.com,City 8
User 36508,user36508@example.com,City 9
User 36509,user36509@example.com,City 10
User 36510,user36510@example.com,City 1
User 36511,user36511@example.com,City 2
User 36512,user36512@example.com,City 3
User 36513,user36513@example.com,City 4
User 36514,user36514@example.com,City 5
User 36515,user36515@example.com,City 6
User 36516,user36516@example.com,City 7
User 36517,user36517@example.com,City 8
User 36518,user36518@example.com,City 9
User 36519,user36519@example.com,City 10
User 36520,user36520@example.com,City 1
User 36521,user36521@example.com,City 2
User 36522,user36522@example.com,City 3
User 36523,user36523@example.com,City 4
User 36524,user36524@example.com,City 5
User 36525,user36525@example.com,City 6
User 36526,user36526@example.com,City 7
User 36527,user36527@example.com,City 8
User 36528,user36528@example.com,City 9
User 36529,user36529@example.com,City 10
User 36530,user36530@example.com,City 1
User 36531,user36531@example.com,City 2
User 36532,user36532@example.com,City 3
User 36533,user36533@example.com,City 4
User 36534,user36534@example.com,City 5
User 36535,user36535@example.com,City 6
User 36536,user36536@example.com,City 7
User 36537,user36537@example.com,City 8
User 36538,user36538@example.com,City 9
User 36539,user36539@example.com,City 10
User 36540,user36540@example.com,City 1
User 36541,user36541@example.com,City 2
User 36542,user36542@example.com,City 3
User 36543,user36543@example.com,City 4
User 36544,user36544@example.com,City 5
User 36545,user36545@example.com,City 6
User 36546,user36546@example.com,City 7
User 36547,user36547@example.com,City 8
User 36548,user36548@example.com,City 9
User 36549,user36549@example.com,City 10
User 36550,user36550@example.com,City 1
User 36551,user36551@example.com,City 2
User 36552,user36552@example.com,City 3
User 36553,user36553@example.com,City 4
User 36554,user36554@example.com,City 5
User 36555,user36555@example.com,City 6
User 36556,user36556@example.com,City 7
User 36557,user36557@example.com,City 8
User 36558,user36558@example.com,City 9
User 36559,user36559@example.com,City 10
User 36560,user36560@example.com,City 1
User 36561,user36561@example.com,City 2
User 36562,user36562@example.com,City 3
User 36563,user36563@example.com,City 4
User 36564,user36564@example.com,City 5
User 36565,user36565@example.com,City 6
User 36566,user36566@example.com,City 7
User 36567,user36567@example.com,City 8
User 36568,user36568@example.com,City 9
User 36569,user36569@example.com,City 10
User 36570,user36570@example.com,City 1
User 36571,user36571@example.com,City 2
User 36572,user36572@example.com,City 3
User 36573,user36573@example.com,City 4
User 36574,user36574@example.com,City 5
User 36575,user36575@example.com,City 6
User 36576,user36576@example.com,City 7
User 36577,user36577@example.com,City 8
User 36578,user36578@example.com,City 9
User 36579,user36579@example.com,City 10
User 36580,user36580@example.com,City 1
User 36581,user36581@example.com,City 2
User 36582,user36582@example.com,City 3
User 36583,user36583@example.com,City 4
User 36584,user36584@example.com,City 5
User 36585,user36585@example.com,City 6
User 36586,user36586@example.com,City 7
User 36587,user36587@example.com,City 8
User 36588,user36588@example.com,City 9
User 36589,user36589@example.com,City 10
User 36590,user36590@example.com,City 1
User 36591,user36591@example.com,City 2
User 36592,user36592@example.com,City 3
User 36593,user36593@example.com,City 4
User 36594,user36594@example.com,City 5
User 36595,user36595@example.com,City 6
User 36596,user36596@example.com,City 7
User 36597,user36597@example.com,City 8
User 36598,user36598@example.com,City 9
User 36599,user36599@example.com,City 10
User 36600,user36600@example.com,City 1
User 36601,user36601@example.com,City 2
User 36602,user36602@example.com,City 3
User 36603,user36603@example.com,City 4
User 36604,user36604@example.com,City 5
User 36605,user36605@example.com,City 6
User 36606,user36606@example.com,City 7
User 36607,user36607@example.com,City 8
User 36608,user36608@example.com,City 9
User 36609,user36609@example.com,City 10
User 36610,user36610@example.com,City 1
User 36611,user36611@example.com,City 2
User 36612,user36612@example.com,City 3
User 36613,user36613@example.com,City 4
User 36614,user36614@example.com,City 5
User 36615,user36615@example.com,City 6
User 36616,user36616@example.com,City 7
User 36617,user36617@example.com,City 8
User 36618,user36618@example.com,City 9
User 36619,user36619@example.com,City 10
User 36620,user36620@example.com,City 1
User 36621,user36621@example.com,City 2
User 36622,user36622@example.com,City 3
User 36623,user36623@example.com,City 4
User 36624,user36624@example.com,City 5
User 36625,user36625@example.com,City 6
User 36626,user36626@example.com,City 7
User 36627,user36627@example.com,City 8
User 36628,user36628@example.com,City 9
User 36629,user36629@example.com,City 10
User 36630,user36630@example.com,City 1
User 36631,user36631@example.com,City 2
User 36632,user36632@example.com,City 3
User 36633,user36633@example.com,City 4
User 36634,user36634@example.com,City 5
User 36635,user36635@example.com,City 6
User 36636,user36636@example.com,City 7
User 36637,user36637@example.com,City 8
User 36638,user36638@example.com,City 9
User 36639,user36639@example.com,City 10
User 36640,user36640@example.com,City 1
User 36641,user36641@example.com,City 2
User 36642,user36642@example.com,City 3
User 36643,user36643@example.com,City 4
User 36644,user36644@example.com,City 5
User 36645,user36645@example.com,City 6
User 36646,user36646@example.com,City 7
User 36647,user36647@example.com,City 8
User 36648,user36648@example.com,City 9
User 36649,user36649@example.com,City 10
User 36650,user36650@example.com,City 1
User 36651,user36651@example.com,City 2
User 36652,user36652@example.com,City 3
User 36653,user36653@example.com,City 4
User 36654,user36654@example.com,City 5
User 36655,user36655@example.com,City 6
User 36656,user36656@example.com,City 7
User 36657,user36657@example.com,City 8
User 36658,user36658@example.com,City 9
User 36659,user36659@example.com,City 10
User 36660,user36660@example.com,City 1
User 36661,user36661@example.com,City 2
User 36662,user36662@example.com,City 3
User 36663,user36663@example.com,City 4
User 36664,user36664@example.com,City 5
User 36665,user36665@example.com,City 6
User 36666,user36666@example.com,City 7
User 36667,user36667@example.com,City 8
User 36668,user36668@example.com,City 9
User 36669,user36669@example.com,City 10
User 36670,user36670@example.com,City 1
User 36671,user36671@example.com,City 2
User 36672,user36672@example.com,City 3
User 36673,user36673@example.com,City 4
User 36674,user36674@example.com,City 5
User 36675,user36675@example.com,City 6
User 36676,user36676@example.com,City 7
User 36677,user36677@example.com,City 8
User 36678,user36678@example.com,City 9
User 36679,user36679@example.com,City 10
User 36680,user36680@example.com,City 1
User 36681,user36681@example.com,City 2
User 36682,user36682@example.com,City 3
User 36683,user36683@example.com,City 4
User 36684,user36684@example.com,City 5
User 36685,user36685@example.com,City 6
User 36686,user36686@example.com,City 7
User 36687,user36687@example.com,City 8
User 36688,user36688@example.com,City 9
User 36689,user36689@example.com,City 10
User 36690,user36690@example.com,City 1
User 36691,user36691@example.com,City 2
User 36692,user36692@example.com,City 3
User 36693,user36693@example.com,City 4
User 36694,user36694@example.com,City 5
User 36695,user36695@example.com,City 6
User 36696,user36696@example.com,City 7
User 36697,user36697@example.com,City 8
User 36698,user36698@example.com,City 9
User 36699,user36699@example.com,City 10
User 36700,user36700@example.com,City 1
User 36701,user36701@example.com,City 2
User 36702,user36702@example.com,City 3
User 36703,user36703@example.com,City 4
User 36704,user36704@example.com,City 5
User 36705,user36705@example.com,City 6
User 36706,user36706@example.com,City 7
User 36707,user36707@example.com,City 8
User 36708,user36708@example.com,City 9
User 36709,user36709@example.com,City 10
User 36710,user36710@example.com,City 1
User 36711,user36711@example.com,City 2
User 36712,user36712@example.com,City 3
User 36713,user36713@example.com,City 4
User 36714,user36714@example.com,City 5
User 36715,user36715@example.com,City 6
User 36716,user36716@example.com,City 7
User 36717,user36717@example.com,City 8
User 36718,user36718@example.com,City 9
User 36719,user36719@example.com,City 10
User 36720,user36720@example.com,City 1
User 36721,user36721@example.com,City 2
User 36722,user36722@example.com,City 3
User 36723,user36723@example.com,City 4
User 36724,user36724@example.com,City 5
User 36725,user36725@example.com,City 6
User 36726,user36726@example.com,City 7
User 36727,user36727@example.com,City 8
User 36728,user36728@example.com,City 9
User 36729,user36729@example.com,City 10
User 36730,user36730@example.com,City 1
User 36731,user36731@example.com,City 2
User 36732,user36732@example.com,City 3
User 36733,user36733@example.com,City 4
User 36734,user36734@example.com,City 5
User 36735,user36735@example.com,City 6
User 36736,user36736@example.com,City 7
User 36737,user36737@example.com,City 8
User 36738,user36738@example.com,City 9
User 36739,user36739@example.com,City 10
User 36740,user36740@example.com,City 1
User 36741,user36741@example.com,City 2
User 36742,user36742@example.com,City 3
User 36743,user36743@example.com,City 4
User 36744,user36744@example.com,City 5
User 36745,user36745@example.com,City 6
User 36746,user36746@example.com,City 7
User 36747,user36747@example.com,City 8
User 36748,user36748@example.com,City 9
User 36749,user36749@example.com,City 10
User 36750,user36750@example.com,City 1
User 36751,user36751@example.com,City 2
User 36752,user36752@example.com,City 3
User 36753,user36753@example.com,City 4
User 36754,user36754@example.com,City 5
User 36755,user36755@example.com,City 6
User 36756,user36756@example.com,City 7
User 36757,user36757@example.com,City 8
User 36758,user36758@example.com,City 9
User 36759,user36759@example.com,City 10
User 36760,user36760@example.com,City 1
User 36761,user36761@example.com,City 2
User 36762,user36762@example.com,City 3
User 36763,user36763@example.com,City 4
User 36764,user36764@example.com,City 5
User 36765,user36765@example.com,City 6
User 36766,user36766@example.com,City 7
User 36767,user36767@example.com,City 8
User 36768,user36768@example.com,City 9
User 36769,user36769@example.com,City 10
User 36770,user36770@example.com,City 1
User 36771,user36771@example.com,City 2
User 36772,user36772@example.com,City 3
User 36773,user36773@example.com,City 4
User 36774,user36774@example.com,City 5
User 36775,user36775@example.com,City 6
User 36776,user36776@example.com,City 7
User 36777,user36777@example.com,City 8
User 36778,user36778@example.com,City 9
User 36779,user36779@example.com,City 10
User 36780,user36780@example.com,City 1
User 36781,user36781@example.com,City 2
User 36782,user36782@example.com,City 3
User 36783,user36783@example.com,City 4
User 36784,user36784@example.com,City 5
User 36785,user36785@example.com,City 6
User 36786,user36786@example.com,City 7
User 36787,user36787@example.com,City 8
User 36788,user36788@example.com,City 9
User 36789,user36789@example.com,City 10
User 36790,user36790@example.com,City 1
User 36791,user36791@example.com,City 2
User 36792,user36792@example.com,City 3
User 36793,user36793@example.com,City 4
User 36794,user36794@example.com,City 5
User 36795,user36795@example.com,City 6
User 36796,user36796@example.com,City 7
User 36797,user36797@example.com,City 8
User 36798,user36798@example.com,City 9
User 36799,user36799@example.com,City 10
User 36800,user36800@example.com,City 1
User 36801,user36801@example.com,City 2
User 36802,user36802@example.com,City 3
User 36803,user36803@example.com,City 4
User 36804,user36804@example.com,City 5
User 36805,user36805@example.com,City 6
User 36806,user36806@example.com,City 7
User 36807,user36807@example.com,City 8
User 36808,user36808@example.com,City 9
User 36809,user36809@example.com,City 10
User 36810,user36810@example.com,City 1
User 36811,user36811@example.com,City 2
User 36812,user36812@example.com,City 3
User 36813,user36813@example.com,City 4
User 36814,user36814@example.com,City 5
User 36815,user36815@example.com,City 6
User 36816,user36816@example.com,City 7
User 36817,user36817@example.com,City 8
User 36818,user36818@example.com,City 9
User 36819,user36819@example.com,City 10
User 36820,user36820@example.com,City 1
User 36821,user36821@example.com,City 2
User 36822,user36822@example.com,City 3
User 36823,user36823@example.com,City 4
User 36824,user36824@example.com,City 5
User 36825,user36825@example.com,City 6
User 36826,user36826@example.com,City 7
User 36827,user36827@example.com,City 8
User 36828,user36828@example.com,City 9
User 36829,user36829@example.com,City 10
User 36830,user36830@example.com,City 1
User 36831,user36831@example.com,City 2
User 36832,user36832@example.com,City 3
User 36833,user36833@example.com,City 4
User 36834,user36834@example.com,City 5
User 36835,user36835@example.com,City 6
User 36836,user36836@example.com,City 7
User 36837,user36837@example.com,City 8
User 36838,user36838@example.com,City 9
User 36839,user36839@example.com,City 10
User 36840,user36840@example.com,City 1
User 36841,user36841@example.com,City 2
User 36842,user36842@example.com,City 3
User 36843,user36843@example.com,City 4
User 36844,user36844@example.com,City 5
User 36845,user36845@example.com,City 6
User 36846,user36846@example.com,City 7
User 36847,user36847@example.com,City 8
User 36848,user36848@example.com,City 9
User 36849,user36849@example.com,City 10
User 36850,user36850@example.com,City 1
User 36851,user36851@example.com,City 2
User 36852,user36852@example.com,City 3
User 36853,user36853@example.com,City 4
User 36854,user36854@example.com,City 5
User 36855,user36855@example.com,City 6
User 36856,user36856@example.com,City 7
User 36857,user36857@example.com,City 8
User 36858,user36858@example.com,City 9
User 36859,user36859@example.com,City 10
User 36860,user36860@example.com,City 1
User 36861,user36861@example.com,City 2
User 36862,user36862@example.com,City 3
User 36863,user36863@example.com,City 4
User 36864,user36864@example.com,City 5
User 36865,user36865@example.com,City 6
User 36866,user36866@example.com,City 7
User 36867,user36867@example.com,City 8
User 36868,user36868@example.com,City 9
User 36869,user36869@example.com,City 10
User 36870,user36870@example.com,City 1
User 36871,user36871@example.com,City 2
User 36872,user36872@example.com,City 3
User 36873,user36873@example.com,City 4
User 36874,user36874@example.com,City 5
User 36875,user36875@example.com,City 6
User 36876,user36876@example.com,City 7
User 36877,user36877@example.com,City 8
User 36878,user36878@example.com,City 9
User 36879,user36879@example.com,City 10
User 36880,user36880@example.com,City 1
User 36881,user36881@example.com,City 2
User 36882,user36882@example.com,City 3
User 36883,user36883@example.com,City 4
User 36884,user36884@example.com,City 5
User 36885,user36885@example.com,City 6
User 36886,user36886@example.com,City 7
User 36887,user36887@example.com,City 8
User 36888,user36888@example.com,City 9
User 36889,user36889@example.com,City 10
User 36890,user36890@example.com,City 1
User 36891,user36891@example.com,City 2
User 36892,user36892@example.com,City 3
User 36893,user36893@example.com,City 4
User 36894,user36894@example.com,City 5
User 36895,user36895@example.com,City 6
User 36896,user36896@example.com,City 7
User 36897,user36897@example.com,City 8
User 36898,user36898@example.com,City 9
User 36899,user36899@example.com,City 10
User 36900,user36900@example.com,City 1
User 36901,user36901@example.com,City 2
User 36902,user36902@example.com,City 3
User 36903,user36903@example.com,City 4
User 36904,user36904@example.com,City 5
User 36905,user36905@example.com,City 6
User 36906,user36906@example.com,City 7
User 36907,user36907@example.com,City 8
User 36908,user36908@example.com,City 9
User 36909,user36909@example.com,City 10
User 36910,user36910@example.com,City 1
User 36911,user36911@example.com,City 2
User 36912,user36912@example.com,City 3
User 36913,user36913@example.com,City 4
User 36914,user36914@example.com,City 5
User 36915,user36915@example.com,City 6
User 36916,user36916@example.com,City 7
User 36917,user36917@example.com,City 8
User 36918,user36918@example.com,City 9
User 36919,user36919@example.com,City 10
User 36920,user36920@example.com,City 1
User 36921,user36921@example.com,City 2
User 36922,user36922@example.com,City 3
User 36923,user36923@example.com,City 4
User 36924,user36924@example.com,City 5
User 36925,user36925@example.com,City 6
User 36926,user36926@example.com,City 7
User 36927,user36927@example.com,City 8
User 36928,user36928@example.com,City 9
User 36929,user36929@example.com,City 10
User 36930,user36930@example.com,City 1
User 36931,user36931@example.com,City 2
User 36932,user36932@example.com,City 3
User 36933,user36933@example.com,City 4
User 36934,user36934@example.com,City 5
User 36935,user36935@example.com,City 6
User 36936,user36936@example.com,City 7
User 36937,user36937@example.com,City 8
User 36938,user36938@example.com,City 9
User 36939,user36939@example.com,City 10
User 36940,user36940@example.com,City 1
User 36941,user36941@example.com,City 2
User 36942,user36942@example.com,City 3
User 36943,user36943@example.com,City 4
User 36944,user36944@example.com,City 5
User 36945,user36945@example.com,City 6
User 36946,user36946@example.com,City 7
User 36947,user36947@example.com,City 8
User 36948,user36948@example.com,City 9
User 36949,user36949@example.com,City 10
User 36950,user36950@example.com,City 1
User 36951,user36951@example.com,City 2
User 36952,user36952@example.com,City 3
User 36953,user36953@example.com,City 4
User 36954,user36954@example.com,City 5
User 36955,user36955@example.com,City 6
User 36956,user36956@example.com,City 7
User 36957,user36957@example.com,City 8
User 36958,user36958@example.com,City 9
User 36959,user36959@example.com,City 10
User 36960,user36960@example.com,City 1
User 36961,user36961@example.com,City 2
User 36962,user36962@example.com,City 3
User 36963,user36963@example.com,City 4
User 36964,user36964@example.com,City 5
User 36965,user36965@example.com,City 6
User 36966,user36966@example.com,City 7
User 36967,user36967@example.com,City 8
User 36968,user36968@example.com,City 9
User 36969,user36969@example.com,City 10
User 36970,user36970@example.com,City 1
User 36971,user36971@example.com,City 2
User 36972,user36972@example.com,City 3
User 36973,user36973@example.com,City 4
User 36974,user36974@example.com,City 5
User 36975,user36975@example.com,City 6
User 36976,user36976@example.com,City 7
User 36977,user36977@example.com,City 8
User 36978,user36978@example.com,City 9
User 36979,user36979@example.com,City 10
User 36980,user36980@example.com,City 1
User 36981,user36981@example.com,City 2
User 36982,user36982@example.com,City 3
User 36983,user36983@example.com,City 4
User 36984,user36984@example.com,City 5
User 36985,user36985@example.com,City 6
User 36986,user36986@example.com,City 7
User 36987,user36987@example.com,City 8
User 36988,user36988@example.com,City 9
User 36989,user36989@example.com,City 10
User 36990,user36990@example.com,City 1
User 36991,user36991@example.com,City 2
User 36992,user36992@example.com,City 3
User 36993,user36993@example.com,City 4
User 36994,user36994@example.com,City 5
User 36995,user36995@example.com,City 6
User 36996,user36996@example.com,City 7
User 36997,user36997@example.com,City 8
User 36998,user36998@example.com,City 9
User 36999,user36999@example.com,City 10
User 37000,user37000@example.com,City 1
User 37001,user37001@example.com,City 2
User 37002,user37002@example.com,City 3
User 37003,user37003@example.com,City 4
User 37004,user37004@example.com,City 5
User 37005,user37005@example.com,City 6
User 37006,user37006@example.com,City 7
User 37007,user37007@example.com,City 8
User 37008,user37008@example.com,City 9
User 37009,user37009@example.com,City 10
User 37010,user37010@example.com,City 1
User 37011,user37011@example.com,City 2
User 37012,user37012@example.com,City 3
User 37013,user37013@example.com,City 4
User 37014,user37014@example.com,City 5
User 37015,user37015@example.com,City 6
User 37016,user37016@example.com,City 7
User 37017,user37017@example.com,City 8
User 37018,user37018@example.com,City 9
User 37019,user37019@example.com,City 10
User 37020,user37020@example.com,City 1
User 37021,user37021@example.com,City 2
User 37022,user37022@example.com,City 3
User 37023,user37023@example.com,City 4
User 37024,user37024@example.com,City 5
User 37025,user37025@example.com,City 6
User 37026,user37026@example.com,City 7
User 37027,user37027@example.com,City 8
User 37028,user37028@example.com,City 9
User 37029,user37029@example.com,City 10
User 37030,user37030@example.com,City 1
User 37031,user37031@example.com,City 2
User 37032,user37032@example.com,City 3
User 37033,user37033@example.com,City 4
User 37034,user37034@example.com,City 5
User 37035,user37035@example.com,City 6
User 37036,user37036@example.com,City 7
User 37037,user37037@example.com,City 8
User 37038,user37038@example.com,City 9
User 37039,user37039@example.com,City 10
User 37040,user37040@example.com,City 1
User 37041,user37041@example.com,City 2
User 37042,user37042@example.com,City 3
User 37043,user37043@example.com,City 4
User 37044,user37044@example.com,City 5
User 37045,user37045@example.com,City 6
User 37046,user37046@example.com,City 7
User 37047,user37047@example.com,City 8
User 37048,user37048@example.com,City 9
User 37049,user37049@example.com,City 10
User 37050,user37050@example.com,City 1
User 37051,user37051@example.com,City 2
User 37052,user37052@example.com,City 3
User 37053,user37053@example.com,City 4
User 37054,user37054@example.com,City 5
User 37055,user37055@example.com,City 6
User 37056,user37056@example.com,City 7
User 37057,user37057@example.com,City 8
User 37058,user37058@example.com,City 9
User 37059,user37059@example.com,City 10
User 37060,user37060@example.com,City 1
User 37061,user37061@example.com,City 2
User 37062,user37062@example.com,City 3
User 37063,user37063@example.com,City 4
User 37064,user37064@example.com,City 5
User 37065,user37065@example.com,City 6
User 37066,user37066@example.com,City 7
User 37067,user37067@example.com,City 8
User 37068,user37068@example.com,City 9
User 37069,user37069@example.com,City 10
User 37070,user37070@example.com,City 1
User 37071,user37071@example.com,City 2
User 37072,user37072@example.com,City 3
User 37073,user37073@example.com,City 4
User 37074,user37074@example.com,City 5
User 37075,user37075@example.com,City 6
User 37076,user37076@example.com,City 7
User 37077,user37077@example.com,City 8
User 37078,user37078@example.com,City 9
User 37079,user37079@example.com,City 10
User 37080,user37080@example.com,City 1
User 37081,user37081@example.com,City 2
User 37082,user37082@example.com,City 3
User 37083,user37083@example.com,City 4
User 37084,user37084@example.com,City 5
User 37085,user37085@example.com,City 6
User 37086,user37086@example.com,City 7
User 37087,user37087@example.com,City 8
User 37088,user37088@example.com,City 9
User 37089,user37089@example.com,City 10
User 37090,user37090@example.com,City 1
User 37091,user37091@example.com,City 2
User 37092,user37092@example.com,City 3
User 37093,user37093@example.com,City 4
User 37094,user37094@example.com,City 5
User 37095,user37095@example.com,City 6
User 37096,user37096@example.com,City 7
User 37097,user37097@example.com,City 8
User 37098,user37098@example.com,City 9
User 37099,user37099@example.com,City 10
User 37100,user37100@example.com,City 1
User 37101,user37101@example.com,City 2
User 37102,user37102@example.com,City 3
User 37103,user37103@example.com,City 4
User 37104,user37104@example.com,City 5
User 37105,user37105@example.com,City 6
User 37106,user37106@example.com,City 7
User 37107,user37107@example.com,City 8
User 37108,user37108@example.com,City 9
User 37109,user37109@example.com,City 10
User 37110,user37110@example.com,City 1
User 37111,user37111@example.com,City 2
User 37112,user37112@example.com,City 3
User 37113,user37113@example.com,City 4
User 37114,user37114@example.com,City 5
User 37115,user37115@example.com,City 6
User 37116,user37116@example.com,City 7
User 37117,user37117@example.com,City 8
User 37118,user37118@example.com,City 9
User 37119,user37119@example.com,City 10
User 37120,user37120@example.com,City 1
User 37121,user37121@example.com,City 2
User 37122,user37122@example.com,City 3
User 37123,user37123@example.com,City 4
User 37124,user37124@example.com,City 5
User 37125,user37125@example.com,City 6
User 37126,user37126@example.com,City 7
User 37127,user37127@example.com,City 8
User 37128,user37128@example.com,City 9
User 37129,user37129@example.com,City 10
User 37130,user37130@example.com,City 1
User 37131,user37131@example.com,City 2
User 37132,user37132@example.com,City 3
User 37133,user37133@example.com,City 4
User 37134,user37134@example.com,City 5
User 37135,user37135@example.com,City 6
User 37136,user37136@example.com,City 7
User 37137,user37137@example.com,City 8
User 37138,user37138@example.com,City 9
User 37139,user37139@example.com,City 10
User 37140,user37140@example.com,City 1
User 37141,user37141@example.com,City 2
User 37142,user37142@example.com,City 3
User 37143,user37143@example.com,City 4
User 37144,user37144@example.com,City 5
User 37145,user37145@example.com,City 6
User 37146,user37146@example.com,City 7
User 37147,user37147@example.com,City 8
User 37148,user37148@example.com,City 9
User 37149,user37149@example.com,City 10
User 37150,user37150@example.com,City 1
User 37151,user37151@example.com,City 2
User 37152,user37152@example.com,City 3
User 37153,user37153@example.com,City 4
User 37154,user37154@example.com,City 5
User 37155,user37155@example.com,City 6
User 37156,user37156@example.com,City 7
User 37157,user37157@example.com,City 8
User 37158,user37158@example.com,City 9
User 37159,user37159@example.com,City 10
User 37160,user37160@example.com,City 1
User 37161,user37161@example.com,City 2
User 37162,user37162@example.com,City 3
User 37163,user37163@example.com,City 4
User 37164,user37164@example.com,City 5
User 37165,user37165@example.com,City 6
User 37166,user37166@example.com,City 7
User 37167,user37167@example.com,City 8
User 37168,user37168@example.com,City 9
User 37169,user37169@example.com,City 10
User 37170,user37170@example.com,City 1
User 37171,user37171@example.com,City 2
User 37172,user37172@example.com,City 3
User 37173,user37173@example.com,City 4
User 37174,user37174@example.com,City 5
User 37175,user37175@example.com,City 6
User 37176,user37176@example.com,City 7
User 37177,user37177@example.com,City 8
User 37178,user37178@example.com,City 9
User 37179,user37179@example.com,City 10
User 37180,user37180@example.com,City 1
User 37181,user37181@example.com,City 2
User 37182,user37182@example.com,City 3
User 37183,user37183@example.com,City 4
User 37184,user37184@example.com,City 5
User 37185,user37185@example.com,City 6
User 37186,user37186@example.com,City 7
User 37187,user37187@example.com,City 8
User 37188,user37188@example.com,City 9
User 37189,user37189@example.com,City 10
User 37190,user37190@example.com,City 1
User 37191,user37191@example.com,City 2
User 37192,user37192@example.com,City 3
User 37193,user37193@example.com,City 4
User 37194,user37194@example.com,City 5
User 37195,user37195@example.com,City 6
User 37196,user37196@example.com,City 7
User 37197,user37197@example.com,City 8
User 37198,user37198@example.com,City 9
User 37199,user37199@example.com,City 10
User 37200,user37200@example.com,City 1
User 37201,user37201@example.com,City 2
User 37202,user37202@example.com,City 3
User 37203,user37203@example.com,City 4
User 37204,user37204@example.com,City 5
User 37205,user37205@example.com,City 6
User 37206,user37206@example.com,City 7
User 37207,user37207@example.com,City 8
User 37208,user37208@example.com,City 9
User 37209,user37209@example.com,City 10
User 37210,user37210@example.com,City 1
User 37211,user37211@example.com,City 2
User 37212,user37212@example.com,City 3
User 37213,user37213@example.com,City 4
User 37214,user37214@example.com,City 5
User 37215,user37215@example.com,City 6
User 37216,user37216@example.com,City 7
User 37217,user37217@example.com,City 8
User 37218,user37218@example.com,City 9
User 37219,user37219@example.com,City 10
User 37220,user37220@example.com,City 1
User 37221,user37221@example.com,City 2
User 37222,user37222@example.com,City 3
User 37223,user37223@example.com,City 4
User 37224,user37224@example.com,City 5
User 37225,user37225@example.com,City 6
User 37226,user37226@example.com,City 7
User 37227,user37227@example.com,City 8
User 37228,user37228@example.com,City 9
User 37229,user37229@example.com,City 10
User 37230,user37230@example.com,City 1
User 37231,user37231@example.com,City 2
User 37232,user37232@example.com,City 3
User 37233,user37233@example.com,City 4
User 37234,user37234@example.com,City 5
User 37235,user37235@example.com,City 6
User 37236,user37236@example.com,City 7
User 37237,user37237@example.com,City 8
User 37238,user37238@example.com,City 9
User 37239,user37239@example.com,City 10
User 37240,user37240@example.com,City 1
User 37241,user37241@example.com,City 2
User 37242,user37242@example.com,City 3
User 37243,user37243@example.com,City 4
User 37244,user37244@example.com,City 5
User 37245,user37245@example.com,City 6
User 37246,user37246@example.com,City 7
User 37247,user37247@example.com,City 8
User 37248,user37248@example.com,City 9
User 37249,user37249@example.com,City 10
User 37250,user37250@example.com,City 1
User 37251,user37251@example.com,City 2
User 37252,user37252@example.com,City 3
User 37253,user37253@example.com,City 4
User 37254,user37254@example.com,City 5
User 37255,user37255@example.com,City 6
User 37256,user37256@example.com,City 7
User 37257,user37257@example.com,City 8
User 37258,user37258@example.com,City 9
User 37259,user37259@example.com,City 10
User 37260,user37260@example.com,City 1
User 37261,user37261@example.com,City 2
User 37262,user37262@example.com,City 3
User 37263,user37263@example.com,City 4
User 37264,user37264@example.com,City 5
User 37265,user37265@example.com,City 6
User 37266,user37266@example.com,City 7
User 37267,user37267@example.com,City 8
User 37268,user37268@example.com,City 9
User 37269,user37269@example.com,City 10
User 37270,user37270@example.com,City 1
User 37271,user37271@example.com,City 2
User 37272,user37272@example.com,City 3
User 37273,user37273@example.com,City 4
User 37274,user37274@example.com,City 5
User 37275,user37275@example.com,City 6
User 37276,user37276@example.com,City 7
User 37277,user37277@example.com,City 8
User 37278,user37278@example.com,City 9
User 37279,user37279@example.com,City 10
User 37280,user37280@example.com,City 1
User 37281,user37281@example.com,City 2
User 37282,user37282@example.com,City 3
User 37283,user37283@example.com,City 4
User 37284,user37284@example.com,City 5
User 37285,user37285@example.com,City 6
User 37286,user37286@example.com,City 7
User 37287,user37287@example.com,City 8
User 37288,user37288@example.com,City 9
User 37289,user37289@example.com,City 10
User 37290,user37290@example.com,City 1
User 37291,user37291@example.com,City 2
User 37292,user37292@example.com,City 3
User 37293,user37293@example.com,City 4
User 37294,user37294@example.com,City 5
User 37295,user37295@example.com,City 6
User 37296,user37296@example.com,City 7
User 37297,user37297@example.com,City 8
User 37298,user37298@example.com,City 9
User 37299,user37299@example.com,City 10
User 37300,user37300@example.com,City 1
User 37301,user37301@example.com,City 2
User 37302,user37302@example.com,City 3
User 37303,user37303@example.com,City 4
User 37304,user37304@example.com,City 5
User 37305,user37305@example.com,City 6
User 37306,user37306@example.com,City 7
User 37307,user37307@example.com,City 8
User 37308,user37308@example.com,City 9
User 37309,user37309@example.com,City 10
User 37310,user37310@example.com,City 1
User 37311,user37311@example.com,City 2
User 37312,user37312@example.com,City 3
User 37313,user37313@example.com,City 4
User 37314,user37314@example.com,City 5
User 37315,user37315@example.com,City 6
User 37316,user37316@example.com,City 7
User 37317,user37317@example.com,City 8
User 37318,user37318@example.com,City 9
User 37319,user37319@example.com,City 10
User 37320,user37320@example.com,City 1
User 37321,user37321@example.com,City 2
User 37322,user37322@example.com,City 3
User 37323,user37323@example.com,City 4
User 37324,user37324@example.com,City 5
User 37325,user37325@example.com,City 6
User 37326,user37326@example.com,City 7
User 37327,user37327@example.com,City 8
User 37328,user37328@example.com,City 9
User 37329,user37329@example.com,City 10
User 37330,user37330@example.com,City 1
User 37331,user37331@example.com,City 2
User 37332,user37332@example.com,City 3
User 37333,user37333@example.com,City 4
User 37334,user37334@example.com,City 5
User 37335,user37335@example.com,City 6
User 37336,user37336@example.com,City 7
User 37337,user37337@example.com,City 8
User 37338,user37338@example.com,City 9
User 37339,user37339@example.com,City 10
User 37340,user37340@example.com,City 1
User 37341,user37341@example.com,City 2
User 37342,user37342@example.com,City 3
User 37343,user37343@example.com,City 4
User 37344,user37344@example.com,City 5
User 37345,user37345@example.com,City 6
User 37346,user37346@example.com,City 7
User 37347,user37347@example.com,City 8
User 37348,user37348@example.com,City 9
User 37349,user37349@example.com,City 10
User 37350,user37350@example.com,City 1
User 37351,user37351@example.com,City 2
User 37352,user37352@example.com,City 3
User 37353,user37353@example.com,City 4
User 37354,user37354@example.com,City 5
User 37355,user37355@example.com,City 6
User 37356,user37356@example.com,City 7
User 37357,user37357@example.com,City 8
User 37358,user37358@example.com,City 9
User 37359,user37359@example.com,City 10
User 37360,user37360@example.com,City 1
User 37361,user37361@example.com,City 2
User 37362,user37362@example.com,City 3
User 37363,user37363@example.com,City 4
User 37364,user37364@example.com,City 5
User 37365,user37365@example.com,City 6
User 37366,user37366@example.com,City 7
User 37367,user37367@example.com,City 8
User 37368,user37368@example.com,City 9
User 37369,user37369@example.com,City 10
User 37370,user37370@example.com,City 1
User 37371,user37371@example.com,City 2
User 37372,user37372@example.com,City 3
User 37373,user37373@example.com,City 4
User 37374,user37374@example.com,City 5
User 37375,user37375@example.com,City 6
User 37376,user37376@example.com,City 7
User 37377,user37377@example.com,City 8
User 37378,user37378@example.com,City 9
User 37379,user37379@example.com,City 10
User 37380,user37380@example.com,City 1
User 37381,user37381@example.com,City 2
User 37382,user37382@example.com,City 3
User 37383,user37383@example.com,City 4
User 37384,user37384@example.com,City 5
User 37385,user37385@example.com,City 6
User 37386,user37386@example.com,City 7
User 37387,user37387@example.com,City 8
User 37388,user37388@example.com,City 9
User 37389,user37389@example.com,City 10
User 37390,user37390@example.com,City 1
User 37391,user37391@example.com,City 2
User 37392,user37392@example.com,City 3
User 37393,user37393@example.com,City 4
User 37394,user37394@example.com,City 5
User 37395,user37395@example.com,City 6
User 37396,user37396@example.com,City 7
User 37397,user37397@example.com,City 8
User 37398,user37398@example.com,City 9
User 37399,user37399@example.com,City 10
User 37400,user37400@example.com,City 1
User 37401,user37401@example.com,City 2
User 37402,user37402@example.com,City 3
User 37403,user37403@example.com,City 4
User 37404,user37404@example.com,City 5
User 37405,user37405@example.com,City 6
User 37406,user37406@example.com,City 7
User 37407,user37407@example.com,City 8
User 37408,user37408@example.com,City 9
User 37409,user37409@example.com,City 10
User 37410,user37410@example.com,City 1
User 37411,user37411@example.com,City 2
User 37412,user37412@example.com,City 3
User 37413,user37413@example.com,City 4
User 37414,user37414@example.com,City 5
User 37415,user37415@example.com,City 6
User 37416,user37416@example.com,City 7
User 37417,user37417@example.com,City 8
User 37418,user37418@example.com,City 9
User 37419,user37419@example.com,City 10
User 37420,user37420@example.com,City 1
User 37421,user37421@example.com,City 2
User 37422,user37422@example.com,City 3
User 37423,user37423@example.com,City 4
User 37424,user37424@example.com,City 5
User 37425,user37425@example.com,City 6
User 37426,user37426@example.com,City 7
User 37427,user37427@example.com,City 8
User 37428,user37428@example.com,City 9
User 37429,user37429@example.com,City 10
User 37430,user37430@example.com,City 1
User 37431,user37431@example.com,City 2
User 37432,user37432@example.com,City 3
User 37433,user37433@example.com,City 4
User 37434,user37434@example.com,City 5
User 37435,user37435@example.com,City 6
User 37436,user37436@example.com,City 7
User 37437,user37437@example.com,City 8
User 37438,user37438@example.com,City 9
User 37439,user37439@example.com,City 10
User 37440,user37440@example.com,City 1
User 37441,user37441@example.com,City 2
User 37442,user37442@example.com,City 3
User 37443,user37443@example.com,City 4
User 37444,user37444@example.com,City 5
User 37445,user37445@example.com,City 6
User 37446,user37446@example.com,City 7
User 37447,user37447@example.com,City 8
User 37448,user37448@example.com,City 9
User 37449,user37449@example.com,City 10
User 37450,user37450@example.com,City 1
User 37451,user37451@example.com,City 2
User 37452,user37452@example.com,City 3
User 37453,user37453@example.com,City 4
User 37454,user37454@example.com,City 5
User 37455,user37455@example.com,City 6
User 37456,user37456@example.com,City 7
User 37457,user37457@example.com,City 8
User 37458,user37458@example.com,City 9
User 37459,user37459@example.com,City 10
User 37460,user37460@example.com,City 1
User 37461,user37461@example.com,City 2
User 37462,user37462@example.com,City 3
User 37463,user37463@example.com,City 4
User 37464,user37464@example.com,City 5
User 37465,user37465@example.com,City 6
User 37466,user37466@example.com,City 7
User 37467,user37467@example.com,City 8
User 37468,user37468@example.com,City 9
User 37469,user37469@example.com,City 10
User 37470,user37470@example.com,City 1
User 37471,user37471@example.com,City 2
User 37472,user37472@example.com,City 3
User 37473,user37473@example.com,City 4
User 37474,user37474@example.com,City 5
User 37475,user37475@example.com,City 6
User 37476,user37476@example.com,City 7
User 37477,user37477@example.com,City 8
User 37478,user37478@example.com,City 9
User 37479,user37479@example.com,City 10
User 37480,user37480@example.com,City 1
User 37481,user37481@example.com,City 2
User 37482,user37482@example.com,City 3
User 37483,user37483@example.com,City 4
User 37484,user37484@example.com,City 5
User 37485,user37485@example.com,City 6
User 37486,user37486@example.com,City 7
User 37487,user37487@example.com,City 8
User 37488,user37488@example.com,City 9
User 37489,user37489@example.com,City 10
User 37490,user37490@example.com,City 1
User 37491,user37491@example.com,City 2
User 37492,user37492@example.com,City 3
User 37493,user37493@example.com,City 4
User 37494,user37494@example.com,City 5
User 37495,user37495@example.com,City 6
User 37496,user37496@example.com,City 7
User 37497,user37497@example.com,City 8
User 37498,user37498@example.com,City 9
User 37499,user37499@example.com,City 10
User 37500,user37500@example.com,City 1
User 37501,user37501@example.com,City 2
User 37502,user37502@example.com,City 3
User 37503,user37503@example.com,City 4
User 37504,user37504@example.com,City 5
User 37505,user37505@example.com,City 6
User 37506,user37506@example.com,City 7
User 37507,user37507@example.com,City 8
User 37508,user37508@example.com,City 9
User 37509,user37509@example.com,City 10
User 37510,user37510@example.com,City 1
User 37511,user37511@example.com,City 2
User 37512,user37512@example.com,City 3
User 37513,user37513@example.com,City 4
User 37514,user37514@example.com,City 5
User 37515,user37515@example.com,City 6
User 37516,user37516@example.com,City 7
User 37517,user37517@example.com,City 8
User 37518,user37518@example.com,City 9
User 37519,user37519@example.com,City 10
User 37520,user37520@example.com,City 1
User 37521,user37521@example.com,City 2
User 37522,user37522@example.com,City 3
User 37523,user37523@example.com,City 4
User 37524,user37524@example.com,City 5
User 37525,user37525@example.com,City 6
User 37526,user37526@example.com,City 7
User 37527,user37527@example.com,City 8
User 37528,user37528@example.com,City 9
User 37529,user37529@example.com,City 10
User 37530,user37530@example.com,City 1
User 37531,user37531@example.com,City 2
User 37532,user37532@example.com,City 3
User 37533,user37533@example.com,City 4
User 37534,user37534@example.com,City 5
User 37535,user37535@example.com,City 6
User 37536,user37536@example.com,City 7
User 37537,user37537@example.com,City 8
User 37538,user37538@example.com,City 9
User 37539,user37539@example.com,City 10
User 37540,user37540@example.com,City 1
User 37541,user37541@example.com,City 2
User 37542,user37542@example.com,City 3
User 37543,user37543@example.com,City 4
User 37544,user37544@example.com,City 5
User 37545,user37545@example.com,City 6
User 37546,user37546@example.com,City 7
User 37547,user37547@example.com,City 8
User 37548,user37548@example.com,City 9
User 37549,user37549@example.com,City 10
User 37550,user37550@example.com,City 1
User 37551,user37551@example.com,City 2
User 37552,user37552@example.com,City 3
User 37553,user37553@example.com,City 4
User 37554,user37554@example.com,City 5
User 37555,user37555@example.com,City 6
User 37556,user37556@example.com,City 7
User 37557,user37557@example.com,City 8
User 37558,user37558@example.com,City 9
User 37559,user37559@example.com,City 10
User 37560,user37560@example.com,City 1
User 37561,user37561@example.com,City 2
User 37562,user37562@example.com,City 3
User 37563,user37563@example.com,City 4
User 37564,user37564@example.com,City 5
User 37565,user37565@example.com,City 6
User 37566,user37566@example.com,City 7
User 37567,user37567@example.com,City 8
User 37568,user37568@example.com,City 9
User 37569,user37569@example.com,City 10
User 37570,user37570@example.com,City 1
User 37571,user37571@example.com,City 2
User 37572,user37572@example.com,City 3
User 37573,user37573@example.com,City 4
User 37574,user37574@example.com,City 5
User 37575,user37575@example.com,City 6
User 37576,user37576@example.com,City 7
User 37577,user37577@example.com,City 8
User 37578,user37578@example.com,City 9
User 37579,user37579@example.com,City 10
User 37580,user37580@example.com,City 1
User 37581,user37581@example.com,City 2
User 37582,user37582@example.com,City 3
User 37583,user37583@example.com,City 4
User 37584,user37584@example.com,City 5
User 37585,user37585@example.com,City 6
User 37586,user37586@example.com,City 7
User 37587,user37587@example.com,City 8
User 37588,user37588@example.com,City 9
User 37589,user37589@example.com,City 10
User 37590,user37590@example.com,City 1
User 37591,user37591@example.com,City 2
User 37592,user37592@example.com,City 3
User 37593,user37593@example.com,City 4
User 37594,user37594@example.com,City 5
User 37595,user37595@example.com,City 6
User 37596,user37596@example.com,City 7
User 37597,user37597@example.com,City 8
User 37598,user37598@example.com,City 9
User 37599,user37599@example.com,City 10
User 37600,user37600@example.com,City 1
User 37601,user37601@example.com,City 2
User 37602,user37602@example.com,City 3
User 37603,user37603@example.com,City 4
User 37604,user37604@example.com,City 5
User 37605,user37605@example.com,City 6
User 37606,user37606@example.com,City 7
User 37607,user37607@example.com,City 8
User 37608,user37608@example.com,City 9
User 37609,user37609@example.com,City 10
User 37610,user37610@example.com,City 1
User 37611,user37611@example.com,City 2
User 37612,user37612@example.com,City 3
User 37613,user37613@example.com,City 4
User 37614,user37614@example.com,City 5
User 37615,user37615@example.com,City 6
User 37616,user37616@example.com,City 7
User 37617,user37617@example.com,City 8
User 37618,user37618@example.com,City 9
User 37619,user37619@example.com,City 10
User 37620,user37620@example.com,City 1
User 37621,user37621@example.com,City 2
User 37622,user37622@example.com,City 3
User 37623,user37623@example.com,City 4
User 37624,user37624@example.com,City 5
User 37625,user37625@example.com,City 6
User 37626,user37626@example.com,City 7
User 37627,user37627@example.com,City 8
User 37628,user37628@example.com,City 9
User 37629,user37629@example.com,City 10
User 37630,user37630@example.com,City 1
User 37631,user37631@example.com,City 2
User 37632,user37632@example.com,City 3
User 37633,user37633@example.com,City 4
User 37634,user37634@example.com,City 5
User 37635,user37635@example.com,City 6
User 37636,user37636@example.com,City 7
User 37637,user37637@example.com,City 8
User 37638,user37638@example.com,City 9
User 37639,user37639@example.com,City 10
User 37640,user37640@example.com,City 1
User 37641,user37641@example.com,City 2
User 37642,user37642@example.com,City 3
User 37643,user37643@example.com,City 4
User 37644,user37644@example.com,City 5
User 37645,user37645@example.com,City 6
User 37646,user37646@example.com,City 7
User 37647,user37647@example.com,City 8
User 37648,user37648@example.com,City 9
User 37649,user37649@example.com,City 10
User 37650,user37650@example.com,City 1
User 37651,user37651@example.com,City 2
User 37652,user37652@example.com,City 3
User 37653,user37653@example.com,City 4
User 37654,user37654@example.com,City 5
User 37655,user37655@example.com,City 6
User 37656,user37656@example.com,City 7
User 37657,user37657@example.com,City 8
User 37658,user37658@example.com,City 9
User 37659,user37659@example.com,City 10
User 37660,user37660@example.com,City 1
User 37661,user37661@example.com,City 2
User 37662,user37662@example.com,City 3
User 37663,user37663@example.com,City 4
User 37664,user37664@example.com,City 5
User 37665,user37665@example.com,City 6
User 37666,user37666@example.com,City 7
User 37667,user37667@example.com,City 8
User 37668,user37668@example.com,City 9
User 37669,user37669@example.com,City 10
User 37670,user37670@example.com,City 1
User 37671,user37671@example.com,City 2
User 37672,user37672@example.com,City 3
User 37673,user37673@example.com,City 4
User 37674,user37674@example.com,City 5
User 37675,user37675@example.com,City 6
User 37676,user37676@example.com,City 7
User 37677,user37677@example.com,City 8
User 37678,user37678@example.com,City 9
User 37679,user37679@example.com,City 10
User 37680,user37680@example.com,City 1
User 37681,user37681@example.com,City 2
User 37682,user37682@example.com,City 3
User 37683,user37683@example.com,City 4
User 37684,user37684@example.com,City 5
User 37685,user37685@example.com,City 6
User 37686,user37686@example.com,City 7
User 37687,user37687@example.com,City 8
User 37688,user37688@example.com,City 9
User 37689,user37689@example.com,City 10
User 37690,user37690@example.com,City 1
User 37691,user37691@example.com,City 2
User 37692,user37692@example.com,City 3
User 37693,user37693@example.com,City 4
User 37694,user37694@example.com,City 5
User 37695,user37695@example.com,City 6
User 37696,user37696@example.com,City 7
User 37697,user37697@example.com,City 8
User 37698,user37698@example.com,City 9
User 37699,user37699@example.com,City 10
User 37700,user37700@example.com,City 1
User 37701,user37701@example.com,City 2
User 37702,user37702@example.com,City 3
User 37703,user37703@example.com,City 4
User 37704,user37704@example.com,City 5
User 37705,user37705@example.com,City 6
User 37706,user37706@example.com,City 7
User 37707,user37707@example.com,City 8
User 37708,user37708@example.com,City 9
User 37709,user37709@example.com,City 10
User 37710,user37710@example.com,City 1
User 37711,user37711@example.com,City 2
User 37712,user37712@example.com,City 3
User 37713,user37713@example.com,City 4
User 37714,user37714@example.com,City 5
User 37715,user37715@example.com,City 6
User 37716,user37716@example.com,City 7
User 37717,user37717@example.com,City 8
User 37718,user37718@example.com,City 9
User 37719,user37719@example.com,City 10
User 37720,user37720@example.com,City 1
User 37721,user37721@example.com,City 2
User 37722,user37722@example.com,City 3
User 37723,user37723@example.com,City 4
User 37724,user37724@example.com,City 5
User 37725,user37725@example.com,City 6
User 37726,user37726@example.com,City 7
User 37727,user37727@example.com,City 8
User 37728,user37728@example.com,City 9
User 37729,user37729@example.com,City 10
User 37730,user37730@example.com,City 1
User 37731,user37731@example.com,City 2
User 37732,user37732@example.com,City 3
User 37733,user37733@example.com,City 4
User 37734,user37734@example.com,City 5
User 37735,user37735@example.com,City 6
User 37736,user37736@example.com,City 7
User 37737,user37737@example.com,City 8
User 37738,user37738@example.com,City 9
User 37739,user37739@example.com,City 10
User 37740,user37740@example.com,City 1
User 37741,user37741@example.com,City 2
User 37742,user37742@example.com,City 3
User 37743,user37743@example.com,City 4
User 37744,user37744@example.com,City 5
User 37745,user37745@example.com,City 6
User 37746,user37746@example.com,City 7
User 37747,user37747@example.com,City 8
User 37748,user37748@example.com,City 9
User 37749,user37749@example.com,City 10
User 37750,user37750@example.com,City 1
User 37751,user37751@example.com,City 2
User 37752,user37752@example.com,City 3
User 37753,user37753@example.com,City 4
User 37754,user37754@example.com,City 5
User 37755,user37755@example.com,City 6
User 37756,user37756@example.com,City 7
User 37757,user37757@example.com,City 8
User 37758,user37758@example.com,City 9
User 37759,user37759@example.com,City 10
User 37760,user37760@example.com,City 1
User 37761,user37761@example.com,City 2
User 37762,user37762@example.com,City 3
User 37763,user37763@example.com,City 4
User 37764,user37764@example.com,City 5
User 37765,user37765@example.com,City 6
User 37766,user37766@example.com,City 7
User 37767,user37767@example.com,City 8
User 37768,user37768@example.com,City 9
User 37769,user37769@example.com,City 10
User 37770,user37770@example.com,City 1
User 37771,user37771@example.com,City 2
User 37772,user37772@example.com,City 3
User 37773,user37773@example.com,City 4
User 37774,user37774@example.com,City 5
User 37775,user37775@example.com,City 6
User 37776,user37776@example.com,City 7
User 37777,user37777@example.com,City 8
User 37778,user37778@example.com,City 9
User 37779,user37779@example.com,City 10
User 37780,user37780@example.com,City 1
User 37781,user37781@example.com,City 2
User 37782,user37782@example.com,City 3
User 37783,user37783@example.com,City 4
User 37784,user37784@example.com,City 5
User 37785,user37785@example.com,City 6
User 37786,user37786@example.com,City 7
User 37787,user37787@example.com,City 8
User 37788,user37788@example.com,City 9
User 37789,user37789@example.com,City 10
User 37790,user37790@example.com,City 1
User 37791,user37791@example.com,City 2
User 37792,user37792@example.com,City 3
User 37793,user37793@example.com,City 4
User 37794,user37794@example.com,City 5
User 37795,user37795@example.com,City 6
User 37796,user37796@example.com,City 7
User 37797,user37797@example.com,City 8
User 37798,user37798@example.com,City 9
User 37799,user37799@example.com,City 10
User 37800,user37800@example.com,City 1
User 37801,user37801@example.com,City 2
User 37802,user37802@example.com,City 3
User 37803,user37803@example.com,City 4
User 37804,user37804@example.com,City 5
User 37805,user37805@example.com,City 6
User 37806,user37806@example.com,City 7
User 37807,user37807@example.com,City 8
User 37808,user37808@example.com,City 9
User 37809,user37809@example.com,City 10
User 37810,user37810@example.com,City 1
User 37811,user37811@example.com,City 2
User 37812,user37812@example.com,City 3
User 37813,user37813@example.com,City 4
User 37814,user37814@example.com,City 5
User 37815,user37815@example.com,City 6
User 37816,user37816@example.com,City 7
User 37817,user37817@example.com,City 8
User 37818,user37818@example.com,City 9
User 37819,user37819@example.com,City 10
User 37820,user37820@example.com,City 1
User 37821,user37821@example.com,City 2
User 37822,user37822@example.com,City 3
User 37823,user37823@example.com,City 4
User 37824,user37824@example.com,City 5
User 37825,user37825@example.com,City 6
User 37826,user37826@example.com,City 7
User 37827,user37827@example.com,City 8
User 37828,user37828@example.com,City 9
User 37829,user37829@example.com,City 10
User 37830,user37830@example.com,City 1
User 37831,user37831@example.com,City 2
User 37832,user37832@example.com,City 3
User 37833,user37833@example.com,City 4
User 37834,user37834@example.com,City 5
User 37835,user37835@example.com,City 6
User 37836,user37836@example.com,City 7
User 37837,user37837@example.com,City 8
User 37838,user37838@example.com,City 9
User 37839,user37839@example.com,City 10
User 37840,user37840@example.com,City 1
User 37841,user37841@example.com,City 2
User 37842,user37842@example.com,City 3
User 37843,user37843@example.com,City 4
User 37844,user37844@example.com,City 5
User 37845,user37845@example.com,City 6
User 37846,user37846@example.com,City 7
User 37847,user37847@example.com,City 8
User 37848,user37848@example.com,City 9
User 37849,user37849@example.com,City 10
User 37850,user37850@example.com,City 1
User 37851,user37851@example.com,City 2
User 37852,user37852@example.com,City 3
User 37853,user37853@example.com,City 4
User 37854,user37854@example.com,City 5
User 37855,user37855@example.com,City 6
User 37856,user37856@example.com,City 7
User 37857,user37857@example.com,City 8
User 37858,user37858@example.com,City 9
User 37859,user37859@example.com,City 10
User 37860,user37860@example.com,City 1
User 37861,user37861@example.com,City 2
User 37862,user37862@example.com,City 3
User 37863,user37863@example.com,City 4
User 37864,user37864@example.com,City 5
User 37865,user37865@example.com,City 6
User 37866,user37866@example.com,City 7
User 37867,user37867@example.com,City 8
User 37868,user37868@example.com,City 9
User 37869,user37869@example.com,City 10
User 37870,user37870@example.com,City 1
User 37871,user37871@example.com,City 2
User 37872,user37872@example.com,City 3
User 37873,user37873@example.com,City 4
User 37874,user37874@example.com,City 5
User 37875,user37875@example.com,City 6
User 37876,user37876@example.com,City 7
User 37877,user37877@example.com,City 8
User 37878,user37878@example.com,City 9
User 37879,user37879@example.com,City 10
User 37880,user37880@example.com,City 1
User 37881,user37881@example.com,City 2
User 37882,user37882@example.com,City 3
User 37883,user37883@example.com,City 4
User 37884,user37884@example.com,City 5
User 37885,user37885@example.com,City 6
User 37886,user37886@example.com,City 7
User 37887,user37887@example.com,City 8
User 37888,user37888@example.com,City 9
User 37889,user37889@example.com,City 10
User 37890,user37890@example.com,City 1
User 37891,user37891@example.com,City 2
User 37892,user37892@example.com,City 3
User 37893,user37893@example.com,City 4
User 37894,user37894@example.com,City 5
User 37895,user37895@example.com,City 6
User 37896,user37896@example.com,City 7
User 37897,user37897@example.com,City 8
User 37898,user37898@example.com,City 9
User 37899,user37899@example.com,City 10
User 37900,user37900@example.com,City 1
User 37901,user37901@example.com,City 2
User 37902,user37902@example.com,City 3
User 37903,user37903@example.com,City 4
User 37904,user37904@example.com,City 5
User 37905,user37905@example.com,City 6
User 37906,user37906@example.com,City 7
User 37907,user37907@example.com,City 8
User 37908,user37908@example.com,City 9
User 37909,user37909@example.com,City 10
User 37910,user37910@example.com,City 1
User 37911,user37911@example.com,City 2
User 37912,user37912@example.com,City 3
User 37913,user37913@example.com,City 4
User 37914,user37914@example.com,City 5
User 37915,user37915@example.com,City 6
User 37916,user37916@example.com,City 7
User 37917,user37917@example.com,City 8
User 37918,user37918@example.com,City 9
User 37919,user37919@example.com,City 10
User 37920,user37920@example.com,City 1
User 37921,user37921@example.com,City 2
User 37922,user37922@example.com,City 3
User 37923,user37923@example.com,City 4
User 37924,user37924@example.com,City 5
User 37925,user37925@example.com,City 6
User 37926,user37926@example.com,City 7
User 37927,user37927@example.com,City 8
User 37928,user37928@example.com,City 9
User 37929,user37929@example.com,City 10
User 37930,user37930@example.com,City 1
User 37931,user37931@example.com,City 2
User 37932,user37932@example.com,City 3
User 37933,user37933@example.com,City 4
User 37934,user37934@example.com,City 5
User 37935,user37935@example.com,City 6
User 37936,user37936@example.com,City 7
User 37937,user37937@example.com,City 8
User 37938,user37938@example.com,City 9
User 37939,user37939@example.com,City 10
User 37940,user37940@example.com,City 1
User 37941,user37941@example.com,City 2
User 37942,user37942@example.com,City 3
User 37943,user37943@example.com,City 4
User 37944,user37944@example.com,City 5
User 37945,user37945@example.com,City 6
User 37946,user37946@example.com,City 7
User 37947,user37947@example.com,City 8
User 37948,user37948@example.com,City 9
User 37949,user37949@example.com,City 10
User 37950,user37950@example.com,City 1
User 37951,user37951@example.com,City 2
User 37952,user37952@example.com,City 3
User 37953,user37953@example.com,City 4
User 37954,user37954@example.com,City 5
User 37955,user37955@example.com,City 6
User 37956,user37956@example.com,City 7
User 37957,user37957@example.com,City 8
User 37958,user37958@example.com,City 9
User 37959,user37959@example.com,City 10
User 37960,user37960@example.com,City 1
User 37961,user37961@example.com,City 2
User 37962,user37962@example.com,City 3
User 37963,user37963@example.com,City 4
User 37964,user37964@example.com,City 5
User 37965,user37965@example.com,City 6
User 37966,user37966@example.com,City 7
User 37967,user37967@example.com,City 8
User 37968,user37968@example.com,City 9
User 37969,user37969@example.com,City 10
User 37970,user37970@example.com,City 1
User 37971,user37971@example.com,City 2
User 37972,user37972@example.com,City 3
User 37973,user37973@example.com,City 4
User 37974,user37974@example.com,City 5
User 37975,user37975@example.com,City 6
User 37976,user37976@example.com,City 7
User 37977,user37977@example.com,City 8
User 37978,user37978@example.com,City 9
User 37979,user37979@example.com,City 10
User 37980,user37980@example.com,City 1
User 37981,user37981@example.com,City 2
User 37982,user37982@example.com,City 3
User 37983,user37983@example.com,City 4
User 37984,user37984@example.com,City 5
User 37985,user37985@example.com,City 6
User 37986,user37986@example.com,City 7
User 37987,user37987@example.com,City 8
User 37988,user37988@example.com,City 9
User 37989,user37989@example.com,City 10
User 37990,user37990@example.com,City 1
User 37991,user37991@example.com,City 2
User 37992,user37992@example.com,City 3
User 37993,user37993@example.com,City 4
User 37994,user37994@example.com,City 5
User 37995,user37995@example.com,City 6
User 37996,user37996@example.com,City 7
User 37997,user37997@example.com,City 8
User 37998,user37998@example.com,City 9
User 37999,user37999@example.com,City 10
User 38000,user38000@example.com,City 1
User 38001,user38001@example.com,City 2
User 38002,user38002@example.com,City 3
User 38003,user38003@example.com,City 4
User 38004,user38004@example.com,City 5
User 38005,user38005@example.com,City 6
User 38006,user38006@example.com,City 7
User 38007,user38007@example.com,City 8
User 38008,user38008@example.com,City 9
User 38009,user38009@example.com,City 10
User 38010,user38010@example.com,City 1
User 38011,user38011@example.com,City 2
User 38012,user38012@example.com,City 3
User 38013,user38013@example.com,City 4
User 38014,user38014@example.com,City 5
User 38015,user38015@example.com,City 6
User 38016,user38016@example.com,City 7
User 38017,user38017@example.com,City 8
User 38018,user38018@example.com,City 9
User 38019,user38019@example.com,City 10
User 38020,user38020@example.com,City 1
User 38021,user38021@example.com,City 2
User 38022,user38022@example.com,City 3
User 38023,user38023@example.com,City 4
User 38024,user38024@example.com,City 5
User 38025,user38025@example.com,City 6
User 38026,user38026@example.com,City 7
User 38027,user38027@example.com,City 8
User 38028,user38028@example.com,City 9
User 38029,user38029@example.com,City 10
User 38030,user38030@example.com,City 1
User 38031,user38031@example.com,City 2
User 38032,user38032@example.com,City 3
User 38033,user38033@example.com,City 4
User 38034,user38034@example.com,City 5
User 38035,user38035@example.com,City 6
User 38036,user38036@example.com,City 7
User 38037,user38037@example.com,City 8
User 38038,user38038@example.com,City 9
User 38039,user38039@example.com,City 10
User 38040,user38040@example.com,City 1
User 38041,user38041@example.com,City 2
User 38042,user38042@example.com,City 3
User 38043,user38043@example.com,City 4
User 38044,user38044@example.com,City 5
User 38045,user38045@example.com,City 6
User 38046,user38046@example.com,City 7
User 38047,user38047@example.com,City 8
User 38048,user38048@example.com,City 9
User 38049,user38049@example.com,City 10
User 38050,user38050@example.com,City 1
User 38051,user38051@example.com,City 2
User 38052,user38052@example.com,City 3
User 38053,user38053@example.com,City 4
User 38054,user38054@example.com,City 5
User 38055,user38055@example.com,City 6
User 38056,user38056@example.com,City 7
User 38057,user38057@example.com,City 8
User 38058,user38058@example.com,City 9
User 38059,user38059@example.com,City 10
User 38060,user38060@example.com,City 1
User 38061,user38061@example.com,City 2
User 38062,user38062@example.com,City 3
User 38063,user38063@example.com,City 4
User 38064,user38064@example.com,City 5
User 38065,user38065@example.com,City 6
User 38066,user38066@example.com,City 7
User 38067,user38067@example.com,City 8
User 38068,user38068@example.com,City 9
User 38069,user38069@example.com,City 10
User 38070,user38070@example.com,City 1
User 38071,user38071@example.com,City 2
User 38072,user38072@example.com,City 3
User 38073,user38073@example.com,City 4
User 38074,user38074@example.com,City 5
User 38075,user38075@example.com,City 6
User 38076,user38076@example.com,City 7
User 38077,user38077@example.com,City 8
User 38078,user38078@example.com,City 9
User 38079,user38079@example.com,City 10
User 38080,user38080@example.com,City 1
User 38081,user38081@example.com,City 2
User 38082,user38082@example.com,City 3
User 38083,user38083@example.com,City 4
User 38084,user38084@example.com,City 5
User 38085,user38085@example.com,City 6
User 38086,user38086@example.com,City 7
User 38087,user38087@example.com,City 8
User 38088,user38088@example.com,City 9
User 38089,user38089@example.com,City 10
User 38090,user38090@example.com,City 1
User 38091,user38091@example.com,City 2
User 38092,user38092@example.com,City 3
User 38093,user38093@example.com,City 4
User 38094,user38094@example.com,City 5
User 38095,user38095@example.com,City 6
User 38096,user38096@example.com,City 7
User 38097,user38097@example.com,City 8
User 38098,user38098@example.com,City 9
User 38099,user38099@example.com,City 10
User 38100,user38100@example.com,City 1
User 38101,user38101@example.com,City 2
User 38102,user38102@example.com,City 3
User 38103,user38103@example.com,City 4
User 38104,user38104@example.com,City 5
User 38105,user38105@example.com,City 6
User 38106,user38106@example.com,City 7
User 38107,user38107@example.com,City 8
User 38108,user38108@example.com,City 9
User 38109,user38109@example.com,City 10
User 38110,user38110@example.com,City 1
User 38111,user38111@example.com,City 2
User 38112,user38112@example.com,City 3
User 38113,user38113@example.com,City 4
User 38114,user38114@example.com,City 5
User 38115,user38115@example.com,City 6
User 38116,user38116@example.com,City 7
User 38117,user38117@example.com,City 8
User 38118,user38118@example.com,City 9
User 38119,user38119@example.com,City 10
User 38120,user38120@example.com,City 1
User 38121,user38121@example.com,City 2
User 38122,user38122@example.com,City 3
User 38123,user38123@example.com,City 4
User 38124,user38124@example.com,City 5
User 38125,user38125@example.com,City 6
User 38126,user38126@example.com,City 7
User 38127,user38127@example.com,City 8
User 38128,user38128@example.com,City 9
User 38129,user38129@example.com,City 10
User 38130,user38130@example.com,City 1
User 38131,user38131@example.com,City 2
User 38132,user38132@example.com,City 3
User 38133,user38133@example.com,City 4
User 38134,user38134@example.com,City 5
User 38135,user38135@example.com,City 6
User 38136,user38136@example.com,City 7
User 38137,user38137@example.com,City 8
User 38138,user38138@example.com,City 9
User 38139,user38139@example.com,City 10
User 38140,user38140@example.com,City 1
User 38141,user38141@example.com,City 2
User 38142,user38142@example.com,City 3
User 38143,user38143@example.com,City 4
User 38144,user38144@example.com,City 5
User 38145,user38145@example.com,City 6
User 38146,user38146@example.com,City 7
User 38147,user38147@example.com,City 8
User 38148,user38148@example.com,City 9
User 38149,user38149@example.com,City 10
User 38150,user38150@example.com,City 1
User 38151,user38151@example.com,City 2
User 38152,user38152@example.com,City 3
User 38153,user38153@example.com,City 4
User 38154,user38154@example.com,City 5
User 38155,user38155@example.com,City 6
User 38156,user38156@example.com,City 7
User 38157,user38157@example.com,City 8
User 38158,user38158@example.com,City 9
User 38159,user38159@example.com,City 10
User 38160,user38160@example.com,City 1
User 38161,user38161@example.com,City 2
User 38162,user38162@example.com,City 3
User 38163,user38163@example.com,City 4
User 38164,user38164@example.com,City 5
User 38165,user38165@example.com,City 6
User 38166,user38166@example.com,City 7
User 38167,user38167@example.com,City 8
User 38168,user38168@example.com,City 9
User 38169,user38169@example.com,City 10
User 38170,user38170@example.com,City 1
User 38171,user38171@example.com,City 2
User 38172,user38172@example.com,City 3
User 38173,user38173@example.com,City 4
User 38174,user38174@example.com,City 5
User 38175,user38175@example.com,City 6
User 38176,user38176@example.com,City 7
User 38177,user38177@example.com,City 8
User 38178,user38178@example.com,City 9
User 38179,user38179@example.com,City 10
User 38180,user38180@example.com,City 1
User 38181,user38181@example.com,City 2
User 38182,user38182@example.com,City 3
User 38183,user38183@example.com,City 4
User 38184,user38184@example.com,City 5
User 38185,user38185@example.com,City 6
User 38186,user38186@example.com,City 7
User 38187,user38187@example.com,City 8
User 38188,user38188@example.com,City 9
User 38189,user38189@example.com,City 10
User 38190,user38190@example.com,City 1
User 38191,user38191@example.com,City 2
User 38192,user38192@example.com,City 3
User 38193,user38193@example.com,City 4
User 38194,user38194@example.com,City 5
User 38195,user38195@example.com,City 6
User 38196,user38196@example.com,City 7
User 38197,user38197@example.com,City 8
User 38198,user38198@example.com,City 9
User 38199,user38199@example.com,City 10
User 38200,user38200@example.com,City 1
User 38201,user38201@example.com,City 2
User 38202,user38202@example.com,City 3
User 38203,user38203@example.com,City 4
User 38204,user38204@example.com,City 5
User 38205,user38205@example.com,City 6
User 38206,user38206@example.com,City 7
User 38207,user38207@example.com,City 8
User 38208,user38208@example.com,City 9
User 38209,user38209@example.com,City 10
User 38210,user38210@example.com,City 1
User 38211,user38211@example.com,City 2
User 38212,user38212@example.com,City 3
User 38213,user38213@example.com,City 4
User 38214,user38214@example.com,City 5
User 38215,user38215@example.com,City 6
User 38216,user38216@example.com,City 7
User 38217,user38217@example.com,City 8
User 38218,user38218@example.com,City 9
User 38219,user38219@example.com,City 10
User 38220,user38220@example.com,City 1
User 38221,user38221@example.com,City 2
User 38222,user38222@example.com,City 3
User 38223,user38223@example.com,City 4
User 38224,user38224@example.com,City 5
User 38225,user38225@example.com,City 6
User 38226,user38226@example.com,City 7
User 38227,user38227@example.com,City 8
User 38228,user38228@example.com,City 9
User 38229,user38229@example.com,City 10
User 38230,user38230@example.com,City 1
User 38231,user38231@example.com,City 2
User 38232,user38232@example.com,City 3
User 38233,user38233@example.com,City 4
User 38234,user38234@example.com,City 5
User 38235,user38235@example.com,City 6
User 38236,user38236@example.com,City 7
User 38237,user38237@example.com,City 8
User 38238,user38238@example.com,City 9
User 38239,user38239@example.com,City 10
User 38240,user38240@example.com,City 1
User 38241,user38241@example.com,City 2
User 38242,user38242@example.com,City 3
User 38243,user38243@example.com,City 4
User 38244,user38244@example.com,City 5
User 38245,user38245@example.com,City 6
User 38246,user38246@example.com,City 7
User 38247,user38247@example.com,City 8
User 38248,user38248@example.com,City 9
User 38249,user38249@example.com,City 10
User 38250,user38250@example.com,City 1
User 38251,user38251@example.com,City 2
User 38252,user38252@example.com,City 3
User 38253,user38253@example.com,City 4
User 38254,user38254@example.com,City 5
User 38255,user38255@example.com,City 6
User 38256,user38256@example.com,City 7
User 38257,user38257@example.com,City 8
User 38258,user38258@example.com,City 9
User 38259,user38259@example.com,City 10
User 38260,user38260@example.com,City 1
User 38261,user38261@example.com,City 2
User 38262,user38262@example.com,City 3
User 38263,user38263@example.com,City 4
User 38264,user38264@example.com,City 5
User 38265,user38265@example.com,City 6
User 38266,user38266@example.com,City 7
User 38267,user38267@example.com,City 8
User 38268,user38268@example.com,City 9
User 38269,user38269@example.com,City 10
User 38270,user38270@example.com,City 1
User 38271,user38271@example.com,City 2
User 38272,user38272@example.com,City 3
User 38273,user38273@example.com,City 4
User 38274,user38274@example.com,City 5
User 38275,user38275@example.com,City 6
User 38276,user38276@example.com,City 7
User 38277,user38277@example.com,City 8
User 38278,user38278@example.com,City 9
User 38279,user38279@example.com,City 10
User 38280,user38280@example.com,City 1
User 38281,user38281@example.com,City 2
User 38282,user38282@example.com,City 3
User 38283,user38283@example.com,City 4
User 38284,user38284@example.com,City 5
User 38285,user38285@example.com,City 6
User 38286,user38286@example.com,City 7
User 38287,user38287@example.com,City 8
User 38288,user38288@example.com,City 9
User 38289,user38289@example.com,City 10
User 38290,user38290@example.com,City 1
User 38291,user38291@example.com,City 2
User 38292,user38292@example.com,City 3
User 38293,user38293@example.com,City 4
User 38294,user38294@example.com,City 5
User 38295,user38295@example.com,City 6
User 38296,user38296@example.com,City 7
User 38297,user38297@example.com,City 8
User 38298,user38298@example.com,City 9
User 38299,user38299@example.com,City 10
User 38300,user38300@example.com,City 1
User 38301,user38301@example.com,City 2
User 38302,user38302@example.com,City 3
User 38303,user38303@example.com,City 4
User 38304,user38304@example.com,City 5
User 38305,user38305@example.com,City 6
User 38306,user38306@example.com,City 7
User 38307,user38307@example.com,City 8
User 38308,user38308@example.com,City 9
User 38309,user38309@example.com,City 10
User 38310,user38310@example.com,City 1
User 38311,user38311@example.com,City 2
User 38312,user38312@example.com,City 3
User 38313,user38313@example.com,City 4
User 38314,user38314@example.com,City 5
User 38315,user38315@example.com,City 6
User 38316,user38316@example.com,City 7
User 38317,user38317@example.com,City 8
User 38318,user38318@example.com,City 9
User 38319,user38319@example.com,City 10
User 38320,user38320@example.com,City 1
User 38321,user38321@example.com,City 2
User 38322,user38322@example.com,City 3
User 38323,user38323@example.com,City 4
User 38324,user38324@example.com,City 5
User 38325,user38325@example.com,City 6
User 38326,user38326@example.com,City 7
User 38327,user38327@example.com,City 8
User 38328,user38328@example.com,City 9
User 38329,user38329@example.com,City 10
User 38330,user38330@example.com,City 1
User 38331,user38331@example.com,City 2
User 38332,user38332@example.com,City 3
User 38333,user38333@example.com,City 4
User 38334,user38334@example.com,City 5
User 38335,user38335@example.com,City 6
User 38336,user38336@example.com,City 7
User 38337,user38337@example.com,City 8
User 38338,user38338@example.com,City 9
User 38339,user38339@example.com,City 10
User 38340,user38340@example.com,City 1
User 38341,user38341@example.com,City 2
User 38342,user38342@example.com,City 3
User 38343,user38343@example.com,City 4
User 38344,user38344@example.com,City 5
User 38345,user38345@example.com,City 6
User 38346,user38346@example.com,City 7
User 38347,user38347@example.com,City 8
User 38348,user38348@example.com,City 9
User 38349,user38349@example.com,City 10
User 38350,user38350@example.com,City 1
User 38351,user38351@example.com,City 2
User 38352,user38352@example.com,City 3
User 38353,user38353@example.com,City 4
User 38354,user38354@example.com,City 5
User 38355,user38355@example.com,City 6
User 38356,user38356@example.com,City 7
User 38357,user38357@example.com,City 8
User 38358,user38358@example.com,City 9
User 38359,user38359@example.com,City 10
User 38360,user38360@example.com,City 1
User 38361,user38361@example.com,City 2
User 38362,user38362@example.com,City 3
User 38363,user38363@example.com,City 4
User 38364,user38364@example.com,City 5
User 38365,user38365@example.com,City 6
User 38366,user38366@example.com,City 7
User 38367,user38367@example.com,City 8
User 38368,user38368@example.com,City 9
User 38369,user38369@example.com,City 10
User 38370,user38370@example.com,City 1
User 38371,user38371@example.com,City 2
User 38372,user38372@example.com,City 3
User 38373,user38373@example.com,City 4
User 38374,user38374@example.com,City 5
User 38375,user38375@example.com,City 6
User 38376,user38376@example.com,City 7
User 38377,user38377@example.com,City 8
User 38378,user38378@example.com,City 9
User 38379,user38379@example.com,City 10
User 38380,user38380@example.com,City 1
User 38381,user38381@example.com,City 2
User 38382,user38382@example.com,City 3
User 38383,user38383@example.com,City 4
User 38384,user38384@example.com,City 5
User 38385,user38385@example.com,City 6
User 38386,user38386@example.com,City 7
User 38387,user38387@example.com,City 8
User 38388,user38388@example.com,City 9
User 38389,user38389@example.com,City 10
User 38390,user38390@example.com,City 1
User 38391,user38391@example.com,City 2
User 38392,user38392@example.com,City 3
User 38393,user38393@example.com,City 4
User 38394,user38394@example.com,City 5
User 38395,user38395@example.com,City 6
User 38396,user38396@example.com,City 7
User 38397,user38397@example.com,City 8
User 38398,user38398@example.com,City 9
User 38399,user38399@example.com,City 10
User 38400,user38400@example.com,City 1
User 38401,user38401@example.com,City 2
User 38402,user38402@example.com,City 3
User 38403,user38403@example.com,City 4
User 38404,user38404@example.com,City 5
User 38405,user38405@example.com,City 6
User 38406,user38406@example.com,City 7
User 38407,user38407@example.com,City 8
User 38408,user38408@example.com,City 9
User 38409,user38409@example.com,City 10
User 38410,user38410@example.com,City 1
User 38411,user38411@example.com,City 2
User 38412,user38412@example.com,City 3
User 38413,user38413@example.com,City 4
User 38414,user38414@example.com,City 5
User 38415,user38415@example.com,City 6
User 38416,user38416@example.com,City 7
User 38417,user38417@example.com,City 8
User 38418,user38418@example.com,City 9
User 38419,user38419@example.com,City 10
User 38420,user38420@example.com,City 1
User 38421,user38421@example.com,City 2
User 38422,user38422@example.com,City 3
User 38423,user38423@example.com,City 4
User 38424,user38424@example.com,City 5
User 38425,user38425@example.com,City 6
User 38426,user38426@example.com,City 7
User 38427,user38427@example.com,City 8
User 38428,user38428@example.com,City 9
User 38429,user38429@example.com,City 10
User 38430,user38430@example.com,City 1
User 38431,user38431@example.com,City 2
User 38432,user38432@example.com,City 3
User 38433,user38433@example.com,City 4
User 38434,user38434@example.com,City 5
User 38435,user38435@example.com,City 6
User 38436,user38436@example.com,City 7
User 38437,user38437@example.com,City 8
User 38438,user38438@example.com,City 9
User 38439,user38439@example.com,City 10
User 38440,user38440@example.com,City 1
User 38441,user38441@example.com,City 2
User 38442,user38442@example.com,City 3
User 38443,user38443@example.com,City 4
User 38444,user38444@example.com,City 5
User 38445,user38445@example.com,City 6
User 38446,user38446@example.com,City 7
User 38447,user38447@example.com,City 8
User 38448,user38448@example.com,City 9
User 38449,user38449@example.com,City 10
User 38450,user38450@example.com,City 1
User 38451,user38451@example.com,City 2
User 38452,user38452@example.com,City 3
User 38453,user38453@example.com,City 4
User 38454,user38454@example.com,City 5
User 38455,user38455@example.com,City 6
User 38456,user38456@example.com,City 7
User 38457,user38457@example.com,City 8
User 38458,user38458@example.com,City 9
User 38459,user38459@example.com,City 10
User 38460,user38460@example.com,City 1
User 38461,user38461@example.com,City 2
User 38462,user38462@example.com,City 3
User 38463,user38463@example.com,City 4
User 38464,user38464@example.com,City 5
User 38465,user38465@example.com,City 6
User 38466,user38466@example.com,City 7
User 38467,user38467@example.com,City 8
User 38468,user38468@example.com,City 9
User 38469,user38469@example.com,City 10
User 38470,user38470@example.com,City 1
User 38471,user38471@example.com,City 2
User 38472,user38472@example.com,City 3
User 38473,user38473@example.com,City 4
User 38474,user38474@example.com,City 5
User 38475,user38475@example.com,City 6
User 38476,user38476@example.com,City 7
User 38477,user38477@example.com,City 8
User 38478,user38478@example.com,City 9
User 38479,user38479@example.com,City 10
User 38480,user38480@example.com,City 1
User 38481,user38481@example.com,City 2
User 38482,user38482@example.com,City 3
User 38483,user38483@example.com,City 4
User 38484,user38484@example.com,City 5
User 38485,user38485@example.com,City 6
User 38486,user38486@example.com,City 7
User 38487,user38487@example.com,City 8
User 38488,user38488@example.com,City 9
User 38489,user38489@example.com,City 10
User 38490,user38490@example.com,City 1
User 38491,user38491@example.com,City 2
User 38492,user38492@example.com,City 3
User 38493,user38493@example.com,City 4
User 38494,user38494@example.com,City 5
User 38495,user38495@example.com,City 6
User 38496,user38496@example.com,City 7
User 38497,user38497@example.com,City 8
User 38498,user38498@example.com,City 9
User 38499,user38499@example.com,City 10
User 38500,user38500@example.com,City 1
User 38501,user38501@example.com,City 2
User 38502,user38502@example.com,City 3
User 38503,user38503@example.com,City 4
User 38504,user38504@example.com,City 5
User 38505,user38505@example.com,City 6
User 38506,user38506@example.com,City 7
User 38507,user38507@example.com,City 8
User 38508,user38508@example.com,City 9
User 38509,user38509@example.com,City 10
User 38510,user38510@example.com,City 1
User 38511,user38511@example.com,City 2
User 38512,user38512@example.com,City 3
User 38513,user38513@example.com,City 4
User 38514,user38514@example.com,City 5
User 38515,user38515@example.com,City 6
User 38516,user38516@example.com,City 7
User 38517,user38517@example.com,City 8
User 38518,user38518@example.com,City 9
User 38519,user38519@example.com,City 10
User 38520,user38520@example.com,City 1
User 38521,user38521@example.com,City 2
User 38522,user38522@example.com,City 3
User 38523,user38523@example.com,City 4
User 38524,user38524@example.com,City 5
User 38525,user38525@example.com,City 6
User 38526,user38526@example.com,City 7
User 38527,user38527@example.com,City 8
User 38528,user38528@example.com,City 9
User 38529,user38529@example.com,City 10
User 38530,user38530@example.com,City 1
User 38531,user38531@example.com,City 2
User 38532,user38532@example.com,City 3
User 38533,user38533@example.com,City 4
User 38534,user38534@example.com,City 5
User 38535,user38535@example.com,City 6
User 38536,user38536@example.com,City 7
User 38537,user38537@example.com,City 8
User 38538,user38538@example.com,City 9
User 38539,user38539@example.com,City 10
User 38540,user38540@example.com,City 1
User 38541,user38541@example.com,City 2
User 38542,user38542@example.com,City 3
User 38543,user38543@example.com,City 4
User 38544,user38544@example.com,City 5
User 38545,user38545@example.com,City 6
User 38546,user38546@example.com,City 7
User 38547,user38547@example.com,City 8
User 38548,user38548@example.com,City 9
User 38549,user38549@example.com,City 10
User 38550,user38550@example.com,City 1
User 38551,user38551@example.com,City 2
User 38552,user38552@example.com,City 3
User 38553,user38553@example.com,City 4
User 38554,user38554@example.com,City 5
User 38555,user38555@example.com,City 6
User 38556,user38556@example.com,City 7
User 38557,user38557@example.com,City 8
User 38558,user38558@example.com,City 9
User 38559,user38559@example.com,City 10
User 38560,user38560@example.com,City 1
User 38561,user38561@example.com,City 2
User 38562,user38562@example.com,City 3
User 38563,user38563@example.com,City 4
User 38564,user38564@example.com,City 5
User 38565,user38565@example.com,City 6
User 38566,user38566@example.com,City 7
User 38567,user38567@example.com,City 8
User 38568,user38568@example.com,City 9
User 38569,user38569@example.com,City 10
User 38570,user38570@example.com,City 1
User 38571,user38571@example.com,City 2
User 38572,user38572@example.com,City 3
User 38573,user38573@example.com,City 4
User 38574,user38574@example.com,City 5
User 38575,user38575@example.com,City 6
User 38576,user38576@example.com,City 7
User 38577,user38577@example.com,City 8
User 38578,user38578@example.com,City 9
User 38579,user38579@example.com,City 10
User 38580,user38580@example.com,City 1
User 38581,user38581@example.com,City 2
User 38582,user38582@example.com,City 3
User 38583,user38583@example.com,City 4
User 38584,user38584@example.com,City 5
User 38585,user38585@example.com,City 6
User 38586,user38586@example.com,City 7
User 38587,user38587@example.com,City 8
User 38588,user38588@example.com,City 9
User 38589,user38589@example.com,City 10
User 38590,user38590@example.com,City 1
User 38591,user38591@example.com,City 2
User 38592,user38592@example.com,City 3
User 38593,user38593@example.com,City 4
User 38594,user38594@example.com,City 5
User 38595,user38595@example.com,City 6
User 38596,user38596@example.com,City 7
User 38597,user38597@example.com,City 8
User 38598,user38598@example.com,City 9
User 38599,user38599@example.com,City 10
User 38600,user38600@example.com,City 1
User 38601,user38601@example.com,City 2
User 38602,user38602@example.com,City 3
User 38603,user38603@example.com,City 4
User 38604,user38604@example.com,City 5
User 38605,user38605@example.com,City 6
User 38606,user38606@example.com,City 7
User 38607,user38607@example.com,City 8
User 38608,user38608@example.com,City 9
User 38609,user38609@example.com,City 10
User 38610,user38610@example.com,City 1
User 38611,user38611@example.com,City 2
User 38612,user38612@example.com,City 3
User 38613,user38613@example.com,City 4
User 38614,user38614@example.com,City 5
User 38615,user38615@example.com,City 6
User 38616,user38616@example.com,City 7
User 38617,user38617@example.com,City 8
User 38618,user38618@example.com,City 9
User 38619,user38619@example.com,City 10
User 38620,user38620@example.com,City 1
User 38621,user38621@example.com,City 2
User 38622,user38622@example.com,City 3
User 38623,user38623@example.com,City 4
User 38624,user38624@example.com,City 5
User 38625,user38625@example.com,City 6
User 38626,user38626@example.com,City 7
User 38627,user38627@example.com,City 8
User 38628,user38628@example.com,City 9
User 38629,user38629@example.com,City 10
User 38630,user38630@example.com,City 1
User 38631,user38631@example.com,City 2
User 38632,user38632@example.com,City 3
User 38633,user38633@example.com,City 4
User 38634,user38634@example.com,City 5
User 38635,user38635@example.com,City 6
User 38636,user38636@example.com,City 7
User 38637,user38637@example.com,City 8
User 38638,user38638@example.com,City 9
User 38639,user38639@example.com,City 10
User 38640,user38640@example.com,City 1
User 38641,user38641@example.com,City 2
User 38642,user38642@example.com,City 3
User 38643,user38643@example.com,City 4
User 38644,user38644@example.com,City 5
User 38645,user38645@example.com,City 6
User 38646,user38646@example.com,City 7
User 38647,user38647@example.com,City 8
User 38648,user38648@example.com,City 9
User 38649,user38649@example.com,City 10
User 38650,user38650@example.com,City 1
User 38651,user38651@example.com,City 2
User 38652,user38652@example.com,City 3
User 38653,user38653@example.com,City 4
User 38654,user38654@example.com,City 5
User 38655,user38655@example.com,City 6
User 38656,user38656@example.com,City 7
User 38657,user38657@example.com,City 8
User 38658,user38658@example.com,City 9
User 38659,user38659@example.com,City 10
User 38660,user38660@example.com,City 1
User 38661,user38661@example.com,City 2
User 38662,user38662@example.com,City 3
User 38663,user38663@example.com,City 4
User 38664,user38664@example.com,City 5
User 38665,user38665@example.com,City 6
User 38666,user38666@example.com,City 7
User 38667,user38667@example.com,City 8
User 38668,user38668@example.com,City 9
User 38669,user38669@example.com,City 10
User 38670,user38670@example.com,City 1
User 38671,user38671@example.com,City 2
User 38672,user38672@example.com,City 3
User 38673,user38673@example.com,City 4
User 38674,user38674@example.com,City 5
User 38675,user38675@example.com,City 6
User 38676,user38676@example.com,City 7
User 38677,user38677@example.com,City 8
User 38678,user38678@example.com,City 9
User 38679,user38679@example.com,City 10
User 38680,user38680@example.com,City 1
User 38681,user38681@example.com,City 2
User 38682,user38682@example.com,City 3
User 38683,user38683@example.com,City 4
User 38684,user38684@example.com,City 5
User 38685,user38685@example.com,City 6
User 38686,user38686@example.com,City 7
User 38687,user38687@example.com,City 8
User 38688,user38688@example.com,City 9
User 38689,user38689@example.com,City 10
User 38690,user38690@example.com,City 1
User 38691,user38691@example.com,City 2
User 38692,user38692@example.com,City 3
User 38693,user38693@example.com,City 4
User 38694,user38694@example.com,City 5
User 38695,user38695@example.com,City 6
User 38696,user38696@example.com,City 7
User 38697,user38697@example.com,City 8
User 38698,user38698@example.com,City 9
User 38699,user38699@example.com,City 10
User 38700,user38700@example.com,City 1
User 38701,user38701@example.com,City 2
User 38702,user38702@example.com,City 3
User 38703,user38703@example.com,City 4
User 38704,user38704@example.com,City 5
User 38705,user38705@example.com,City 6
User 38706,user38706@example.com,City 7
User 38707,user38707@example.com,City 8
User 38708,user38708@example.com,City 9
User 38709,user38709@example.com,City 10
User 38710,user38710@example.com,City 1
User 38711,user38711@example.com,City 2
User 38712,user38712@example.com,City 3
User 38713,user38713@example.com,City 4
User 38714,user38714@example.com,City 5
User 38715,user38715@example.com,City 6
User 38716,user38716@example.com,City 7
User 38717,user38717@example.com,City 8
User 38718,user38718@example.com,City 9
User 38719,user38719@example.com,City 10
User 38720,user38720@example.com,City 1
User 38721,user38721@example.com,City 2
User 38722,user38722@example.com,City 3
User 38723,user38723@example.com,City 4
User 38724,user38724@example.com,City 5
User 38725,user38725@example.com,City 6
User 38726,user38726@example.com,City 7
User 38727,user38727@example.com,City 8
User 38728,user38728@example.com,City 9
User 38729,user38729@example.com,City 10
User 38730,user38730@example.com,City 1
User 38731,user38731@example.com,City 2
User 38732,user38732@example.com,City 3
User 38733,user38733@example.com,City 4
User 38734,user38734@example.com,City 5
User 38735,user38735@example.com,City 6
User 38736,user38736@example.com,City 7
User 38737,user38737@example.com,City 8
User 38738,user38738@example.com,City 9
User 38739,user38739@example.com,City 10
User 38740,user38740@example.com,City 1
User 38741,user38741@example.com,City 2
User 38742,user38742@example.com,City 3
User 38743,user38743@example.com,City 4
User 38744,user38744@example.com,City 5
User 38745,user38745@example.com,City 6
User 38746,user38746@example.com,City 7
User 38747,user38747@example.com,City 8
User 38748,user38748@example.com,City 9
User 38749,user38749@example.com,City 10
User 38750,user38750@example.com,City 1
User 38751,user38751@example.com,City 2
User 38752,user38752@example.com,City 3
User 38753,user38753@example.com,City 4
User 38754,user38754@example.com,City 5
User 38755,user38755@example.com,City 6
User 38756,user38756@example.com,City 7
User 38757,user38757@example.com,City 8
User 38758,user38758@example.com,City 9
User 38759,user38759@example.com,City 10
User 38760,user38760@example.com,City 1
User 38761,user38761@example.com,City 2
User 38762,user38762@example.com,City 3
User 38763,user38763@example.com,City 4
User 38764,user38764@example.com,City 5
User 38765,user38765@example.com,City 6
User 38766,user38766@example.com,City 7
User 38767,user38767@example.com,City 8
User 38768,user38768@example.com,City 9
User 38769,user38769@example.com,City 10
User 38770,user38770@example.com,City 1
User 38771,user38771@example.com,City 2
User 38772,user38772@example.com,City 3
User 38773,user38773@example.com,City 4
User 38774,user38774@example.com,City 5
User 38775,user38775@example.com,City 6
User 38776,user38776@example.com,City 7
User 38777,user38777@example.com,City 8
User 38778,user38778@example.com,City 9
User 38779,user38779@example.com,City 10
User 38780,user38780@example.com,City 1
User 38781,user38781@example.com,City 2
User 38782,user38782@example.com,City 3
User 38783,user38783@example.com,City 4
User 38784,user38784@example.com,City 5
User 38785,user38785@example.com,City 6
User 38786,user38786@example.com,City 7
User 38787,user38787@example.com,City 8
User 38788,user38788@example.com,City 9
User 38789,user38789@example.com,City 10
User 38790,user38790@example.com,City 1
User 38791,user38791@example.com,City 2
User 38792,user38792@example.com,City 3
User 38793,user38793@example.com,City 4
User 38794,user38794@example.com,City 5
User 38795,user38795@example.com,City 6
User 38796,user38796@example.com,City 7
User 38797,user38797@example.com,City 8
User 38798,user38798@example.com,City 9
User 38799,user38799@example.com,City 10
User 38800,user38800@example.com,City 1
User 38801,user38801@example.com,City 2
User 38802,user38802@example.com,City 3
User 38803,user38803@example.com,City 4
User 38804,user38804@example.com,City 5
User 38805,user38805@example.com,City 6
User 38806,user38806@example.com,City 7
User 38807,user38807@example.com,City 8
User 38808,user38808@example.com,City 9
User 38809,user38809@example.com,City 10
User 38810,user38810@example.com,City 1
User 38811,user38811@example.com,City 2
User 38812,user38812@example.com,City 3
User 38813,user38813@example.com,City 4
User 38814,user38814@example.com,City 5
User 38815,user38815@example.com,City 6
User 38816,user38816@example.com,City 7
User 38817,user38817@example.com,City 8
User 38818,user38818@example.com,City 9
User 38819,user38819@example.com,City 10
User 38820,user38820@example.com,City 1
User 38821,user38821@example.com,City 2
User 38822,user38822@example.com,City 3
User 38823,user38823@example.com,City 4
User 38824,user38824@example.com,City 5
User 38825,user38825@example.com,City 6
User 38826,user38826@example.com,City 7
User 38827,user38827@example.com,City 8
User 38828,user38828@example.com,City 9
User 38829,user38829@example.com,City 10
User 38830,user38830@example.com,City 1
User 38831,user38831@example.com,City 2
User 38832,user38832@example.com,City 3
User 38833,user38833@example.com,City 4
User 38834,user38834@example.com,City 5
User 38835,user38835@example.com,City 6
User 38836,user38836@example.com,City 7
User 38837,user38837@example.com,City 8
User 38838,user38838@example.com,City 9
User 38839,user38839@example.com,City 10
User 38840,user38840@example.com,City 1
User 38841,user38841@example.com,City 2
User 38842,user38842@example.com,City 3
User 38843,user38843@example.com,City 4
User 38844,user38844@example.com,City 5
User 38845,user38845@example.com,City 6
User 38846,user38846@example.com,City 7
User 38847,user38847@example.com,City 8
User 38848,user38848@example.com,City 9
User 38849,user38849@example.com,City 10
User 38850,user38850@example.com,City 1
User 38851,user38851@example.com,City 2
User 38852,user38852@example.com,City 3
User 38853,user38853@example.com,City 4
User 38854,user38854@example.com,City 5
User 38855,user38855@example.com,City 6
User 38856,user38856@example.com,City 7
User 38857,user38857@example.com,City 8
User 38858,user38858@example.com,City 9
User 38859,user38859@example.com,City 10
User 38860,user38860@example.com,City 1
User 38861,user38861@example.com,City 2
User 38862,user38862@example.com,City 3
User 38863,user38863@example.com,City 4
User 38864,user38864@example.com,City 5
User 38865,user38865@example.com,City 6
User 38866,user38866@example.com,City 7
User 38867,user38867@example.com,City 8
User 38868,user38868@example.com,City 9
User 38869,user38869@example.com,City 10
User 38870,user38870@example.com,City 1
User 38871,user38871@example.com,City 2
User 38872,user38872@example.com,City 3
User 38873,user38873@example.com,City 4
User 38874,user38874@example.com,City 5
User 38875,user38875@example.com,City 6
User 38876,user38876@example.com,City 7
User 38877,user38877@example.com,City 8
User 38878,user38878@example.com,City 9
User 38879,user38879@example.com,City 10
User 38880,user38880@example.com,City 1
User 38881,user38881@example.com,City 2
User 38882,user38882@example.com,City 3
User 38883,user38883@example.com,City 4
User 38884,user38884@example.com,City 5
User 38885,user38885@example.com,City 6
User 38886,user38886@example.com,City 7
User 38887,user38887@example.com,City 8
User 38888,user38888@example.com,City 9
User 38889,user38889@example.com,City 10
User 38890,user38890@example.com,City 1
User 38891,user38891@example.com,City 2
User 38892,user38892@example.com,City 3
User 38893,user38893@example.com,City 4
User 38894,user38894@example.com,City 5
User 38895,user38895@example.com,City 6
User 38896,user38896@example.com,City 7
User 38897,user38897@example.com,City 8
User 38898,user38898@example.com,City 9
User 38899,user38899@example.com,City 10
User 38900,user38900@example.com,City 1
User 38901,user38901@example.com,City 2
User 38902,user38902@example.com,City 3
User 38903,user38903@example.com,City 4
User 38904,user38904@example.com,City 5
User 38905,user38905@example.com,City 6
User 38906,user38906@example.com,City 7
User 38907,user38907@example.com,City 8
User 38908,user38908@example.com,City 9
User 38909,user38909@example.com,City 10
User 38910,user38910@example.com,City 1
User 38911,user38911@example.com,City 2
User 38912,user38912@example.com,City 3
User 38913,user38913@example.com,City 4
User 38914,user38914@example.com,City 5
User 38915,user38915@example.com,City 6
User 38916,user38916@example.com,City 7
User 38917,user38917@example.com,City 8
User 38918,user38918@example.com,City 9
User 38919,user38919@example.com,City 10
User 38920,user38920@example.com,City 1
User 38921,user38921@example.com,City 2
User 38922,user38922@example.com,City 3
User 38923,user38923@example.com,City 4
User 38924,user38924@example.com,City 5
User 38925,user38925@example.com,City 6
User 38926,user38926@example.com,City 7
User 38927,user38927@example.com,City 8
User 38928,user38928@example.com,City 9
User 38929,user38929@example.com,City 10
User 38930,user38930@example.com,City 1
User 38931,user38931@example.com,City 2
User 38932,user38932@example.com,City 3
User 38933,user38933@example.com,City 4
User 38934,user38934@example.com,City 5
User 38935,user38935@example.com,City 6
User 38936,user38936@example.com,City 7
User 38937,user38937@example.com,City 8
User 38938,user38938@example.com,City 9
User 38939,user38939@example.com,City 10
User 38940,user38940@example.com,City 1
User 38941,user38941@example.com,City 2
User 38942,user38942@example.com,City 3
User 38943,user38943@example.com,City 4
User 38944,user38944@example.com,City 5
User 38945,user38945@example.com,City 6
User 38946,user38946@example.com,City 7
User 38947,user38947@example.com,City 8
User 38948,user38948@example.com,City 9
User 38949,user38949@example.com,City 10
User 38950,user38950@example.com,City 1
User 38951,user38951@example.com,City 2
User 38952,user38952@example.com,City 3
User 38953,user38953@example.com,City 4
User 38954,user38954@example.com,City 5
User 38955,user38955@example.com,City 6
User 38956,user38956@example.com,City 7
User 38957,user38957@example.com,City 8
User 38958,user38958@example.com,City 9
User 38959,user38959@example.com,City 10
User 38960,user38960@example.com,City 1
User 38961,user38961@example.com,City 2
User 38962,user38962@example.com,City 3
User 38963,user38963@example.com,City 4
User 38964,user38964@example.com,City 5
User 38965,user38965@example.com,City 6
User 38966,user38966@example.com,City 7
User 38967,user38967@example.com,City 8
User 38968,user38968@example.com,City 9
User 38969,user38969@example.com,City 10
User 38970,user38970@example.com,City 1
User 38971,user38971@example.com,City 2
User 38972,user38972@example.com,City 3
User 38973,user38973@example.com,City 4
User 38974,user38974@example.com,City 5
User 38975,user38975@example.com,City 6
User 38976,user38976@example.com,City 7
User 38977,user38977@example.com,City 8
User 38978,user38978@example.com,City 9
User 38979,user38979@example.com,City 10
User 38980,user38980@example.com,City 1
User 38981,user38981@example.com,City 2
User 38982,user38982@example.com,City 3
User 38983,user38983@example.com,City 4
User 38984,user38984@example.com,City 5
User 38985,user38985@example.com,City 6
User 38986,user38986@example.com,City 7
User 38987,user38987@example.com,City 8
User 38988,user38988@example.com,City 9
User 38989,user38989@example.com,City 10
User 38990,user38990@example.com,City 1
User 38991,user38991@example.com,City 2
User 38992,user38992@example.com,City 3
User 38993,user38993@example.com,City 4
User 38994,user38994@example.com,City 5
User 38995,user38995@example.com,City 6
User 38996,user38996@example.com,City 7
User 38997,user38997@example.com,City 8
User 38998,user38998@example.com,City 9
User 38999,user38999@example.com,City 10
User 39000,user39000@example.com,City 1
User 39001,user39001@example.com,City 2
User 39002,user39002@example.com,City 3
User 39003,user39003@example.com,City 4
User 39004,user39004@example.com,City 5
User 39005,user39005@example.com,City 6
User 39006,user39006@example.com,City 7
User 39007,user39007@example.com,City 8
User 39008,user39008@example.com,City 9
User 39009,user39009@example.com,City 10
User 39010,user39010@example.com,City 1
User 39011,user39011@example.com,City 2
User 39012,user39012@example.com,City 3
User 39013,user39013@example.com,City 4
User 39014,user39014@example.com,City 5
User 39015,user39015@example.com,City 6
User 39016,user39016@example.com,City 7
User 39017,user39017@example.com,City 8
User 39018,user39018@example.com,City 9
User 39019,user39019@example.com,City 10
User 39020,user39020@example.com,City 1
User 39021,user39021@example.com,City 2
User 39022,user39022@example.com,City 3
User 39023,user39023@example.com,City 4
User 39024,user39024@example.com,City 5
User 39025,user39025@example.com,City 6
User 39026,user39026@example.com,City 7
User 39027,user39027@example.com,City 8
User 39028,user39028@example.com,City 9
User 39029,user39029@example.com,City 10
User 39030,user39030@example.com,City 1
User 39031,user39031@example.com,City 2
User 39032,user39032@example.com,City 3
User 39033,user39033@example.com,City 4
User 39034,user39034@example.com,City 5
User 39035,user39035@example.com,City 6
User 39036,user39036@example.com,City 7
User 39037,user39037@example.com,City 8
User 39038,user39038@example.com,City 9
User 39039,user39039@example.com,City 10
User 39040,user39040@example.com,City 1
User 39041,user39041@example.com,City 2
User 39042,user39042@example.com,City 3
User 39043,user39043@example.com,City 4
User 39044,user39044@example.com,City 5
User 39045,user39045@example.com,City 6
User 39046,user39046@example.com,City 7
User 39047,user39047@example.com,City 8
User 39048,user39048@example.com,City 9
User 39049,user39049@example.com,City 10
User 39050,user39050@example.com,City 1
User 39051,user39051@example.com,City 2
User 39052,user39052@example.com,City 3
User 39053,user39053@example.com,City 4
User 39054,user39054@example.com,City 5
User 39055,user39055@example.com,City 6
User 39056,user39056@example.com,City 7
User 39057,user39057@example.com,City 8
User 39058,user39058@example.com,City 9
User 39059,user39059@example.com,City 10
User 39060,user39060@example.com,City 1
User 39061,user39061@example.com,City 2
User 39062,user39062@example.com,City 3
User 39063,user39063@example.com,City 4
User 39064,user39064@example.com,City 5
User 39065,user39065@example.com,City 6
User 39066,user39066@example.com,City 7
User 39067,user39067@example.com,City 8
User 39068,user39068@example.com,City 9
User 39069,user39069@example.com,City 10
User 39070,user39070@example.com,City 1
User 39071,user39071@example.com,City 2
User 39072,user39072@example.com,City 3
User 39073,user39073@example.com,City 4
User 39074,user39074@example.com,City 5
User 39075,user39075@example.com,City 6
User 39076,user39076@example.com,City 7
User 39077,user39077@example.com,City 8
User 39078,user39078@example.com,City 9
User 39079,user39079@example.com,City 10
User 39080,user39080@example.com,City 1
User 39081,user39081@example.com,City 2
User 39082,user39082@example.com,City 3
User 39083,user39083@example.com,City 4
User 39084,user39084@example.com,City 5
User 39085,user39085@example.com,City 6
User 39086,user39086@example.com,City 7
User 39087,user39087@example.com,City 8
User 39088,user39088@example.com,City 9
User 39089,user39089@example.com,City 10
User 39090,user39090@example.com,City 1
User 39091,user39091@example.com,City 2
User 39092,user39092@example.com,City 3
User 39093,user39093@example.com,City 4
User 39094,user39094@example.com,City 5
User 39095,user39095@example.com,City 6
User 39096,user39096@example.com,City 7
User 39097,user39097@example.com,City 8
User 39098,user39098@example.com,City 9
User 39099,user39099@example.com,City 10
User 39100,user39100@example.com,City 1
User 39101,user39101@example.com,City 2
User 39102,user39102@example.com,City 3
User 39103,user39103@example.com,City 4
User 39104,user39104@example.com,City 5
User 39105,user39105@example.com,City 6
User 39106,user39106@example.com,City 7
User 39107,user39107@example.com,City 8
User 39108,user39108@example.com,City 9
User 39109,user39109@example.com,City 10
User 39110,user39110@example.com,City 1
User 39111,user39111@example.com,City 2
User 39112,user39112@example.com,City 3
User 39113,user39113@example.com,City 4
User 39114,user39114@example.com,City 5
User 39115,user39115@example.com,City 6
User 39116,user39116@example.com,City 7
User 39117,user39117@example.com,City 8
User 39118,user39118@example.com,City 9
User 39119,user39119@example.com,City 10
User 39120,user39120@example.com,City 1
User 39121,user39121@example.com,City 2
User 39122,user39122@example.com,City 3
User 39123,user39123@example.com,City 4
User 39124,user39124@example.com,City 5
User 39125,user39125@example.com,City 6
User 39126,user39126@example.com,City 7
User 39127,user39127@example.com,City 8
User 39128,user39128@example.com,City 9
User 39129,user39129@example.com,City 10
User 39130,user39130@example.com,City 1
User 39131,user39131@example.com,City 2
User 39132,user39132@example.com,City 3
User 39133,user39133@example.com,City 4
User 39134,user39134@example.com,City 5
User 39135,user39135@example.com,City 6
User 39136,user39136@example.com,City 7
User 39137,user39137@example.com,City 8
User 39138,user39138@example.com,City 9
User 39139,user39139@example.com,City 10
User 39140,user39140@example.com,City 1
User 39141,user39141@example.com,City 2
User 39142,user39142@example.com,City 3
User 39143,user39143@example.com,City 4
User 39144,user39144@example.com,City 5
User 39145,user39145@example.com,City 6
User 39146,user39146@example.com,City 7
User 39147,user39147@example.com,City 8
User 39148,user39148@example.com,City 9
User 39149,user39149@example.com,City 10
User 39150,user39150@example.com,City 1
User 39151,user39151@example.com,City 2
User 39152,user39152@example.com,City 3
User 39153,user39153@example.com,City 4
User 39154,user39154@example.com,City 5
User 39155,user39155@example.com,City 6
User 39156,user39156@example.com,City 7
User 39157,user39157@example.com,City 8
User 39158,user39158@example.com,City 9
User 39159,user39159@example.com,City 10
User 39160,user39160@example.com,City 1
User 39161,user39161@example.com,City 2
User 39162,user39162@example.com,City 3
User 39163,user39163@example.com,City 4
User 39164,user39164@example.com,City 5
User 39165,user39165@example.com,City 6
User 39166,user39166@example.com,City 7
User 39167,user39167@example.com,City 8
User 39168,user39168@example.com,City 9
User 39169,user39169@example.com,City 10
User 39170,user39170@example.com,City 1
User 39171,user39171@example.com,City 2
User 39172,user39172@example.com,City 3
User 39173,user39173@example.com,City 4
User 39174,user39174@example.com,City 5
User 39175,user39175@example.com,City 6
User 39176,user39176@example.com,City 7
User 39177,user39177@example.com,City 8
User 39178,user39178@example.com,City 9
User 39179,user39179@example.com,City 10
User 39180,user39180@example.com,City 1
User 39181,user39181@example.com,City 2
User 39182,user39182@example.com,City 3
User 39183,user39183@example.com,City 4
User 39184,user39184@example.com,City 5
User 39185,user39185@example.com,City 6
User 39186,user39186@example.com,City 7
User 39187,user39187@example.com,City 8
User 39188,user39188@example.com,City 9
User 39189,user39189@example.com,City 10
User 39190,user39190@example.com,City 1
User 39191,user39191@example.com,City 2
User 39192,user39192@example.com,City 3
User 39193,user39193@example.com,City 4
User 39194,user39194@example.com,City 5
User 39195,user39195@example.com,City 6
User 39196,user39196@example.com,City 7
User 39197,user39197@example.com,City 8
User 39198,user39198@example.com,City 9
User 39199,user39199@example.com,City 10
User 39200,user39200@example.com,City 1
User 39201,user39201@example.com,City 2
User 39202,user39202@example.com,City 3
User 39203,user39203@example.com,City 4
User 39204,user39204@example.com,City 5
User 39205,user39205@example.com,City 6
User 39206,user39206@example.com,City 7
User 39207,user39207@example.com,City 8
User 39208,user39208@example.com,City 9
User 39209,user39209@example.com,City 10
User 39210,user39210@example.com,City 1
User 39211,user39211@example.com,City 2
User 39212,user39212@example.com,City 3
User 39213,user39213@example.com,City 4
User 39214,user39214@example.com,City 5
User 39215,user39215@example.com,City 6
User 39216,user39216@example.com,City 7
User 39217,user39217@example.com,City 8
User 39218,user39218@example.com,City 9
User 39219,user39219@example.com,City 10
User 39220,user39220@example.com,City 1
User 39221,user39221@example.com,City 2
User 39222,user39222@example.com,City 3
User 39223,user39223@example.com,City 4
User 39224,user39224@example.com,City 5
User 39225,user39225@example.com,City 6
User 39226,user39226@example.com,City 7
User 39227,user39227@example.com,City 8
User 39228,user39228@example.com,City 9
User 39229,user39229@example.com,City 10
User 39230,user39230@example.com,City 1
User 39231,user39231@example.com,City 2
User 39232,user39232@example.com,City 3
User 39233,user39233@example.com,City 4
User 39234,user39234@example.com,City 5
User 39235,user39235@example.com,City 6
User 39236,user39236@example.com,City 7
User 39237,user39237@example.com,City 8
User 39238,user39238@example.com,City 9
User 39239,user39239@example.com,City 10
User 39240,user39240@example.com,City 1
User 39241,user39241@example.com,City 2
User 39242,user39242@example.com,City 3
User 39243,user39243@example.com,City 4
User 39244,user39244@example.com,City 5
User 39245,user39245@example.com,City 6
User 39246,user39246@example.com,City 7
User 39247,user39247@example.com,City 8
User 39248,user39248@example.com,City 9
User 39249,user39249@example.com,City 10
User 39250,user39250@example.com,City 1
User 39251,user39251@example.com,City 2
User 39252,user39252@example.com,City 3
User 39253,user39253@example.com,City 4
User 39254,user39254@example.com,City 5
User 39255,user39255@example.com,City 6
User 39256,user39256@example.com,City 7
User 39257,user39257@example.com,City 8
User 39258,user39258@example.com,City 9
User 39259,user39259@example.com,City 10
User 39260,user39260@example.com,City 1
User 39261,user39261@example.com,City 2
User 39262,user39262@example.com,City 3
User 39263,user39263@example.com,City 4
User 39264,user39264@example.com,City 5
User 39265,user39265@example.com,City 6
User 39266,user39266@example.com,City 7
User 39267,user39267@example.com,City 8
User 39268,user39268@example.com,City 9
User 39269,user39269@example.com,City 10
User 39270,user39270@example.com,City 1
User 39271,user39271@example.com,City 2
User 39272,user39272@example.com,City 3
User 39273,user39273@example.com,City 4
User 39274,user39274@example.com,City 5
User 39275,user39275@example.com,City 6
User 39276,user39276@example.com,City 7
User 39277,user39277@example.com,City 8
User 39278,user39278@example.com,City 9
User 39279,user39279@example.com,City 10
User 39280,user39280@example.com,City 1
User 39281,user39281@example.com,City 2
User 39282,user39282@example.com,City 3
User 39283,user39283@example.com,City 4
User 39284,user39284@example.com,City 5
User 39285,user39285@example.com,City 6
User 39286,user39286@example.com,City 7
User 39287,user39287@example.com,City 8
User 39288,user39288@example.com,City 9
User 39289,user39289@example.com,City 10
User 39290,user39290@example.com,City 1
User 39291,user39291@example.com,City 2
User 39292,user39292@example.com,City 3
User 39293,user39293@example.com,City 4
User 39294,user39294@example.com,City 5
User 39295,user39295@example.com,City 6
User 39296,user39296@example.com,City 7
User 39297,user39297@example.com,City 8
User 39298,user39298@example.com,City 9
User 39299,user39299@example.com,City 10
User 39300,user39300@example.com,City 1
User 39301,user39301@example.com,City 2
User 39302,user39302@example.com,City 3
User 39303,user39303@example.com,City 4
User 39304,user39304@example.com,City 5
User 39305,user39305@example.com,City 6
User 39306,user39306@example.com,City 7
User 39307,user39307@example.com,City 8
User 39308,user39308@example.com,City 9
User 39309,user39309@example.com,City 10
User 39310,user39310@example.com,City 1
User 39311,user39311@example.com,City 2
User 39312,user39312@example.com,City 3
User 39313,user39313@example.com,City 4
User 39314,user39314@example.com,City 5
User 39315,user39315@example.com,City 6
User 39316,user39316@example.com,City 7
User 39317,user39317@example.com,City 8
User 39318,user39318@example.com,City 9
User 39319,user39319@example.com,City 10
User 39320,user39320@example.com,City 1
User 39321,user39321@example.com,City 2
User 39322,user39322@example.com,City 3
User 39323,user39323@example.com,City 4
User 39324,user39324@example.com,City 5
User 39325,user39325@example.com,City 6
User 39326,user39326@example.com,City 7
User 39327,user39327@example.com,City 8
User 39328,user39328@example.com,City 9
User 39329,user39329@example.com,City 10
User 39330,user39330@example.com,City 1
User 39331,user39331@example.com,City 2
User 39332,user39332@example.com,City 3
User 39333,user39333@example.com,City 4
User 39334,user39334@example.com,City 5
User 39335,user39335@example.com,City 6
User 39336,user39336@example.com,City 7
User 39337,user39337@example.com,City 8
User 39338,user39338@example.com,City 9
User 39339,user39339@example.com,City 10
User 39340,user39340@example.com,City 1
User 39341,user39341@example.com,City 2
User 39342,user39342@example.com,City 3
User 39343,user39343@example.com,City 4
User 39344,user39344@example.com,City 5
User 39345,user39345@example.com,City 6
User 39346,user39346@example.com,City 7
User 39347,user39347@example.com,City 8
User 39348,user39348@example.com,City 9
User 39349,user39349@example.com,City 10
User 39350,user39350@example.com,City 1
User 39351,user39351@example.com,City 2
User 39352,user39352@example.com,City 3
User 39353,user39353@example.com,City 4
User 39354,user39354@example.com,City 5
User 39355,user39355@example.com,City 6
User 39356,user39356@example.com,City 7
User 39357,user39357@example.com,City 8
User 39358,user39358@example.com,City 9
User 39359,user39359@example.com,City 10
User 39360,user39360@example.com,City 1
User 39361,user39361@example.com,City 2
User 39362,user39362@example.com,City 3
User 39363,user39363@example.com,City 4
User 39364,user39364@example.com,City 5
User 39365,user39365@example.com,City 6
User 39366,user39366@example.com,City 7
User 39367,user39367@example.com,City 8
User 39368,user39368@example.com,City 9
User 39369,user39369@example.com,City 10
User 39370,user39370@example.com,City 1
User 39371,user39371@example.com,City 2
User 39372,user39372@example.com,City 3
User 39373,user39373@example.com,City 4
User 39374,user39374@example.com,City 5
User 39375,user39375@example.com,City 6
User 39376,user39376@example.com,City 7
User 39377,user39377@example.com,City 8
User 39378,user39378@example.com,City 9
User 39379,user39379@example.com,City 10
User 39380,user39380@example.com,City 1
User 39381,user39381@example.com,City 2
User 39382,user39382@example.com,City 3
User 39383,user39383@example.com,City 4
User 39384,user39384@example.com,City 5
User 39385,user39385@example.com,City 6
User 39386,user39386@example.com,City 7
User 39387,user39387@example.com,City 8
User 39388,user39388@example.com,City 9
User 39389,user39389@example.com,City 10
User 39390,user39390@example.com,City 1
User 39391,user39391@example.com,City 2
User 39392,user39392@example.com,City 3
User 39393,user39393@example.com,City 4
User 39394,user39394@example.com,City 5
User 39395,user39395@example.com,City 6
User 39396,user39396@example.com,City 7
User 39397,user39397@example.com,City 8
User 39398,user39398@example.com,City 9
User 39399,user39399@example.com,City 10
User 39400,user39400@example.com,City 1
User 39401,user39401@example.com,City 2
User 39402,user39402@example.com,City 3
User 39403,user39403@example.com,City 4
User 39404,user39404@example.com,City 5
User 39405,user39405@example.com,City 6
User 39406,user39406@example.com,City 7
User 39407,user39407@example.com,City 8
User 39408,user39408@example.com,City 9
User 39409,user39409@example.com,City 10
User 39410,user39410@example.com,City 1
User 39411,user39411@example.com,City 2
User 39412,user39412@example.com,City 3
User 39413,user39413@example.com,City 4
User 39414,user39414@example.com,City 5
User 39415,user39415@example.com,City 6
User 39416,user39416@example.com,City 7
User 39417,user39417@example.com,City 8
User 39418,user39418@example.com,City 9
User 39419,user39419@example.com,City 10
User 39420,user39420@example.com,City 1
User 39421,user39421@example.com,City 2
User 39422,user39422@example.com,City 3
User 39423,user39423@example.com,City 4
User 39424,user39424@example.com,City 5
User 39425,user39425@example.com,City 6
User 39426,user39426@example.com,City 7
User 39427,user39427@example.com,City 8
User 39428,user39428@example.com,City 9
User 39429,user39429@example.com,City 10
User 39430,user39430@example.com,City 1
User 39431,user39431@example.com,City 2
User 39432,user39432@example.com,City 3
User 39433,user39433@example.com,City 4
User 39434,user39434@example.com,City 5
User 39435,user39435@example.com,City 6
User 39436,user39436@example.com,City 7
User 39437,user39437@example.com,City 8
User 39438,user39438@example.com,City 9
User 39439,user39439@example.com,City 10
User 39440,user39440@example.com,City 1
User 39441,user39441@example.com,City 2
User 39442,user39442@example.com,City 3
User 39443,user39443@example.com,City 4
User 39444,user39444@example.com,City 5
User 39445,user39445@example.com,City 6
User 39446,user39446@example.com,City 7
User 39447,user39447@example.com,City 8
User 39448,user39448@example.com,City 9
User 39449,user39449@example.com,City 10
User 39450,user39450@example.com,City 1
User 39451,user39451@example.com,City 2
User 39452,user39452@example.com,City 3
User 39453,user39453@example.com,City 4
User 39454,user39454@example.com,City 5
User 39455,user39455@example.com,City 6
User 39456,user39456@example.com,City 7
User 39457,user39457@example.com,City 8
User 39458,user39458@example.com,City 9
User 39459,user39459@example.com,City 10
User 39460,user39460@example.com,City 1
User 39461,user39461@example.com,City 2
User 39462,user39462@example.com,City 3
User 39463,user39463@example.com,City 4
User 39464,user39464@example.com,City 5
User 39465,user39465@example.com,City 6
User 39466,user39466@example.com,City 7
User 39467,user39467@example.com,City 8
User 39468,user39468@example.com,City 9
User 39469,user39469@example.com,City 10
User 39470,user39470@example.com,City 1
User 39471,user39471@example.com,City 2
User 39472,user39472@example.com,City 3
User 39473,user39473@example.com,City 4
User 39474,user39474@example.com,City 5
User 39475,user39475@example.com,City 6
User 39476,user39476@example.com,City 7
User 39477,user39477@example.com,City 8
User 39478,user39478@example.com,City 9
User 39479,user39479@example.com,City 10
User 39480,user39480@example.com,City 1
User 39481,user39481@example.com,City 2
User 39482,user39482@example.com,City 3
User 39483,user39483@example.com,City 4
User 39484,user39484@example.com,City 5
User 39485,user39485@example.com,City 6
User 39486,user39486@example.com,City 7
User 39487,user39487@example.com,City 8
User 39488,user39488@example.com,City 9
User 39489,user39489@example.com,City 10
User 39490,user39490@example.com,City 1
User 39491,user39491@example.com,City 2
User 39492,user39492@example.com,City 3
User 39493,user39493@example.com,City 4
User 39494,user39494@example.com,City 5
User 39495,user39495@example.com,City 6
User 39496,user39496@example.com,City 7
User 39497,user39497@example.com,City 8
User 39498,user39498@example.com,City 9
User 39499,user39499@example.com,City 10
User 39500,user39500@example.com,City 1
User 39501,user39501@example.com,City 2
User 39502,user39502@example.com,City 3
User 39503,user39503@example.com,City 4
User 39504,user39504@example.com,City 5
User 39505,user39505@example.com,City 6
User 39506,user39506@example.com,City 7
User 39507,user39507@example.com,City 8
User 39508,user39508@example.com,City 9
User 39509,user39509@example.com,City 10
User 39510,user39510@example.com,City 1
User 39511,user39511@example.com,City 2
User 39512,user39512@example.com,City 3
User 39513,user39513@example.com,City 4
User 39514,user39514@example.com,City 5
User 39515,user39515@example.com,City 6
User 39516,user39516@example.com,City 7
User 39517,user39517@example.com,City 8
User 39518,user39518@example.com,City 9
User 39519,user39519@example.com,City 10
User 39520,user39520@example.com,City 1
User 39521,user39521@example.com,City 2
User 39522,user39522@example.com,City 3
User 39523,user39523@example.com,City 4
User 39524,user39524@example.com,City 5
User 39525,user39525@example.com,City 6
User 39526,user39526@example.com,City 7
User 39527,user39527@example.com,City 8
User 39528,user39528@example.com,City 9
User 39529,user39529@example.com,City 10
User 39530,user39530@example.com,City 1
User 39531,user39531@example.com,City 2
User 39532,user39532@example.com,City 3
User 39533,user39533@example.com,City 4
User 39534,user39534@example.com,City 5
User 39535,user39535@example.com,City 6
User 39536,user39536@example.com,City 7
User 39537,user39537@example.com,City 8
User 39538,user39538@example.com,City 9
User 39539,user39539@example.com,City 10
User 39540,user39540@example.com,City 1
User 39541,user39541@example.com,City 2
User 39542,user39542@example.com,City 3
User 39543,user39543@example.com,City 4
User 39544,user39544@example.com,City 5
User 39545,user39545@example.com,City 6
User 39546,user39546@example.com,City 7
User 39547,user39547@example.com,City 8
User 39548,user39548@example.com,City 9
User 39549,user39549@example.com,City 10
User 39550,user39550@example.com,City 1
User 39551,user39551@example.com,City 2
User 39552,user39552@example.com,City 3
User 39553,user39553@example.com,City 4
User 39554,user39554@example.com,City 5
User 39555,user39555@example.com,City 6
User 39556,user39556@example.com,City 7
User 39557,user39557@example.com,City 8
User 39558,user39558@example.com,City 9
User 39559,user39559@example.com,City 10
User 39560,user39560@example.com,City 1
User 39561,user39561@example.com,City 2
User 39562,user39562@example.com,City 3
User 39563,user39563@example.com,City 4
User 39564,user39564@example.com,City 5
User 39565,user39565@example.com,City 6
User 39566,user39566@example.com,City 7
User 39567,user39567@example.com,City 8
User 39568,user39568@example.com,City 9
User 39569,user39569@example.com,City 10
User 39570,user39570@example.com,City 1
User 39571,user39571@example.com,City 2
User 39572,user39572@example.com,City 3
User 39573,user39573@example.com,City 4
User 39574,user39574@example.com,City 5
User 39575,user39575@example.com,City 6
User 39576,user39576@example.com,City 7
User 39577,user39577@example.com,City 8
User 39578,user39578@example.com,City 9
User 39579,user39579@example.com,City 10
User 39580,user39580@example.com,City 1
User 39581,user39581@example.com,City 2
User 39582,user39582@example.com,City 3
User 39583,user39583@example.com,City 4
User 39584,user39584@example.com,City 5
User 39585,user39585@example.com,City 6
User 39586,user39586@example.com,City 7
User 39587,user39587@example.com,City 8
User 39588,user39588@example.com,City 9
User 39589,user39589@example.com,City 10
User 39590,user39590@example.com,City 1
User 39591,user39591@example.com,City 2
User 39592,user39592@example.com,City 3
User 39593,user39593@example.com,City 4
User 39594,user39594@example.com,City 5
User 39595,user39595@example.com,City 6
User 39596,user39596@example.com,City 7
User 39597,user39597@example.com,City 8
User 39598,user39598@example.com,City 9
User 39599,user39599@example.com,City 10
User 39600,user39600@example.com,City 1
User 39601,user39601@example.com,City 2
User 39602,user39602@example.com,City 3
User 39603,user39603@example.com,City 4
User 39604,user39604@example.com,City 5
User 39605,user39605@example.com,City 6
User 39606,user39606@example.com,City 7
User 39607,user39607@example.com,City 8
User 39608,user39608@example.com,City 9
User 39609,user39609@example.com,City 10
User 39610,user39610@example.com,City 1
User 39611,user39611@example.com,City 2
User 39612,user39612@example.com,City 3
User 39613,user39613@example.com,City 4
User 39614,user39614@example.com,City 5
User 39615,user39615@example.com,City 6
User 39616,user39616@example.com,City 7
User 39617,user39617@example.com,City 8
User 39618,user39618@example.com,City 9
User 39619,user39619@example.com,City 10
User 39620,user39620@example.com,City 1
User 39621,user39621@example.com,City 2
User 39622,user39622@example.com,City 3
User 39623,user39623@example.com,City 4
User 39624,user39624@example.com,City 5
User 39625,user39625@example.com,City 6
User 39626,user39626@example.com,City 7
User 39627,user39627@example.com,City 8
User 39628,user39628@example.com,City 9
User 39629,user39629@example.com,City 10
User 39630,user39630@example.com,City 1
User 39631,user39631@example.com,City 2
User 39632,user39632@example.com,City 3
User 39633,user39633@example.com,City 4
User 39634,user39634@example.com,City 5
User 39635,user39635@example.com,City 6
User 39636,user39636@example.com,City 7
User 39637,user39637@example.com,City 8
User 39638,user39638@example.com,City 9
User 39639,user39639@example.com,City 10
User 39640,user39640@example.com,City 1
User 39641,user39641@example.com,City 2
User 39642,user39642@example.com,City 3
User 39643,user39643@example.com,City 4
User 39644,user39644@example.com,City 5
User 39645,user39645@example.com,City 6
User 39646,user39646@example.com,City 7
User 39647,user39647@example.com,City 8
User 39648,user39648@example.com,City 9
User 39649,user39649@example.com,City 10
User 39650,user39650@example.com,City 1
User 39651,user39651@example.com,City 2
User 39652,user39652@example.com,City 3
User 39653,user39653@example.com,City 4
User 39654,user39654@example.com,City 5
User 39655,user39655@example.com,City 6
User 39656,user39656@example.com,City 7
User 39657,user39657@example.com,City 8
User 39658,user39658@example.com,City 9
User 39659,user39659@example.com,City 10
User 39660,user39660@example.com,City 1
User 39661,user39661@example.com,City 2
User 39662,user39662@example.com,City 3
User 39663,user39663@example.com,City 4
User 39664,user39664@example.com,City 5
User 39665,user39665@example.com,City 6
User 39666,user39666@example.com,City 7
User 39667,user39667@example.com,City 8
User 39668,user39668@example.com,City 9
User 39669,user39669@example.com,City 10
User 39670,user39670@example.com,City 1
User 39671,user39671@example.com,City 2
User 39672,user39672@example.com,City 3
User 39673,user39673@example.com,City 4
User 39674,user39674@example.com,City 5
User 39675,user39675@example.com,City 6
User 39676,user39676@example.com,City 7
User 39677,user39677@example.com,City 8
User 39678,user39678@example.com,City 9
User 39679,user39679@example.com,City 10
User 39680,user39680@example.com,City 1
User 39681,user39681@example.com,City 2
User 39682,user39682@example.com,City 3
User 39683,user39683@example.com,City 4
User 39684,user39684@example.com,City 5
User 39685,user39685@example.com,City 6
User 39686,user39686@example.com,City 7
User 39687,user39687@example.com,City 8
User 39688,user39688@example.com,City 9
User 39689,user39689@example.com,City 10
User 39690,user39690@example.com,City 1
User 39691,user39691@example.com,City 2
User 39692,user39692@example.com,City 3
User 39693,user39693@example.com,City 4
User 39694,user39694@example.com,City 5
User 39695,user39695@example.com,City 6
User 39696,user39696@example.com,City 7
User 39697,user39697@example.com,City 8
User 39698,user39698@example.com,City 9
User 39699,user39699@example.com,City 10
User 39700,user39700@example.com,City 1
User 39701,user39701@example.com,City 2
User 39702,user39702@example.com,City 3
User 39703,user39703@example.com,City 4
User 39704,user39704@example.com,City 5
User 39705,user39705@example.com,City 6
User 39706,user39706@example.com,City 7
User 39707,user39707@example.com,City 8
User 39708,user39708@example.com,City 9
User 39709,user39709@example.com,City 10
User 39710,user39710@example.com,City 1
User 39711,user39711@example.com,City 2
User 39712,user39712@example.com,City 3
User 39713,user39713@example.com,City 4
User 39714,user39714@example.com,City 5
User 39715,user39715@example.com,City 6
User 39716,user39716@example.com,City 7
User 39717,user39717@example.com,City 8
User 39718,user39718@example.com,City 9
User 39719,user39719@example.com,City 10
User 39720,user39720@example.com,City 1
User 39721,user39721@example.com,City 2
User 39722,user39722@example.com,City 3
User 39723,user39723@example.com,City 4
User 39724,user39724@example.com,City 5
User 39725,user39725@example.com,City 6
User 39726,user39726@example.com,City 7
User 39727,user39727@example.com,City 8
User 39728,user39728@example.com,City 9
User 39729,user39729@example.com,City 10
User 39730,user39730@example.com,City 1
User 39731,user39731@example.com,City 2
User 39732,user39732@example.com,City 3
User 39733,user39733@example.com,City 4
User 39734,user39734@example.com,City 5
User 39735,user39735@example.com,City 6
User 39736,user39736@example.com,City 7
User 39737,user39737@example.com,City 8
User 39738,user39738@example.com,City 9
User 39739,user39739@example.com,City 10
User 39740,user39740@example.com,City 1
User 39741,user39741@example.com,City 2
User 39742,user39742@example.com,City 3
User 39743,user39743@example.com,City 4
User 39744,user39744@example.com,City 5
User 39745,user39745@example.com,City 6
User 39746,user39746@example.com,City 7
User 39747,user39747@example.com,City 8
User 39748,user39748@example.com,City 9
User 39749,user39749@example.com,City 10
User 39750,user39750@example.com,City 1
User 39751,user39751@example.com,City 2
User 39752,user39752@example.com,City 3
User 39753,user39753@example.com,City 4
User 39754,user39754@example.com,City 5
User 39755,user39755@example.com,City 6
User 39756,user39756@example.com,City 7
User 39757,user39757@example.com,City 8
User 39758,user39758@example.com,City 9
User 39759,user39759@example.com,City 10
User 39760,user39760@example.com,City 1
User 39761,user39761@example.com,City 2
User 39762,user39762@example.com,City 3
User 39763,user39763@example.com,City 4
User 39764,user39764@example.com,City 5
User 39765,user39765@example.com,City 6
User 39766,user39766@example.com,City 7
User 39767,user39767@example.com,City 8
User 39768,user39768@example.com,City 9
User 39769,user39769@example.com,City 10
User 39770,user39770@example.com,City 1
User 39771,user39771@example.com,City 2
User 39772,user39772@example.com,City 3
User 39773,user39773@example.com,City 4
User 39774,user39774@example.com,City 5
User 39775,user39775@example.com,City 6
User 39776,user39776@example.com,City 7
User 39777,user39777@example.com,City 8
User 39778,user39778@example.com,City 9
User 39779,user39779@example.com,City 10
User 39780,user39780@example.com,City 1
User 39781,user39781@example.com,City 2
User 39782,user39782@example.com,City 3
User 39783,user39783@example.com,City 4
User 39784,user39784@example.com,City 5
User 39785,user39785@example.com,City 6
User 39786,user39786@example.com,City 7
User 39787,user39787@example.com,City 8
User 39788,user39788@example.com,City 9
User 39789,user39789@example.com,City 10
User 39790,user39790@example.com,City 1
User 39791,user39791@example.com,City 2
User 39792,user39792@example.com,City 3
User 39793,user39793@example.com,City 4
User 39794,user39794@example.com,City 5
User 39795,user39795@example.com,City 6
User 39796,user39796@example.com,City 7
User 39797,user39797@example.com,City 8
User 39798,user39798@example.com,City 9
User 39799,user39799@example.com,City 10
User 39800,user39800@example.com,City 1
User 39801,user39801@example.com,City 2
User 39802,user39802@example.com,City 3
User 39803,user39803@example.com,City 4
User 39804,user39804@example.com,City 5
User 39805,user39805@example.com,City 6
User 39806,user39806@example.com,City 7
User 39807,user39807@example.com,City 8
User 39808,user39808@example.com,City 9
User 39809,user39809@example.com,City 10
User 39810,user39810@example.com,City 1
User 39811,user39811@example.com,City 2
User 39812,user39812@example.com,City 3
User 39813,user39813@example.com,City 4
User 39814,user39814@example.com,City 5
User 39815,user39815@example.com,City 6
User 39816,user39816@example.com,City 7
User 39817,user39817@example.com,City 8
User 39818,user39818@example.com,City 9
User 39819,user39819@example.com,City 10
User 39820,user39820@example.com,City 1
User 39821,user39821@example.com,City 2
User 39822,user39822@example.com,City 3
User 39823,user39823@example.com,City 4
User 39824,user39824@example.com,City 5
User 39825,user39825@example.com,City 6
User 39826,user39826@example.com,City 7
User 39827,user39827@example.com,City 8
User 39828,user39828@example.com,City 9
User 39829,user39829@example.com,City 10
User 39830,user39830@example.com,City 1
User 39831,user39831@example.com,City 2
User 39832,user39832@example.com,City 3
User 39833,user39833@example.com,City 4
User 39834,user39834@example.com,City 5
User 39835,user39835@example.com,City 6
User 39836,user39836@example.com,City 7
User 39837,user39837@example.com,City 8
User 39838,user39838@example.com,City 9
User 39839,user39839@example.com,City 10
User 39840,user39840@example.com,City 1
User 39841,user39841@example.com,City 2
User 39842,user39842@example.com,City 3
User 39843,user39843@example.com,City 4
User 39844,user39844@example.com,City 5
User 39845,user39845@example.com,City 6
User 39846,user39846@example.com,City 7
User 39847,user39847@example.com,City 8
User 39848,user39848@example.com,City 9
User 39849,user39849@example.com,City 10
User 39850,user39850@example.com,City 1
User 39851,user39851@example.com,City 2
User 39852,user39852@example.com,City 3
User 39853,user39853@example.com,City 4
User 39854,user39854@example.com,City 5
User 39855,user39855@example.com,City 6
User 39856,user39856@example.com,City 7
User 39857,user39857@example.com,City 8
User 39858,user39858@example.com,City 9
User 39859,user39859@example.com,City 10
User 39860,user39860@example.com,City 1
User 39861,user39861@example.com,City 2
User 39862,user39862@example.com,City 3
User 39863,user39863@example.com,City 4
User 39864,user39864@example.com,City 5
User 39865,user39865@example.com,City 6
User 39866,user39866@example.com,City 7
User 39867,user39867@example.com,City 8
User 39868,user39868@example.com,City 9
User 39869,user39869@example.com,City 10
User 39870,user39870@example.com,City 1
User 39871,user39871@example.com,City 2
User 39872,user39872@example.com,City 3
User 39873,user39873@example.com,City 4
User 39874,user39874@example.com,City 5
User 39875,user39875@example.com,City 6
User 39876,user39876@example.com,City 7
User 39877,user39877@example.com,City 8
User 39878,user39878@example.com,City 9
User 39879,user39879@example.com,City 10
User 39880,user39880@example.com,City 1
User 39881,user39881@example.com,City 2
User 39882,user39882@example.com,City 3
User 39883,user39883@example.com,City 4
User 39884,user39884@example.com,City 5
User 39885,user39885@example.com,City 6
User 39886,user39886@example.com,City 7
User 39887,user39887@example.com,City 8
User 39888,user39888@example.com,City 9
User 39889,user39889@example.com,City 10
User 39890,user39890@example.com,City 1
User 39891,user39891@example.com,City 2
User 39892,user39892@example.com,City 3
User 39893,user39893@example.com,City 4
User 39894,user39894@example.com,City 5
User 39895,user39895@example.com,City 6
User 39896,user39896@example.com,City 7
User 39897,user39897@example.com,City 8
User 39898,user39898@example.com,City 9
User 39899,user39899@example.com,City 10
User 39900,user39900@example.com,City 1
User 39901,user39901@example.com,City 2
User 39902,user39902@example.com,City 3
User 39903,user39903@example.com,City 4
User 39904,user39904@example.com,City 5
User 39905,user39905@example.com,City 6
User 39906,user39906@example.com,City 7
User 39907,user39907@example.com,City 8
User 39908,user39908@example.com,City 9
User 39909,user39909@example.com,City 10
User 39910,user39910@example.com,City 1
User 39911,user39911@example.com,City 2
User 39912,user39912@example.com,City 3
User 39913,user39913@example.com,City 4
User 39914,user39914@example.com,City 5
User 39915,user39915@example.com,City 6
User 39916,user39916@example.com,City 7
User 39917,user39917@example.com,City 8
User 39918,user39918@example.com,City 9
User 39919,user39919@example.com,City 10
User 39920,user39920@example.com,City 1
User 39921,user39921@example.com,City 2
User 39922,user39922@example.com,City 3
User 39923,user39923@example.com,City 4
User 39924,user39924@example.com,City 5
User 39925,user39925@example.com,City 6
User 39926,user39926@example.com,City 7
User 39927,user39927@example.com,City 8
User 39928,user39928@example.com,City 9
User 39929,user39929@example.com,City 10
User 39930,user39930@example.com,City 1
User 39931,user39931@example.com,City 2
User 39932,user39932@example.com,City 3
User 39933,user39933@example.com,City 4
User 39934,user39934@example.com,City 5
User 39935,user39935@example.com,City 6
User 39936,user39936@example.com,City 7
User 39937,user39937@example.com,City 8
User 39938,user39938@example.com,City 9
User 39939,user39939@example.com,City 10
User 39940,user39940@example.com,City 1
User 39941,user39941@example.com,City 2
User 39942,user39942@example.com,City 3
User 39943,user39943@example.com,City 4
User 39944,user39944@example.com,City 5
User 39945,user39945@example.com,City 6
User 39946,user39946@example.com,City 7
User 39947,user39947@example.com,City 8
User 39948,user39948@example.com,City 9
User 39949,user39949@example.com,City 10
User 39950,user39950@example.com,City 1
User 39951,user39951@example.com,City 2
User 39952,user39952@example.com,City 3
User 39953,user39953@example.com,City 4
User 39954,user39954@example.com,City 5
User 39955,user39955@example.com,City 6
User 39956,user39956@example.com,City 7
User 39957,user39957@example.com,City 8
User 39958,user39958@example.com,City 9
User 39959,user39959@example.com,City 10
User 39960,user39960@example.com,City 1
User 39961,user39961@example.com,City 2
User 39962,user39962@example.com,City 3
User 39963,user39963@example.com,City 4
User 39964,user39964@example.com,City 5
User 39965,user39965@example.com,City 6
User 39966,user39966@example.com,City 7
User 39967,user39967@example.com,City 8
User 39968,user39968@example.com,City 9
User 39969,user39969@example.com,City 10
User 39970,user39970@example.com,City 1
User 39971,user39971@example.com,City 2
User 39972,user39972@example.com,City 3
User 39973,user39973@example.com,City 4
User 39974,user39974@example.com,City 5
User 39975,user39975@example.com,City 6
User 39976,user39976@example.com,City 7
User 39977,user39977@example.com,City 8
User 39978,user39978@example.com,City 9
User 39979,user39979@example.com,City 10
User 39980,user39980@example.com,City 1
User 39981,user39981@example.com,City 2
User 39982,user39982@example.com,City 3
User 39983,user39983@example.com,City 4
User 39984,user39984@example.com,City 5
User 39985,user39985@example.com,City 6
User 39986,user39986@example.com,City 7
User 39987,user39987@example.com,City 8
User 39988,user39988@example.com,City 9
User 39989,user39989@example.com,City 10
User 39990,user39990@example.com,City 1
User 39991,user39991@example.com,City 2
User 39992,user39992@example.com,City 3
User 39993,user39993@example.com,City 4
User 39994,user39994@example.com,City 5
User 39995,user39995@example.com,City 6
User 39996,user39996@example.com,City 7
User 39997,user39997@example.com,City 8
User 39998,user39998@example.com,City 9
User 39999,user39999@example.com,City 10
User 40000,user40000@example.com,City 1
