name,email,city
User 5001,user5001@example.com,City 2
User 5002,user5002@example.com,City 3
User 5003,user5003@example.com,City 4
User 5004,user5004@example.com,City 5
User 5005,user5005@example.com,City 6
User 5006,user5006@example.com,City 7
User 5007,user5007@example.com,City 8
User 5008,user5008@example.com,City 9
User 5009,user5009@example.com,City 10
User 5010,user5010@example.com,City 1
User 5011,user5011@example.com,City 2
User 5012,user5012@example.com,City 3
User 5013,user5013@example.com,City 4
User 5014,user5014@example.com,City 5
User 5015,user5015@example.com,City 6
User 5016,user5016@example.com,City 7
User 5017,user5017@example.com,City 8
User 5018,user5018@example.com,City 9
User 5019,user5019@example.com,City 10
User 5020,user5020@example.com,City 1
User 5021,user5021@example.com,City 2
User 5022,user5022@example.com,City 3
User 5023,user5023@example.com,City 4
User 5024,user5024@example.com,City 5
User 5025,user5025@example.com,City 6
User 5026,user5026@example.com,City 7
User 5027,user5027@example.com,City 8
User 5028,user5028@example.com,City 9
User 5029,user5029@example.com,City 10
User 5030,user5030@example.com,City 1
User 5031,user5031@example.com,City 2
User 5032,user5032@example.com,City 3
User 5033,user5033@example.com,City 4
User 5034,user5034@example.com,City 5
User 5035,user5035@example.com,City 6
User 5036,user5036@example.com,City 7
User 5037,user5037@example.com,City 8
User 5038,user5038@example.com,City 9
User 5039,user5039@example.com,City 10
User 5040,user5040@example.com,City 1
User 5041,user5041@example.com,City 2
User 5042,user5042@example.com,City 3
User 5043,user5043@example.com,City 4
User 5044,user5044@example.com,City 5
User 5045,user5045@example.com,City 6
User 5046,user5046@example.com,City 7
User 5047,user5047@example.com,City 8
User 5048,user5048@example.com,City 9
User 5049,user5049@example.com,City 10
User 5050,user5050@example.com,City 1
User 5051,user5051@example.com,City 2
User 5052,user5052@example.com,City 3
User 5053,user5053@example.com,City 4
User 5054,user5054@example.com,City 5
User 5055,user5055@example.com,City 6
User 5056,user5056@example.com,City 7
User 5057,user5057@example.com,City 8
User 5058,user5058@example.com,City 9
User 5059,user5059@example.com,City 10
User 5060,user5060@example.com,City 1
User 5061,user5061@example.com,City 2
User 5062,user5062@example.com,City 3
User 5063,user5063@example.com,City 4
User 5064,user5064@example.com,City 5
User 5065,user5065@example.com,City 6
User 5066,user5066@example.com,City 7
User 5067,user5067@example.com,City 8
User 5068,user5068@example.com,City 9
User 5069,user5069@example.com,City 10
User 5070,user5070@example.com,City 1
User 5071,user5071@example.com,City 2
User 5072,user5072@example.com,City 3
User 5073,user5073@example.com,City 4
User 5074,user5074@example.com,City 5
User 5075,user5075@example.com,City 6
User 5076,user5076@example.com,City 7
User 5077,user5077@example.com,City 8
User 5078,user5078@example.com,City 9
User 5079,user5079@example.com,City 10
User 5080,user5080@example.com,City 1
User 5081,user5081@example.com,City 2
User 5082,user5082@example.com,City 3
User 5083,user5083@example.com,City 4
User 5084,user5084@example.com,City 5
User 5085,user5085@example.com,City 6
User 5086,user5086@example.com,City 7
User 5087,user5087@example.com,City 8
User 5088,user5088@example.com,City 9
User 5089,user5089@example.com,City 10
User 5090,user5090@example.com,City 1
User 5091,user5091@example.com,City 2
User 5092,user5092@example.com,City 3
User 5093,user5093@example.com,City 4
User 5094,user5094@example.com,City 5
User 5095,user5095@example.com,City 6
User 5096,user5096@example.com,City 7
User 5097,user5097@example.com,City 8
User 5098,user5098@example.com,City 9
User 5099,user5099@example.com,City 10
User 5100,user5100@example.com,City 1
User 5101,user5101@example.com,City 2
User 5102,user5102@example.com,City 3
User 5103,user5103@example.com,City 4
User 5104,user5104@example.com,City 5
User 5105,user5105@example.com,City 6
User 5106,user5106@example.com,City 7
User 5107,user5107@example.com,City 8
User 5108,user5108@example.com,City 9
User 5109,user5109@example.com,City 10
User 5110,user5110@example.com,City 1
User 5111,user5111@example.com,City 2
User 5112,user5112@example.com,City 3
User 5113,user5113@example.com,City 4
User 5114,user5114@example.com,City 5
User 5115,user5115@example.com,City 6
User 5116,user5116@example.com,City 7
User 5117,user5117@example.com,City 8
User 5118,user5118@example.com,City 9
User 5119,user5119@example.com,City 10
User 5120,user5120@example.com,City 1
User 5121,user5121@example.com,City 2
User 5122,user5122@example.com,City 3
User 5123,user5123@example.com,City 4
User 5124,user5124@example.com,City 5
User 5125,user5125@example.com,City 6
User 5126,user5126@example.com,City 7
User 5127,user5127@example.com,City 8
User 5128,user5128@example.com,City 9
User 5129,user5129@example.com,City 10
User 5130,user5130@example.com,City 1
User 5131,user5131@example.com,City 2
User 5132,user5132@example.com,City 3
User 5133,user5133@example.com,City 4
User 5134,user5134@example.com,City 5
User 5135,user5135@example.com,City 6
User 5136,user5136@example.com,City 7
User 5137,user5137@example.com,City 8
User 5138,user5138@example.com,City 9
User 5139,user5139@example.com,City 10
User 5140,user5140@example.com,City 1
User 5141,user5141@example.com,City 2
User 5142,user5142@example.com,City 3
User 5143,user5143@example.com,City 4
User 5144,user5144@example.com,City 5
User 5145,user5145@example.com,City 6
User 5146,user5146@example.com,City 7
User 5147,user5147@example.com,City 8
User 5148,user5148@example.com,City 9
User 5149,user5149@example.com,City 10
User 5150,user5150@example.com,City 1
User 5151,user5151@example.com,City 2
User 5152,user5152@example.com,City 3
User 5153,user5153@example.com,City 4
User 5154,user5154@example.com,City 5
User 5155,user5155@example.com,City 6
User 5156,user5156@example.com,City 7
User 5157,user5157@example.com,City 8
User 5158,user5158@example.com,City 9
User 5159,user5159@example.com,City 10
User 5160,user5160@example.com,City 1
User 5161,user5161@example.com,City 2
User 5162,user5162@example.com,City 3
User 5163,user5163@example.com,City 4
User 5164,user5164@example.com,City 5
User 5165,user5165@example.com,City 6
User 5166,user5166@example.com,City 7
User 5167,user5167@example.com,City 8
User 5168,user5168@example.com,City 9
User 5169,user5169@example.com,City 10
User 5170,user5170@example.com,City 1
User 5171,user5171@example.com,City 2
User 5172,user5172@example.com,City 3
User 5173,user5173@example.com,City 4
User 5174,user5174@example.com,City 5
User 5175,user5175@example.com,City 6
User 5176,user5176@example.com,City 7
User 5177,user5177@example.com,City 8
User 5178,user5178@example.com,City 9
User 5179,user5179@example.com,City 10
User 5180,user5180@example.com,City 1
User 5181,user5181@example.com,City 2
User 5182,user5182@example.com,City 3
User 5183,user5183@example.com,City 4
User 5184,user5184@example.com,City 5
User 5185,user5185@example.com,City 6
User 5186,user5186@example.com,City 7
User 5187,user5187@example.com,City 8
User 5188,user5188@example.com,City 9
User 5189,user5189@example.com,City 10
User 5190,user5190@example.com,City 1
User 5191,user5191@example.com,City 2
User 5192,user5192@example.com,City 3
User 5193,user5193@example.com,City 4
User 5194,user5194@example.com,City 5
User 5195,user5195@example.com,City 6
User 5196,user5196@example.com,City 7
User 5197,user5197@example.com,City 8
User 5198,user5198@example.com,City 9
User 5199,user5199@example.com,City 10
User 5200,user5200@example.com,City 1
User 5201,user5201@example.com,City 2
User 5202,user5202@example.com,City 3
User 5203,user5203@example.com,City 4
User 5204,user5204@example.com,City 5
User 5205,user5205@example.com,City 6
User 5206,user5206@example.com,City 7
User 5207,user5207@example.com,City 8
User 5208,user5208@example.com,City 9
User 5209,user5209@example.com,City 10
User 5210,user5210@example.com,City 1
User 5211,user5211@example.com,City 2
User 5212,user5212@example.com,City 3
User 5213,user5213@example.com,City 4
User 5214,user5214@example.com,City 5
User 5215,user5215@example.com,City 6
User 5216,user5216@example.com,City 7
User 5217,user5217@example.com,City 8
User 5218,user5218@example.com,City 9
User 5219,user5219@example.com,City 10
User 5220,user5220@example.com,City 1
User 5221,user5221@example.com,City 2
User 5222,user5222@example.com,City 3
User 5223,user5223@example.com,City 4
User 5224,user5224@example.com,City 5
User 5225,user5225@example.com,City 6
User 5226,user5226@example.com,City 7
User 5227,user5227@example.com,City 8
User 5228,user5228@example.com,City 9
User 5229,user5229@example.com,City 10
User 5230,user5230@example.com,City 1
User 5231,user5231@example.com,City 2
User 5232,user5232@example.com,City 3
User 5233,user5233@example.com,City 4
User 5234,user5234@example.com,City 5
User 5235,user5235@example.com,City 6
User 5236,user5236@example.com,City 7
User 5237,user5237@example.com,City 8
User 5238,user5238@example.com,City 9
User 5239,user5239@example.com,City 10
User 5240,user5240@example.com,City 1
User 5241,user5241@example.com,City 2
User 5242,user5242@example.com,City 3
User 5243,user5243@example.com,City 4
User 5244,user5244@example.com,City 5
User 5245,user5245@example.com,City 6
User 5246,user5246@example.com,City 7
User 5247,user5247@example.com,City 8
User 5248,user5248@example.com,City 9
User 5249,user5249@example.com,City 10
User 5250,user5250@example.com,City 1
User 5251,user5251@example.com,City 2
User 5252,user5252@example.com,City 3
User 5253,user5253@example.com,City 4
User 5254,user5254@example.com,City 5
User 5255,user5255@example.com,City 6
User 5256,user5256@example.com,City 7
User 5257,user5257@example.com,City 8
User 5258,user5258@example.com,City 9
User 5259,user5259@example.com,City 10
User 5260,user5260@example.com,City 1
User 5261,user5261@example.com,City 2
User 5262,user5262@example.com,City 3
User 5263,user5263@example.com,City 4
User 5264,user5264@example.com,City 5
User 5265,user5265@example.com,City 6
User 5266,user5266@example.com,City 7
User 5267,user5267@example.com,City 8
User 5268,user5268@example.com,City 9
User 5269,user5269@example.com,City 10
User 5270,user5270@example.com,City 1
User 5271,user5271@example.com,City 2
User 5272,user5272@example.com,City 3
User 5273,user5273@example.com,City 4
User 5274,user5274@example.com,City 5
User 5275,user5275@example.com,City 6
User 5276,user5276@example.com,City 7
User 5277,user5277@example.com,City 8
User 5278,user5278@example.com,City 9
User 5279,user5279@example.com,City 10
User 5280,user5280@example.com,City 1
User 5281,user5281@example.com,City 2
User 5282,user5282@example.com,City 3
User 5283,user5283@example.com,City 4
User 5284,user5284@example.com,City 5
User 5285,user5285@example.com,City 6
User 5286,user5286@example.com,City 7
User 5287,user5287@example.com,City 8
User 5288,user5288@example.com,City 9
User 5289,user5289@example.com,City 10
User 5290,user5290@example.com,City 1
User 5291,user5291@example.com,City 2
User 5292,user5292@example.com,City 3
User 5293,user5293@example.com,City 4
User 5294,user5294@example.com,City 5
User 5295,user5295@example.com,City 6
User 5296,user5296@example.com,City 7
User 5297,user5297@example.com,City 8
User 5298,user5298@example.com,City 9
User 5299,user5299@example.com,City 10
User 5300,user5300@example.com,City 1
User 5301,user5301@example.com,City 2
User 5302,user5302@example.com,City 3
User 5303,user5303@example.com,City 4
User 5304,user5304@example.com,City 5
User 5305,user5305@example.com,City 6
User 5306,user5306@example.com,City 7
User 5307,user5307@example.com,City 8
User 5308,user5308@example.com,City 9
User 5309,user5309@example.com,City 10
User 5310,user5310@example.com,City 1
User 5311,user5311@example.com,City 2
User 5312,user5312@example.com,City 3
User 5313,user5313@example.com,City 4
User 5314,user5314@example.com,City 5
User 5315,user5315@example.com,City 6
User 5316,user5316@example.com,City 7
User 5317,user5317@example.com,City 8
User 5318,user5318@example.com,City 9
User 5319,user5319@example.com,City 10
User 5320,user5320@example.com,City 1
User 5321,user5321@example.com,City 2
User 5322,user5322@example.com,City 3
User 5323,user5323@example.com,City 4
User 5324,user5324@example.com,City 5
User 5325,user5325@example.com,City 6
User 5326,user5326@example.com,City 7
User 5327,user5327@example.com,City 8
User 5328,user5328@example.com,City 9
User 5329,user5329@example.com,City 10
User 5330,user5330@example.com,City 1
User 5331,user5331@example.com,City 2
User 5332,user5332@example.com,City 3
User 5333,user5333@example.com,City 4
User 5334,user5334@example.com,City 5
User 5335,user5335@example.com,City 6
User 5336,user5336@example.com,City 7
User 5337,user5337@example.com,City 8
User 5338,user5338@example.com,City 9
User 5339,user5339@example.com,City 10
User 5340,user5340@example.com,City 1
User 5341,user5341@example.com,City 2
User 5342,user5342@example.com,City 3
User 5343,user5343@example.com,City 4
User 5344,user5344@example.com,City 5
User 5345,user5345@example.com,City 6
User 5346,user5346@example.com,City 7
User 5347,user5347@example.com,City 8
User 5348,user5348@example.com,City 9
User 5349,user5349@example.com,City 10
User 5350,user5350@example.com,City 1
User 5351,user5351@example.com,City 2
User 5352,user5352@example.com,City 3
User 5353,user5353@example.com,City 4
User 5354,user5354@example.com,City 5
User 5355,user5355@example.com,City 6
User 5356,user5356@example.com,City 7
User 5357,user5357@example.com,City 8
User 5358,user5358@example.com,City 9
User 5359,user5359@example.com,City 10
User 5360,user5360@example.com,City 1
User 5361,user5361@example.com,City 2
User 5362,user5362@example.com,City 3
User 5363,user5363@example.com,City 4
User 5364,user5364@example.com,City 5
User 5365,user5365@example.com,City 6
User 5366,user5366@example.com,City 7
User 5367,user5367@example.com,City 8
User 5368,user5368@example.com,City 9
User 5369,user5369@example.com,City 10
User 5370,user5370@example.com,City 1
User 5371,user5371@example.com,City 2
User 5372,user5372@example.com,City 3
User 5373,user5373@example.com,City 4
User 5374,user5374@example.com,City 5
User 5375,user5375@example.com,City 6
User 5376,user5376@example.com,City 7
User 5377,user5377@example.com,City 8
User 5378,user5378@example.com,City 9
User 5379,user5379@example.com,City 10
User 5380,user5380@example.com,City 1
User 5381,user5381@example.com,City 2
User 5382,user5382@example.com,City 3
User 5383,user5383@example.com,City 4
User 5384,user5384@example.com,City 5
User 5385,user5385@example.com,City 6
User 5386,user5386@example.com,City 7
User 5387,user5387@example.com,City 8
User 5388,user5388@example.com,City 9
User 5389,user5389@example.com,City 10
User 5390,user5390@example.com,City 1
User 5391,user5391@example.com,City 2
User 5392,user5392@example.com,City 3
User 5393,user5393@example.com,City 4
User 5394,user5394@example.com,City 5
User 5395,user5395@example.com,City 6
User 5396,user5396@example.com,City 7
User 5397,user5397@example.com,City 8
User 5398,user5398@example.com,City 9
User 5399,user5399@example.com,City 10
User 5400,user5400@example.com,City 1
User 5401,user5401@example.com,City 2
User 5402,user5402@example.com,City 3
User 5403,user5403@example.com,City 4
User 5404,user5404@example.com,City 5
User 5405,user5405@example.com,City 6
User 5406,user5406@example.com,City 7
User 5407,user5407@example.com,City 8
User 5408,user5408@example.com,City 9
User 5409,user5409@example.com,City 10
User 5410,user5410@example.com,City 1
User 5411,user5411@example.com,City 2
User 5412,user5412@example.com,City 3
User 5413,user5413@example.com,City 4
User 5414,user5414@example.com,City 5
User 5415,user5415@example.com,City 6
User 5416,user5416@example.com,City 7
User 5417,user5417@example.com,City 8
User 5418,user5418@example.com,City 9
User 5419,user5419@example.com,City 10
User 5420,user5420@example.com,City 1
User 5421,user5421@example.com,City 2
User 5422,user5422@example.com,City 3
User 5423,user5423@example.com,City 4
User 5424,user5424@example.com,City 5
User 5425,user5425@example.com,City 6
User 5426,user5426@example.com,City 7
User 5427,user5427@example.com,City 8
User 5428,user5428@example.com,City 9
User 5429,user5429@example.com,City 10
User 5430,user5430@example.com,City 1
User 5431,user5431@example.com,City 2
User 5432,user5432@example.com,City 3
User 5433,user5433@example.com,City 4
User 5434,user5434@example.com,City 5
User 5435,user5435@example.com,City 6
User 5436,user5436@example.com,City 7
User 5437,user5437@example.com,City 8
User 5438,user5438@example.com,City 9
User 5439,user5439@example.com,City 10
User 5440,user5440@example.com,City 1
User 5441,user5441@example.com,City 2
User 5442,user5442@example.com,City 3
User 5443,user5443@example.com,City 4
User 5444,user5444@example.com,City 5
User 5445,user5445@example.com,City 6
User 5446,user5446@example.com,City 7
User 5447,user5447@example.com,City 8
User 5448,user5448@example.com,City 9
User 5449,user5449@example.com,City 10
User 5450,user5450@example.com,City 1
User 5451,user5451@example.com,City 2
User 5452,user5452@example.com,City 3
User 5453,user5453@example.com,City 4
User 5454,user5454@example.com,City 5
User 5455,user5455@example.com,City 6
User 5456,user5456@example.com,City 7
User 5457,user5457@example.com,City 8
User 5458,user5458@example.com,City 9
User 5459,user5459@example.com,City 10
User 5460,user5460@example.com,City 1
User 5461,user5461@example.com,City 2
User 5462,user5462@example.com,City 3
User 5463,user5463@example.com,City 4
User 5464,user5464@example.com,City 5
User 5465,user5465@example.com,City 6
User 5466,user5466@example.com,City 7
User 5467,user5467@example.com,City 8
User 5468,user5468@example.com,City 9
User 5469,user5469@example.com,City 10
User 5470,user5470@example.com,City 1
User 5471,user5471@example.com,City 2
User 5472,user5472@example.com,City 3
User 5473,user5473@example.com,City 4
User 5474,user5474@example.com,City 5
User 5475,user5475@example.com,City 6
User 5476,user5476@example.com,City 7
User 5477,user5477@example.com,City 8
User 5478,user5478@example.com,City 9
User 5479,user5479@example.com,City 10
User 5480,user5480@example.com,City 1
User 5481,user5481@example.com,City 2
User 5482,user5482@example.com,City 3
User 5483,user5483@example.com,City 4
User 5484,user5484@example.com,City 5
User 5485,user5485@example.com,City 6
User 5486,user5486@example.com,City 7
User 5487,user5487@example.com,City 8
User 5488,user5488@example.com,City 9
User 5489,user5489@example.com,City 10
User 5490,user5490@example.com,City 1
User 5491,user5491@example.com,City 2
User 5492,user5492@example.com,City 3
User 5493,user5493@example.com,City 4
User 5494,user5494@example.com,City 5
User 5495,user5495@example.com,City 6
User 5496,user5496@example.com,City 7
User 5497,user5497@example.com,City 8
User 5498,user5498@example.com,City 9
User 5499,user5499@example.com,City 10
User 5500,user5500@example.com,City 1
User 5501,user5501@example.com,City 2
User 5502,user5502@example.com,City 3
User 5503,user5503@example.com,City 4
User 5504,user5504@example.com,City 5
User 5505,user5505@example.com,City 6
User 5506,user5506@example.com,City 7
User 5507,user5507@example.com,City 8
User 5508,user5508@example.com,City 9
User 5509,user5509@example.com,City 10
User 5510,user5510@example.com,City 1
User 5511,user5511@example.com,City 2
User 5512,user5512@example.com,City 3
User 5513,user5513@example.com,City 4
User 5514,user5514@example.com,City 5
User 5515,user5515@example.com,City 6
User 5516,user5516@example.com,City 7
User 5517,user5517@example.com,City 8
User 5518,user5518@example.com,City 9
User 5519,user5519@example.com,City 10
User 5520,user5520@example.com,City 1
User 5521,user5521@example.com,City 2
User 5522,user5522@example.com,City 3
User 5523,user5523@example.com,City 4
User 5524,user5524@example.com,City 5
User 5525,user5525@example.com,City 6
User 5526,user5526@example.com,City 7
User 5527,user5527@example.com,City 8
User 5528,user5528@example.com,City 9
User 5529,user5529@example.com,City 10
User 5530,user5530@example.com,City 1
User 5531,user5531@example.com,City 2
User 5532,user5532@example.com,City 3
User 5533,user5533@example.com,City 4
User 5534,user5534@example.com,City 5
User 5535,user5535@example.com,City 6
User 5536,user5536@example.com,City 7
User 5537,user5537@example.com,City 8
User 5538,user5538@example.com,City 9
User 5539,user5539@example.com,City 10
User 5540,user5540@example.com,City 1
User 5541,user5541@example.com,City 2
User 5542,user5542@example.com,City 3
User 5543,user5543@example.com,City 4
User 5544,user5544@example.com,City 5
User 5545,user5545@example.com,City 6
User 5546,user5546@example.com,City 7
User 5547,user5547@example.com,City 8
User 5548,user5548@example.com,City 9
User 5549,user5549@example.com,City 10
User 5550,user5550@example.com,City 1
User 5551,user5551@example.com,City 2
User 5552,user5552@example.com,City 3
User 5553,user5553@example.com,City 4
User 5554,user5554@example.com,City 5
User 5555,user5555@example.com,City 6
User 5556,user5556@example.com,City 7
User 5557,user5557@example.com,City 8
User 5558,user5558@example.com,City 9
User 5559,user5559@example.com,City 10
User 5560,user5560@example.com,City 1
User 5561,user5561@example.com,City 2
User 5562,user5562@example.com,City 3
User 5563,user5563@example.com,City 4
User 5564,user5564@example.com,City 5
User 5565,user5565@example.com,City 6
User 5566,user5566@example.com,City 7
User 5567,user5567@example.com,City 8
User 5568,user5568@example.com,City 9
User 5569,user5569@example.com,City 10
User 5570,user5570@example.com,City 1
User 5571,user5571@example.com,City 2
User 5572,user5572@example.com,City 3
User 5573,user5573@example.com,City 4
User 5574,user5574@example.com,City 5
User 5575,user5575@example.com,City 6
User 5576,user5576@example.com,City 7
User 5577,user5577@example.com,City 8
User 5578,user5578@example.com,City 9
User 5579,user5579@example.com,City 10
User 5580,user5580@example.com,City 1
User 5581,user5581@example.com,City 2
User 5582,user5582@example.com,City 3
User 5583,user5583@example.com,City 4
User 5584,user5584@example.com,City 5
User 5585,user5585@example.com,City 6
User 5586,user5586@example.com,City 7
User 5587,user5587@example.com,City 8
User 5588,user5588@example.com,City 9
User 5589,user5589@example.com,City 10
User 5590,user5590@example.com,City 1
User 5591,user5591@example.com,City 2
User 5592,user5592@example.com,City 3
User 5593,user5593@example.com,City 4
User 5594,user5594@example.com,City 5
User 5595,user5595@example.com,City 6
User 5596,user5596@example.com,City 7
User 5597,user5597@example.com,City 8
User 5598,user5598@example.com,City 9
User 5599,user5599@example.com,City 10
User 5600,user5600@example.com,City 1
User 5601,user5601@example.com,City 2
User 5602,user5602@example.com,City 3
User 5603,user5603@example.com,City 4
User 5604,user5604@example.com,City 5
User 5605,user5605@example.com,City 6
User 5606,user5606@example.com,City 7
User 5607,user5607@example.com,City 8
User 5608,user5608@example.com,City 9
User 5609,user5609@example.com,City 10
User 5610,user5610@example.com,City 1
User 5611,user5611@example.com,City 2
User 5612,user5612@example.com,City 3
User 5613,user5613@example.com,City 4
User 5614,user5614@example.com,City 5
User 5615,user5615@example.com,City 6
User 5616,user5616@example.com,City 7
User 5617,user5617@example.com,City 8
User 5618,user5618@example.com,City 9
User 5619,user5619@example.com,City 10
User 5620,user5620@example.com,City 1
User 5621,user5621@example.com,City 2
User 5622,user5622@example.com,City 3
User 5623,user5623@example.com,City 4
User 5624,user5624@example.com,City 5
User 5625,user5625@example.com,City 6
User 5626,user5626@example.com,City 7
User 5627,user5627@example.com,City 8
User 5628,user5628@example.com,City 9
User 5629,user5629@example.com,City 10
User 5630,user5630@example.com,City 1
User 5631,user5631@example.com,City 2
User 5632,user5632@example.com,City 3
User 5633,user5633@example.com,City 4
User 5634,user5634@example.com,City 5
User 5635,user5635@example.com,City 6
User 5636,user5636@example.com,City 7
User 5637,user5637@example.com,City 8
User 5638,user5638@example.com,City 9
User 5639,user5639@example.com,City 10
User 5640,user5640@example.com,City 1
User 5641,user5641@example.com,City 2
User 5642,user5642@example.com,City 3
User 5643,user5643@example.com,City 4
User 5644,user5644@example.com,City 5
User 5645,user5645@example.com,City 6
User 5646,user5646@example.com,City 7
User 5647,user5647@example.com,City 8
User 5648,user5648@example.com,City 9
User 5649,user5649@example.com,City 10
User 5650,user5650@example.com,City 1
User 5651,user5651@example.com,City 2
User 5652,user5652@example.com,City 3
User 5653,user5653@example.com,City 4
User 5654,user5654@example.com,City 5
User 5655,user5655@example.com,City 6
User 5656,user5656@example.com,City 7
User 5657,user5657@example.com,City 8
User 5658,user5658@example.com,City 9
User 5659,user5659@example.com,City 10
User 5660,user5660@example.com,City 1
User 5661,user5661@example.com,City 2
User 5662,user5662@example.com,City 3
User 5663,user5663@example.com,City 4
User 5664,user5664@example.com,City 5
User 5665,user5665@example.com,City 6
User 5666,user5666@example.com,City 7
User 5667,user5667@example.com,City 8
User 5668,user5668@example.com,City 9
User 5669,user5669@example.com,City 10
User 5670,user5670@example.com,City 1
User 5671,user5671@example.com,City 2
User 5672,user5672@example.com,City 3
User 5673,user5673@example.com,City 4
User 5674,user5674@example.com,City 5
User 5675,user5675@example.com,City 6
User 5676,user5676@example.com,City 7
User 5677,user5677@example.com,City 8
User 5678,user5678@example.com,City 9
User 5679,user5679@example.com,City 10
User 5680,user5680@example.com,City 1
User 5681,user5681@example.com,City 2
User 5682,user5682@example.com,City 3
User 5683,user5683@example.com,City 4
User 5684,user5684@example.com,City 5
User 5685,user5685@example.com,City 6
User 5686,user5686@example.com,City 7
User 5687,user5687@example.com,City 8
User 5688,user5688@example.com,City 9
User 5689,user5689@example.com,City 10
User 5690,user5690@example.com,City 1
User 5691,user5691@example.com,City 2
User 5692,user5692@example.com,City 3
User 5693,user5693@example.com,City 4
User 5694,user5694@example.com,City 5
User 5695,user5695@example.com,City 6
User 5696,user5696@example.com,City 7
User 5697,user5697@example.com,City 8
User 5698,user5698@example.com,City 9
User 5699,user5699@example.com,City 10
User 5700,user5700@example.com,City 1
User 5701,user5701@example.com,City 2
User 5702,user5702@example.com,City 3
User 5703,user5703@example.com,City 4
User 5704,user5704@example.com,City 5
User 5705,user5705@example.com,City 6
User 5706,user5706@example.com,City 7
User 5707,user5707@example.com,City 8
User 5708,user5708@example.com,City 9
User 5709,user5709@example.com,City 10
User 5710,user5710@example.com,City 1
User 5711,user5711@example.com,City 2
User 5712,user5712@example.com,City 3
User 5713,user5713@example.com,City 4
User 5714,user5714@example.com,City 5
User 5715,user5715@example.com,City 6
User 5716,user5716@example.com,City 7
User 5717,user5717@example.com,City 8
User 5718,user5718@example.com,City 9
User 5719,user5719@example.com,City 10
User 5720,user5720@example.com,City 1
User 5721,user5721@example.com,City 2
User 5722,user5722@example.com,City 3
User 5723,user5723@example.com,City 4
User 5724,user5724@example.com,City 5
User 5725,user5725@example.com,City 6
User 5726,user5726@example.com,City 7
User 5727,user5727@example.com,City 8
User 5728,user5728@example.com,City 9
User 5729,user5729@example.com,City 10
User 5730,user5730@example.com,City 1
User 5731,user5731@example.com,City 2
User 5732,user5732@example.com,City 3
User 5733,user5733@example.com,City 4
User 5734,user5734@example.com,City 5
User 5735,user5735@example.com,City 6
User 5736,user5736@example.com,City 7
User 5737,user5737@example.com,City 8
User 5738,user5738@example.com,City 9
User 5739,user5739@example.com,City 10
User 5740,user5740@example.com,City 1
User 5741,user5741@example.com,City 2
User 5742,user5742@example.com,City 3
User 5743,user5743@example.com,City 4
User 5744,user5744@example.com,City 5
User 5745,user5745@example.com,City 6
User 5746,user5746@example.com,City 7
User 5747,user5747@example.com,City 8
User 5748,user5748@example.com,City 9
User 5749,user5749@example.com,City 10
User 5750,user5750@example.com,City 1
User 5751,user5751@example.com,City 2
User 5752,user5752@example.com,City 3
User 5753,user5753@example.com,City 4
User 5754,user5754@example.com,City 5
User 5755,user5755@example.com,City 6
User 5756,user5756@example.com,City 7
User 5757,user5757@example.com,City 8
User 5758,user5758@example.com,City 9
User 5759,user5759@example.com,City 10
User 5760,user5760@example.com,City 1
User 5761,user5761@example.com,City 2
User 5762,user5762@example.com,City 3
User 5763,user5763@example.com,City 4
User 5764,user5764@example.com,City 5
User 5765,user5765@example.com,City 6
User 5766,user5766@example.com,City 7
User 5767,user5767@example.com,City 8
User 5768,user5768@example.com,City 9
User 5769,user5769@example.com,City 10
User 5770,user5770@example.com,City 1
User 5771,user5771@example.com,City 2
User 5772,user5772@example.com,City 3
User 5773,user5773@example.com,City 4
User 5774,user5774@example.com,City 5
User 5775,user5775@example.com,City 6
User 5776,user5776@example.com,City 7
User 5777,user5777@example.com,City 8
User 5778,user5778@example.com,City 9
User 5779,user5779@example.com,City 10
User 5780,user5780@example.com,City 1
User 5781,user5781@example.com,City 2
User 5782,user5782@example.com,City 3
User 5783,user5783@example.com,City 4
User 5784,user5784@example.com,City 5
User 5785,user5785@example.com,City 6
User 5786,user5786@example.com,City 7
User 5787,user5787@example.com,City 8
User 5788,user5788@example.com,City 9
User 5789,user5789@example.com,City 10
User 5790,user5790@example.com,City 1
User 5791,user5791@example.com,City 2
User 5792,user5792@example.com,City 3
User 5793,user5793@example.com,City 4
User 5794,user5794@example.com,City 5
User 5795,user5795@example.com,City 6
User 5796,user5796@example.com,City 7
User 5797,user5797@example.com,City 8
User 5798,user5798@example.com,City 9
User 5799,user5799@example.com,City 10
User 5800,user5800@example.com,City 1
User 5801,user5801@example.com,City 2
User 5802,user5802@example.com,City 3
User 5803,user5803@example.com,City 4
User 5804,user5804@example.com,City 5
User 5805,user5805@example.com,City 6
User 5806,user5806@example.com,City 7
User 5807,user5807@example.com,City 8
User 5808,user5808@example.com,City 9
User 5809,user5809@example.com,City 10
User 5810,user5810@example.com,City 1
User 5811,user5811@example.com,City 2
User 5812,user5812@example.com,City 3
User 5813,user5813@example.com,City 4
User 5814,user5814@example.com,City 5
User 5815,user5815@example.com,City 6
User 5816,user5816@example.com,City 7
User 5817,user5817@example.com,City 8
User 5818,user5818@example.com,City 9
User 5819,user5819@example.com,City 10
User 5820,user5820@example.com,City 1
User 5821,user5821@example.com,City 2
User 5822,user5822@example.com,City 3
User 5823,user5823@example.com,City 4
User 5824,user5824@example.com,City 5
User 5825,user5825@example.com,City 6
User 5826,user5826@example.com,City 7
User 5827,user5827@example.com,City 8
User 5828,user5828@example.com,City 9
User 5829,user5829@example.com,City 10
User 5830,user5830@example.com,City 1
User 5831,user5831@example.com,City 2
User 5832,user5832@example.com,City 3
User 5833,user5833@example.com,City 4
User 5834,user5834@example.com,City 5
User 5835,user5835@example.com,City 6
User 5836,user5836@example.com,City 7
User 5837,user5837@example.com,City 8
User 5838,user5838@example.com,City 9
User 5839,user5839@example.com,City 10
User 5840,user5840@example.com,City 1
User 5841,user5841@example.com,City 2
User 5842,user5842@example.com,City 3
User 5843,user5843@example.com,City 4
User 5844,user5844@example.com,City 5
User 5845,user5845@example.com,City 6
User 5846,user5846@example.com,City 7
User 5847,user5847@example.com,City 8
User 5848,user5848@example.com,City 9
User 5849,user5849@example.com,City 10
User 5850,user5850@example.com,City 1
User 5851,user5851@example.com,City 2
User 5852,user5852@example.com,City 3
User 5853,user5853@example.com,City 4
User 5854,user5854@example.com,City 5
User 5855,user5855@example.com,City 6
User 5856,user5856@example.com,City 7
User 5857,user5857@example.com,City 8
User 5858,user5858@example.com,City 9
User 5859,user5859@example.com,City 10
User 5860,user5860@example.com,City 1
User 5861,user5861@example.com,City 2
User 5862,user5862@example.com,City 3
User 5863,user5863@example.com,City 4
User 5864,user5864@example.com,City 5
User 5865,user5865@example.com,City 6
User 5866,user5866@example.com,City 7
User 5867,user5867@example.com,City 8
User 5868,user5868@example.com,City 9
User 5869,user5869@example.com,City 10
User 5870,user5870@example.com,City 1
User 5871,user5871@example.com,City 2
User 5872,user5872@example.com,City 3
User 5873,user5873@example.com,City 4
User 5874,user5874@example.com,City 5
User 5875,user5875@example.com,City 6
User 5876,user5876@example.com,City 7
User 5877,user5877@example.com,City 8
User 5878,user5878@example.com,City 9
User 5879,user5879@example.com,City 10
User 5880,user5880@example.com,City 1
User 5881,user5881@example.com,City 2
User 5882,user5882@example.com,City 3
User 5883,user5883@example.com,City 4
User 5884,user5884@example.com,City 5
User 5885,user5885@example.com,City 6
User 5886,user5886@example.com,City 7
User 5887,user5887@example.com,City 8
User 5888,user5888@example.com,City 9
User 5889,user5889@example.com,City 10
User 5890,user5890@example.com,City 1
User 5891,user5891@example.com,City 2
User 5892,user5892@example.com,City 3
User 5893,user5893@example.com,City 4
User 5894,user5894@example.com,City 5
User 5895,user5895@example.com,City 6
User 5896,user5896@example.com,City 7
User 5897,user5897@example.com,City 8
User 5898,user5898@example.com,City 9
User 5899,user5899@example.com,City 10
User 5900,user5900@example.com,City 1
User 5901,user5901@example.com,City 2
User 5902,user5902@example.com,City 3
User 5903,user5903@example.com,City 4
User 5904,user5904@example.com,City 5
User 5905,user5905@example.com,City 6
User 5906,user5906@example.com,City 7
User 5907,user5907@example.com,City 8
User 5908,user5908@example.com,City 9
User 5909,user5909@example.com,City 10
User 5910,user5910@example.com,City 1
User 5911,user5911@example.com,City 2
User 5912,user5912@example.com,City 3
User 5913,user5913@example.com,City 4
User 5914,user5914@example.com,City 5
User 5915,user5915@example.com,City 6
User 5916,user5916@example.com,City 7
User 5917,user5917@example.com,City 8
User 5918,user5918@example.com,City 9
User 5919,user5919@example.com,City 10
User 5920,user5920@example.com,City 1
User 5921,user5921@example.com,City 2
User 5922,user5922@example.com,City 3
User 5923,user5923@example.com,City 4
User 5924,user5924@example.com,City 5
User 5925,user5925@example.com,City 6
User 5926,user5926@example.com,City 7
User 5927,user5927@example.com,City 8
User 5928,user5928@example.com,City 9
User 5929,user5929@example.com,City 10
User 5930,user5930@example.com,City 1
User 5931,user5931@example.com,City 2
User 5932,user5932@example.com,City 3
User 5933,user5933@example.com,City 4
User 5934,user5934@example.com,City 5
User 5935,user5935@example.com,City 6
User 5936,user5936@example.com,City 7
User 5937,user5937@example.com,City 8
User 5938,user5938@example.com,City 9
User 5939,user5939@example.com,City 10
User 5940,user5940@example.com,City 1
User 5941,user5941@example.com,City 2
User 5942,user5942@example.com,City 3
User 5943,user5943@example.com,City 4
User 5944,user5944@example.com,City 5
User 5945,user5945@example.com,City 6
User 5946,user5946@example.com,City 7
User 5947,user5947@example.com,City 8
User 5948,user5948@example.com,City 9
User 5949,user5949@example.com,City 10
User 5950,user5950@example.com,City 1
User 5951,user5951@example.com,City 2
User 5952,user5952@example.com,City 3
User 5953,user5953@example.com,City 4
User 5954,user5954@example.com,City 5
User 5955,user5955@example.com,City 6
User 5956,user5956@example.com,City 7
User 5957,user5957@example.com,City 8
User 5958,user5958@example.com,City 9
User 5959,user5959@example.com,City 10
User 5960,user5960@example.com,City 1
User 5961,user5961@example.com,City 2
User 5962,user5962@example.com,City 3
User 5963,user5963@example.com,City 4
User 5964,user5964@example.com,City 5
User 5965,user5965@example.com,City 6
User 5966,user5966@example.com,City 7
User 5967,user5967@example.com,City 8
User 5968,user5968@example.com,City 9
User 5969,user5969@example.com,City 10
User 5970,user5970@example.com,City 1
User 5971,user5971@example.com,City 2
User 5972,user5972@example.com,City 3
User 5973,user5973@example.com,City 4
User 5974,user5974@example.com,City 5
User 5975,user5975@example.com,City 6
User 5976,user5976@example.com,City 7
User 5977,user5977@example.com,City 8
User 5978,user5978@example.com,City 9
User 5979,user5979@example.com,City 10
User 5980,user5980@example.com,City 1
User 5981,user5981@example.com,City 2
User 5982,user5982@example.com,City 3
User 5983,user5983@example.com,City 4
User 5984,user5984@example.com,City 5
User 5985,user5985@example.com,City 6
User 5986,user5986@example.com,City 7
User 5987,user5987@example.com,City 8
User 5988,user5988@example.com,City 9
User 5989,user5989@example.com,City 10
User 5990,user5990@example.com,City 1
User 5991,user5991@example.com,City 2
User 5992,user5992@example.com,City 3
User 5993,user5993@example.com,City 4
User 5994,user5994@example.com,City 5
User 5995,user5995@example.com,City 6
User 5996,user5996@example.com,City 7
User 5997,user5997@example.com,City 8
User 5998,user5998@example.com,City 9
User 5999,user5999@example.com,City 10
User 6000,user6000@example.com,City 1
User 6001,user6001@example.com,City 2
User 6002,user6002@example.com,City 3
User 6003,user6003@example.com,City 4
User 6004,user6004@example.com,City 5
User 6005,user6005@example.com,City 6
User 6006,user6006@example.com,City 7
User 6007,user6007@example.com,City 8
User 6008,user6008@example.com,City 9
User 6009,user6009@example.com,City 10
User 6010,user6010@example.com,City 1
User 6011,user6011@example.com,City 2
User 6012,user6012@example.com,City 3
User 6013,user6013@example.com,City 4
User 6014,user6014@example.com,City 5
User 6015,user6015@example.com,City 6
User 6016,user6016@example.com,City 7
User 6017,user6017@example.com,City 8
User 6018,user6018@example.com,City 9
User 6019,user6019@example.com,City 10
User 6020,user6020@example.com,City 1
User 6021,user6021@example.com,City 2
User 6022,user6022@example.com,City 3
User 6023,user6023@example.com,City 4
User 6024,user6024@example.com,City 5
User 6025,user6025@example.com,City 6
User 6026,user6026@example.com,City 7
User 6027,user6027@example.com,City 8
User 6028,user6028@example.com,City 9
User 6029,user6029@example.com,City 10
User 6030,user6030@example.com,City 1
User 6031,user6031@example.com,City 2
User 6032,user6032@example.com,City 3
User 6033,user6033@example.com,City 4
User 6034,user6034@example.com,City 5
User 6035,user6035@example.com,City 6
User 6036,user6036@example.com,City 7
User 6037,user6037@example.com,City 8
User 6038,user6038@example.com,City 9
User 6039,user6039@example.com,City 10
User 6040,user6040@example.com,City 1
User 6041,user6041@example.com,City 2
User 6042,user6042@example.com,City 3
User 6043,user6043@example.com,City 4
User 6044,user6044@example.com,City 5
User 6045,user6045@example.com,City 6
User 6046,user6046@example.com,City 7
User 6047,user6047@example.com,City 8
User 6048,user6048@example.com,City 9
User 6049,user6049@example.com,City 10
User 6050,user6050@example.com,City 1
User 6051,user6051@example.com,City 2
User 6052,user6052@example.com,City 3
User 6053,user6053@example.com,City 4
User 6054,user6054@example.com,City 5
User 6055,user6055@example.com,City 6
User 6056,user6056@example.com,City 7
User 6057,user6057@example.com,City 8
User 6058,user6058@example.com,City 9
User 6059,user6059@example.com,City 10
User 6060,user6060@example.com,City 1
User 6061,user6061@example.com,City 2
User 6062,user6062@example.com,City 3
User 6063,user6063@example.com,City 4
User 6064,user6064@example.com,City 5
User 6065,user6065@example.com,City 6
User 6066,user6066@example.com,City 7
User 6067,user6067@example.com,City 8
User 6068,user6068@example.com,City 9
User 6069,user6069@example.com,City 10
User 6070,user6070@example.com,City 1
User 6071,user6071@example.com,City 2
User 6072,user6072@example.com,City 3
User 6073,user6073@example.com,City 4
User 6074,user6074@example.com,City 5
User 6075,user6075@example.com,City 6
User 6076,user6076@example.com,City 7
User 6077,user6077@example.com,City 8
User 6078,user6078@example.com,City 9
User 6079,user6079@example.com,City 10
User 6080,user6080@example.com,City 1
User 6081,user6081@example.com,City 2
User 6082,user6082@example.com,City 3
User 6083,user6083@example.com,City 4
User 6084,user6084@example.com,City 5
User 6085,user6085@example.com,City 6
User 6086,user6086@example.com,City 7
User 6087,user6087@example.com,City 8
User 6088,user6088@example.com,City 9
User 6089,user6089@example.com,City 10
User 6090,user6090@example.com,City 1
User 6091,user6091@example.com,City 2
User 6092,user6092@example.com,City 3
User 6093,user6093@example.com,City 4
User 6094,user6094@example.com,City 5
User 6095,user6095@example.com,City 6
User 6096,user6096@example.com,City 7
User 6097,user6097@example.com,City 8
User 6098,user6098@example.com,City 9
User 6099,user6099@example.com,City 10
User 6100,user6100@example.com,City 1
User 6101,user6101@example.com,City 2
User 6102,user6102@example.com,City 3
User 6103,user6103@example.com,City 4
User 6104,user6104@example.com,City 5
User 6105,user6105@example.com,City 6
User 6106,user6106@example.com,City 7
User 6107,user6107@example.com,City 8
User 6108,user6108@example.com,City 9
User 6109,user6109@example.com,City 10
User 6110,user6110@example.com,City 1
User 6111,user6111@example.com,City 2
User 6112,user6112@example.com,City 3
User 6113,user6113@example.com,City 4
User 6114,user6114@example.com,City 5
User 6115,user6115@example.com,City 6
User 6116,user6116@example.com,City 7
User 6117,user6117@example.com,City 8
User 6118,user6118@example.com,City 9
User 6119,user6119@example.com,City 10
User 6120,user6120@example.com,City 1
User 6121,user6121@example.com,City 2
User 6122,user6122@example.com,City 3
User 6123,user6123@example.com,City 4
User 6124,user6124@example.com,City 5
User 6125,user6125@example.com,City 6
User 6126,user6126@example.com,City 7
User 6127,user6127@example.com,City 8
User 6128,user6128@example.com,City 9
User 6129,user6129@example.com,City 10
User 6130,user6130@example.com,City 1
User 6131,user6131@example.com,City 2
User 6132,user6132@example.com,City 3
User 6133,user6133@example.com,City 4
User 6134,user6134@example.com,City 5
User 6135,user6135@example.com,City 6
User 6136,user6136@example.com,City 7
User 6137,user6137@example.com,City 8
User 6138,user6138@example.com,City 9
User 6139,user6139@example.com,City 10
User 6140,user6140@example.com,City 1
User 6141,user6141@example.com,City 2
User 6142,user6142@example.com,City 3
User 6143,user6143@example.com,City 4
User 6144,user6144@example.com,City 5
User 6145,user6145@example.com,City 6
User 6146,user6146@example.com,City 7
User 6147,user6147@example.com,City 8
User 6148,user6148@example.com,City 9
User 6149,user6149@example.com,City 10
User 6150,user6150@example.com,City 1
User 6151,user6151@example.com,City 2
User 6152,user6152@example.com,City 3
User 6153,user6153@example.com,City 4
User 6154,user6154@example.com,City 5
User 6155,user6155@example.com,City 6
User 6156,user6156@example.com,City 7
User 6157,user6157@example.com,City 8
User 6158,user6158@example.com,City 9
User 6159,user6159@example.com,City 10
User 6160,user6160@example.com,City 1
User 6161,user6161@example.com,City 2
User 6162,user6162@example.com,City 3
User 6163,user6163@example.com,City 4
User 6164,user6164@example.com,City 5
User 6165,user6165@example.com,City 6
User 6166,user6166@example.com,City 7
User 6167,user6167@example.com,City 8
User 6168,user6168@example.com,City 9
User 6169,user6169@example.com,City 10
User 6170,user6170@example.com,City 1
User 6171,user6171@example.com,City 2
User 6172,user6172@example.com,City 3
User 6173,user6173@example.com,City 4
User 6174,user6174@example.com,City 5
User 6175,user6175@example.com,City 6
User 6176,user6176@example.com,City 7
User 6177,user6177@example.com,City 8
User 6178,user6178@example.com,City 9
User 6179,user6179@example.com,City 10
User 6180,user6180@example.com,City 1
User 6181,user6181@example.com,City 2
User 6182,user6182@example.com,City 3
User 6183,user6183@example.com,City 4
User 6184,user6184@example.com,City 5
User 6185,user6185@example.com,City 6
User 6186,user6186@example.com,City 7
User 6187,user6187@example.com,City 8
User 6188,user6188@example.com,City 9
User 6189,user6189@example.com,City 10
User 6190,user6190@example.com,City 1
User 6191,user6191@example.com,City 2
User 6192,user6192@example.com,City 3
User 6193,user6193@example.com,City 4
User 6194,user6194@example.com,City 5
User 6195,user6195@example.com,City 6
User 6196,user6196@example.com,City 7
User 6197,user6197@example.com,City 8
User 6198,user6198@example.com,City 9
User 6199,user6199@example.com,City 10
User 6200,user6200@example.com,City 1
User 6201,user6201@example.com,City 2
User 6202,user6202@example.com,City 3
User 6203,user6203@example.com,City 4
User 6204,user6204@example.com,City 5
User 6205,user6205@example.com,City 6
User 6206,user6206@example.com,City 7
User 6207,user6207@example.com,City 8
User 6208,user6208@example.com,City 9
User 6209,user6209@example.com,City 10
User 6210,user6210@example.com,City 1
User 6211,user6211@example.com,City 2
User 6212,user6212@example.com,City 3
User 6213,user6213@example.com,City 4
User 6214,user6214@example.com,City 5
User 6215,user6215@example.com,City 6
User 6216,user6216@example.com,City 7
User 6217,user6217@example.com,City 8
User 6218,user6218@example.com,City 9
User 6219,user6219@example.com,City 10
User 6220,user6220@example.com,City 1
User 6221,user6221@example.com,City 2
User 6222,user6222@example.com,City 3
User 6223,user6223@example.com,City 4
User 6224,user6224@example.com,City 5
User 6225,user6225@example.com,City 6
User 6226,user6226@example.com,City 7
User 6227,user6227@example.com,City 8
User 6228,user6228@example.com,City 9
User 6229,user6229@example.com,City 10
User 6230,user6230@example.com,City 1
User 6231,user6231@example.com,City 2
User 6232,user6232@example.com,City 3
User 6233,user6233@example.com,City 4
User 6234,user6234@example.com,City 5
User 6235,user6235@example.com,City 6
User 6236,user6236@example.com,City 7
User 6237,user6237@example.com,City 8
User 6238,user6238@example.com,City 9
User 6239,user6239@example.com,City 10
User 6240,user6240@example.com,City 1
User 6241,user6241@example.com,City 2
User 6242,user6242@example.com,City 3
User 6243,user6243@example.com,City 4
User 6244,user6244@example.com,City 5
User 6245,user6245@example.com,City 6
User 6246,user6246@example.com,City 7
User 6247,user6247@example.com,City 8
User 6248,user6248@example.com,City 9
User 6249,user6249@example.com,City 10
User 6250,user6250@example.com,City 1
User 6251,user6251@example.com,City 2
User 6252,user6252@example.com,City 3
User 6253,user6253@example.com,City 4
User 6254,user6254@example.com,City 5
User 6255,user6255@example.com,City 6
User 6256,user6256@example.com,City 7
User 6257,user6257@example.com,City 8
User 6258,user6258@example.com,City 9
User 6259,user6259@example.com,City 10
User 6260,user6260@example.com,City 1
User 6261,user6261@example.com,City 2
User 6262,user6262@example.com,City 3
User 6263,user6263@example.com,City 4
User 6264,user6264@example.com,City 5
User 6265,user6265@example.com,City 6
User 6266,user6266@example.com,City 7
User 6267,user6267@example.com,City 8
User 6268,user6268@example.com,City 9
User 6269,user6269@example.com,City 10
User 6270,user6270@example.com,City 1
User 6271,user6271@example.com,City 2
User 6272,user6272@example.com,City 3
User 6273,user6273@example.com,City 4
User 6274,user6274@example.com,City 5
User 6275,user6275@example.com,City 6
User 6276,user6276@example.com,City 7
User 6277,user6277@example.com,City 8
User 6278,user6278@example.com,City 9
User 6279,user6279@example.com,City 10
User 6280,user6280@example.com,City 1
User 6281,user6281@example.com,City 2
User 6282,user6282@example.com,City 3
User 6283,user6283@example.com,City 4
User 6284,user6284@example.com,City 5
User 6285,user6285@example.com,City 6
User 6286,user6286@example.com,City 7
User 6287,user6287@example.com,City 8
User 6288,user6288@example.com,City 9
User 6289,user6289@example.com,City 10
User 6290,user6290@example.com,City 1
User 6291,user6291@example.com,City 2
User 6292,user6292@example.com,City 3
User 6293,user6293@example.com,City 4
User 6294,user6294@example.com,City 5
User 6295,user6295@example.com,City 6
User 6296,user6296@example.com,City 7
User 6297,user6297@example.com,City 8
User 6298,user6298@example.com,City 9
User 6299,user6299@example.com,City 10
User 6300,user6300@example.com,City 1
User 6301,user6301@example.com,City 2
User 6302,user6302@example.com,City 3
User 6303,user6303@example.com,City 4
User 6304,user6304@example.com,City 5
User 6305,user6305@example.com,City 6
User 6306,user6306@example.com,City 7
User 6307,user6307@example.com,City 8
User 6308,user6308@example.com,City 9
User 6309,user6309@example.com,City 10
User 6310,user6310@example.com,City 1
User 6311,user6311@example.com,City 2
User 6312,user6312@example.com,City 3
User 6313,user6313@example.com,City 4
User 6314,user6314@example.com,City 5
User 6315,user6315@example.com,City 6
User 6316,user6316@example.com,City 7
User 6317,user6317@example.com,City 8
User 6318,user6318@example.com,City 9
User 6319,user6319@example.com,City 10
User 6320,user6320@example.com,City 1
User 6321,user6321@example.com,City 2
User 6322,user6322@example.com,City 3
User 6323,user6323@example.com,City 4
User 6324,user6324@example.com,City 5
User 6325,user6325@example.com,City 6
User 6326,user6326@example.com,City 7
User 6327,user6327@example.com,City 8
User 6328,user6328@example.com,City 9
User 6329,user6329@example.com,City 10
User 6330,user6330@example.com,City 1
User 6331,user6331@example.com,City 2
User 6332,user6332@example.com,City 3
User 6333,user6333@example.com,City 4
User 6334,user6334@example.com,City 5
User 6335,user6335@example.com,City 6
User 6336,user6336@example.com,City 7
User 6337,user6337@example.com,City 8
User 6338,user6338@example.com,City 9
User 6339,user6339@example.com,City 10
User 6340,user6340@example.com,City 1
User 6341,user6341@example.com,City 2
User 6342,user6342@example.com,City 3
User 6343,user6343@example.com,City 4
User 6344,user6344@example.com,City 5
User 6345,user6345@example.com,City 6
User 6346,user6346@example.com,City 7
User 6347,user6347@example.com,City 8
User 6348,user6348@example.com,City 9
User 6349,user6349@example.com,City 10
User 6350,user6350@example.com,City 1
User 6351,user6351@example.com,City 2
User 6352,user6352@example.com,City 3
User 6353,user6353@example.com,City 4
User 6354,user6354@example.com,City 5
User 6355,user6355@example.com,City 6
User 6356,user6356@example.com,City 7
User 6357,user6357@example.com,City 8
User 6358,user6358@example.com,City 9
User 6359,user6359@example.com,City 10
User 6360,user6360@example.com,City 1
User 6361,user6361@example.com,City 2
User 6362,user6362@example.com,City 3
User 6363,user6363@example.com,City 4
User 6364,user6364@example.com,City 5
User 6365,user6365@example.com,City 6
User 6366,user6366@example.com,City 7
User 6367,user6367@example.com,City 8
User 6368,user6368@example.com,City 9
User 6369,user6369@example.com,City 10
User 6370,user6370@example.com,City 1
User 6371,user6371@example.com,City 2
User 6372,user6372@example.com,City 3
User 6373,user6373@example.com,City 4
User 6374,user6374@example.com,City 5
User 6375,user6375@example.com,City 6
User 6376,user6376@example.com,City 7
User 6377,user6377@example.com,City 8
User 6378,user6378@example.com,City 9
User 6379,user6379@example.com,City 10
User 6380,user6380@example.com,City 1
User 6381,user6381@example.com,City 2
User 6382,user6382@example.com,City 3
User 6383,user6383@example.com,City 4
User 6384,user6384@example.com,City 5
User 6385,user6385@example.com,City 6
User 6386,user6386@example.com,City 7
User 6387,user6387@example.com,City 8
User 6388,user6388@example.com,City 9
User 6389,user6389@example.com,City 10
User 6390,user6390@example.com,City 1
User 6391,user6391@example.com,City 2
User 6392,user6392@example.com,City 3
User 6393,user6393@example.com,City 4
User 6394,user6394@example.com,City 5
User 6395,user6395@example.com,City 6
User 6396,user6396@example.com,City 7
User 6397,user6397@example.com,City 8
User 6398,user6398@example.com,City 9
User 6399,user6399@example.com,City 10
User 6400,user6400@example.com,City 1
User 6401,user6401@example.com,City 2
User 6402,user6402@example.com,City 3
User 6403,user6403@example.com,City 4
User 6404,user6404@example.com,City 5
User 6405,user6405@example.com,City 6
User 6406,user6406@example.com,City 7
User 6407,user6407@example.com,City 8
User 6408,user6408@example.com,City 9
User 6409,user6409@example.com,City 10
User 6410,user6410@example.com,City 1
User 6411,user6411@example.com,City 2
User 6412,user6412@example.com,City 3
User 6413,user6413@example.com,City 4
User 6414,user6414@example.com,City 5
User 6415,user6415@example.com,City 6
User 6416,user6416@example.com,City 7
User 6417,user6417@example.com,City 8
User 6418,user6418@example.com,City 9
User 6419,user6419@example.com,City 10
User 6420,user6420@example.com,City 1
User 6421,user6421@example.com,City 2
User 6422,user6422@example.com,City 3
User 6423,user6423@example.com,City 4
User 6424,user6424@example.com,City 5
User 6425,user6425@example.com,City 6
User 6426,user6426@example.com,City 7
User 6427,user6427@example.com,City 8
User 6428,user6428@example.com,City 9
User 6429,user6429@example.com,City 10
User 6430,user6430@example.com,City 1
User 6431,user6431@example.com,City 2
User 6432,user6432@example.com,City 3
User 6433,user6433@example.com,City 4
User 6434,user6434@example.com,City 5
User 6435,user6435@example.com,City 6
User 6436,user6436@example.com,City 7
User 6437,user6437@example.com,City 8
User 6438,user6438@example.com,City 9
User 6439,user6439@example.com,City 10
User 6440,user6440@example.com,City 1
User 6441,user6441@example.com,City 2
User 6442,user6442@example.com,City 3
User 6443,user6443@example.com,City 4
User 6444,user6444@example.com,City 5
User 6445,user6445@example.com,City 6
User 6446,user6446@example.com,City 7
User 6447,user6447@example.com,City 8
User 6448,user6448@example.com,City 9
User 6449,user6449@example.com,City 10
User 6450,user6450@example.com,City 1
User 6451,user6451@example.com,City 2
User 6452,user6452@example.com,City 3
User 6453,user6453@example.com,City 4
User 6454,user6454@example.com,City 5
User 6455,user6455@example.com,City 6
User 6456,user6456@example.com,City 7
User 6457,user6457@example.com,City 8
User 6458,user6458@example.com,City 9
User 6459,user6459@example.com,City 10
User 6460,user6460@example.com,City 1
User 6461,user6461@example.com,City 2
User 6462,user6462@example.com,City 3
User 6463,user6463@example.com,City 4
User 6464,user6464@example.com,City 5
User 6465,user6465@example.com,City 6
User 6466,user6466@example.com,City 7
User 6467,user6467@example.com,City 8
User 6468,user6468@example.com,City 9
User 6469,user6469@example.com,City 10
User 6470,user6470@example.com,City 1
User 6471,user6471@example.com,City 2
User 6472,user6472@example.com,City 3
User 6473,user6473@example.com,City 4
User 6474,user6474@example.com,City 5
User 6475,user6475@example.com,City 6
User 6476,user6476@example.com,City 7
User 6477,user6477@example.com,City 8
User 6478,user6478@example.com,City 9
User 6479,user6479@example.com,City 10
User 6480,user6480@example.com,City 1
User 6481,user6481@example.com,City 2
User 6482,user6482@example.com,City 3
User 6483,user6483@example.com,City 4
User 6484,user6484@example.com,City 5
User 6485,user6485@example.com,City 6
User 6486,user6486@example.com,City 7
User 6487,user6487@example.com,City 8
User 6488,user6488@example.com,City 9
User 6489,user6489@example.com,City 10
User 6490,user6490@example.com,City 1
User 6491,user6491@example.com,City 2
User 6492,user6492@example.com,City 3
User 6493,user6493@example.com,City 4
User 6494,user6494@example.com,City 5
User 6495,user6495@example.com,City 6
User 6496,user6496@example.com,City 7
User 6497,user6497@example.com,City 8
User 6498,user6498@example.com,City 9
User 6499,user6499@example.com,City 10
User 6500,user6500@example.com,City 1
User 6501,user6501@example.com,City 2
User 6502,user6502@example.com,City 3
User 6503,user6503@example.com,City 4
User 6504,user6504@example.com,City 5
User 6505,user6505@example.com,City 6
User 6506,user6506@example.com,City 7
User 6507,user6507@example.com,City 8
User 6508,user6508@example.com,City 9
User 6509,user6509@example.com,City 10
User 6510,user6510@example.com,City 1
User 6511,user6511@example.com,City 2
User 6512,user6512@example.com,City 3
User 6513,user6513@example.com,City 4
User 6514,user6514@example.com,City 5
User 6515,user6515@example.com,City 6
User 6516,user6516@example.com,City 7
User 6517,user6517@example.com,City 8
User 6518,user6518@example.com,City 9
User 6519,user6519@example.com,City 10
User 6520,user6520@example.com,City 1
User 6521,user6521@example.com,City 2
User 6522,user6522@example.com,City 3
User 6523,user6523@example.com,City 4
User 6524,user6524@example.com,City 5
User 6525,user6525@example.com,City 6
User 6526,user6526@example.com,City 7
User 6527,user6527@example.com,City 8
User 6528,user6528@example.com,City 9
User 6529,user6529@example.com,City 10
User 6530,user6530@example.com,City 1
User 6531,user6531@example.com,City 2
User 6532,user6532@example.com,City 3
User 6533,user6533@example.com,City 4
User 6534,user6534@example.com,City 5
User 6535,user6535@example.com,City 6
User 6536,user6536@example.com,City 7
User 6537,user6537@example.com,City 8
User 6538,user6538@example.com,City 9
User 6539,user6539@example.com,City 10
User 6540,user6540@example.com,City 1
User 6541,user6541@example.com,City 2
User 6542,user6542@example.com,City 3
User 6543,user6543@example.com,City 4
User 6544,user6544@example.com,City 5
User 6545,user6545@example.com,City 6
User 6546,user6546@example.com,City 7
User 6547,user6547@example.com,City 8
User 6548,user6548@example.com,City 9
User 6549,user6549@example.com,City 10
User 6550,user6550@example.com,City 1
User 6551,user6551@example.com,City 2
User 6552,user6552@example.com,City 3
User 6553,user6553@example.com,City 4
User 6554,user6554@example.com,City 5
User 6555,user6555@example.com,City 6
User 6556,user6556@example.com,City 7
User 6557,user6557@example.com,City 8
User 6558,user6558@example.com,City 9
User 6559,user6559@example.com,City 10
User 6560,user6560@example.com,City 1
User 6561,user6561@example.com,City 2
User 6562,user6562@example.com,City 3
User 6563,user6563@example.com,City 4
User 6564,user6564@example.com,City 5
User 6565,user6565@example.com,City 6
User 6566,user6566@example.com,City 7
User 6567,user6567@example.com,City 8
User 6568,user6568@example.com,City 9
User 6569,user6569@example.com,City 10
User 6570,user6570@example.com,City 1
User 6571,user6571@example.com,City 2
User 6572,user6572@example.com,City 3
User 6573,user6573@example.com,City 4
User 6574,user6574@example.com,City 5
User 6575,user6575@example.com,City 6
User 6576,user6576@example.com,City 7
User 6577,user6577@example.com,City 8
User 6578,user6578@example.com,City 9
User 6579,user6579@example.com,City 10
User 6580,user6580@example.com,City 1
User 6581,user6581@example.com,City 2
User 6582,user6582@example.com,City 3
User 6583,user6583@example.com,City 4
User 6584,user6584@example.com,City 5
User 6585,user6585@example.com,City 6
User 6586,user6586@example.com,City 7
User 6587,user6587@example.com,City 8
User 6588,user6588@example.com,City 9
User 6589,user6589@example.com,City 10
User 6590,user6590@example.com,City 1
User 6591,user6591@example.com,City 2
User 6592,user6592@example.com,City 3
User 6593,user6593@example.com,City 4
User 6594,user6594@example.com,City 5
User 6595,user6595@example.com,City 6
User 6596,user6596@example.com,City 7
User 6597,user6597@example.com,City 8
User 6598,user6598@example.com,City 9
User 6599,user6599@example.com,City 10
User 6600,user6600@example.com,City 1
User 6601,user6601@example.com,City 2
User 6602,user6602@example.com,City 3
User 6603,user6603@example.com,City 4
User 6604,user6604@example.com,City 5
User 6605,user6605@example.com,City 6
User 6606,user6606@example.com,City 7
User 6607,user6607@example.com,City 8
User 6608,user6608@example.com,City 9
User 6609,user6609@example.com,City 10
User 6610,user6610@example.com,City 1
User 6611,user6611@example.com,City 2
User 6612,user6612@example.com,City 3
User 6613,user6613@example.com,City 4
User 6614,user6614@example.com,City 5
User 6615,user6615@example.com,City 6
User 6616,user6616@example.com,City 7
User 6617,user6617@example.com,City 8
User 6618,user6618@example.com,City 9
User 6619,user6619@example.com,City 10
User 6620,user6620@example.com,City 1
User 6621,user6621@example.com,City 2
User 6622,user6622@example.com,City 3
User 6623,user6623@example.com,City 4
User 6624,user6624@example.com,City 5
User 6625,user6625@example.com,City 6
User 6626,user6626@example.com,City 7
User 6627,user6627@example.com,City 8
User 6628,user6628@example.com,City 9
User 6629,user6629@example.com,City 10
User 6630,user6630@example.com,City 1
User 6631,user6631@example.com,City 2
User 6632,user6632@example.com,City 3
User 6633,user6633@example.com,City 4
User 6634,user6634@example.com,City 5
User 6635,user6635@example.com,City 6
User 6636,user6636@example.com,City 7
User 6637,user6637@example.com,City 8
User 6638,user6638@example.com,City 9
User 6639,user6639@example.com,City 10
User 6640,user6640@example.com,City 1
User 6641,user6641@example.com,City 2
User 6642,user6642@example.com,City 3
User 6643,user6643@example.com,City 4
User 6644,user6644@example.com,City 5
User 6645,user6645@example.com,City 6
User 6646,user6646@example.com,City 7
User 6647,user6647@example.com,City 8
User 6648,user6648@example.com,City 9
User 6649,user6649@example.com,City 10
User 6650,user6650@example.com,City 1
User 6651,user6651@example.com,City 2
User 6652,user6652@example.com,City 3
User 6653,user6653@example.com,City 4
User 6654,user6654@example.com,City 5
User 6655,user6655@example.com,City 6
User 6656,user6656@example.com,City 7
User 6657,user6657@example.com,City 8
User 6658,user6658@example.com,City 9
User 6659,user6659@example.com,City 10
User 6660,user6660@example.com,City 1
User 6661,user6661@example.com,City 2
User 6662,user6662@example.com,City 3
User 6663,user6663@example.com,City 4
User 6664,user6664@example.com,City 5
User 6665,user6665@example.com,City 6
User 6666,user6666@example.com,City 7
User 6667,user6667@example.com,City 8
User 6668,user6668@example.com,City 9
User 6669,user6669@example.com,City 10
User 6670,user6670@example.com,City 1
User 6671,user6671@example.com,City 2
User 6672,user6672@example.com,City 3
User 6673,user6673@example.com,City 4
User 6674,user6674@example.com,City 5
User 6675,user6675@example.com,City 6
User 6676,user6676@example.com,City 7
User 6677,user6677@example.com,City 8
User 6678,user6678@example.com,City 9
User 6679,user6679@example.com,City 10
User 6680,user6680@example.com,City 1
User 6681,user6681@example.com,City 2
User 6682,user6682@example.com,City 3
User 6683,user6683@example.com,City 4
User 6684,user6684@example.com,City 5
User 6685,user6685@example.com,City 6
User 6686,user6686@example.com,City 7
User 6687,user6687@example.com,City 8
User 6688,user6688@example.com,City 9
User 6689,user6689@example.com,City 10
User 6690,user6690@example.com,City 1
User 6691,user6691@example.com,City 2
User 6692,user6692@example.com,City 3
User 6693,user6693@example.com,City 4
User 6694,user6694@example.com,City 5
User 6695,user6695@example.com,City 6
User 6696,user6696@example.com,City 7
User 6697,user6697@example.com,City 8
User 6698,user6698@example.com,City 9
User 6699,user6699@example.com,City 10
User 6700,user6700@example.com,City 1
User 6701,user6701@example.com,City 2
User 6702,user6702@example.com,City 3
User 6703,user6703@example.com,City 4
User 6704,user6704@example.com,City 5
User 6705,user6705@example.com,City 6
User 6706,user6706@example.com,City 7
User 6707,user6707@example.com,City 8
User 6708,user6708@example.com,City 9
User 6709,user6709@example.com,City 10
User 6710,user6710@example.com,City 1
User 6711,user6711@example.com,City 2
User 6712,user6712@example.com,City 3
User 6713,user6713@example.com,City 4
User 6714,user6714@example.com,City 5
User 6715,user6715@example.com,City 6
User 6716,user6716@example.com,City 7
User 6717,user6717@example.com,City 8
User 6718,user6718@example.com,City 9
User 6719,user6719@example.com,City 10
User 6720,user6720@example.com,City 1
User 6721,user6721@example.com,City 2
User 6722,user6722@example.com,City 3
User 6723,user6723@example.com,City 4
User 6724,user6724@example.com,City 5
User 6725,user6725@example.com,City 6
User 6726,user6726@example.com,City 7
User 6727,user6727@example.com,City 8
User 6728,user6728@example.com,City 9
User 6729,user6729@example.com,City 10
User 6730,user6730@example.com,City 1
User 6731,user6731@example.com,City 2
User 6732,user6732@example.com,City 3
User 6733,user6733@example.com,City 4
User 6734,user6734@example.com,City 5
User 6735,user6735@example.com,City 6
User 6736,user6736@example.com,City 7
User 6737,user6737@example.com,City 8
User 6738,user6738@example.com,City 9
User 6739,user6739@example.com,City 10
User 6740,user6740@example.com,City 1
User 6741,user6741@example.com,City 2
User 6742,user6742@example.com,City 3
User 6743,user6743@example.com,City 4
User 6744,user6744@example.com,City 5
User 6745,user6745@example.com,City 6
User 6746,user6746@example.com,City 7
User 6747,user6747@example.com,City 8
User 6748,user6748@example.com,City 9
User 6749,user6749@example.com,City 10
User 6750,user6750@example.com,City 1
User 6751,user6751@example.com,City 2
User 6752,user6752@example.com,City 3
User 6753,user6753@example.com,City 4
User 6754,user6754@example.com,City 5
User 6755,user6755@example.com,City 6
User 6756,user6756@example.com,City 7
User 6757,user6757@example.com,City 8
User 6758,user6758@example.com,City 9
User 6759,user6759@example.com,City 10
User 6760,user6760@example.com,City 1
User 6761,user6761@example.com,City 2
User 6762,user6762@example.com,City 3
User 6763,user6763@example.com,City 4
User 6764,user6764@example.com,City 5
User 6765,user6765@example.com,City 6
User 6766,user6766@example.com,City 7
User 6767,user6767@example.com,City 8
User 6768,user6768@example.com,City 9
User 6769,user6769@example.com,City 10
User 6770,user6770@example.com,City 1
User 6771,user6771@example.com,City 2
User 6772,user6772@example.com,City 3
User 6773,user6773@example.com,City 4
User 6774,user6774@example.com,City 5
User 6775,user6775@example.com,City 6
User 6776,user6776@example.com,City 7
User 6777,user6777@example.com,City 8
User 6778,user6778@example.com,City 9
User 6779,user6779@example.com,City 10
User 6780,user6780@example.com,City 1
User 6781,user6781@example.com,City 2
User 6782,user6782@example.com,City 3
User 6783,user6783@example.com,City 4
User 6784,user6784@example.com,City 5
User 6785,user6785@example.com,City 6
User 6786,user6786@example.com,City 7
User 6787,user6787@example.com,City 8
User 6788,user6788@example.com,City 9
User 6789,user6789@example.com,City 10
User 6790,user6790@example.com,City 1
User 6791,user6791@example.com,City 2
User 6792,user6792@example.com,City 3
User 6793,user6793@example.com,City 4
User 6794,user6794@example.com,City 5
User 6795,user6795@example.com,City 6
User 6796,user6796@example.com,City 7
User 6797,user6797@example.com,City 8
User 6798,user6798@example.com,City 9
User 6799,user6799@example.com,City 10
User 6800,user6800@example.com,City 1
User 6801,user6801@example.com,City 2
User 6802,user6802@example.com,City 3
User 6803,user6803@example.com,City 4
User 6804,user6804@example.com,City 5
User 6805,user6805@example.com,City 6
User 6806,user6806@example.com,City 7
User 6807,user6807@example.com,City 8
User 6808,user6808@example.com,City 9
User 6809,user6809@example.com,City 10
User 6810,user6810@example.com,City 1
User 6811,user6811@example.com,City 2
User 6812,user6812@example.com,City 3
User 6813,user6813@example.com,City 4
User 6814,user6814@example.com,City 5
User 6815,user6815@example.com,City 6
User 6816,user6816@example.com,City 7
User 6817,user6817@example.com,City 8
User 6818,user6818@example.com,City 9
User 6819,user6819@example.com,City 10
User 6820,user6820@example.com,City 1
User 6821,user6821@example.com,City 2
User 6822,user6822@example.com,City 3
User 6823,user6823@example.com,City 4
User 6824,user6824@example.com,City 5
User 6825,user6825@example.com,City 6
User 6826,user6826@example.com,City 7
User 6827,user6827@example.com,City 8
User 6828,user6828@example.com,City 9
User 6829,user6829@example.com,City 10
User 6830,user6830@example.com,City 1
User 6831,user6831@example.com,City 2
User 6832,user6832@example.com,City 3
User 6833,user6833@example.com,City 4
User 6834,user6834@example.com,City 5
User 6835,user6835@example.com,City 6
User 6836,user6836@example.com,City 7
User 6837,user6837@example.com,City 8
User 6838,user6838@example.com,City 9
User 6839,user6839@example.com,City 10
User 6840,user6840@example.com,City 1
User 6841,user6841@example.com,City 2
User 6842,user6842@example.com,City 3
User 6843,user6843@example.com,City 4
User 6844,user6844@example.com,City 5
User 6845,user6845@example.com,City 6
User 6846,user6846@example.com,City 7
User 6847,user6847@example.com,City 8
User 6848,user6848@example.com,City 9
User 6849,user6849@example.com,City 10
User 6850,user6850@example.com,City 1
User 6851,user6851@example.com,City 2
User 6852,user6852@example.com,City 3
User 6853,user6853@example.com,City 4
User 6854,user6854@example.com,City 5
User 6855,user6855@example.com,City 6
User 6856,user6856@example.com,City 7
User 6857,user6857@example.com,City 8
User 6858,user6858@example.com,City 9
User 6859,user6859@example.com,City 10
User 6860,user6860@example.com,City 1
User 6861,user6861@example.com,City 2
User 6862,user6862@example.com,City 3
User 6863,user6863@example.com,City 4
User 6864,user6864@example.com,City 5
User 6865,user6865@example.com,City 6
User 6866,user6866@example.com,City 7
User 6867,user6867@example.com,City 8
User 6868,user6868@example.com,City 9
User 6869,user6869@example.com,City 10
User 6870,user6870@example.com,City 1
User 6871,user6871@example.com,City 2
User 6872,user6872@example.com,City 3
User 6873,user6873@example.com,City 4
User 6874,user6874@example.com,City 5
User 6875,user6875@example.com,City 6
User 6876,user6876@example.com,City 7
User 6877,user6877@example.com,City 8
User 6878,user6878@example.com,City 9
User 6879,user6879@example.com,City 10
User 6880,user6880@example.com,City 1
User 6881,user6881@example.com,City 2
User 6882,user6882@example.com,City 3
User 6883,user6883@example.com,City 4
User 6884,user6884@example.com,City 5
User 6885,user6885@example.com,City 6
User 6886,user6886@example.com,City 7
User 6887,user6887@example.com,City 8
User 6888,user6888@example.com,City 9
User 6889,user6889@example.com,City 10
User 6890,user6890@example.com,City 1
User 6891,user6891@example.com,City 2
User 6892,user6892@example.com,City 3
User 6893,user6893@example.com,City 4
User 6894,user6894@example.com,City 5
User 6895,user6895@example.com,City 6
User 6896,user6896@example.com,City 7
User 6897,user6897@example.com,City 8
User 6898,user6898@example.com,City 9
User 6899,user6899@example.com,City 10
User 6900,user6900@example.com,City 1
User 6901,user6901@example.com,City 2
User 6902,user6902@example.com,City 3
User 6903,user6903@example.com,City 4
User 6904,user6904@example.com,City 5
User 6905,user6905@example.com,City 6
User 6906,user6906@example.com,City 7
User 6907,user6907@example.com,City 8
User 6908,user6908@example.com,City 9
User 6909,user6909@example.com,City 10
User 6910,user6910@example.com,City 1
User 6911,user6911@example.com,City 2
User 6912,user6912@example.com,City 3
User 6913,user6913@example.com,City 4
User 6914,user6914@example.com,City 5
User 6915,user6915@example.com,City 6
User 6916,user6916@example.com,City 7
User 6917,user6917@example.com,City 8
User 6918,user6918@example.com,City 9
User 6919,user6919@example.com,City 10
User 6920,user6920@example.com,City 1
User 6921,user6921@example.com,City 2
User 6922,user6922@example.com,City 3
User 6923,user6923@example.com,City 4
User 6924,user6924@example.com,City 5
User 6925,user6925@example.com,City 6
User 6926,user6926@example.com,City 7
User 6927,user6927@example.com,City 8
User 6928,user6928@example.com,City 9
User 6929,user6929@example.com,City 10
User 6930,user6930@example.com,City 1
User 6931,user6931@example.com,City 2
User 6932,user6932@example.com,City 3
User 6933,user6933@example.com,City 4
User 6934,user6934@example.com,City 5
User 6935,user6935@example.com,City 6
User 6936,user6936@example.com,City 7
User 6937,user6937@example.com,City 8
User 6938,user6938@example.com,City 9
User 6939,user6939@example.com,City 10
User 6940,user6940@example.com,City 1
User 6941,user6941@example.com,City 2
User 6942,user6942@example.com,City 3
User 6943,user6943@example.com,City 4
User 6944,user6944@example.com,City 5
User 6945,user6945@example.com,City 6
User 6946,user6946@example.com,City 7
User 6947,user6947@example.com,City 8
User 6948,user6948@example.com,City 9
User 6949,user6949@example.com,City 10
User 6950,user6950@example.com,City 1
User 6951,user6951@example.com,City 2
User 6952,user6952@example.com,City 3
User 6953,user6953@example.com,City 4
User 6954,user6954@example.com,City 5
User 6955,user6955@example.com,City 6
User 6956,user6956@example.com,City 7
User 6957,user6957@example.com,City 8
User 6958,user6958@example.com,City 9
User 6959,user6959@example.com,City 10
User 6960,user6960@example.com,City 1
User 6961,user6961@example.com,City 2
User 6962,user6962@example.com,City 3
User 6963,user6963@example.com,City 4
User 6964,user6964@example.com,City 5
User 6965,user6965@example.com,City 6
User 6966,user6966@example.com,City 7
User 6967,user6967@example.com,City 8
User 6968,user6968@example.com,City 9
User 6969,user6969@example.com,City 10
User 6970,user6970@example.com,City 1
User 6971,user6971@example.com,City 2
User 6972,user6972@example.com,City 3
User 6973,user6973@example.com,City 4
User 6974,user6974@example.com,City 5
User 6975,user6975@example.com,City 6
User 6976,user6976@example.com,City 7
User 6977,user6977@example.com,City 8
User 6978,user6978@example.com,City 9
User 6979,user6979@example.com,City 10
User 6980,user6980@example.com,City 1
User 6981,user6981@example.com,City 2
User 6982,user6982@example.com,City 3
User 6983,user6983@example.com,City 4
User 6984,user6984@example.com,City 5
User 6985,user6985@example.com,City 6
User 6986,user6986@example.com,City 7
User 6987,user6987@example.com,City 8
User 6988,user6988@example.com,City 9
User 6989,user6989@example.com,City 10
User 6990,user6990@example.com,City 1
User 6991,user6991@example.com,City 2
User 6992,user6992@example.com,City 3
User 6993,user6993@example.com,City 4
User 6994,user6994@example.com,City 5
User 6995,user6995@example.com,City 6
User 6996,user6996@example.com,City 7
User 6997,user6997@example.com,City 8
User 6998,user6998@example.com,City 9
User 6999,user6999@example.com,City 10
User 7000,user7000@example.com,City 1
User 7001,user7001@example.com,City 2
User 7002,user7002@example.com,City 3
User 7003,user7003@example.com,City 4
User 7004,user7004@example.com,City 5
User 7005,user7005@example.com,City 6
User 7006,user7006@example.com,City 7
User 7007,user7007@example.com,City 8
User 7008,user7008@example.com,City 9
User 7009,user7009@example.com,City 10
User 7010,user7010@example.com,City 1
User 7011,user7011@example.com,City 2
User 7012,user7012@example.com,City 3
User 7013,user7013@example.com,City 4
User 7014,user7014@example.com,City 5
User 7015,user7015@example.com,City 6
User 7016,user7016@example.com,City 7
User 7017,user7017@example.com,City 8
User 7018,user7018@example.com,City 9
User 7019,user7019@example.com,City 10
User 7020,user7020@example.com,City 1
User 7021,user7021@example.com,City 2
User 7022,user7022@example.com,City 3
User 7023,user7023@example.com,City 4
User 7024,user7024@example.com,City 5
User 7025,user7025@example.com,City 6
User 7026,user7026@example.com,City 7
User 7027,user7027@example.com,City 8
User 7028,user7028@example.com,City 9
User 7029,user7029@example.com,City 10
User 7030,user7030@example.com,City 1
User 7031,user7031@example.com,City 2
User 7032,user7032@example.com,City 3
User 7033,user7033@example.com,City 4
User 7034,user7034@example.com,City 5
User 7035,user7035@example.com,City 6
User 7036,user7036@example.com,City 7
User 7037,user7037@example.com,City 8
User 7038,user7038@example.com,City 9
User 7039,user7039@example.com,City 10
User 7040,user7040@example.com,City 1
User 7041,user7041@example.com,City 2
User 7042,user7042@example.com,City 3
User 7043,user7043@example.com,City 4
User 7044,user7044@example.com,City 5
User 7045,user7045@example.com,City 6
User 7046,user7046@example.com,City 7
User 7047,user7047@example.com,City 8
User 7048,user7048@example.com,City 9
User 7049,user7049@example.com,City 10
User 7050,user7050@example.com,City 1
User 7051,user7051@example.com,City 2
User 7052,user7052@example.com,City 3
User 7053,user7053@example.com,City 4
User 7054,user7054@example.com,City 5
User 7055,user7055@example.com,City 6
User 7056,user7056@example.com,City 7
User 7057,user7057@example.com,City 8
User 7058,user7058@example.com,City 9
User 7059,user7059@example.com,City 10
User 7060,user7060@example.com,City 1
User 7061,user7061@example.com,City 2
User 7062,user7062@example.com,City 3
User 7063,user7063@example.com,City 4
User 7064,user7064@example.com,City 5
User 7065,user7065@example.com,City 6
User 7066,user7066@example.com,City 7
User 7067,user7067@example.com,City 8
User 7068,user7068@example.com,City 9
User 7069,user7069@example.com,City 10
User 7070,user7070@example.com,City 1
User 7071,user7071@example.com,City 2
User 7072,user7072@example.com,City 3
User 7073,user7073@example.com,City 4
User 7074,user7074@example.com,City 5
User 7075,user7075@example.com,City 6
User 7076,user7076@example.com,City 7
User 7077,user7077@example.com,City 8
User 7078,user7078@example.com,City 9
User 7079,user7079@example.com,City 10
User 7080,user7080@example.com,City 1
User 7081,user7081@example.com,City 2
User 7082,user7082@example.com,City 3
User 7083,user7083@example.com,City 4
User 7084,user7084@example.com,City 5
User 7085,user7085@example.com,City 6
User 7086,user7086@example.com,City 7
User 7087,user7087@example.com,City 8
User 7088,user7088@example.com,City 9
User 7089,user7089@example.com,City 10
User 7090,user7090@example.com,City 1
User 7091,user7091@example.com,City 2
User 7092,user7092@example.com,City 3
User 7093,user7093@example.com,City 4
User 7094,user7094@example.com,City 5
User 7095,user7095@example.com,City 6
User 7096,user7096@example.com,City 7
User 7097,user7097@example.com,City 8
User 7098,user7098@example.com,City 9
User 7099,user7099@example.com,City 10
User 7100,user7100@example.com,City 1
User 7101,user7101@example.com,City 2
User 7102,user7102@example.com,City 3
User 7103,user7103@example.com,City 4
User 7104,user7104@example.com,City 5
User 7105,user7105@example.com,City 6
User 7106,user7106@example.com,City 7
User 7107,user7107@example.com,City 8
User 7108,user7108@example.com,City 9
User 7109,user7109@example.com,City 10
User 7110,user7110@example.com,City 1
User 7111,user7111@example.com,City 2
User 7112,user7112@example.com,City 3
User 7113,user7113@example.com,City 4
User 7114,user7114@example.com,City 5
User 7115,user7115@example.com,City 6
User 7116,user7116@example.com,City 7
User 7117,user7117@example.com,City 8
User 7118,user7118@example.com,City 9
User 7119,user7119@example.com,City 10
User 7120,user7120@example.com,City 1
User 7121,user7121@example.com,City 2
User 7122,user7122@example.com,City 3
User 7123,user7123@example.com,City 4
User 7124,user7124@example.com,City 5
User 7125,user7125@example.com,City 6
User 7126,user7126@example.com,City 7
User 7127,user7127@example.com,City 8
User 7128,user7128@example.com,City 9
User 7129,user7129@example.com,City 10
User 7130,user7130@example.com,City 1
User 7131,user7131@example.com,City 2
User 7132,user7132@example.com,City 3
User 7133,user7133@example.com,City 4
User 7134,user7134@example.com,City 5
User 7135,user7135@example.com,City 6
User 7136,user7136@example.com,City 7
User 7137,user7137@example.com,City 8
User 7138,user7138@example.com,City 9
User 7139,user7139@example.com,City 10
User 7140,user7140@example.com,City 1
User 7141,user7141@example.com,City 2
User 7142,user7142@example.com,City 3
User 7143,user7143@example.com,City 4
User 7144,user7144@example.com,City 5
User 7145,user7145@example.com,City 6
User 7146,user7146@example.com,City 7
User 7147,user7147@example.com,City 8
User 7148,user7148@example.com,City 9
User 7149,user7149@example.com,City 10
User 7150,user7150@example.com,City 1
User 7151,user7151@example.com,City 2
User 7152,user7152@example.com,City 3
User 7153,user7153@example.com,City 4
User 7154,user7154@example.com,City 5
User 7155,user7155@example.com,City 6
User 7156,user7156@example.com,City 7
User 7157,user7157@example.com,City 8
User 7158,user7158@example.com,City 9
User 7159,user7159@example.com,City 10
User 7160,user7160@example.com,City 1
User 7161,user7161@example.com,City 2
User 7162,user7162@example.com,City 3
User 7163,user7163@example.com,City 4
User 7164,user7164@example.com,City 5
User 7165,user7165@example.com,City 6
User 7166,user7166@example.com,City 7
User 7167,user7167@example.com,City 8
User 7168,user7168@example.com,City 9
User 7169,user7169@example.com,City 10
User 7170,user7170@example.com,City 1
User 7171,user7171@example.com,City 2
User 7172,user7172@example.com,City 3
User 7173,user7173@example.com,City 4
User 7174,user7174@example.com,City 5
User 7175,user7175@example.com,City 6
User 7176,user7176@example.com,City 7
User 7177,user7177@example.com,City 8
User 7178,user7178@example.com,City 9
User 7179,user7179@example.com,City 10
User 7180,user7180@example.com,City 1
User 7181,user7181@example.com,City 2
User 7182,user7182@example.com,City 3
User 7183,user7183@example.com,City 4
User 7184,user7184@example.com,City 5
User 7185,user7185@example.com,City 6
User 7186,user7186@example.com,City 7
User 7187,user7187@example.com,City 8
User 7188,user7188@example.com,City 9
User 7189,user7189@example.com,City 10
User 7190,user7190@example.com,City 1
User 7191,user7191@example.com,City 2
User 7192,user7192@example.com,City 3
User 7193,user7193@example.com,City 4
User 7194,user7194@example.com,City 5
User 7195,user7195@example.com,City 6
User 7196,user7196@example.com,City 7
User 7197,user7197@example.com,City 8
User 7198,user7198@example.com,City 9
User 7199,user7199@example.com,City 10
User 7200,user7200@example.com,City 1
User 7201,user7201@example.com,City 2
User 7202,user7202@example.com,City 3
User 7203,user7203@example.com,City 4
User 7204,user7204@example.com,City 5
User 7205,user7205@example.com,City 6
User 7206,user7206@example.com,City 7
User 7207,user7207@example.com,City 8
User 7208,user7208@example.com,City 9
User 7209,user7209@example.com,City 10
User 7210,user7210@example.com,City 1
User 7211,user7211@example.com,City 2
User 7212,user7212@example.com,City 3
User 7213,user7213@example.com,City 4
User 7214,user7214@example.com,City 5
User 7215,user7215@example.com,City 6
User 7216,user7216@example.com,City 7
User 7217,user7217@example.com,City 8
User 7218,user7218@example.com,City 9
User 7219,user7219@example.com,City 10
User 7220,user7220@example.com,City 1
User 7221,user7221@example.com,City 2
User 7222,user7222@example.com,City 3
User 7223,user7223@example.com,City 4
User 7224,user7224@example.com,City 5
User 7225,user7225@example.com,City 6
User 7226,user7226@example.com,City 7
User 7227,user7227@example.com,City 8
User 7228,user7228@example.com,City 9
User 7229,user7229@example.com,City 10
User 7230,user7230@example.com,City 1
User 7231,user7231@example.com,City 2
User 7232,user7232@example.com,City 3
User 7233,user7233@example.com,City 4
User 7234,user7234@example.com,City 5
User 7235,user7235@example.com,City 6
User 7236,user7236@example.com,City 7
User 7237,user7237@example.com,City 8
User 7238,user7238@example.com,City 9
User 7239,user7239@example.com,City 10
User 7240,user7240@example.com,City 1
User 7241,user7241@example.com,City 2
User 7242,user7242@example.com,City 3
User 7243,user7243@example.com,City 4
User 7244,user7244@example.com,City 5
User 7245,user7245@example.com,City 6
User 7246,user7246@example.com,City 7
User 7247,user7247@example.com,City 8
User 7248,user7248@example.com,City 9
User 7249,user7249@example.com,City 10
User 7250,user7250@example.com,City 1
User 7251,user7251@example.com,City 2
User 7252,user7252@example.com,City 3
User 7253,user7253@example.com,City 4
User 7254,user7254@example.com,City 5
User 7255,user7255@example.com,City 6
User 7256,user7256@example.com,City 7
User 7257,user7257@example.com,City 8
User 7258,user7258@example.com,City 9
User 7259,user7259@example.com,City 10
User 7260,user7260@example.com,City 1
User 7261,user7261@example.com,City 2
User 7262,user7262@example.com,City 3
User 7263,user7263@example.com,City 4
User 7264,user7264@example.com,City 5
User 7265,user7265@example.com,City 6
User 7266,user7266@example.com,City 7
User 7267,user7267@example.com,City 8
User 7268,user7268@example.com,City 9
User 7269,user7269@example.com,City 10
User 7270,user7270@example.com,City 1
User 7271,user7271@example.com,City 2
User 7272,user7272@example.com,City 3
User 7273,user7273@example.com,City 4
User 7274,user7274@example.com,City 5
User 7275,user7275@example.com,City 6
User 7276,user7276@example.com,City 7
User 7277,user7277@example.com,City 8
User 7278,user7278@example.com,City 9
User 7279,user7279@example.com,City 10
User 7280,user7280@example.com,City 1
User 7281,user7281@example.com,City 2
User 7282,user7282@example.com,City 3
User 7283,user7283@example.com,City 4
User 7284,user7284@example.com,City 5
User 7285,user7285@example.com,City 6
User 7286,user7286@example.com,City 7
User 7287,user7287@example.com,City 8
User 7288,user7288@example.com,City 9
User 7289,user7289@example.com,City 10
User 7290,user7290@example.com,City 1
User 7291,user7291@example.com,City 2
User 7292,user7292@example.com,City 3
User 7293,user7293@example.com,City 4
User 7294,user7294@example.com,City 5
User 7295,user7295@example.com,City 6
User 7296,user7296@example.com,City 7
User 7297,user7297@example.com,City 8
User 7298,user7298@example.com,City 9
User 7299,user7299@example.com,City 10
User 7300,user7300@example.com,City 1
User 7301,user7301@example.com,City 2
User 7302,user7302@example.com,City 3
User 7303,user7303@example.com,City 4
User 7304,user7304@example.com,City 5
User 7305,user7305@example.com,City 6
User 7306,user7306@example.com,City 7
User 7307,user7307@example.com,City 8
User 7308,user7308@example.com,City 9
User 7309,user7309@example.com,City 10
User 7310,user7310@example.com,City 1
User 7311,user7311@example.com,City 2
User 7312,user7312@example.com,City 3
User 7313,user7313@example.com,City 4
User 7314,user7314@example.com,City 5
User 7315,user7315@example.com,City 6
User 7316,user7316@example.com,City 7
User 7317,user7317@example.com,City 8
User 7318,user7318@example.com,City 9
User 7319,user7319@example.com,City 10
User 7320,user7320@example.com,City 1
User 7321,user7321@example.com,City 2
User 7322,user7322@example.com,City 3
User 7323,user7323@example.com,City 4
User 7324,user7324@example.com,City 5
User 7325,user7325@example.com,City 6
User 7326,user7326@example.com,City 7
User 7327,user7327@example.com,City 8
User 7328,user7328@example.com,City 9
User 7329,user7329@example.com,City 10
User 7330,user7330@example.com,City 1
User 7331,user7331@example.com,City 2
User 7332,user7332@example.com,City 3
User 7333,user7333@example.com,City 4
User 7334,user7334@example.com,City 5
User 7335,user7335@example.com,City 6
User 7336,user7336@example.com,City 7
User 7337,user7337@example.com,City 8
User 7338,user7338@example.com,City 9
User 7339,user7339@example.com,City 10
User 7340,user7340@example.com,City 1
User 7341,user7341@example.com,City 2
User 7342,user7342@example.com,City 3
User 7343,user7343@example.com,City 4
User 7344,user7344@example.com,City 5
User 7345,user7345@example.com,City 6
User 7346,user7346@example.com,City 7
User 7347,user7347@example.com,City 8
User 7348,user7348@example.com,City 9
User 7349,user7349@example.com,City 10
User 7350,user7350@example.com,City 1
User 7351,user7351@example.com,City 2
User 7352,user7352@example.com,City 3
User 7353,user7353@example.com,City 4
User 7354,user7354@example.com,City 5
User 7355,user7355@example.com,City 6
User 7356,user7356@example.com,City 7
User 7357,user7357@example.com,City 8
User 7358,user7358@example.com,City 9
User 7359,user7359@example.com,City 10
User 7360,user7360@example.com,City 1
User 7361,user7361@example.com,City 2
User 7362,user7362@example.com,City 3
User 7363,user7363@example.com,City 4
User 7364,user7364@example.com,City 5
User 7365,user7365@example.com,City 6
User 7366,user7366@example.com,City 7
User 7367,user7367@example.com,City 8
User 7368,user7368@example.com,City 9
User 7369,user7369@example.com,City 10
User 7370,user7370@example.com,City 1
User 7371,user7371@example.com,City 2
User 7372,user7372@example.com,City 3
User 7373,user7373@example.com,City 4
User 7374,user7374@example.com,City 5
User 7375,user7375@example.com,City 6
User 7376,user7376@example.com,City 7
User 7377,user7377@example.com,City 8
User 7378,user7378@example.com,City 9
User 7379,user7379@example.com,City 10
User 7380,user7380@example.com,City 1
User 7381,user7381@example.com,City 2
User 7382,user7382@example.com,City 3
User 7383,user7383@example.com,City 4
User 7384,user7384@example.com,City 5
User 7385,user7385@example.com,City 6
User 7386,user7386@example.com,City 7
User 7387,user7387@example.com,City 8
User 7388,user7388@example.com,City 9
User 7389,user7389@example.com,City 10
User 7390,user7390@example.com,City 1
User 7391,user7391@example.com,City 2
User 7392,user7392@example.com,City 3
User 7393,user7393@example.com,City 4
User 7394,user7394@example.com,City 5
User 7395,user7395@example.com,City 6
User 7396,user7396@example.com,City 7
User 7397,user7397@example.com,City 8
User 7398,user7398@example.com,City 9
User 7399,user7399@example.com,City 10
User 7400,user7400@example.com,City 1
User 7401,user7401@example.com,City 2
User 7402,user7402@example.com,City 3
User 7403,user7403@example.com,City 4
User 7404,user7404@example.com,City 5
User 7405,user7405@example.com,City 6
User 7406,user7406@example.com,City 7
User 7407,user7407@example.com,City 8
User 7408,user7408@example.com,City 9
User 7409,user7409@example.com,City 10
User 7410,user7410@example.com,City 1
User 7411,user7411@example.com,City 2
User 7412,user7412@example.com,City 3
User 7413,user7413@example.com,City 4
User 7414,user7414@example.com,City 5
User 7415,user7415@example.com,City 6
User 7416,user7416@example.com,City 7
User 7417,user7417@example.com,City 8
User 7418,user7418@example.com,City 9
User 7419,user7419@example.com,City 10
User 7420,user7420@example.com,City 1
User 7421,user7421@example.com,City 2
User 7422,user7422@example.com,City 3
User 7423,user7423@example.com,City 4
User 7424,user7424@example.com,City 5
User 7425,user7425@example.com,City 6
User 7426,user7426@example.com,City 7
User 7427,user7427@example.com,City 8
User 7428,user7428@example.com,City 9
User 7429,user7429@example.com,City 10
User 7430,user7430@example.com,City 1
User 7431,user7431@example.com,City 2
User 7432,user7432@example.com,City 3
User 7433,user7433@example.com,City 4
User 7434,user7434@example.com,City 5
User 7435,user7435@example.com,City 6
User 7436,user7436@example.com,City 7
User 7437,user7437@example.com,City 8
User 7438,user7438@example.com,City 9
User 7439,user7439@example.com,City 10
User 7440,user7440@example.com,City 1
User 7441,user7441@example.com,City 2
User 7442,user7442@example.com,City 3
User 7443,user7443@example.com,City 4
User 7444,user7444@example.com,City 5
User 7445,user7445@example.com,City 6
User 7446,user7446@example.com,City 7
User 7447,user7447@example.com,City 8
User 7448,user7448@example.com,City 9
User 7449,user7449@example.com,City 10
User 7450,user7450@example.com,City 1
User 7451,user7451@example.com,City 2
User 7452,user7452@example.com,City 3
User 7453,user7453@example.com,City 4
User 7454,user7454@example.com,City 5
User 7455,user7455@example.com,City 6
User 7456,user7456@example.com,City 7
User 7457,user7457@example.com,City 8
User 7458,user7458@example.com,City 9
User 7459,user7459@example.com,City 10
User 7460,user7460@example.com,City 1
User 7461,user7461@example.com,City 2
User 7462,user7462@example.com,City 3
User 7463,user7463@example.com,City 4
User 7464,user7464@example.com,City 5
User 7465,user7465@example.com,City 6
User 7466,user7466@example.com,City 7
User 7467,user7467@example.com,City 8
User 7468,user7468@example.com,City 9
User 7469,user7469@example.com,City 10
User 7470,user7470@example.com,City 1
User 7471,user7471@example.com,City 2
User 7472,user7472@example.com,City 3
User 7473,user7473@example.com,City 4
User 7474,user7474@example.com,City 5
User 7475,user7475@example.com,City 6
User 7476,user7476@example.com,City 7
User 7477,user7477@example.com,City 8
User 7478,user7478@example.com,City 9
User 7479,user7479@example.com,City 10
User 7480,user7480@example.com,City 1
User 7481,user7481@example.com,City 2
User 7482,user7482@example.com,City 3
User 7483,user7483@example.com,City 4
User 7484,user7484@example.com,City 5
User 7485,user7485@example.com,City 6
User 7486,user7486@example.com,City 7
User 7487,user7487@example.com,City 8
User 7488,user7488@example.com,City 9
User 7489,user7489@example.com,City 10
User 7490,user7490@example.com,City 1
User 7491,user7491@example.com,City 2
User 7492,user7492@example.com,City 3
User 7493,user7493@example.com,City 4
User 7494,user7494@example.com,City 5
User 7495,user7495@example.com,City 6
User 7496,user7496@example.com,City 7
User 7497,user7497@example.com,City 8
User 7498,user7498@example.com,City 9
User 7499,user7499@example.com,City 10
User 7500,user7500@example.com,City 1
User 7501,user7501@example.com,City 2
User 7502,user7502@example.com,City 3
User 7503,user7503@example.com,City 4
User 7504,user7504@example.com,City 5
User 7505,user7505@example.com,City 6
User 7506,user7506@example.com,City 7
User 7507,user7507@example.com,City 8
User 7508,user7508@example.com,City 9
User 7509,user7509@example.com,City 10
User 7510,user7510@example.com,City 1
User 7511,user7511@example.com,City 2
User 7512,user7512@example.com,City 3
User 7513,user7513@example.com,City 4
User 7514,user7514@example.com,City 5
User 7515,user7515@example.com,City 6
User 7516,user7516@example.com,City 7
User 7517,user7517@example.com,City 8
User 7518,user7518@example.com,City 9
User 7519,user7519@example.com,City 10
User 7520,user7520@example.com,City 1
User 7521,user7521@example.com,City 2
User 7522,user7522@example.com,City 3
User 7523,user7523@example.com,City 4
User 7524,user7524@example.com,City 5
User 7525,user7525@example.com,City 6
User 7526,user7526@example.com,City 7
User 7527,user7527@example.com,City 8
User 7528,user7528@example.com,City 9
User 7529,user7529@example.com,City 10
User 7530,user7530@example.com,City 1
User 7531,user7531@example.com,City 2
User 7532,user7532@example.com,City 3
User 7533,user7533@example.com,City 4
User 7534,user7534@example.com,City 5
User 7535,user7535@example.com,City 6
User 7536,user7536@example.com,City 7
User 7537,user7537@example.com,City 8
User 7538,user7538@example.com,City 9
User 7539,user7539@example.com,City 10
User 7540,user7540@example.com,City 1
User 7541,user7541@example.com,City 2
User 7542,user7542@example.com,City 3
User 7543,user7543@example.com,City 4
User 7544,user7544@example.com,City 5
User 7545,user7545@example.com,City 6
User 7546,user7546@example.com,City 7
User 7547,user7547@example.com,City 8
User 7548,user7548@example.com,City 9
User 7549,user7549@example.com,City 10
User 7550,user7550@example.com,City 1
User 7551,user7551@example.com,City 2
User 7552,user7552@example.com,City 3
User 7553,user7553@example.com,City 4
User 7554,user7554@example.com,City 5
User 7555,user7555@example.com,City 6
User 7556,user7556@example.com,City 7
User 7557,user7557@example.com,City 8
User 7558,user7558@example.com,City 9
User 7559,user7559@example.com,City 10
User 7560,user7560@example.com,City 1
User 7561,user7561@example.com,City 2
User 7562,user7562@example.com,City 3
User 7563,user7563@example.com,City 4
User 7564,user7564@example.com,City 5
User 7565,user7565@example.com,City 6
User 7566,user7566@example.com,City 7
User 7567,user7567@example.com,City 8
User 7568,user7568@example.com,City 9
User 7569,user7569@example.com,City 10
User 7570,user7570@example.com,City 1
User 7571,user7571@example.com,City 2
User 7572,user7572@example.com,City 3
User 7573,user7573@example.com,City 4
User 7574,user7574@example.com,City 5
User 7575,user7575@example.com,City 6
User 7576,user7576@example.com,City 7
User 7577,user7577@example.com,City 8
User 7578,user7578@example.com,City 9
User 7579,user7579@example.com,City 10
User 7580,user7580@example.com,City 1
User 7581,user7581@example.com,City 2
User 7582,user7582@example.com,City 3
User 7583,user7583@example.com,City 4
User 7584,user7584@example.com,City 5
User 7585,user7585@example.com,City 6
User 7586,user7586@example.com,City 7
User 7587,user7587@example.com,City 8
User 7588,user7588@example.com,City 9
User 7589,user7589@example.com,City 10
User 7590,user7590@example.com,City 1
User 7591,user7591@example.com,City 2
User 7592,user7592@example.com,City 3
User 7593,user7593@example.com,City 4
User 7594,user7594@example.com,City 5
User 7595,user7595@example.com,City 6
User 7596,user7596@example.com,City 7
User 7597,user7597@example.com,City 8
User 7598,user7598@example.com,City 9
User 7599,user7599@example.com,City 10
User 7600,user7600@example.com,City 1
User 7601,user7601@example.com,City 2
User 7602,user7602@example.com,City 3
User 7603,user7603@example.com,City 4
User 7604,user7604@example.com,City 5
User 7605,user7605@example.com,City 6
User 7606,user7606@example.com,City 7
User 7607,user7607@example.com,City 8
User 7608,user7608@example.com,City 9
User 7609,user7609@example.com,City 10
User 7610,user7610@example.com,City 1
User 7611,user7611@example.com,City 2
User 7612,user7612@example.com,City 3
User 7613,user7613@example.com,City 4
User 7614,user7614@example.com,City 5
User 7615,user7615@example.com,City 6
User 7616,user7616@example.com,City 7
User 7617,user7617@example.com,City 8
User 7618,user7618@example.com,City 9
User 7619,user7619@example.com,City 10
User 7620,user7620@example.com,City 1
User 7621,user7621@example.com,City 2
User 7622,user7622@example.com,City 3
User 7623,user7623@example.com,City 4
User 7624,user7624@example.com,City 5
User 7625,user7625@example.com,City 6
User 7626,user7626@example.com,City 7
User 7627,user7627@example.com,City 8
User 7628,user7628@example.com,City 9
User 7629,user7629@example.com,City 10
User 7630,user7630@example.com,City 1
User 7631,user7631@example.com,City 2
User 7632,user7632@example.com,City 3
User 7633,user7633@example.com,City 4
User 7634,user7634@example.com,City 5
User 7635,user7635@example.com,City 6
User 7636,user7636@example.com,City 7
User 7637,user7637@example.com,City 8
User 7638,user7638@example.com,City 9
User 7639,user7639@example.com,City 10
User 7640,user7640@example.com,City 1
User 7641,user7641@example.com,City 2
User 7642,user7642@example.com,City 3
User 7643,user7643@example.com,City 4
User 7644,user7644@example.com,City 5
User 7645,user7645@example.com,City 6
User 7646,user7646@example.com,City 7
User 7647,user7647@example.com,City 8
User 7648,user7648@example.com,City 9
User 7649,user7649@example.com,City 10
User 7650,user7650@example.com,City 1
User 7651,user7651@example.com,City 2
User 7652,user7652@example.com,City 3
User 7653,user7653@example.com,City 4
User 7654,user7654@example.com,City 5
User 7655,user7655@example.com,City 6
User 7656,user7656@example.com,City 7
User 7657,user7657@example.com,City 8
User 7658,user7658@example.com,City 9
User 7659,user7659@example.com,City 10
User 7660,user7660@example.com,City 1
User 7661,user7661@example.com,City 2
User 7662,user7662@example.com,City 3
User 7663,user7663@example.com,City 4
User 7664,user7664@example.com,City 5
User 7665,user7665@example.com,City 6
User 7666,user7666@example.com,City 7
User 7667,user7667@example.com,City 8
User 7668,user7668@example.com,City 9
User 7669,user7669@example.com,City 10
User 7670,user7670@example.com,City 1
User 7671,user7671@example.com,City 2
User 7672,user7672@example.com,City 3
User 7673,user7673@example.com,City 4
User 7674,user7674@example.com,City 5
User 7675,user7675@example.com,City 6
User 7676,user7676@example.com,City 7
User 7677,user7677@example.com,City 8
User 7678,user7678@example.com,City 9
User 7679,user7679@example.com,City 10
User 7680,user7680@example.com,City 1
User 7681,user7681@example.com,City 2
User 7682,user7682@example.com,City 3
User 7683,user7683@example.com,City 4
User 7684,user7684@example.com,City 5
User 7685,user7685@example.com,City 6
User 7686,user7686@example.com,City 7
User 7687,user7687@example.com,City 8
User 7688,user7688@example.com,City 9
User 7689,user7689@example.com,City 10
User 7690,user7690@example.com,City 1
User 7691,user7691@example.com,City 2
User 7692,user7692@example.com,City 3
User 7693,user7693@example.com,City 4
User 7694,user7694@example.com,City 5
User 7695,user7695@example.com,City 6
User 7696,user7696@example.com,City 7
User 7697,user7697@example.com,City 8
User 7698,user7698@example.com,City 9
User 7699,user7699@example.com,City 10
User 7700,user7700@example.com,City 1
User 7701,user7701@example.com,City 2
User 7702,user7702@example.com,City 3
User 7703,user7703@example.com,City 4
User 7704,user7704@example.com,City 5
User 7705,user7705@example.com,City 6
User 7706,user7706@example.com,City 7
User 7707,user7707@example.com,City 8
User 7708,user7708@example.com,City 9
User 7709,user7709@example.com,City 10
User 7710,user7710@example.com,City 1
User 7711,user7711@example.com,City 2
User 7712,user7712@example.com,City 3
User 7713,user7713@example.com,City 4
User 7714,user7714@example.com,City 5
User 7715,user7715@example.com,City 6
User 7716,user7716@example.com,City 7
User 7717,user7717@example.com,City 8
User 7718,user7718@example.com,City 9
User 7719,user7719@example.com,City 10
User 7720,user7720@example.com,City 1
User 7721,user7721@example.com,City 2
User 7722,user7722@example.com,City 3
User 7723,user7723@example.com,City 4
User 7724,user7724@example.com,City 5
User 7725,user7725@example.com,City 6
User 7726,user7726@example.com,City 7
User 7727,user7727@example.com,City 8
User 7728,user7728@example.com,City 9
User 7729,user7729@example.com,City 10
User 7730,user7730@example.com,City 1
User 7731,user7731@example.com,City 2
User 7732,user7732@example.com,City 3
User 7733,user7733@example.com,City 4
User 7734,user7734@example.com,City 5
User 7735,user7735@example.com,City 6
User 7736,user7736@example.com,City 7
User 7737,user7737@example.com,City 8
User 7738,user7738@example.com,City 9
User 7739,user7739@example.com,City 10
User 7740,user7740@example.com,City 1
User 7741,user7741@example.com,City 2
User 7742,user7742@example.com,City 3
User 7743,user7743@example.com,City 4
User 7744,user7744@example.com,City 5
User 7745,user7745@example.com,City 6
User 7746,user7746@example.com,City 7
User 7747,user7747@example.com,City 8
User 7748,user7748@example.com,City 9
User 7749,user7749@example.com,City 10
User 7750,user7750@example.com,City 1
User 7751,user7751@example.com,City 2
User 7752,user7752@example.com,City 3
User 7753,user7753@example.com,City 4
User 7754,user7754@example.com,City 5
User 7755,user7755@example.com,City 6
User 7756,user7756@example.com,City 7
User 7757,user7757@example.com,City 8
User 7758,user7758@example.com,City 9
User 7759,user7759@example.com,City 10
User 7760,user7760@example.com,City 1
User 7761,user7761@example.com,City 2
User 7762,user7762@example.com,City 3
User 7763,user7763@example.com,City 4
User 7764,user7764@example.com,City 5
User 7765,user7765@example.com,City 6
User 7766,user7766@example.com,City 7
User 7767,user7767@example.com,City 8
User 7768,user7768@example.com,City 9
User 7769,user7769@example.com,City 10
User 7770,user7770@example.com,City 1
User 7771,user7771@example.com,City 2
User 7772,user7772@example.com,City 3
User 7773,user7773@example.com,City 4
User 7774,user7774@example.com,City 5
User 7775,user7775@example.com,City 6
User 7776,user7776@example.com,City 7
User 7777,user7777@example.com,City 8
User 7778,user7778@example.com,City 9
User 7779,user7779@example.com,City 10
User 7780,user7780@example.com,City 1
User 7781,user7781@example.com,City 2
User 7782,user7782@example.com,City 3
User 7783,user7783@example.com,City 4
User 7784,user7784@example.com,City 5
User 7785,user7785@example.com,City 6
User 7786,user7786@example.com,City 7
User 7787,user7787@example.com,City 8
User 7788,user7788@example.com,City 9
User 7789,user7789@example.com,City 10
User 7790,user7790@example.com,City 1
User 7791,user7791@example.com,City 2
User 7792,user7792@example.com,City 3
User 7793,user7793@example.com,City 4
User 7794,user7794@example.com,City 5
User 7795,user7795@example.com,City 6
User 7796,user7796@example.com,City 7
User 7797,user7797@example.com,City 8
User 7798,user7798@example.com,City 9
User 7799,user7799@example.com,City 10
User 7800,user7800@example.com,City 1
User 7801,user7801@example.com,City 2
User 7802,user7802@example.com,City 3
User 7803,user7803@example.com,City 4
User 7804,user7804@example.com,City 5
User 7805,user7805@example.com,City 6
User 7806,user7806@example.com,City 7
User 7807,user7807@example.com,City 8
User 7808,user7808@example.com,City 9
User 7809,user7809@example.com,City 10
User 7810,user7810@example.com,City 1
User 7811,user7811@example.com,City 2
User 7812,user7812@example.com,City 3
User 7813,user7813@example.com,City 4
User 7814,user7814@example.com,City 5
User 7815,user7815@example.com,City 6
User 7816,user7816@example.com,City 7
User 7817,user7817@example.com,City 8
User 7818,user7818@example.com,City 9
User 7819,user7819@example.com,City 10
User 7820,user7820@example.com,City 1
User 7821,user7821@example.com,City 2
User 7822,user7822@example.com,City 3
User 7823,user7823@example.com,City 4
User 7824,user7824@example.com,City 5
User 7825,user7825@example.com,City 6
User 7826,user7826@example.com,City 7
User 7827,user7827@example.com,City 8
User 7828,user7828@example.com,City 9
User 7829,user7829@example.com,City 10
User 7830,user7830@example.com,City 1
User 7831,user7831@example.com,City 2
User 7832,user7832@example.com,City 3
User 7833,user7833@example.com,City 4
User 7834,user7834@example.com,City 5
User 7835,user7835@example.com,City 6
User 7836,user7836@example.com,City 7
User 7837,user7837@example.com,City 8
User 7838,user7838@example.com,City 9
User 7839,user7839@example.com,City 10
User 7840,user7840@example.com,City 1
User 7841,user7841@example.com,City 2
User 7842,user7842@example.com,City 3
User 7843,user7843@example.com,City 4
User 7844,user7844@example.com,City 5
User 7845,user7845@example.com,City 6
User 7846,user7846@example.com,City 7
User 7847,user7847@example.com,City 8
User 7848,user7848@example.com,City 9
User 7849,user7849@example.com,City 10
User 7850,user7850@example.com,City 1
User 7851,user7851@example.com,City 2
User 7852,user7852@example.com,City 3
User 7853,user7853@example.com,City 4
User 7854,user7854@example.com,City 5
User 7855,user7855@example.com,City 6
User 7856,user7856@example.com,City 7
User 7857,user7857@example.com,City 8
User 7858,user7858@example.com,City 9
User 7859,user7859@example.com,City 10
User 7860,user7860@example.com,City 1
User 7861,user7861@example.com,City 2
User 7862,user7862@example.com,City 3
User 7863,user7863@example.com,City 4
User 7864,user7864@example.com,City 5
User 7865,user7865@example.com,City 6
User 7866,user7866@example.com,City 7
User 7867,user7867@example.com,City 8
User 7868,user7868@example.com,City 9
User 7869,user7869@example.com,City 10
User 7870,user7870@example.com,City 1
User 7871,user7871@example.com,City 2
User 7872,user7872@example.com,City 3
User 7873,user7873@example.com,City 4
User 7874,user7874@example.com,City 5
User 7875,user7875@example.com,City 6
User 7876,user7876@example.com,City 7
User 7877,user7877@example.com,City 8
User 7878,user7878@example.com,City 9
User 7879,user7879@example.com,City 10
User 7880,user7880@example.com,City 1
User 7881,user7881@example.com,City 2
User 7882,user7882@example.com,City 3
User 7883,user7883@example.com,City 4
User 7884,user7884@example.com,City 5
User 7885,user7885@example.com,City 6
User 7886,user7886@example.com,City 7
User 7887,user7887@example.com,City 8
User 7888,user7888@example.com,City 9
User 7889,user7889@example.com,City 10
User 7890,user7890@example.com,City 1
User 7891,user7891@example.com,City 2
User 7892,user7892@example.com,City 3
User 7893,user7893@example.com,City 4
User 7894,user7894@example.com,City 5
User 7895,user7895@example.com,City 6
User 7896,user7896@example.com,City 7
User 7897,user7897@example.com,City 8
User 7898,user7898@example.com,City 9
User 7899,user7899@example.com,City 10
User 7900,user7900@example.com,City 1
User 7901,user7901@example.com,City 2
User 7902,user7902@example.com,City 3
User 7903,user7903@example.com,City 4
User 7904,user7904@example.com,City 5
User 7905,user7905@example.com,City 6
User 7906,user7906@example.com,City 7
User 7907,user7907@example.com,City 8
User 7908,user7908@example.com,City 9
User 7909,user7909@example.com,City 10
User 7910,user7910@example.com,City 1
User 7911,user7911@example.com,City 2
User 7912,user7912@example.com,City 3
User 7913,user7913@example.com,City 4
User 7914,user7914@example.com,City 5
User 7915,user7915@example.com,City 6
User 7916,user7916@example.com,City 7
User 7917,user7917@example.com,City 8
User 7918,user7918@example.com,City 9
User 7919,user7919@example.com,City 10
User 7920,user7920@example.com,City 1
User 7921,user7921@example.com,City 2
User 7922,user7922@example.com,City 3
User 7923,user7923@example.com,City 4
User 7924,user7924@example.com,City 5
User 7925,user7925@example.com,City 6
User 7926,user7926@example.com,City 7
User 7927,user7927@example.com,City 8
User 7928,user7928@example.com,City 9
User 7929,user7929@example.com,City 10
User 7930,user7930@example.com,City 1
User 7931,user7931@example.com,City 2
User 7932,user7932@example.com,City 3
User 7933,user7933@example.com,City 4
User 7934,user7934@example.com,City 5
User 7935,user7935@example.com,City 6
User 7936,user7936@example.com,City 7
User 7937,user7937@example.com,City 8
User 7938,user7938@example.com,City 9
User 7939,user7939@example.com,City 10
User 7940,user7940@example.com,City 1
User 7941,user7941@example.com,City 2
User 7942,user7942@example.com,City 3
User 7943,user7943@example.com,City 4
User 7944,user7944@example.com,City 5
User 7945,user7945@example.com,City 6
User 7946,user7946@example.com,City 7
User 7947,user7947@example.com,City 8
User 7948,user7948@example.com,City 9
User 7949,user7949@example.com,City 10
User 7950,user7950@example.com,City 1
User 7951,user7951@example.com,City 2
User 7952,user7952@example.com,City 3
User 7953,user7953@example.com,City 4
User 7954,user7954@example.com,City 5
User 7955,user7955@example.com,City 6
User 7956,user7956@example.com,City 7
User 7957,user7957@example.com,City 8
User 7958,user7958@example.com,City 9
User 7959,user7959@example.com,City 10
User 7960,user7960@example.com,City 1
User 7961,user7961@example.com,City 2
User 7962,user7962@example.com,City 3
User 7963,user7963@example.com,City 4
User 7964,user7964@example.com,City 5
User 7965,user7965@example.com,City 6
User 7966,user7966@example.com,City 7
User 7967,user7967@example.com,City 8
User 7968,user7968@example.com,City 9
User 7969,user7969@example.com,City 10
User 7970,user7970@example.com,City 1
User 7971,user7971@example.com,City 2
User 7972,user7972@example.com,City 3
User 7973,user7973@example.com,City 4
User 7974,user7974@example.com,City 5
User 7975,user7975@example.com,City 6
User 7976,user7976@example.com,City 7
User 7977,user7977@example.com,City 8
User 7978,user7978@example.com,City 9
User 7979,user7979@example.com,City 10
User 7980,user7980@example.com,City 1
User 7981,user7981@example.com,City 2
User 7982,user7982@example.com,City 3
User 7983,user7983@example.com,City 4
User 7984,user7984@example.com,City 5
User 7985,user7985@example.com,City 6
User 7986,user7986@example.com,City 7
User 7987,user7987@example.com,City 8
User 7988,user7988@example.com,City 9
User 7989,user7989@example.com,City 10
User 7990,user7990@example.com,City 1
User 7991,user7991@example.com,City 2
User 7992,user7992@example.com,City 3
User 7993,user7993@example.com,City 4
User 7994,user7994@example.com,City 5
User 7995,user7995@example.com,City 6
User 7996,user7996@example.com,City 7
User 7997,user7997@example.com,City 8
User 7998,user7998@example.com,City 9
User 7999,user7999@example.com,City 10
User 8000,user8000@example.com,City 1
User 8001,user8001@example.com,City 2
User 8002,user8002@example.com,City 3
User 8003,user8003@example.com,City 4
User 8004,user8004@example.com,City 5
User 8005,user8005@example.com,City 6
User 8006,user8006@example.com,City 7
User 8007,user8007@example.com,City 8
User 8008,user8008@example.com,City 9
User 8009,user8009@example.com,City 10
User 8010,user8010@example.com,City 1
User 8011,user8011@example.com,City 2
User 8012,user8012@example.com,City 3
User 8013,user8013@example.com,City 4
User 8014,user8014@example.com,City 5
User 8015,user8015@example.com,City 6
User 8016,user8016@example.com,City 7
User 8017,user8017@example.com,City 8
User 8018,user8018@example.com,City 9
User 8019,user8019@example.com,City 10
User 8020,user8020@example.com,City 1
User 8021,user8021@example.com,City 2
User 8022,user8022@example.com,City 3
User 8023,user8023@example.com,City 4
User 8024,user8024@example.com,City 5
User 8025,user8025@example.com,City 6
User 8026,user8026@example.com,City 7
User 8027,user8027@example.com,City 8
User 8028,user8028@example.com,City 9
User 8029,user8029@example.com,City 10
User 8030,user8030@example.com,City 1
User 8031,user8031@example.com,City 2
User 8032,user8032@example.com,City 3
User 8033,user8033@example.com,City 4
User 8034,user8034@example.com,City 5
User 8035,user8035@example.com,City 6
User 8036,user8036@example.com,City 7
User 8037,user8037@example.com,City 8
User 8038,user8038@example.com,City 9
User 8039,user8039@example.com,City 10
User 8040,user8040@example.com,City 1
User 8041,user8041@example.com,City 2
User 8042,user8042@example.com,City 3
User 8043,user8043@example.com,City 4
User 8044,user8044@example.com,City 5
User 8045,user8045@example.com,City 6
User 8046,user8046@example.com,City 7
User 8047,user8047@example.com,City 8
User 8048,user8048@example.com,City 9
User 8049,user8049@example.com,City 10
User 8050,user8050@example.com,City 1
User 8051,user8051@example.com,City 2
User 8052,user8052@example.com,City 3
User 8053,user8053@example.com,City 4
User 8054,user8054@example.com,City 5
User 8055,user8055@example.com,City 6
User 8056,user8056@example.com,City 7
User 8057,user8057@example.com,City 8
User 8058,user8058@example.com,City 9
User 8059,user8059@example.com,City 10
User 8060,user8060@example.com,City 1
User 8061,user8061@example.com,City 2
User 8062,user8062@example.com,City 3
User 8063,user8063@example.com,City 4
User 8064,user8064@example.com,City 5
User 8065,user8065@example.com,City 6
User 8066,user8066@example.com,City 7
User 8067,user8067@example.com,City 8
User 8068,user8068@example.com,City 9
User 8069,user8069@example.com,City 10
User 8070,user8070@example.com,City 1
User 8071,user8071@example.com,City 2
User 8072,user8072@example.com,City 3
User 8073,user8073@example.com,City 4
User 8074,user8074@example.com,City 5
User 8075,user8075@example.com,City 6
User 8076,user8076@example.com,City 7
User 8077,user8077@example.com,City 8
User 8078,user8078@example.com,City 9
User 8079,user8079@example.com,City 10
User 8080,user8080@example.com,City 1
User 8081,user8081@example.com,City 2
User 8082,user8082@example.com,City 3
User 8083,user8083@example.com,City 4
User 8084,user8084@example.com,City 5
User 8085,user8085@example.com,City 6
User 8086,user8086@example.com,City 7
User 8087,user8087@example.com,City 8
User 8088,user8088@example.com,City 9
User 8089,user8089@example.com,City 10
User 8090,user8090@example.com,City 1
User 8091,user8091@example.com,City 2
User 8092,user8092@example.com,City 3
User 8093,user8093@example.com,City 4
User 8094,user8094@example.com,City 5
User 8095,user8095@example.com,City 6
User 8096,user8096@example.com,City 7
User 8097,user8097@example.com,City 8
User 8098,user8098@example.com,City 9
User 8099,user8099@example.com,City 10
User 8100,user8100@example.com,City 1
User 8101,user8101@example.com,City 2
User 8102,user8102@example.com,City 3
User 8103,user8103@example.com,City 4
User 8104,user8104@example.com,City 5
User 8105,user8105@example.com,City 6
User 8106,user8106@example.com,City 7
User 8107,user8107@example.com,City 8
User 8108,user8108@example.com,City 9
User 8109,user8109@example.com,City 10
User 8110,user8110@example.com,City 1
User 8111,user8111@example.com,City 2
User 8112,user8112@example.com,City 3
User 8113,user8113@example.com,City 4
User 8114,user8114@example.com,City 5
User 8115,user8115@example.com,City 6
User 8116,user8116@example.com,City 7
User 8117,user8117@example.com,City 8
User 8118,user8118@example.com,City 9
User 8119,user8119@example.com,City 10
User 8120,user8120@example.com,City 1
User 8121,user8121@example.com,City 2
User 8122,user8122@example.com,City 3
User 8123,user8123@example.com,City 4
User 8124,user8124@example.com,City 5
User 8125,user8125@example.com,City 6
User 8126,user8126@example.com,City 7
User 8127,user8127@example.com,City 8
User 8128,user8128@example.com,City 9
User 8129,user8129@example.com,City 10
User 8130,user8130@example.com,City 1
User 8131,user8131@example.com,City 2
User 8132,user8132@example.com,City 3
User 8133,user8133@example.com,City 4
User 8134,user8134@example.com,City 5
User 8135,user8135@example.com,City 6
User 8136,user8136@example.com,City 7
User 8137,user8137@example.com,City 8
User 8138,user8138@example.com,City 9
User 8139,user8139@example.com,City 10
User 8140,user8140@example.com,City 1
User 8141,user8141@example.com,City 2
User 8142,user8142@example.com,City 3
User 8143,user8143@example.com,City 4
User 8144,user8144@example.com,City 5
User 8145,user8145@example.com,City 6
User 8146,user8146@example.com,City 7
User 8147,user8147@example.com,City 8
User 8148,user8148@example.com,City 9
User 8149,user8149@example.com,City 10
User 8150,user8150@example.com,City 1
User 8151,user8151@example.com,City 2
User 8152,user8152@example.com,City 3
User 8153,user8153@example.com,City 4
User 8154,user8154@example.com,City 5
User 8155,user8155@example.com,City 6
User 8156,user8156@example.com,City 7
User 8157,user8157@example.com,City 8
User 8158,user8158@example.com,City 9
User 8159,user8159@example.com,City 10
User 8160,user8160@example.com,City 1
User 8161,user8161@example.com,City 2
User 8162,user8162@example.com,City 3
User 8163,user8163@example.com,City 4
User 8164,user8164@example.com,City 5
User 8165,user8165@example.com,City 6
User 8166,user8166@example.com,City 7
User 8167,user8167@example.com,City 8
User 8168,user8168@example.com,City 9
User 8169,user8169@example.com,City 10
User 8170,user8170@example.com,City 1
User 8171,user8171@example.com,City 2
User 8172,user8172@example.com,City 3
User 8173,user8173@example.com,City 4
User 8174,user8174@example.com,City 5
User 8175,user8175@example.com,City 6
User 8176,user8176@example.com,City 7
User 8177,user8177@example.com,City 8
User 8178,user8178@example.com,City 9
User 8179,user8179@example.com,City 10
User 8180,user8180@example.com,City 1
User 8181,user8181@example.com,City 2
User 8182,user8182@example.com,City 3
User 8183,user8183@example.com,City 4
User 8184,user8184@example.com,City 5
User 8185,user8185@example.com,City 6
User 8186,user8186@example.com,City 7
User 8187,user8187@example.com,City 8
User 8188,user8188@example.com,City 9
User 8189,user8189@example.com,City 10
User 8190,user8190@example.com,City 1
User 8191,user8191@example.com,City 2
User 8192,user8192@example.com,City 3
User 8193,user8193@example.com,City 4
User 8194,user8194@example.com,City 5
User 8195,user8195@example.com,City 6
User 8196,user8196@example.com,City 7
User 8197,user8197@example.com,City 8
User 8198,user8198@example.com,City 9
User 8199,user8199@example.com,City 10
User 8200,user8200@example.com,City 1
User 8201,user8201@example.com,City 2
User 8202,user8202@example.com,City 3
User 8203,user8203@example.com,City 4
User 8204,user8204@example.com,City 5
User 8205,user8205@example.com,City 6
User 8206,user8206@example.com,City 7
User 8207,user8207@example.com,City 8
User 8208,user8208@example.com,City 9
User 8209,user8209@example.com,City 10
User 8210,user8210@example.com,City 1
User 8211,user8211@example.com,City 2
User 8212,user8212@example.com,City 3
User 8213,user8213@example.com,City 4
User 8214,user8214@example.com,City 5
User 8215,user8215@example.com,City 6
User 8216,user8216@example.com,City 7
User 8217,user8217@example.com,City 8
User 8218,user8218@example.com,City 9
User 8219,user8219@example.com,City 10
User 8220,user8220@example.com,City 1
User 8221,user8221@example.com,City 2
User 8222,user8222@example.com,City 3
User 8223,user8223@example.com,City 4
User 8224,user8224@example.com,City 5
User 8225,user8225@example.com,City 6
User 8226,user8226@example.com,City 7
User 8227,user8227@example.com,City 8
User 8228,user8228@example.com,City 9
User 8229,user8229@example.com,City 10
User 8230,user8230@example.com,City 1
User 8231,user8231@example.com,City 2
User 8232,user8232@example.com,City 3
User 8233,user8233@example.com,City 4
User 8234,user8234@example.com,City 5
User 8235,user8235@example.com,City 6
User 8236,user8236@example.com,City 7
User 8237,user8237@example.com,City 8
User 8238,user8238@example.com,City 9
User 8239,user8239@example.com,City 10
User 8240,user8240@example.com,City 1
User 8241,user8241@example.com,City 2
User 8242,user8242@example.com,City 3
User 8243,user8243@example.com,City 4
User 8244,user8244@example.com,City 5
User 8245,user8245@example.com,City 6
User 8246,user8246@example.com,City 7
User 8247,user8247@example.com,City 8
User 8248,user8248@example.com,City 9
User 8249,user8249@example.com,City 10
User 8250,user8250@example.com,City 1
User 8251,user8251@example.com,City 2
User 8252,user8252@example.com,City 3
User 8253,user8253@example.com,City 4
User 8254,user8254@example.com,City 5
User 8255,user8255@example.com,City 6
User 8256,user8256@example.com,City 7
User 8257,user8257@example.com,City 8
User 8258,user8258@example.com,City 9
User 8259,user8259@example.com,City 10
User 8260,user8260@example.com,City 1
User 8261,user8261@example.com,City 2
User 8262,user8262@example.com,City 3
User 8263,user8263@example.com,City 4
User 8264,user8264@example.com,City 5
User 8265,user8265@example.com,City 6
User 8266,user8266@example.com,City 7
User 8267,user8267@example.com,City 8
User 8268,user8268@example.com,City 9
User 8269,user8269@example.com,City 10
User 8270,user8270@example.com,City 1
User 8271,user8271@example.com,City 2
User 8272,user8272@example.com,City 3
User 8273,user8273@example.com,City 4
User 8274,user8274@example.com,City 5
User 8275,user8275@example.com,City 6
User 8276,user8276@example.com,City 7
User 8277,user8277@example.com,City 8
User 8278,user8278@example.com,City 9
User 8279,user8279@example.com,City 10
User 8280,user8280@example.com,City 1
User 8281,user8281@example.com,City 2
User 8282,user8282@example.com,City 3
User 8283,user8283@example.com,City 4
User 8284,user8284@example.com,City 5
User 8285,user8285@example.com,City 6
User 8286,user8286@example.com,City 7
User 8287,user8287@example.com,City 8
User 8288,user8288@example.com,City 9
User 8289,user8289@example.com,City 10
User 8290,user8290@example.com,City 1
User 8291,user8291@example.com,City 2
User 8292,user8292@example.com,City 3
User 8293,user8293@example.com,City 4
User 8294,user8294@example.com,City 5
User 8295,user8295@example.com,City 6
User 8296,user8296@example.com,City 7
User 8297,user8297@example.com,City 8
User 8298,user8298@example.com,City 9
User 8299,user8299@example.com,City 10
User 8300,user8300@example.com,City 1
User 8301,user8301@example.com,City 2
User 8302,user8302@example.com,City 3
User 8303,user8303@example.com,City 4
User 8304,user8304@example.com,City 5
User 8305,user8305@example.com,City 6
User 8306,user8306@example.com,City 7
User 8307,user8307@example.com,City 8
User 8308,user8308@example.com,City 9
User 8309,user8309@example.com,City 10
User 8310,user8310@example.com,City 1
User 8311,user8311@example.com,City 2
User 8312,user8312@example.com,City 3
User 8313,user8313@example.com,City 4
User 8314,user8314@example.com,City 5
User 8315,user8315@example.com,City 6
User 8316,user8316@example.com,City 7
User 8317,user8317@example.com,City 8
User 8318,user8318@example.com,City 9
User 8319,user8319@example.com,City 10
User 8320,user8320@example.com,City 1
User 8321,user8321@example.com,City 2
User 8322,user8322@example.com,City 3
User 8323,user8323@example.com,City 4
User 8324,user8324@example.com,City 5
User 8325,user8325@example.com,City 6
User 8326,user8326@example.com,City 7
User 8327,user8327@example.com,City 8
User 8328,user8328@example.com,City 9
User 8329,user8329@example.com,City 10
User 8330,user8330@example.com,City 1
User 8331,user8331@example.com,City 2
User 8332,user8332@example.com,City 3
User 8333,user8333@example.com,City 4
User 8334,user8334@example.com,City 5
User 8335,user8335@example.com,City 6
User 8336,user8336@example.com,City 7
User 8337,user8337@example.com,City 8
User 8338,user8338@example.com,City 9
User 8339,user8339@example.com,City 10
User 8340,user8340@example.com,City 1
User 8341,user8341@example.com,City 2
User 8342,user8342@example.com,City 3
User 8343,user8343@example.com,City 4
User 8344,user8344@example.com,City 5
User 8345,user8345@example.com,City 6
User 8346,user8346@example.com,City 7
User 8347,user8347@example.com,City 8
User 8348,user8348@example.com,City 9
User 8349,user8349@example.com,City 10
User 8350,user8350@example.com,City 1
User 8351,user8351@example.com,City 2
User 8352,user8352@example.com,City 3
User 8353,user8353@example.com,City 4
User 8354,user8354@example.com,City 5
User 8355,user8355@example.com,City 6
User 8356,user8356@example.com,City 7
User 8357,user8357@example.com,City 8
User 8358,user8358@example.com,City 9
User 8359,user8359@example.com,City 10
User 8360,user8360@example.com,City 1
User 8361,user8361@example.com,City 2
User 8362,user8362@example.com,City 3
User 8363,user8363@example.com,City 4
User 8364,user8364@example.com,City 5
User 8365,user8365@example.com,City 6
User 8366,user8366@example.com,City 7
User 8367,user8367@example.com,City 8
User 8368,user8368@example.com,City 9
User 8369,user8369@example.com,City 10
User 8370,user8370@example.com,City 1
User 8371,user8371@example.com,City 2
User 8372,user8372@example.com,City 3
User 8373,user8373@example.com,City 4
User 8374,user8374@example.com,City 5
User 8375,user8375@example.com,City 6
User 8376,user8376@example.com,City 7
User 8377,user8377@example.com,City 8
User 8378,user8378@example.com,City 9
User 8379,user8379@example.com,City 10
User 8380,user8380@example.com,City 1
User 8381,user8381@example.com,City 2
User 8382,user8382@example.com,City 3
User 8383,user8383@example.com,City 4
User 8384,user8384@example.com,City 5
User 8385,user8385@example.com,City 6
User 8386,user8386@example.com,City 7
User 8387,user8387@example.com,City 8
User 8388,user8388@example.com,City 9
User 8389,user8389@example.com,City 10
User 8390,user8390@example.com,City 1
User 8391,user8391@example.com,City 2
User 8392,user8392@example.com,City 3
User 8393,user8393@example.com,City 4
User 8394,user8394@example.com,City 5
User 8395,user8395@example.com,City 6
User 8396,user8396@example.com,City 7
User 8397,user8397@example.com,City 8
User 8398,user8398@example.com,City 9
User 8399,user8399@example.com,City 10
User 8400,user8400@example.com,City 1
User 8401,user8401@example.com,City 2
User 8402,user8402@example.com,City 3
User 8403,user8403@example.com,City 4
User 8404,user8404@example.com,City 5
User 8405,user8405@example.com,City 6
User 8406,user8406@example.com,City 7
User 8407,user8407@example.com,City 8
User 8408,user8408@example.com,City 9
User 8409,user8409@example.com,City 10
User 8410,user8410@example.com,City 1
User 8411,user8411@example.com,City 2
User 8412,user8412@example.com,City 3
User 8413,user8413@example.com,City 4
User 8414,user8414@example.com,City 5
User 8415,user8415@example.com,City 6
User 8416,user8416@example.com,City 7
User 8417,user8417@example.com,City 8
User 8418,user8418@example.com,City 9
User 8419,user8419@example.com,City 10
User 8420,user8420@example.com,City 1
User 8421,user8421@example.com,City 2
User 8422,user8422@example.com,City 3
User 8423,user8423@example.com,City 4
User 8424,user8424@example.com,City 5
User 8425,user8425@example.com,City 6
User 8426,user8426@example.com,City 7
User 8427,user8427@example.com,City 8
User 8428,user8428@example.com,City 9
User 8429,user8429@example.com,City 10
User 8430,user8430@example.com,City 1
User 8431,user8431@example.com,City 2
User 8432,user8432@example.com,City 3
User 8433,user8433@example.com,City 4
User 8434,user8434@example.com,City 5
User 8435,user8435@example.com,City 6
User 8436,user8436@example.com,City 7
User 8437,user8437@example.com,City 8
User 8438,user8438@example.com,City 9
User 8439,user8439@example.com,City 10
User 8440,user8440@example.com,City 1
User 8441,user8441@example.com,City 2
User 8442,user8442@example.com,City 3
User 8443,user8443@example.com,City 4
User 8444,user8444@example.com,City 5
User 8445,user8445@example.com,City 6
User 8446,user8446@example.com,City 7
User 8447,user8447@example.com,City 8
User 8448,user8448@example.com,City 9
User 8449,user8449@example.com,City 10
User 8450,user8450@example.com,City 1
User 8451,user8451@example.com,City 2
User 8452,user8452@example.com,City 3
User 8453,user8453@example.com,City 4
User 8454,user8454@example.com,City 5
User 8455,user8455@example.com,City 6
User 8456,user8456@example.com,City 7
User 8457,user8457@example.com,City 8
User 8458,user8458@example.com,City 9
User 8459,user8459@example.com,City 10
User 8460,user8460@example.com,City 1
User 8461,user8461@example.com,City 2
User 8462,user8462@example.com,City 3
User 8463,user8463@example.com,City 4
User 8464,user8464@example.com,City 5
User 8465,user8465@example.com,City 6
User 8466,user8466@example.com,City 7
User 8467,user8467@example.com,City 8
User 8468,user8468@example.com,City 9
User 8469,user8469@example.com,City 10
User 8470,user8470@example.com,City 1
User 8471,user8471@example.com,City 2
User 8472,user8472@example.com,City 3
User 8473,user8473@example.com,City 4
User 8474,user8474@example.com,City 5
User 8475,user8475@example.com,City 6
User 8476,user8476@example.com,City 7
User 8477,user8477@example.com,City 8
User 8478,user8478@example.com,City 9
User 8479,user8479@example.com,City 10
User 8480,user8480@example.com,City 1
User 8481,user8481@example.com,City 2
User 8482,user8482@example.com,City 3
User 8483,user8483@example.com,City 4
User 8484,user8484@example.com,City 5
User 8485,user8485@example.com,City 6
User 8486,user8486@example.com,City 7
User 8487,user8487@example.com,City 8
User 8488,user8488@example.com,City 9
User 8489,user8489@example.com,City 10
User 8490,user8490@example.com,City 1
User 8491,user8491@example.com,City 2
User 8492,user8492@example.com,City 3
User 8493,user8493@example.com,City 4
User 8494,user8494@example.com,City 5
User 8495,user8495@example.com,City 6
User 8496,user8496@example.com,City 7
User 8497,user8497@example.com,City 8
User 8498,user8498@example.com,City 9
User 8499,user8499@example.com,City 10
User 8500,user8500@example.com,City 1
User 8501,user8501@example.com,City 2
User 8502,user8502@example.com,City 3
User 8503,user8503@example.com,City 4
User 8504,user8504@example.com,City 5
User 8505,user8505@example.com,City 6
User 8506,user8506@example.com,City 7
User 8507,user8507@example.com,City 8
User 8508,user8508@example.com,City 9
User 8509,user8509@example.com,City 10
User 8510,user8510@example.com,City 1
User 8511,user8511@example.com,City 2
User 8512,user8512@example.com,City 3
User 8513,user8513@example.com,City 4
User 8514,user8514@example.com,City 5
User 8515,user8515@example.com,City 6
User 8516,user8516@example.com,City 7
User 8517,user8517@example.com,City 8
User 8518,user8518@example.com,City 9
User 8519,user8519@example.com,City 10
User 8520,user8520@example.com,City 1
User 8521,user8521@example.com,City 2
User 8522,user8522@example.com,City 3
User 8523,user8523@example.com,City 4
User 8524,user8524@example.com,City 5
User 8525,user8525@example.com,City 6
User 8526,user8526@example.com,City 7
User 8527,user8527@example.com,City 8
User 8528,user8528@example.com,City 9
User 8529,user8529@example.com,City 10
User 8530,user8530@example.com,City 1
User 8531,user8531@example.com,City 2
User 8532,user8532@example.com,City 3
User 8533,user8533@example.com,City 4
User 8534,user8534@example.com,City 5
User 8535,user8535@example.com,City 6
User 8536,user8536@example.com,City 7
User 8537,user8537@example.com,City 8
User 8538,user8538@example.com,City 9
User 8539,user8539@example.com,City 10
User 8540,user8540@example.com,City 1
User 8541,user8541@example.com,City 2
User 8542,user8542@example.com,City 3
User 8543,user8543@example.com,City 4
User 8544,user8544@example.com,City 5
User 8545,user8545@example.com,City 6
User 8546,user8546@example.com,City 7
User 8547,user8547@example.com,City 8
User 8548,user8548@example.com,City 9
User 8549,user8549@example.com,City 10
User 8550,user8550@example.com,City 1
User 8551,user8551@example.com,City 2
User 8552,user8552@example.com,City 3
User 8553,user8553@example.com,City 4
User 8554,user8554@example.com,City 5
User 8555,user8555@example.com,City 6
User 8556,user8556@example.com,City 7
User 8557,user8557@example.com,City 8
User 8558,user8558@example.com,City 9
User 8559,user8559@example.com,City 10
User 8560,user8560@example.com,City 1
User 8561,user8561@example.com,City 2
User 8562,user8562@example.com,City 3
User 8563,user8563@example.com,City 4
User 8564,user8564@example.com,City 5
User 8565,user8565@example.com,City 6
User 8566,user8566@example.com,City 7
User 8567,user8567@example.com,City 8
User 8568,user8568@example.com,City 9
User 8569,user8569@example.com,City 10
User 8570,user8570@example.com,City 1
User 8571,user8571@example.com,City 2
User 8572,user8572@example.com,City 3
User 8573,user8573@example.com,City 4
User 8574,user8574@example.com,City 5
User 8575,user8575@example.com,City 6
User 8576,user8576@example.com,City 7
User 8577,user8577@example.com,City 8
User 8578,user8578@example.com,City 9
User 8579,user8579@example.com,City 10
User 8580,user8580@example.com,City 1
User 8581,user8581@example.com,City 2
User 8582,user8582@example.com,City 3
User 8583,user8583@example.com,City 4
User 8584,user8584@example.com,City 5
User 8585,user8585@example.com,City 6
User 8586,user8586@example.com,City 7
User 8587,user8587@example.com,City 8
User 8588,user8588@example.com,City 9
User 8589,user8589@example.com,City 10
User 8590,user8590@example.com,City 1
User 8591,user8591@example.com,City 2
User 8592,user8592@example.com,City 3
User 8593,user8593@example.com,City 4
User 8594,user8594@example.com,City 5
User 8595,user8595@example.com,City 6
User 8596,user8596@example.com,City 7
User 8597,user8597@example.com,City 8
User 8598,user8598@example.com,City 9
User 8599,user8599@example.com,City 10
User 8600,user8600@example.com,City 1
User 8601,user8601@example.com,City 2
User 8602,user8602@example.com,City 3
User 8603,user8603@example.com,City 4
User 8604,user8604@example.com,City 5
User 8605,user8605@example.com,City 6
User 8606,user8606@example.com,City 7
User 8607,user8607@example.com,City 8
User 8608,user8608@example.com,City 9
User 8609,user8609@example.com,City 10
User 8610,user8610@example.com,City 1
User 8611,user8611@example.com,City 2
User 8612,user8612@example.com,City 3
User 8613,user8613@example.com,City 4
User 8614,user8614@example.com,City 5
User 8615,user8615@example.com,City 6
User 8616,user8616@example.com,City 7
User 8617,user8617@example.com,City 8
User 8618,user8618@example.com,City 9
User 8619,user8619@example.com,City 10
User 8620,user8620@example.com,City 1
User 8621,user8621@example.com,City 2
User 8622,user8622@example.com,City 3
User 8623,user8623@example.com,City 4
User 8624,user8624@example.com,City 5
User 8625,user8625@example.com,City 6
User 8626,user8626@example.com,City 7
User 8627,user8627@example.com,City 8
User 8628,user8628@example.com,City 9
User 8629,user8629@example.com,City 10
User 8630,user8630@example.com,City 1
User 8631,user8631@example.com,City 2
User 8632,user8632@example.com,City 3
User 8633,user8633@example.com,City 4
User 8634,user8634@example.com,City 5
User 8635,user8635@example.com,City 6
User 8636,user8636@example.com,City 7
User 8637,user8637@example.com,City 8
User 8638,user8638@example.com,City 9
User 8639,user8639@example.com,City 10
User 8640,user8640@example.com,City 1
User 8641,user8641@example.com,City 2
User 8642,user8642@example.com,City 3
User 8643,user8643@example.com,City 4
User 8644,user8644@example.com,City 5
User 8645,user8645@example.com,City 6
User 8646,user8646@example.com,City 7
User 8647,user8647@example.com,City 8
User 8648,user8648@example.com,City 9
User 8649,user8649@example.com,City 10
User 8650,user8650@example.com,City 1
User 8651,user8651@example.com,City 2
User 8652,user8652@example.com,City 3
User 8653,user8653@example.com,City 4
User 8654,user8654@example.com,City 5
User 8655,user8655@example.com,City 6
User 8656,user8656@example.com,City 7
User 8657,user8657@example.com,City 8
User 8658,user8658@example.com,City 9
User 8659,user8659@example.com,City 10
User 8660,user8660@example.com,City 1
User 8661,user8661@example.com,City 2
User 8662,user8662@example.com,City 3
User 8663,user8663@example.com,City 4
User 8664,user8664@example.com,City 5
User 8665,user8665@example.com,City 6
User 8666,user8666@example.com,City 7
User 8667,user8667@example.com,City 8
User 8668,user8668@example.com,City 9
User 8669,user8669@example.com,City 10
User 8670,user8670@example.com,City 1
User 8671,user8671@example.com,City 2
User 8672,user8672@example.com,City 3
User 8673,user8673@example.com,City 4
User 8674,user8674@example.com,City 5
User 8675,user8675@example.com,City 6
User 8676,user8676@example.com,City 7
User 8677,user8677@example.com,City 8
User 8678,user8678@example.com,City 9
User 8679,user8679@example.com,City 10
User 8680,user8680@example.com,City 1
User 8681,user8681@example.com,City 2
User 8682,user8682@example.com,City 3
User 8683,user8683@example.com,City 4
User 8684,user8684@example.com,City 5
User 8685,user8685@example.com,City 6
User 8686,user8686@example.com,City 7
User 8687,user8687@example.com,City 8
User 8688,user8688@example.com,City 9
User 8689,user8689@example.com,City 10
User 8690,user8690@example.com,City 1
User 8691,user8691@example.com,City 2
User 8692,user8692@example.com,City 3
User 8693,user8693@example.com,City 4
User 8694,user8694@example.com,City 5
User 8695,user8695@example.com,City 6
User 8696,user8696@example.com,City 7
User 8697,user8697@example.com,City 8
User 8698,user8698@example.com,City 9
User 8699,user8699@example.com,City 10
User 8700,user8700@example.com,City 1
User 8701,user8701@example.com,City 2
User 8702,user8702@example.com,City 3
User 8703,user8703@example.com,City 4
User 8704,user8704@example.com,City 5
User 8705,user8705@example.com,City 6
User 8706,user8706@example.com,City 7
User 8707,user8707@example.com,City 8
User 8708,user8708@example.com,City 9
User 8709,user8709@example.com,City 10
User 8710,user8710@example.com,City 1
User 8711,user8711@example.com,City 2
User 8712,user8712@example.com,City 3
User 8713,user8713@example.com,City 4
User 8714,user8714@example.com,City 5
User 8715,user8715@example.com,City 6
User 8716,user8716@example.com,City 7
User 8717,user8717@example.com,City 8
User 8718,user8718@example.com,City 9
User 8719,user8719@example.com,City 10
User 8720,user8720@example.com,City 1
User 8721,user8721@example.com,City 2
User 8722,user8722@example.com,City 3
User 8723,user8723@example.com,City 4
User 8724,user8724@example.com,City 5
User 8725,user8725@example.com,City 6
User 8726,user8726@example.com,City 7
User 8727,user8727@example.com,City 8
User 8728,user8728@example.com,City 9
User 8729,user8729@example.com,City 10
User 8730,user8730@example.com,City 1
User 8731,user8731@example.com,City 2
User 8732,user8732@example.com,City 3
User 8733,user8733@example.com,City 4
User 8734,user8734@example.com,City 5
User 8735,user8735@example.com,City 6
User 8736,user8736@example.com,City 7
User 8737,user8737@example.com,City 8
User 8738,user8738@example.com,City 9
User 8739,user8739@example.com,City 10
User 8740,user8740@example.com,City 1
User 8741,user8741@example.com,City 2
User 8742,user8742@example.com,City 3
User 8743,user8743@example.com,City 4
User 8744,user8744@example.com,City 5
User 8745,user8745@example.com,City 6
User 8746,user8746@example.com,City 7
User 8747,user8747@example.com,City 8
User 8748,user8748@example.com,City 9
User 8749,user8749@example.com,City 10
User 8750,user8750@example.com,City 1
User 8751,user8751@example.com,City 2
User 8752,user8752@example.com,City 3
User 8753,user8753@example.com,City 4
User 8754,user8754@example.com,City 5
User 8755,user8755@example.com,City 6
User 8756,user8756@example.com,City 7
User 8757,user8757@example.com,City 8
User 8758,user8758@example.com,City 9
User 8759,user8759@example.com,City 10
User 8760,user8760@example.com,City 1
User 8761,user8761@example.com,City 2
User 8762,user8762@example.com,City 3
User 8763,user8763@example.com,City 4
User 8764,user8764@example.com,City 5
User 8765,user8765@example.com,City 6
User 8766,user8766@example.com,City 7
User 8767,user8767@example.com,City 8
User 8768,user8768@example.com,City 9
User 8769,user8769@example.com,City 10
User 8770,user8770@example.com,City 1
User 8771,user8771@example.com,City 2
User 8772,user8772@example.com,City 3
User 8773,user8773@example.com,City 4
User 8774,user8774@example.com,City 5
User 8775,user8775@example.com,City 6
User 8776,user8776@example.com,City 7
User 8777,user8777@example.com,City 8
User 8778,user8778@example.com,City 9
User 8779,user8779@example.com,City 10
User 8780,user8780@example.com,City 1
User 8781,user8781@example.com,City 2
User 8782,user8782@example.com,City 3
User 8783,user8783@example.com,City 4
User 8784,user8784@example.com,City 5
User 8785,user8785@example.com,City 6
User 8786,user8786@example.com,City 7
User 8787,user8787@example.com,City 8
User 8788,user8788@example.com,City 9
User 8789,user8789@example.com,City 10
User 8790,user8790@example.com,City 1
User 8791,user8791@example.com,City 2
User 8792,user8792@example.com,City 3
User 8793,user8793@example.com,City 4
User 8794,user8794@example.com,City 5
User 8795,user8795@example.com,City 6
User 8796,user8796@example.com,City 7
User 8797,user8797@example.com,City 8
User 8798,user8798@example.com,City 9
User 8799,user8799@example.com,City 10
User 8800,user8800@example.com,City 1
User 8801,user8801@example.com,City 2
User 8802,user8802@example.com,City 3
User 8803,user8803@example.com,City 4
User 8804,user8804@example.com,City 5
User 8805,user8805@example.com,City 6
User 8806,user8806@example.com,City 7
User 8807,user8807@example.com,City 8
User 8808,user8808@example.com,City 9
User 8809,user8809@example.com,City 10
User 8810,user8810@example.com,City 1
User 8811,user8811@example.com,City 2
User 8812,user8812@example.com,City 3
User 8813,user8813@example.com,City 4
User 8814,user8814@example.com,City 5
User 8815,user8815@example.com,City 6
User 8816,user8816@example.com,City 7
User 8817,user8817@example.com,City 8
User 8818,user8818@example.com,City 9
User 8819,user8819@example.com,City 10
User 8820,user8820@example.com,City 1
User 8821,user8821@example.com,City 2
User 8822,user8822@example.com,City 3
User 8823,user8823@example.com,City 4
User 8824,user8824@example.com,City 5
User 8825,user8825@example.com,City 6
User 8826,user8826@example.com,City 7
User 8827,user8827@example.com,City 8
User 8828,user8828@example.com,City 9
User 8829,user8829@example.com,City 10
User 8830,user8830@example.com,City 1
User 8831,user8831@example.com,City 2
User 8832,user8832@example.com,City 3
User 8833,user8833@example.com,City 4
User 8834,user8834@example.com,City 5
User 8835,user8835@example.com,City 6
User 8836,user8836@example.com,City 7
User 8837,user8837@example.com,City 8
User 8838,user8838@example.com,City 9
User 8839,user8839@example.com,City 10
User 8840,user8840@example.com,City 1
User 8841,user8841@example.com,City 2
User 8842,user8842@example.com,City 3
User 8843,user8843@example.com,City 4
User 8844,user8844@example.com,City 5
User 8845,user8845@example.com,City 6
User 8846,user8846@example.com,City 7
User 8847,user8847@example.com,City 8
User 8848,user8848@example.com,City 9
User 8849,user8849@example.com,City 10
User 8850,user8850@example.com,City 1
User 8851,user8851@example.com,City 2
User 8852,user8852@example.com,City 3
User 8853,user8853@example.com,City 4
User 8854,user8854@example.com,City 5
User 8855,user8855@example.com,City 6
User 8856,user8856@example.com,City 7
User 8857,user8857@example.com,City 8
User 8858,user8858@example.com,City 9
User 8859,user8859@example.com,City 10
User 8860,user8860@example.com,City 1
User 8861,user8861@example.com,City 2
User 8862,user8862@example.com,City 3
User 8863,user8863@example.com,City 4
User 8864,user8864@example.com,City 5
User 8865,user8865@example.com,City 6
User 8866,user8866@example.com,City 7
User 8867,user8867@example.com,City 8
User 8868,user8868@example.com,City 9
User 8869,user8869@example.com,City 10
User 8870,user8870@example.com,City 1
User 8871,user8871@example.com,City 2
User 8872,user8872@example.com,City 3
User 8873,user8873@example.com,City 4
User 8874,user8874@example.com,City 5
User 8875,user8875@example.com,City 6
User 8876,user8876@example.com,City 7
User 8877,user8877@example.com,City 8
User 8878,user8878@example.com,City 9
User 8879,user8879@example.com,City 10
User 8880,user8880@example.com,City 1
User 8881,user8881@example.com,City 2
User 8882,user8882@example.com,City 3
User 8883,user8883@example.com,City 4
User 8884,user8884@example.com,City 5
User 8885,user8885@example.com,City 6
User 8886,user8886@example.com,City 7
User 8887,user8887@example.com,City 8
User 8888,user8888@example.com,City 9
User 8889,user8889@example.com,City 10
User 8890,user8890@example.com,City 1
User 8891,user8891@example.com,City 2
User 8892,user8892@example.com,City 3
User 8893,user8893@example.com,City 4
User 8894,user8894@example.com,City 5
User 8895,user8895@example.com,City 6
User 8896,user8896@example.com,City 7
User 8897,user8897@example.com,City 8
User 8898,user8898@example.com,City 9
User 8899,user8899@example.com,City 10
User 8900,user8900@example.com,City 1
User 8901,user8901@example.com,City 2
User 8902,user8902@example.com,City 3
User 8903,user8903@example.com,City 4
User 8904,user8904@example.com,City 5
User 8905,user8905@example.com,City 6
User 8906,user8906@example.com,City 7
User 8907,user8907@example.com,City 8
User 8908,user8908@example.com,City 9
User 8909,user8909@example.com,City 10
User 8910,user8910@example.com,City 1
User 8911,user8911@example.com,City 2
User 8912,user8912@example.com,City 3
User 8913,user8913@example.com,City 4
User 8914,user8914@example.com,City 5
User 8915,user8915@example.com,City 6
User 8916,user8916@example.com,City 7
User 8917,user8917@example.com,City 8
User 8918,user8918@example.com,City 9
User 8919,user8919@example.com,City 10
User 8920,user8920@example.com,City 1
User 8921,user8921@example.com,City 2
User 8922,user8922@example.com,City 3
User 8923,user8923@example.com,City 4
User 8924,user8924@example.com,City 5
User 8925,user8925@example.com,City 6
User 8926,user8926@example.com,City 7
User 8927,user8927@example.com,City 8
User 8928,user8928@example.com,City 9
User 8929,user8929@example.com,City 10
User 8930,user8930@example.com,City 1
User 8931,user8931@example.com,City 2
User 8932,user8932@example.com,City 3
User 8933,user8933@example.com,City 4
User 8934,user8934@example.com,City 5
User 8935,user8935@example.com,City 6
User 8936,user8936@example.com,City 7
User 8937,user8937@example.com,City 8
User 8938,user8938@example.com,City 9
User 8939,user8939@example.com,City 10
User 8940,user8940@example.com,City 1
User 8941,user8941@example.com,City 2
User 8942,user8942@example.com,City 3
User 8943,user8943@example.com,City 4
User 8944,user8944@example.com,City 5
User 8945,user8945@example.com,City 6
User 8946,user8946@example.com,City 7
User 8947,user8947@example.com,City 8
User 8948,user8948@example.com,City 9
User 8949,user8949@example.com,City 10
User 8950,user8950@example.com,City 1
User 8951,user8951@example.com,City 2
User 8952,user8952@example.com,City 3
User 8953,user8953@example.com,City 4
User 8954,user8954@example.com,City 5
User 8955,user8955@example.com,City 6
User 8956,user8956@example.com,City 7
User 8957,user8957@example.com,City 8
User 8958,user8958@example.com,City 9
User 8959,user8959@example.com,City 10
User 8960,user8960@example.com,City 1
User 8961,user8961@example.com,City 2
User 8962,user8962@example.com,City 3
User 8963,user8963@example.com,City 4
User 8964,user8964@example.com,City 5
User 8965,user8965@example.com,City 6
User 8966,user8966@example.com,City 7
User 8967,user8967@example.com,City 8
User 8968,user8968@example.com,City 9
User 8969,user8969@example.com,City 10
User 8970,user8970@example.com,City 1
User 8971,user8971@example.com,City 2
User 8972,user8972@example.com,City 3
User 8973,user8973@example.com,City 4
User 8974,user8974@example.com,City 5
User 8975,user8975@example.com,City 6
User 8976,user8976@example.com,City 7
User 8977,user8977@example.com,City 8
User 8978,user8978@example.com,City 9
User 8979,user8979@example.com,City 10
User 8980,user8980@example.com,City 1
User 8981,user8981@example.com,City 2
User 8982,user8982@example.com,City 3
User 8983,user8983@example.com,City 4
User 8984,user8984@example.com,City 5
User 8985,user8985@example.com,City 6
User 8986,user8986@example.com,City 7
User 8987,user8987@example.com,City 8
User 8988,user8988@example.com,City 9
User 8989,user8989@example.com,City 10
User 8990,user8990@example.com,City 1
User 8991,user8991@example.com,City 2
User 8992,user8992@example.com,City 3
User 8993,user8993@example.com,City 4
User 8994,user8994@example.com,City 5
User 8995,user8995@example.com,City 6
User 8996,user8996@example.com,City 7
User 8997,user8997@example.com,City 8
User 8998,user8998@example.com,City 9
User 8999,user8999@example.com,City 10
User 9000,user9000@example.com,City 1
User 9001,user9001@example.com,City 2
User 9002,user9002@example.com,City 3
User 9003,user9003@example.com,City 4
User 9004,user9004@example.com,City 5
User 9005,user9005@example.com,City 6
User 9006,user9006@example.com,City 7
User 9007,user9007@example.com,City 8
User 9008,user9008@example.com,City 9
User 9009,user9009@example.com,City 10
User 9010,user9010@example.com,City 1
User 9011,user9011@example.com,City 2
User 9012,user9012@example.com,City 3
User 9013,user9013@example.com,City 4
User 9014,user9014@example.com,City 5
User 9015,user9015@example.com,City 6
User 9016,user9016@example.com,City 7
User 9017,user9017@example.com,City 8
User 9018,user9018@example.com,City 9
User 9019,user9019@example.com,City 10
User 9020,user9020@example.com,City 1
User 9021,user9021@example.com,City 2
User 9022,user9022@example.com,City 3
User 9023,user9023@example.com,City 4
User 9024,user9024@example.com,City 5
User 9025,user9025@example.com,City 6
User 9026,user9026@example.com,City 7
User 9027,user9027@example.com,City 8
User 9028,user9028@example.com,City 9
User 9029,user9029@example.com,City 10
User 9030,user9030@example.com,City 1
User 9031,user9031@example.com,City 2
User 9032,user9032@example.com,City 3
User 9033,user9033@example.com,City 4
User 9034,user9034@example.com,City 5
User 9035,user9035@example.com,City 6
User 9036,user9036@example.com,City 7
User 9037,user9037@example.com,City 8
User 9038,user9038@example.com,City 9
User 9039,user9039@example.com,City 10
User 9040,user9040@example.com,City 1
User 9041,user9041@example.com,City 2
User 9042,user9042@example.com,City 3
User 9043,user9043@example.com,City 4
User 9044,user9044@example.com,City 5
User 9045,user9045@example.com,City 6
User 9046,user9046@example.com,City 7
User 9047,user9047@example.com,City 8
User 9048,user9048@example.com,City 9
User 9049,user9049@example.com,City 10
User 9050,user9050@example.com,City 1
User 9051,user9051@example.com,City 2
User 9052,user9052@example.com,City 3
User 9053,user9053@example.com,City 4
User 9054,user9054@example.com,City 5
User 9055,user9055@example.com,City 6
User 9056,user9056@example.com,City 7
User 9057,user9057@example.com,City 8
User 9058,user9058@example.com,City 9
User 9059,user9059@example.com,City 10
User 9060,user9060@example.com,City 1
User 9061,user9061@example.com,City 2
User 9062,user9062@example.com,City 3
User 9063,user9063@example.com,City 4
User 9064,user9064@example.com,City 5
User 9065,user9065@example.com,City 6
User 9066,user9066@example.com,City 7
User 9067,user9067@example.com,City 8
User 9068,user9068@example.com,City 9
User 9069,user9069@example.com,City 10
User 9070,user9070@example.com,City 1
User 9071,user9071@example.com,City 2
User 9072,user9072@example.com,City 3
User 9073,user9073@example.com,City 4
User 9074,user9074@example.com,City 5
User 9075,user9075@example.com,City 6
User 9076,user9076@example.com,City 7
User 9077,user9077@example.com,City 8
User 9078,user9078@example.com,City 9
User 9079,user9079@example.com,City 10
User 9080,user9080@example.com,City 1
User 9081,user9081@example.com,City 2
User 9082,user9082@example.com,City 3
User 9083,user9083@example.com,City 4
User 9084,user9084@example.com,City 5
User 9085,user9085@example.com,City 6
User 9086,user9086@example.com,City 7
User 9087,user9087@example.com,City 8
User 9088,user9088@example.com,City 9
User 9089,user9089@example.com,City 10
User 9090,user9090@example.com,City 1
User 9091,user9091@example.com,City 2
User 9092,user9092@example.com,City 3
User 9093,user9093@example.com,City 4
User 9094,user9094@example.com,City 5
User 9095,user9095@example.com,City 6
User 9096,user9096@example.com,City 7
User 9097,user9097@example.com,City 8
User 9098,user9098@example.com,City 9
User 9099,user9099@example.com,City 10
User 9100,user9100@example.com,City 1
User 9101,user9101@example.com,City 2
User 9102,user9102@example.com,City 3
User 9103,user9103@example.com,City 4
User 9104,user9104@example.com,City 5
User 9105,user9105@example.com,City 6
User 9106,user9106@example.com,City 7
User 9107,user9107@example.com,City 8
User 9108,user9108@example.com,City 9
User 9109,user9109@example.com,City 10
User 9110,user9110@example.com,City 1
User 9111,user9111@example.com,City 2
User 9112,user9112@example.com,City 3
User 9113,user9113@example.com,City 4
User 9114,user9114@example.com,City 5
User 9115,user9115@example.com,City 6
User 9116,user9116@example.com,City 7
User 9117,user9117@example.com,City 8
User 9118,user9118@example.com,City 9
User 9119,user9119@example.com,City 10
User 9120,user9120@example.com,City 1
User 9121,user9121@example.com,City 2
User 9122,user9122@example.com,City 3
User 9123,user9123@example.com,City 4
User 9124,user9124@example.com,City 5
User 9125,user9125@example.com,City 6
User 9126,user9126@example.com,City 7
User 9127,user9127@example.com,City 8
User 9128,user9128@example.com,City 9
User 9129,user9129@example.com,City 10
User 9130,user9130@example.com,City 1
User 9131,user9131@example.com,City 2
User 9132,user9132@example.com,City 3
User 9133,user9133@example.com,City 4
User 9134,user9134@example.com,City 5
User 9135,user9135@example.com,City 6
User 9136,user9136@example.com,City 7
User 9137,user9137@example.com,City 8
User 9138,user9138@example.com,City 9
User 9139,user9139@example.com,City 10
User 9140,user9140@example.com,City 1
User 9141,user9141@example.com,City 2
User 9142,user9142@example.com,City 3
User 9143,user9143@example.com,City 4
User 9144,user9144@example.com,City 5
User 9145,user9145@example.com,City 6
User 9146,user9146@example.com,City 7
User 9147,user9147@example.com,City 8
User 9148,user9148@example.com,City 9
User 9149,user9149@example.com,City 10
User 9150,user9150@example.com,City 1
User 9151,user9151@example.com,City 2
User 9152,user9152@example.com,City 3
User 9153,user9153@example.com,City 4
User 9154,user9154@example.com,City 5
User 9155,user9155@example.com,City 6
User 9156,user9156@example.com,City 7
User 9157,user9157@example.com,City 8
User 9158,user9158@example.com,City 9
User 9159,user9159@example.com,City 10
User 9160,user9160@example.com,City 1
User 9161,user9161@example.com,City 2
User 9162,user9162@example.com,City 3
User 9163,user9163@example.com,City 4
User 9164,user9164@example.com,City 5
User 9165,user9165@example.com,City 6
User 9166,user9166@example.com,City 7
User 9167,user9167@example.com,City 8
User 9168,user9168@example.com,City 9
User 9169,user9169@example.com,City 10
User 9170,user9170@example.com,City 1
User 9171,user9171@example.com,City 2
User 9172,user9172@example.com,City 3
User 9173,user9173@example.com,City 4
User 9174,user9174@example.com,City 5
User 9175,user9175@example.com,City 6
User 9176,user9176@example.com,City 7
User 9177,user9177@example.com,City 8
User 9178,user9178@example.com,City 9
User 9179,user9179@example.com,City 10
User 9180,user9180@example.com,City 1
User 9181,user9181@example.com,City 2
User 9182,user9182@example.com,City 3
User 9183,user9183@example.com,City 4
User 9184,user9184@example.com,City 5
User 9185,user9185@example.com,City 6
User 9186,user9186@example.com,City 7
User 9187,user9187@example.com,City 8
User 9188,user9188@example.com,City 9
User 9189,user9189@example.com,City 10
User 9190,user9190@example.com,City 1
User 9191,user9191@example.com,City 2
User 9192,user9192@example.com,City 3
User 9193,user9193@example.com,City 4
User 9194,user9194@example.com,City 5
User 9195,user9195@example.com,City 6
User 9196,user9196@example.com,City 7
User 9197,user9197@example.com,City 8
User 9198,user9198@example.com,City 9
User 9199,user9199@example.com,City 10
User 9200,user9200@example.com,City 1
User 9201,user9201@example.com,City 2
User 9202,user9202@example.com,City 3
User 9203,user9203@example.com,City 4
User 9204,user9204@example.com,City 5
User 9205,user9205@example.com,City 6
User 9206,user9206@example.com,City 7
User 9207,user9207@example.com,City 8
User 9208,user9208@example.com,City 9
User 9209,user9209@example.com,City 10
User 9210,user9210@example.com,City 1
User 9211,user9211@example.com,City 2
User 9212,user9212@example.com,City 3
User 9213,user9213@example.com,City 4
User 9214,user9214@example.com,City 5
User 9215,user9215@example.com,City 6
User 9216,user9216@example.com,City 7
User 9217,user9217@example.com,City 8
User 9218,user9218@example.com,City 9
User 9219,user9219@example.com,City 10
User 9220,user9220@example.com,City 1
User 9221,user9221@example.com,City 2
User 9222,user9222@example.com,City 3
User 9223,user9223@example.com,City 4
User 9224,user9224@example.com,City 5
User 9225,user9225@example.com,City 6
User 9226,user9226@example.com,City 7
User 9227,user9227@example.com,City 8
User 9228,user9228@example.com,City 9
User 9229,user9229@example.com,City 10
User 9230,user9230@example.com,City 1
User 9231,user9231@example.com,City 2
User 9232,user9232@example.com,City 3
User 9233,user9233@example.com,City 4
User 9234,user9234@example.com,City 5
User 9235,user9235@example.com,City 6
User 9236,user9236@example.com,City 7
User 9237,user9237@example.com,City 8
User 9238,user9238@example.com,City 9
User 9239,user9239@example.com,City 10
User 9240,user9240@example.com,City 1
User 9241,user9241@example.com,City 2
User 9242,user9242@example.com,City 3
User 9243,user9243@example.com,City 4
User 9244,user9244@example.com,City 5
User 9245,user9245@example.com,City 6
User 9246,user9246@example.com,City 7
User 9247,user9247@example.com,City 8
User 9248,user9248@example.com,City 9
User 9249,user9249@example.com,City 10
User 9250,user9250@example.com,City 1
User 9251,user9251@example.com,City 2
User 9252,user9252@example.com,City 3
User 9253,user9253@example.com,City 4
User 9254,user9254@example.com,City 5
User 9255,user9255@example.com,City 6
User 9256,user9256@example.com,City 7
User 9257,user9257@example.com,City 8
User 9258,user9258@example.com,City 9
User 9259,user9259@example.com,City 10
User 9260,user9260@example.com,City 1
User 9261,user9261@example.com,City 2
User 9262,user9262@example.com,City 3
User 9263,user9263@example.com,City 4
User 9264,user9264@example.com,City 5
User 9265,user9265@example.com,City 6
User 9266,user9266@example.com,City 7
User 9267,user9267@example.com,City 8
User 9268,user9268@example.com,City 9
User 9269,user9269@example.com,City 10
User 9270,user9270@example.com,City 1
User 9271,user9271@example.com,City 2
User 9272,user9272@example.com,City 3
User 9273,user9273@example.com,City 4
User 9274,user9274@example.com,City 5
User 9275,user9275@example.com,City 6
User 9276,user9276@example.com,City 7
User 9277,user9277@example.com,City 8
User 9278,user9278@example.com,City 9
User 9279,user9279@example.com,City 10
User 9280,user9280@example.com,City 1
User 9281,user9281@example.com,City 2
User 9282,user9282@example.com,City 3
User 9283,user9283@example.com,City 4
User 9284,user9284@example.com,City 5
User 9285,user9285@example.com,City 6
User 9286,user9286@example.com,City 7
User 9287,user9287@example.com,City 8
User 9288,user9288@example.com,City 9
User 9289,user9289@example.com,City 10
User 9290,user9290@example.com,City 1
User 9291,user9291@example.com,City 2
User 9292,user9292@example.com,City 3
User 9293,user9293@example.com,City 4
User 9294,user9294@example.com,City 5
User 9295,user9295@example.com,City 6
User 9296,user9296@example.com,City 7
User 9297,user9297@example.com,City 8
User 9298,user9298@example.com,City 9
User 9299,user9299@example.com,City 10
User 9300,user9300@example.com,City 1
User 9301,user9301@example.com,City 2
User 9302,user9302@example.com,City 3
User 9303,user9303@example.com,City 4
User 9304,user9304@example.com,City 5
User 9305,user9305@example.com,City 6
User 9306,user9306@example.com,City 7
User 9307,user9307@example.com,City 8
User 9308,user9308@example.com,City 9
User 9309,user9309@example.com,City 10
User 9310,user9310@example.com,City 1
User 9311,user9311@example.com,City 2
User 9312,user9312@example.com,City 3
User 9313,user9313@example.com,City 4
User 9314,user9314@example.com,City 5
User 9315,user9315@example.com,City 6
User 9316,user9316@example.com,City 7
User 9317,user9317@example.com,City 8
User 9318,user9318@example.com,City 9
User 9319,user9319@example.com,City 10
User 9320,user9320@example.com,City 1
User 9321,user9321@example.com,City 2
User 9322,user9322@example.com,City 3
User 9323,user9323@example.com,City 4
User 9324,user9324@example.com,City 5
User 9325,user9325@example.com,City 6
User 9326,user9326@example.com,City 7
User 9327,user9327@example.com,City 8
User 9328,user9328@example.com,City 9
User 9329,user9329@example.com,City 10
User 9330,user9330@example.com,City 1
User 9331,user9331@example.com,City 2
User 9332,user9332@example.com,City 3
User 9333,user9333@example.com,City 4
User 9334,user9334@example.com,City 5
User 9335,user9335@example.com,City 6
User 9336,user9336@example.com,City 7
User 9337,user9337@example.com,City 8
User 9338,user9338@example.com,City 9
User 9339,user9339@example.com,City 10
User 9340,user9340@example.com,City 1
User 9341,user9341@example.com,City 2
User 9342,user9342@example.com,City 3
User 9343,user9343@example.com,City 4
User 9344,user9344@example.com,City 5
User 9345,user9345@example.com,City 6
User 9346,user9346@example.com,City 7
User 9347,user9347@example.com,City 8
User 9348,user9348@example.com,City 9
User 9349,user9349@example.com,City 10
User 9350,user9350@example.com,City 1
User 9351,user9351@example.com,City 2
User 9352,user9352@example.com,City 3
User 9353,user9353@example.com,City 4
User 9354,user9354@example.com,City 5
User 9355,user9355@example.com,City 6
User 9356,user9356@example.com,City 7
User 9357,user9357@example.com,City 8
User 9358,user9358@example.com,City 9
User 9359,user9359@example.com,City 10
User 9360,user9360@example.com,City 1
User 9361,user9361@example.com,City 2
User 9362,user9362@example.com,City 3
User 9363,user9363@example.com,City 4
User 9364,user9364@example.com,City 5
User 9365,user9365@example.com,City 6
User 9366,user9366@example.com,City 7
User 9367,user9367@example.com,City 8
User 9368,user9368@example.com,City 9
User 9369,user9369@example.com,City 10
User 9370,user9370@example.com,City 1
User 9371,user9371@example.com,City 2
User 9372,user9372@example.com,City 3
User 9373,user9373@example.com,City 4
User 9374,user9374@example.com,City 5
User 9375,user9375@example.com,City 6
User 9376,user9376@example.com,City 7
User 9377,user9377@example.com,City 8
User 9378,user9378@example.com,City 9
User 9379,user9379@example.com,City 10
User 9380,user9380@example.com,City 1
User 9381,user9381@example.com,City 2
User 9382,user9382@example.com,City 3
User 9383,user9383@example.com,City 4
User 9384,user9384@example.com,City 5
User 9385,user9385@example.com,City 6
User 9386,user9386@example.com,City 7
User 9387,user9387@example.com,City 8
User 9388,user9388@example.com,City 9
User 9389,user9389@example.com,City 10
User 9390,user9390@example.com,City 1
User 9391,user9391@example.com,City 2
User 9392,user9392@example.com,City 3
User 9393,user9393@example.com,City 4
User 9394,user9394@example.com,City 5
User 9395,user9395@example.com,City 6
User 9396,user9396@example.com,City 7
User 9397,user9397@example.com,City 8
User 9398,user9398@example.com,City 9
User 9399,user9399@example.com,City 10
User 9400,user9400@example.com,City 1
User 9401,user9401@example.com,City 2
User 9402,user9402@example.com,City 3
User 9403,user9403@example.com,City 4
User 9404,user9404@example.com,City 5
User 9405,user9405@example.com,City 6
User 9406,user9406@example.com,City 7
User 9407,user9407@example.com,City 8
User 9408,user9408@example.com,City 9
User 9409,user9409@example.com,City 10
User 9410,user9410@example.com,City 1
User 9411,user9411@example.com,City 2
User 9412,user9412@example.com,City 3
User 9413,user9413@example.com,City 4
User 9414,user9414@example.com,City 5
User 9415,user9415@example.com,City 6
User 9416,user9416@example.com,City 7
User 9417,user9417@example.com,City 8
User 9418,user9418@example.com,City 9
User 9419,user9419@example.com,City 10
User 9420,user9420@example.com,City 1
User 9421,user9421@example.com,City 2
User 9422,user9422@example.com,City 3
User 9423,user9423@example.com,City 4
User 9424,user9424@example.com,City 5
User 9425,user9425@example.com,City 6
User 9426,user9426@example.com,City 7
User 9427,user9427@example.com,City 8
User 9428,user9428@example.com,City 9
User 9429,user9429@example.com,City 10
User 9430,user9430@example.com,City 1
User 9431,user9431@example.com,City 2
User 9432,user9432@example.com,City 3
User 9433,user9433@example.com,City 4
User 9434,user9434@example.com,City 5
User 9435,user9435@example.com,City 6
User 9436,user9436@example.com,City 7
User 9437,user9437@example.com,City 8
User 9438,user9438@example.com,City 9
User 9439,user9439@example.com,City 10
User 9440,user9440@example.com,City 1
User 9441,user9441@example.com,City 2
User 9442,user9442@example.com,City 3
User 9443,user9443@example.com,City 4
User 9444,user9444@example.com,City 5
User 9445,user9445@example.com,City 6
User 9446,user9446@example.com,City 7
User 9447,user9447@example.com,City 8
User 9448,user9448@example.com,City 9
User 9449,user9449@example.com,City 10
User 9450,user9450@example.com,City 1
User 9451,user9451@example.com,City 2
User 9452,user9452@example.com,City 3
User 9453,user9453@example.com,City 4
User 9454,user9454@example.com,City 5
User 9455,user9455@example.com,City 6
User 9456,user9456@example.com,City 7
User 9457,user9457@example.com,City 8
User 9458,user9458@example.com,City 9
User 9459,user9459@example.com,City 10
User 9460,user9460@example.com,City 1
User 9461,user9461@example.com,City 2
User 9462,user9462@example.com,City 3
User 9463,user9463@example.com,City 4
User 9464,user9464@example.com,City 5
User 9465,user9465@example.com,City 6
User 9466,user9466@example.com,City 7
User 9467,user9467@example.com,City 8
User 9468,user9468@example.com,City 9
User 9469,user9469@example.com,City 10
User 9470,user9470@example.com,City 1
User 9471,user9471@example.com,City 2
User 9472,user9472@example.com,City 3
User 9473,user9473@example.com,City 4
User 9474,user9474@example.com,City 5
User 9475,user9475@example.com,City 6
User 9476,user9476@example.com,City 7
User 9477,user9477@example.com,City 8
User 9478,user9478@example.com,City 9
User 9479,user9479@example.com,City 10
User 9480,user9480@example.com,City 1
User 9481,user9481@example.com,City 2
User 9482,user9482@example.com,City 3
User 9483,user9483@example.com,City 4
User 9484,user9484@example.com,City 5
User 9485,user9485@example.com,City 6
User 9486,user9486@example.com,City 7
User 9487,user9487@example.com,City 8
User 9488,user9488@example.com,City 9
User 9489,user9489@example.com,City 10
User 9490,user9490@example.com,City 1
User 9491,user9491@example.com,City 2
User 9492,user9492@example.com,City 3
User 9493,user9493@example.com,City 4
User 9494,user9494@example.com,City 5
User 9495,user9495@example.com,City 6
User 9496,user9496@example.com,City 7
User 9497,user9497@example.com,City 8
User 9498,user9498@example.com,City 9
User 9499,user9499@example.com,City 10
User 9500,user9500@example.com,City 1
User 9501,user9501@example.com,City 2
User 9502,user9502@example.com,City 3
User 9503,user9503@example.com,City 4
User 9504,user9504@example.com,City 5
User 9505,user9505@example.com,City 6
User 9506,user9506@example.com,City 7
User 9507,user9507@example.com,City 8
User 9508,user9508@example.com,City 9
User 9509,user9509@example.com,City 10
User 9510,user9510@example.com,City 1
User 9511,user9511@example.com,City 2
User 9512,user9512@example.com,City 3
User 9513,user9513@example.com,City 4
User 9514,user9514@example.com,City 5
User 9515,user9515@example.com,City 6
User 9516,user9516@example.com,City 7
User 9517,user9517@example.com,City 8
User 9518,user9518@example.com,City 9
User 9519,user9519@example.com,City 10
User 9520,user9520@example.com,City 1
User 9521,user9521@example.com,City 2
User 9522,user9522@example.com,City 3
User 9523,user9523@example.com,City 4
User 9524,user9524@example.com,City 5
User 9525,user9525@example.com,City 6
User 9526,user9526@example.com,City 7
User 9527,user9527@example.com,City 8
User 9528,user9528@example.com,City 9
User 9529,user9529@example.com,City 10
User 9530,user9530@example.com,City 1
User 9531,user9531@example.com,City 2
User 9532,user9532@example.com,City 3
User 9533,user9533@example.com,City 4
User 9534,user9534@example.com,City 5
User 9535,user9535@example.com,City 6
User 9536,user9536@example.com,City 7
User 9537,user9537@example.com,City 8
User 9538,user9538@example.com,City 9
User 9539,user9539@example.com,City 10
User 9540,user9540@example.com,City 1
User 9541,user9541@example.com,City 2
User 9542,user9542@example.com,City 3
User 9543,user9543@example.com,City 4
User 9544,user9544@example.com,City 5
User 9545,user9545@example.com,City 6
User 9546,user9546@example.com,City 7
User 9547,user9547@example.com,City 8
User 9548,user9548@example.com,City 9
User 9549,user9549@example.com,City 10
User 9550,user9550@example.com,City 1
User 9551,user9551@example.com,City 2
User 9552,user9552@example.com,City 3
User 9553,user9553@example.com,City 4
User 9554,user9554@example.com,City 5
User 9555,user9555@example.com,City 6
User 9556,user9556@example.com,City 7
User 9557,user9557@example.com,City 8
User 9558,user9558@example.com,City 9
User 9559,user9559@example.com,City 10
User 9560,user9560@example.com,City 1
User 9561,user9561@example.com,City 2
User 9562,user9562@example.com,City 3
User 9563,user9563@example.com,City 4
User 9564,user9564@example.com,City 5
User 9565,user9565@example.com,City 6
User 9566,user9566@example.com,City 7
User 9567,user9567@example.com,City 8
User 9568,user9568@example.com,City 9
User 9569,user9569@example.com,City 10
User 9570,user9570@example.com,City 1
User 9571,user9571@example.com,City 2
User 9572,user9572@example.com,City 3
User 9573,user9573@example.com,City 4
User 9574,user9574@example.com,City 5
User 9575,user9575@example.com,City 6
User 9576,user9576@example.com,City 7
User 9577,user9577@example.com,City 8
User 9578,user9578@example.com,City 9
User 9579,user9579@example.com,City 10
User 9580,user9580@example.com,City 1
User 9581,user9581@example.com,City 2
User 9582,user9582@example.com,City 3
User 9583,user9583@example.com,City 4
User 9584,user9584@example.com,City 5
User 9585,user9585@example.com,City 6
User 9586,user9586@example.com,City 7
User 9587,user9587@example.com,City 8
User 9588,user9588@example.com,City 9
User 9589,user9589@example.com,City 10
User 9590,user9590@example.com,City 1
User 9591,user9591@example.com,City 2
User 9592,user9592@example.com,City 3
User 9593,user9593@example.com,City 4
User 9594,user9594@example.com,City 5
User 9595,user9595@example.com,City 6
User 9596,user9596@example.com,City 7
User 9597,user9597@example.com,City 8
User 9598,user9598@example.com,City 9
User 9599,user9599@example.com,City 10
User 9600,user9600@example.com,City 1
User 9601,user9601@example.com,City 2
User 9602,user9602@example.com,City 3
User 9603,user9603@example.com,City 4
User 9604,user9604@example.com,City 5
User 9605,user9605@example.com,City 6
User 9606,user9606@example.com,City 7
User 9607,user9607@example.com,City 8
User 9608,user9608@example.com,City 9
User 9609,user9609@example.com,City 10
User 9610,user9610@example.com,City 1
User 9611,user9611@example.com,City 2
User 9612,user9612@example.com,City 3
User 9613,user9613@example.com,City 4
User 9614,user9614@example.com,City 5
User 9615,user9615@example.com,City 6
User 9616,user9616@example.com,City 7
User 9617,user9617@example.com,City 8
User 9618,user9618@example.com,City 9
User 9619,user9619@example.com,City 10
User 9620,user9620@example.com,City 1
User 9621,user9621@example.com,City 2
User 9622,user9622@example.com,City 3
User 9623,user9623@example.com,City 4
User 9624,user9624@example.com,City 5
User 9625,user9625@example.com,City 6
User 9626,user9626@example.com,City 7
User 9627,user9627@example.com,City 8
User 9628,user9628@example.com,City 9
User 9629,user9629@example.com,City 10
User 9630,user9630@example.com,City 1
User 9631,user9631@example.com,City 2
User 9632,user9632@example.com,City 3
User 9633,user9633@example.com,City 4
User 9634,user9634@example.com,City 5
User 9635,user9635@example.com,City 6
User 9636,user9636@example.com,City 7
User 9637,user9637@example.com,City 8
User 9638,user9638@example.com,City 9
User 9639,user9639@example.com,City 10
User 9640,user9640@example.com,City 1
User 9641,user9641@example.com,City 2
User 9642,user9642@example.com,City 3
User 9643,user9643@example.com,City 4
User 9644,user9644@example.com,City 5
User 9645,user9645@example.com,City 6
User 9646,user9646@example.com,City 7
User 9647,user9647@example.com,City 8
User 9648,user9648@example.com,City 9
User 9649,user9649@example.com,City 10
User 9650,user9650@example.com,City 1
User 9651,user9651@example.com,City 2
User 9652,user9652@example.com,City 3
User 9653,user9653@example.com,City 4
User 9654,user9654@example.com,City 5
User 9655,user9655@example.com,City 6
User 9656,user9656@example.com,City 7
User 9657,user9657@example.com,City 8
User 9658,user9658@example.com,City 9
User 9659,user9659@example.com,City 10
User 9660,user9660@example.com,City 1
User 9661,user9661@example.com,City 2
User 9662,user9662@example.com,City 3
User 9663,user9663@example.com,City 4
User 9664,user9664@example.com,City 5
User 9665,user9665@example.com,City 6
User 9666,user9666@example.com,City 7
User 9667,user9667@example.com,City 8
User 9668,user9668@example.com,City 9
User 9669,user9669@example.com,City 10
User 9670,user9670@example.com,City 1
User 9671,user9671@example.com,City 2
User 9672,user9672@example.com,City 3
User 9673,user9673@example.com,City 4
User 9674,user9674@example.com,City 5
User 9675,user9675@example.com,City 6
User 9676,user9676@example.com,City 7
User 9677,user9677@example.com,City 8
User 9678,user9678@example.com,City 9
User 9679,user9679@example.com,City 10
User 9680,user9680@example.com,City 1
User 9681,user9681@example.com,City 2
User 9682,user9682@example.com,City 3
User 9683,user9683@example.com,City 4
User 9684,user9684@example.com,City 5
User 9685,user9685@example.com,City 6
User 9686,user9686@example.com,City 7
User 9687,user9687@example.com,City 8
User 9688,user9688@example.com,City 9
User 9689,user9689@example.com,City 10
User 9690,user9690@example.com,City 1
User 9691,user9691@example.com,City 2
User 9692,user9692@example.com,City 3
User 9693,user9693@example.com,City 4
User 9694,user9694@example.com,City 5
User 9695,user9695@example.com,City 6
User 9696,user9696@example.com,City 7
User 9697,user9697@example.com,City 8
User 9698,user9698@example.com,City 9
User 9699,user9699@example.com,City 10
User 9700,user9700@example.com,City 1
User 9701,user9701@example.com,City 2
User 9702,user9702@example.com,City 3
User 9703,user9703@example.com,City 4
User 9704,user9704@example.com,City 5
User 9705,user9705@example.com,City 6
User 9706,user9706@example.com,City 7
User 9707,user9707@example.com,City 8
User 9708,user9708@example.com,City 9
User 9709,user9709@example.com,City 10
User 9710,user9710@example.com,City 1
User 9711,user9711@example.com,City 2
User 9712,user9712@example.com,City 3
User 9713,user9713@example.com,City 4
User 9714,user9714@example.com,City 5
User 9715,user9715@example.com,City 6
User 9716,user9716@example.com,City 7
User 9717,user9717@example.com,City 8
User 9718,user9718@example.com,City 9
User 9719,user9719@example.com,City 10
User 9720,user9720@example.com,City 1
User 9721,user9721@example.com,City 2
User 9722,user9722@example.com,City 3
User 9723,user9723@example.com,City 4
User 9724,user9724@example.com,City 5
User 9725,user9725@example.com,City 6
User 9726,user9726@example.com,City 7
User 9727,user9727@example.com,City 8
User 9728,user9728@example.com,City 9
User 9729,user9729@example.com,City 10
User 9730,user9730@example.com,City 1
User 9731,user9731@example.com,City 2
User 9732,user9732@example.com,City 3
User 9733,user9733@example.com,City 4
User 9734,user9734@example.com,City 5
User 9735,user9735@example.com,City 6
User 9736,user9736@example.com,City 7
User 9737,user9737@example.com,City 8
User 9738,user9738@example.com,City 9
User 9739,user9739@example.com,City 10
User 9740,user9740@example.com,City 1
User 9741,user9741@example.com,City 2
User 9742,user9742@example.com,City 3
User 9743,user9743@example.com,City 4
User 9744,user9744@example.com,City 5
User 9745,user9745@example.com,City 6
User 9746,user9746@example.com,City 7
User 9747,user9747@example.com,City 8
User 9748,user9748@example.com,City 9
User 9749,user9749@example.com,City 10
User 9750,user9750@example.com,City 1
User 9751,user9751@example.com,City 2
User 9752,user9752@example.com,City 3
User 9753,user9753@example.com,City 4
User 9754,user9754@example.com,City 5
User 9755,user9755@example.com,City 6
User 9756,user9756@example.com,City 7
User 9757,user9757@example.com,City 8
User 9758,user9758@example.com,City 9
User 9759,user9759@example.com,City 10
User 9760,user9760@example.com,City 1
User 9761,user9761@example.com,City 2
User 9762,user9762@example.com,City 3
User 9763,user9763@example.com,City 4
User 9764,user9764@example.com,City 5
User 9765,user9765@example.com,City 6
User 9766,user9766@example.com,City 7
User 9767,user9767@example.com,City 8
User 9768,user9768@example.com,City 9
User 9769,user9769@example.com,City 10
User 9770,user9770@example.com,City 1
User 9771,user9771@example.com,City 2
User 9772,user9772@example.com,City 3
User 9773,user9773@example.com,City 4
User 9774,user9774@example.com,City 5
User 9775,user9775@example.com,City 6
User 9776,user9776@example.com,City 7
User 9777,user9777@example.com,City 8
User 9778,user9778@example.com,City 9
User 9779,user9779@example.com,City 10
User 9780,user9780@example.com,City 1
User 9781,user9781@example.com,City 2
User 9782,user9782@example.com,City 3
User 9783,user9783@example.com,City 4
User 9784,user9784@example.com,City 5
User 9785,user9785@example.com,City 6
User 9786,user9786@example.com,City 7
User 9787,user9787@example.com,City 8
User 9788,user9788@example.com,City 9
User 9789,user9789@example.com,City 10
User 9790,user9790@example.com,City 1
User 9791,user9791@example.com,City 2
User 9792,user9792@example.com,City 3
User 9793,user9793@example.com,City 4
User 9794,user9794@example.com,City 5
User 9795,user9795@example.com,City 6
User 9796,user9796@example.com,City 7
User 9797,user9797@example.com,City 8
User 9798,user9798@example.com,City 9
User 9799,user9799@example.com,City 10
User 9800,user9800@example.com,City 1
User 9801,user9801@example.com,City 2
User 9802,user9802@example.com,City 3
User 9803,user9803@example.com,City 4
User 9804,user9804@example.com,City 5
User 9805,user9805@example.com,City 6
User 9806,user9806@example.com,City 7
User 9807,user9807@example.com,City 8
User 9808,user9808@example.com,City 9
User 9809,user9809@example.com,City 10
User 9810,user9810@example.com,City 1
User 9811,user9811@example.com,City 2
User 9812,user9812@example.com,City 3
User 9813,user9813@example.com,City 4
User 9814,user9814@example.com,City 5
User 9815,user9815@example.com,City 6
User 9816,user9816@example.com,City 7
User 9817,user9817@example.com,City 8
User 9818,user9818@example.com,City 9
User 9819,user9819@example.com,City 10
User 9820,user9820@example.com,City 1
User 9821,user9821@example.com,City 2
User 9822,user9822@example.com,City 3
User 9823,user9823@example.com,City 4
User 9824,user9824@example.com,City 5
User 9825,user9825@example.com,City 6
User 9826,user9826@example.com,City 7
User 9827,user9827@example.com,City 8
User 9828,user9828@example.com,City 9
User 9829,user9829@example.com,City 10
User 9830,user9830@example.com,City 1
User 9831,user9831@example.com,City 2
User 9832,user9832@example.com,City 3
User 9833,user9833@example.com,City 4
User 9834,user9834@example.com,City 5
User 9835,user9835@example.com,City 6
User 9836,user9836@example.com,City 7
User 9837,user9837@example.com,City 8
User 9838,user9838@example.com,City 9
User 9839,user9839@example.com,City 10
User 9840,user9840@example.com,City 1
User 9841,user9841@example.com,City 2
User 9842,user9842@example.com,City 3
User 9843,user9843@example.com,City 4
User 9844,user9844@example.com,City 5
User 9845,user9845@example.com,City 6
User 9846,user9846@example.com,City 7
User 9847,user9847@example.com,City 8
User 9848,user9848@example.com,City 9
User 9849,user9849@example.com,City 10
User 9850,user9850@example.com,City 1
User 9851,user9851@example.com,City 2
User 9852,user9852@example.com,City 3
User 9853,user9853@example.com,City 4
User 9854,user9854@example.com,City 5
User 9855,user9855@example.com,City 6
User 9856,user9856@example.com,City 7
User 9857,user9857@example.com,City 8
User 9858,user9858@example.com,City 9
User 9859,user9859@example.com,City 10
User 9860,user9860@example.com,City 1
User 9861,user9861@example.com,City 2
User 9862,user9862@example.com,City 3
User 9863,user9863@example.com,City 4
User 9864,user9864@example.com,City 5
User 9865,user9865@example.com,City 6
User 9866,user9866@example.com,City 7
User 9867,user9867@example.com,City 8
User 9868,user9868@example.com,City 9
User 9869,user9869@example.com,City 10
User 9870,user9870@example.com,City 1
User 9871,user9871@example.com,City 2
User 9872,user9872@example.com,City 3
User 9873,user9873@example.com,City 4
User 9874,user9874@example.com,City 5
User 9875,user9875@example.com,City 6
User 9876,user9876@example.com,City 7
User 9877,user9877@example.com,City 8
User 9878,user9878@example.com,City 9
User 9879,user9879@example.com,City 10
User 9880,user9880@example.com,City 1
User 9881,user9881@example.com,City 2
User 9882,user9882@example.com,City 3
User 9883,user9883@example.com,City 4
User 9884,user9884@example.com,City 5
User 9885,user9885@example.com,City 6
User 9886,user9886@example.com,City 7
User 9887,user9887@example.com,City 8
User 9888,user9888@example.com,City 9
User 9889,user9889@example.com,City 10
User 9890,user9890@example.com,City 1
User 9891,user9891@example.com,City 2
User 9892,user9892@example.com,City 3
User 9893,user9893@example.com,City 4
User 9894,user9894@example.com,City 5
User 9895,user9895@example.com,City 6
User 9896,user9896@example.com,City 7
User 9897,user9897@example.com,City 8
User 9898,user9898@example.com,City 9
User 9899,user9899@example.com,City 10
User 9900,user9900@example.com,City 1
User 9901,user9901@example.com,City 2
User 9902,user9902@example.com,City 3
User 9903,user9903@example.com,City 4
User 9904,user9904@example.com,City 5
User 9905,user9905@example.com,City 6
User 9906,user9906@example.com,City 7
User 9907,user9907@example.com,City 8
User 9908,user9908@example.com,City 9
User 9909,user9909@example.com,City 10
User 9910,user9910@example.com,City 1
User 9911,user9911@example.com,City 2
User 9912,user9912@example.com,City 3
User 9913,user9913@example.com,City 4
User 9914,user9914@example.com,City 5
User 9915,user9915@example.com,City 6
User 9916,user9916@example.com,City 7
User 9917,user9917@example.com,City 8
User 9918,user9918@example.com,City 9
User 9919,user9919@example.com,City 10
User 9920,user9920@example.com,City 1
User 9921,user9921@example.com,City 2
User 9922,user9922@example.com,City 3
User 9923,user9923@example.com,City 4
User 9924,user9924@example.com,City 5
User 9925,user9925@example.com,City 6
User 9926,user9926@example.com,City 7
User 9927,user9927@example.com,City 8
User 9928,user9928@example.com,City 9
User 9929,user9929@example.com,City 10
User 9930,user9930@example.com,City 1
User 9931,user9931@example.com,City 2
User 9932,user9932@example.com,City 3
User 9933,user9933@example.com,City 4
User 9934,user9934@example.com,City 5
User 9935,user9935@example.com,City 6
User 9936,user9936@example.com,City 7
User 9937,user9937@example.com,City 8
User 9938,user9938@example.com,City 9
User 9939,user9939@example.com,City 10
User 9940,user9940@example.com,City 1
User 9941,user9941@example.com,City 2
User 9942,user9942@example.com,City 3
User 9943,user9943@example.com,City 4
User 9944,user9944@example.com,City 5
User 9945,user9945@example.com,City 6
User 9946,user9946@example.com,City 7
User 9947,user9947@example.com,City 8
User 9948,user9948@example.com,City 9
User 9949,user9949@example.com,City 10
User 9950,user9950@example.com,City 1
User 9951,user9951@example.com,City 2
User 9952,user9952@example.com,City 3
User 9953,user9953@example.com,City 4
User 9954,user9954@example.com,City 5
User 9955,user9955@example.com,City 6
User 9956,user9956@example.com,City 7
User 9957,user9957@example.com,City 8
User 9958,user9958@example.com,City 9
User 9959,user9959@example.com,City 10
User 9960,user9960@example.com,City 1
User 9961,user9961@example.com,City 2
User 9962,user9962@example.com,City 3
User 9963,user9963@example.com,City 4
User 9964,user9964@example.com,City 5
User 9965,user9965@example.com,City 6
User 9966,user9966@example.com,City 7
User 9967,user9967@example.com,City 8
User 9968,user9968@example.com,City 9
User 9969,user9969@example.com,City 10
User 9970,user9970@example.com,City 1
User 9971,user9971@example.com,City 2
User 9972,user9972@example.com,City 3
User 9973,user9973@example.com,City 4
User 9974,user9974@example.com,City 5
User 9975,user9975@example.com,City 6
User 9976,user9976@example.com,City 7
User 9977,user9977@example.com,City 8
User 9978,user9978@example.com,City 9
User 9979,user9979@example.com,City 10
User 9980,user9980@example.com,City 1
User 9981,user9981@example.com,City 2
User 9982,user9982@example.com,City 3
User 9983,user9983@example.com,City 4
User 9984,user9984@example.com,City 5
User 9985,user9985@example.com,City 6
User 9986,user9986@example.com,City 7
User 9987,user9987@example.com,City 8
User 9988,user9988@example.com,City 9
User 9989,user9989@example.com,City 10
User 9990,user9990@example.com,City 1
User 9991,user9991@example.com,City 2
User 9992,user9992@example.com,City 3
User 9993,user9993@example.com,City 4
User 9994,user9994@example.com,City 5
User 9995,user9995@example.com,City 6
User 9996,user9996@example.com,City 7
User 9997,user9997@example.com,City 8
User 9998,user9998@example.com,City 9
User 9999,user9999@example.com,City 10
User 10000,user10000@example.com,City 1
