name,email,city
User 1,user1@example.com,City 2
User 2,user2@example.com,City 3
User 3,user3@example.com,City 4
User 4,user4@example.com,City 5
User 5,user5@example.com,City 6
User 6,user6@example.com,City 7
User 7,user7@example.com,City 8
User 8,user8@example.com,City 9
User 9,user9@example.com,City 10
User 10,user10@example.com,City 1
User 11,user11@example.com,City 2
User 12,user12@example.com,City 3
User 13,user13@example.com,City 4
User 14,user14@example.com,City 5
User 15,user15@example.com,City 6
User 16,user16@example.com,City 7
User 17,user17@example.com,City 8
User 18,user18@example.com,City 9
User 19,user19@example.com,City 10
User 20,user20@example.com,City 1
User 21,user21@example.com,City 2
User 22,user22@example.com,City 3
User 23,user23@example.com,City 4
User 24,user24@example.com,City 5
User 25,user25@example.com,City 6
User 26,user26@example.com,City 7
User 27,user27@example.com,City 8
User 28,user28@example.com,City 9
User 29,user29@example.com,City 10
User 30,user30@example.com,City 1
User 31,user31@example.com,City 2
User 32,user32@example.com,City 3
User 33,user33@example.com,City 4
User 34,user34@example.com,City 5
User 35,user35@example.com,City 6
User 36,user36@example.com,City 7
User 37,user37@example.com,City 8
User 38,user38@example.com,City 9
User 39,user39@example.com,City 10
User 40,user40@example.com,City 1
User 41,user41@example.com,City 2
User 42,user42@example.com,City 3
User 43,user43@example.com,City 4
User 44,user44@example.com,City 5
User 45,user45@example.com,City 6
User 46,user46@example.com,City 7
User 47,user47@example.com,City 8
User 48,user48@example.com,City 9
User 49,user49@example.com,City 10
User 50,user50@example.com,City 1
User 51,user51@example.com,City 2
User 52,user52@example.com,City 3
User 53,user53@example.com,City 4
User 54,user54@example.com,City 5
User 55,user55@example.com,City 6
User 56,user56@example.com,City 7
User 57,user57@example.com,City 8
User 58,user58@example.com,City 9
User 59,user59@example.com,City 10
User 60,user60@example.com,City 1
User 61,user61@example.com,City 2
User 62,user62@example.com,City 3
User 63,user63@example.com,City 4
User 64,user64@example.com,City 5
User 65,user65@example.com,City 6
User 66,user66@example.com,City 7
User 67,user67@example.com,City 8
User 68,user68@example.com,City 9
User 69,user69@example.com,City 10
User 70,user70@example.com,City 1
User 71,user71@example.com,City 2
User 72,user72@example.com,City 3
User 73,user73@example.com,City 4
User 74,user74@example.com,City 5
User 75,user75@example.com,City 6
User 76,user76@example.com,City 7
User 77,user77@example.com,City 8
User 78,user78@example.com,City 9
User 79,user79@example.com,City 10
User 80,user80@example.com,City 1
User 81,user81@example.com,City 2
User 82,user82@example.com,City 3
User 83,user83@example.com,City 4
User 84,user84@example.com,City 5
User 85,user85@example.com,City 6
User 86,user86@example.com,City 7
User 87,user87@example.com,City 8
User 88,user88@example.com,City 9
User 89,user89@example.com,City 10
User 90,user90@example.com,City 1
User 91,user91@example.com,City 2
User 92,user92@example.com,City 3
User 93,user93@example.com,City 4
User 94,user94@example.com,City 5
User 95,user95@example.com,City 6
User 96,user96@example.com,City 7
User 97,user97@example.com,City 8
User 98,user98@example.com,City 9
User 99,user99@example.com,City 10
User 100,user100@example.com,City 1
User 101,user101@example.com,City 2
User 102,user102@example.com,City 3
User 103,user103@example.com,City 4
User 104,user104@example.com,City 5
User 105,user105@example.com,City 6
User 106,user106@example.com,City 7
User 107,user107@example.com,City 8
User 108,user108@example.com,City 9
User 109,user109@example.com,City 10
User 110,user110@example.com,City 1
User 111,user111@example.com,City 2
User 112,user112@example.com,City 3
User 113,user113@example.com,City 4
User 114,user114@example.com,City 5
User 115,user115@example.com,City 6
User 116,user116@example.com,City 7
User 117,user117@example.com,City 8
User 118,user118@example.com,City 9
User 119,user119@example.com,City 10
User 120,user120@example.com,City 1
User 121,user121@example.com,City 2
User 122,user122@example.com,City 3
User 123,user123@example.com,City 4
User 124,user124@example.com,City 5
User 125,user125@example.com,City 6
User 126,user126@example.com,City 7
User 127,user127@example.com,City 8
User 128,user128@example.com,City 9
User 129,user129@example.com,City 10
User 130,user130@example.com,City 1
User 131,user131@example.com,City 2
User 132,user132@example.com,City 3
User 133,user133@example.com,City 4
User 134,user134@example.com,City 5
User 135,user135@example.com,City 6
User 136,user136@example.com,City 7
User 137,user137@example.com,City 8
User 138,user138@example.com,City 9
User 139,user139@example.com,City 10
User 140,user140@example.com,City 1
User 141,user141@example.com,City 2
User 142,user142@example.com,City 3
User 143,user143@example.com,City 4
User 144,user144@example.com,City 5
User 145,user145@example.com,City 6
User 146,user146@example.com,City 7
User 147,user147@example.com,City 8
User 148,user148@example.com,City 9
User 149,user149@example.com,City 10
User 150,user150@example.com,City 1
User 151,user151@example.com,City 2
User 152,user152@example.com,City 3
User 153,user153@example.com,City 4
User 154,user154@example.com,City 5
User 155,user155@example.com,City 6
User 156,user156@example.com,City 7
User 157,user157@example.com,City 8
User 158,user158@example.com,City 9
User 159,user159@example.com,City 10
User 160,user160@example.com,City 1
User 161,user161@example.com,City 2
User 162,user162@example.com,City 3
User 163,user163@example.com,City 4
User 164,user164@example.com,City 5
User 165,user165@example.com,City 6
User 166,user166@example.com,City 7
User 167,user167@example.com,City 8
User 168,user168@example.com,City 9
User 169,user169@example.com,City 10
User 170,user170@example.com,City 1
User 171,user171@example.com,City 2
User 172,user172@example.com,City 3
User 173,user173@example.com,City 4
User 174,user174@example.com,City 5
User 175,user175@example.com,City 6
User 176,user176@example.com,City 7
User 177,user177@example.com,City 8
User 178,user178@example.com,City 9
User 179,user179@example.com,City 10
User 180,user180@example.com,City 1
User 181,user181@example.com,City 2
User 182,user182@example.com,City 3
User 183,user183@example.com,City 4
User 184,user184@example.com,City 5
User 185,user185@example.com,City 6
User 186,user186@example.com,City 7
User 187,user187@example.com,City 8
User 188,user188@example.com,City 9
User 189,user189@example.com,City 10
User 190,user190@example.com,City 1
User 191,user191@example.com,City 2
User 192,user192@example.com,City 3
User 193,user193@example.com,City 4
User 194,user194@example.com,City 5
User 195,user195@example.com,City 6
User 196,user196@example.com,City 7
User 197,user197@example.com,City 8
User 198,user198@example.com,City 9
User 199,user199@example.com,City 10
User 200,user200@example.com,City 1
User 201,user201@example.com,City 2
User 202,user202@example.com,City 3
User 203,user203@example.com,City 4
User 204,user204@example.com,City 5
User 205,user205@example.com,City 6
User 206,user206@example.com,City 7
User 207,user207@example.com,City 8
User 208,user208@example.com,City 9
User 209,user209@example.com,City 10
User 210,user210@example.com,City 1
User 211,user211@example.com,City 2
User 212,user212@example.com,City 3
User 213,user213@example.com,City 4
User 214,user214@example.com,City 5
User 215,user215@example.com,City 6
User 216,user216@example.com,City 7
User 217,user217@example.com,City 8
User 218,user218@example.com,City 9
User 219,user219@example.com,City 10
User 220,user220@example.com,City 1
User 221,user221@example.com,City 2
User 222,user222@example.com,City 3
User 223,user223@example.com,City 4
User 224,user224@example.com,City 5
User 225,user225@example.com,City 6
User 226,user226@example.com,City 7
User 227,user227@example.com,City 8
User 228,user228@example.com,City 9
User 229,user229@example.com,City 10
User 230,user230@example.com,City 1
User 231,user231@example.com,City 2
User 232,user232@example.com,City 3
User 233,user233@example.com,City 4
User 234,user234@example.com,City 5
User 235,user235@example.com,City 6
User 236,user236@example.com,City 7
User 237,user237@example.com,City 8
User 238,user238@example.com,City 9
User 239,user239@example.com,City 10
User 240,user240@example.com,City 1
User 241,user241@example.com,City 2
User 242,user242@example.com,City 3
User 243,user243@example.com,City 4
User 244,user244@example.com,City 5
User 245,user245@example.com,City 6
User 246,user246@example.com,City 7
User 247,user247@example.com,City 8
User 248,user248@example.com,City 9
User 249,user249@example.com,City 10
User 250,user250@example.com,City 1
User 251,user251@example.com,City 2
User 252,user252@example.com,City 3
User 253,user253@example.com,City 4
User 254,user254@example.com,City 5
User 255,user255@example.com,City 6
User 256,user256@example.com,City 7
User 257,user257@example.com,City 8
User 258,user258@example.com,City 9
User 259,user259@example.com,City 10
User 260,user260@example.com,City 1
User 261,user261@example.com,City 2
User 262,user262@example.com,City 3
User 263,user263@example.com,City 4
User 264,user264@example.com,City 5
User 265,user265@example.com,City 6
User 266,user266@example.com,City 7
User 267,user267@example.com,City 8
User 268,user268@example.com,City 9
User 269,user269@example.com,City 10
User 270,user270@example.com,City 1
User 271,user271@example.com,City 2
User 272,user272@example.com,City 3
User 273,user273@example.com,City 4
User 274,user274@example.com,City 5
User 275,user275@example.com,City 6
User 276,user276@example.com,City 7
User 277,user277@example.com,City 8
User 278,user278@example.com,City 9
User 279,user279@example.com,City 10
User 280,user280@example.com,City 1
User 281,user281@example.com,City 2
User 282,user282@example.com,City 3
User 283,user283@example.com,City 4
User 284,user284@example.com,City 5
User 285,user285@example.com,City 6
User 286,user286@example.com,City 7
User 287,user287@example.com,City 8
User 288,user288@example.com,City 9
User 289,user289@example.com,City 10
User 290,user290@example.com,City 1
User 291,user291@example.com,City 2
User 292,user292@example.com,City 3
User 293,user293@example.com,City 4
User 294,user294@example.com,City 5
User 295,user295@example.com,City 6
User 296,user296@example.com,City 7
User 297,user297@example.com,City 8
User 298,user298@example.com,City 9
User 299,user299@example.com,City 10
User 300,user300@example.com,City 1
User 301,user301@example.com,City 2
User 302,user302@example.com,City 3
User 303,user303@example.com,City 4
User 304,user304@example.com,City 5
User 305,user305@example.com,City 6
User 306,user306@example.com,City 7
User 307,user307@example.com,City 8
User 308,user308@example.com,City 9
User 309,user309@example.com,City 10
User 310,user310@example.com,City 1
User 311,user311@example.com,City 2
User 312,user312@example.com,City 3
User 313,user313@example.com,City 4
User 314,user314@example.com,City 5
User 315,user315@example.com,City 6
User 316,user316@example.com,City 7
User 317,user317@example.com,City 8
User 318,user318@example.com,City 9
User 319,user319@example.com,City 10
User 320,user320@example.com,City 1
User 321,user321@example.com,City 2
User 322,user322@example.com,City 3
User 323,user323@example.com,City 4
User 324,user324@example.com,City 5
User 325,user325@example.com,City 6
User 326,user326@example.com,City 7
User 327,user327@example.com,City 8
User 328,user328@example.com,City 9
User 329,user329@example.com,City 10
User 330,user330@example.com,City 1
User 331,user331@example.com,City 2
User 332,user332@example.com,City 3
User 333,user333@example.com,City 4
User 334,user334@example.com,City 5
User 335,user335@example.com,City 6
User 336,user336@example.com,City 7
User 337,user337@example.com,City 8
User 338,user338@example.com,City 9
User 339,user339@example.com,City 10
User 340,user340@example.com,City 1
User 341,user341@example.com,City 2
User 342,user342@example.com,City 3
User 343,user343@example.com,City 4
User 344,user344@example.com,City 5
User 345,user345@example.com,City 6
User 346,user346@example.com,City 7
User 347,user347@example.com,City 8
User 348,user348@example.com,City 9
User 349,user349@example.com,City 10
User 350,user350@example.com,City 1
User 351,user351@example.com,City 2
User 352,user352@example.com,City 3
User 353,user353@example.com,City 4
User 354,user354@example.com,City 5
User 355,user355@example.com,City 6
User 356,user356@example.com,City 7
User 357,user357@example.com,City 8
User 358,user358@example.com,City 9
User 359,user359@example.com,City 10
User 360,user360@example.com,City 1
User 361,user361@example.com,City 2
User 362,user362@example.com,City 3
User 363,user363@example.com,City 4
User 364,user364@example.com,City 5
User 365,user365@example.com,City 6
User 366,user366@example.com,City 7
User 367,user367@example.com,City 8
User 368,user368@example.com,City 9
User 369,user369@example.com,City 10
User 370,user370@example.com,City 1
User 371,user371@example.com,City 2
User 372,user372@example.com,City 3
User 373,user373@example.com,City 4
User 374,user374@example.com,City 5
User 375,user375@example.com,City 6
User 376,user376@example.com,City 7
User 377,user377@example.com,City 8
User 378,user378@example.com,City 9
User 379,user379@example.com,City 10
User 380,user380@example.com,City 1
User 381,user381@example.com,City 2
User 382,user382@example.com,City 3
User 383,user383@example.com,City 4
User 384,user384@example.com,City 5
User 385,user385@example.com,City 6
User 386,user386@example.com,City 7
User 387,user387@example.com,City 8
User 388,user388@example.com,City 9
User 389,user389@example.com,City 10
User 390,user390@example.com,City 1
User 391,user391@example.com,City 2
User 392,user392@example.com,City 3
User 393,user393@example.com,City 4
User 394,user394@example.com,City 5
User 395,user395@example.com,City 6
User 396,user396@example.com,City 7
User 397,user397@example.com,City 8
User 398,user398@example.com,City 9
User 399,user399@example.com,City 10
User 400,user400@example.com,City 1
User 401,user401@example.com,City 2
User 402,user402@example.com,City 3
User 403,user403@example.com,City 4
User 404,user404@example.com,City 5
User 405,user405@example.com,City 6
User 406,user406@example.com,City 7
User 407,user407@example.com,City 8
User 408,user408@example.com,City 9
User 409,user409@example.com,City 10
User 410,user410@example.com,City 1
User 411,user411@example.com,City 2
User 412,user412@example.com,City 3
User 413,user413@example.com,City 4
User 414,user414@example.com,City 5
User 415,user415@example.com,City 6
User 416,user416@example.com,City 7
User 417,user417@example.com,City 8
User 418,user418@example.com,City 9
User 419,user419@example.com,City 10
User 420,user420@example.com,City 1
User 421,user421@example.com,City 2
User 422,user422@example.com,City 3
User 423,user423@example.com,City 4
User 424,user424@example.com,City 5
User 425,user425@example.com,City 6
User 426,user426@example.com,City 7
User 427,user427@example.com,City 8
User 428,user428@example.com,City 9
User 429,user429@example.com,City 10
User 430,user430@example.com,City 1
User 431,user431@example.com,City 2
User 432,user432@example.com,City 3
User 433,user433@example.com,City 4
User 434,user434@example.com,City 5
User 435,user435@example.com,City 6
User 436,user436@example.com,City 7
User 437,user437@example.com,City 8
User 438,user438@example.com,City 9
User 439,user439@example.com,City 10
User 440,user440@example.com,City 1
User 441,user441@example.com,City 2
User 442,user442@example.com,City 3
User 443,user443@example.com,City 4
User 444,user444@example.com,City 5
User 445,user445@example.com,City 6
User 446,user446@example.com,City 7
User 447,user447@example.com,City 8
User 448,user448@example.com,City 9
User 449,user449@example.com,City 10
User 450,user450@example.com,City 1
User 451,user451@example.com,City 2
User 452,user452@example.com,City 3
User 453,user453@example.com,City 4
User 454,user454@example.com,City 5
User 455,user455@example.com,City 6
User 456,user456@example.com,City 7
User 457,user457@example.com,City 8
User 458,user458@example.com,City 9
User 459,user459@example.com,City 10
User 460,user460@example.com,City 1
User 461,user461@example.com,City 2
User 462,user462@example.com,City 3
User 463,user463@example.com,City 4
User 464,user464@example.com,City 5
User 465,user465@example.com,City 6
User 466,user466@example.com,City 7
User 467,user467@example.com,City 8
User 468,user468@example.com,City 9
User 469,user469@example.com,City 10
User 470,user470@example.com,City 1
User 471,user471@example.com,City 2
User 472,user472@example.com,City 3
User 473,user473@example.com,City 4
User 474,user474@example.com,City 5
User 475,user475@example.com,City 6
User 476,user476@example.com,City 7
User 477,user477@example.com,City 8
User 478,user478@example.com,City 9
User 479,user479@example.com,City 10
User 480,user480@example.com,City 1
User 481,user481@example.com,City 2
User 482,user482@example.com,City 3
User 483,user483@example.com,City 4
User 484,user484@example.com,City 5
User 485,user485@example.com,City 6
User 486,user486@example.com,City 7
User 487,user487@example.com,City 8
User 488,user488@example.com,City 9
User 489,user489@example.com,City 10
User 490,user490@example.com,City 1
User 491,user491@example.com,City 2
User 492,user492@example.com,City 3
User 493,user493@example.com,City 4
User 494,user494@example.com,City 5
User 495,user495@example.com,City 6
User 496,user496@example.com,City 7
User 497,user497@example.com,City 8
User 498,user498@example.com,City 9
User 499,user499@example.com,City 10
User 500,user500@example.com,City 1
User 501,user501@example.com,City 2
User 502,user502@example.com,City 3
User 503,user503@example.com,City 4
User 504,user504@example.com,City 5
User 505,user505@example.com,City 6
User 506,user506@example.com,City 7
User 507,user507@example.com,City 8
User 508,user508@example.com,City 9
User 509,user509@example.com,City 10
User 510,user510@example.com,City 1
User 511,user511@example.com,City 2
User 512,user512@example.com,City 3
User 513,user513@example.com,City 4
User 514,user514@example.com,City 5
User 515,user515@example.com,City 6
User 516,user516@example.com,City 7
User 517,user517@example.com,City 8
User 518,user518@example.com,City 9
User 519,user519@example.com,City 10
User 520,user520@example.com,City 1
User 521,user521@example.com,City 2
User 522,user522@example.com,City 3
User 523,user523@example.com,City 4
User 524,user524@example.com,City 5
User 525,user525@example.com,City 6
User 526,user526@example.com,City 7
User 527,user527@example.com,City 8
User 528,user528@example.com,City 9
User 529,user529@example.com,City 10
User 530,user530@example.com,City 1
User 531,user531@example.com,City 2
User 532,user532@example.com,City 3
User 533,user533@example.com,City 4
User 534,user534@example.com,City 5
User 535,user535@example.com,City 6
User 536,user536@example.com,City 7
User 537,user537@example.com,City 8
User 538,user538@example.com,City 9
User 539,user539@example.com,City 10
User 540,user540@example.com,City 1
User 541,user541@example.com,City 2
User 542,user542@example.com,City 3
User 543,user543@example.com,City 4
User 544,user544@example.com,City 5
User 545,user545@example.com,City 6
User 546,user546@example.com,City 7
User 547,user547@example.com,City 8
User 548,user548@example.com,City 9
User 549,user549@example.com,City 10
User 550,user550@example.com,City 1
User 551,user551@example.com,City 2
User 552,user552@example.com,City 3
User 553,user553@example.com,City 4
User 554,user554@example.com,City 5
User 555,user555@example.com,City 6
User 556,user556@example.com,City 7
User 557,user557@example.com,City 8
User 558,user558@example.com,City 9
User 559,user559@example.com,City 10
User 560,user560@example.com,City 1
User 561,user561@example.com,City 2
User 562,user562@example.com,City 3
User 563,user563@example.com,City 4
User 564,user564@example.com,City 5
User 565,user565@example.com,City 6
User 566,user566@example.com,City 7
User 567,user567@example.com,City 8
User 568,user568@example.com,City 9
User 569,user569@example.com,City 10
User 570,user570@example.com,City 1
User 571,user571@example.com,City 2
User 572,user572@example.com,City 3
User 573,user573@example.com,City 4
User 574,user574@example.com,City 5
User 575,user575@example.com,City 6
User 576,user576@example.com,City 7
User 577,user577@example.com,City 8
User 578,user578@example.com,City 9
User 579,user579@example.com,City 10
User 580,user580@example.com,City 1
User 581,user581@example.com,City 2
User 582,user582@example.com,City 3
User 583,user583@example.com,City 4
User 584,user584@example.com,City 5
User 585,user585@example.com,City 6
User 586,user586@example.com,City 7
User 587,user587@example.com,City 8
User 588,user588@example.com,City 9
User 589,user589@example.com,City 10
User 590,user590@example.com,City 1
User 591,user591@example.com,City 2
User 592,user592@example.com,City 3
User 593,user593@example.com,City 4
User 594,user594@example.com,City 5
User 595,user595@example.com,City 6
User 596,user596@example.com,City 7
User 597,user597@example.com,City 8
User 598,user598@example.com,City 9
User 599,user599@example.com,City 10
User 600,user600@example.com,City 1
User 601,user601@example.com,City 2
User 602,user602@example.com,City 3
User 603,user603@example.com,City 4
User 604,user604@example.com,City 5
User 605,user605@example.com,City 6
User 606,user606@example.com,City 7
User 607,user607@example.com,City 8
User 608,user608@example.com,City 9
User 609,user609@example.com,City 10
User 610,user610@example.com,City 1
User 611,user611@example.com,City 2
User 612,user612@example.com,City 3
User 613,user613@example.com,City 4
User 614,user614@example.com,City 5
User 615,user615@example.com,City 6
User 616,user616@example.com,City 7
User 617,user617@example.com,City 8
User 618,user618@example.com,City 9
User 619,user619@example.com,City 10
User 620,user620@example.com,City 1
User 621,user621@example.com,City 2
User 622,user622@example.com,City 3
User 623,user623@example.com,City 4
User 624,user624@example.com,City 5
User 625,user625@example.com,City 6
User 626,user626@example.com,City 7
User 627,user627@example.com,City 8
User 628,user628@example.com,City 9
User 629,user629@example.com,City 10
User 630,user630@example.com,City 1
User 631,user631@example.com,City 2
User 632,user632@example.com,City 3
User 633,user633@example.com,City 4
User 634,user634@example.com,City 5
User 635,user635@example.com,City 6
User 636,user636@example.com,City 7
User 637,user637@example.com,City 8
User 638,user638@example.com,City 9
User 639,user639@example.com,City 10
User 640,user640@example.com,City 1
User 641,user641@example.com,City 2
User 642,user642@example.com,City 3
User 643,user643@example.com,City 4
User 644,user644@example.com,City 5
User 645,user645@example.com,City 6
User 646,user646@example.com,City 7
User 647,user647@example.com,City 8
User 648,user648@example.com,City 9
User 649,user649@example.com,City 10
User 650,user650@example.com,City 1
User 651,user651@example.com,City 2
User 652,user652@example.com,City 3
User 653,user653@example.com,City 4
User 654,user654@example.com,City 5
User 655,user655@example.com,City 6
User 656,user656@example.com,City 7
User 657,user657@example.com,City 8
User 658,user658@example.com,City 9
User 659,user659@example.com,City 10
User 660,user660@example.com,City 1
User 661,user661@example.com,City 2
User 662,user662@example.com,City 3
User 663,user663@example.com,City 4
User 664,user664@example.com,City 5
User 665,user665@example.com,City 6
User 666,user666@example.com,City 7
User 667,user667@example.com,City 8
User 668,user668@example.com,City 9
User 669,user669@example.com,City 10
User 670,user670@example.com,City 1
User 671,user671@example.com,City 2
User 672,user672@example.com,City 3
User 673,user673@example.com,City 4
User 674,user674@example.com,City 5
User 675,user675@example.com,City 6
User 676,user676@example.com,City 7
User 677,user677@example.com,City 8
User 678,user678@example.com,City 9
User 679,user679@example.com,City 10
User 680,user680@example.com,City 1
User 681,user681@example.com,City 2
User 682,user682@example.com,City 3
User 683,user683@example.com,City 4
User 684,user684@example.com,City 5
User 685,user685@example.com,City 6
User 686,user686@example.com,City 7
User 687,user687@example.com,City 8
User 688,user688@example.com,City 9
User 689,user689@example.com,City 10
User 690,user690@example.com,City 1
User 691,user691@example.com,City 2
User 692,user692@example.com,City 3
User 693,user693@example.com,City 4
User 694,user694@example.com,City 5
User 695,user695@example.com,City 6
User 696,user696@example.com,City 7
User 697,user697@example.com,City 8
User 698,user698@example.com,City 9
User 699,user699@example.com,City 10
User 700,user700@example.com,City 1
User 701,user701@example.com,City 2
User 702,user702@example.com,City 3
User 703,user703@example.com,City 4
User 704,user704@example.com,City 5
User 705,user705@example.com,City 6
User 706,user706@example.com,City 7
User 707,user707@example.com,City 8
User 708,user708@example.com,City 9
User 709,user709@example.com,City 10
User 710,user710@example.com,City 1
User 711,user711@example.com,City 2
User 712,user712@example.com,City 3
User 713,user713@example.com,City 4
User 714,user714@example.com,City 5
User 715,user715@example.com,City 6
User 716,user716@example.com,City 7
User 717,user717@example.com,City 8
User 718,user718@example.com,City 9
User 719,user719@example.com,City 10
User 720,user720@example.com,City 1
User 721,user721@example.com,City 2
User 722,user722@example.com,City 3
User 723,user723@example.com,City 4
User 724,user724@example.com,City 5
User 725,user725@example.com,City 6
User 726,user726@example.com,City 7
User 727,user727@example.com,City 8
User 728,user728@example.com,City 9
User 729,user729@example.com,City 10
User 730,user730@example.com,City 1
User 731,user731@example.com,City 2
User 732,user732@example.com,City 3
User 733,user733@example.com,City 4
User 734,user734@example.com,City 5
User 735,user735@example.com,City 6
User 736,user736@example.com,City 7
User 737,user737@example.com,City 8
User 738,user738@example.com,City 9
User 739,user739@example.com,City 10
User 740,user740@example.com,City 1
User 741,user741@example.com,City 2
User 742,user742@example.com,City 3
User 743,user743@example.com,City 4
User 744,user744@example.com,City 5
User 745,user745@example.com,City 6
User 746,user746@example.com,City 7
User 747,user747@example.com,City 8
User 748,user748@example.com,City 9
User 749,user749@example.com,City 10
User 750,user750@example.com,City 1
User 751,user751@example.com,City 2
User 752,user752@example.com,City 3
User 753,user753@example.com,City 4
User 754,user754@example.com,City 5
User 755,user755@example.com,City 6
User 756,user756@example.com,City 7
User 757,user757@example.com,City 8
User 758,user758@example.com,City 9
User 759,user759@example.com,City 10
User 760,user760@example.com,City 1
User 761,user761@example.com,City 2
User 762,user762@example.com,City 3
User 763,user763@example.com,City 4
User 764,user764@example.com,City 5
User 765,user765@example.com,City 6
User 766,user766@example.com,City 7
User 767,user767@example.com,City 8
User 768,user768@example.com,City 9
User 769,user769@example.com,City 10
User 770,user770@example.com,City 1
User 771,user771@example.com,City 2
User 772,user772@example.com,City 3
User 773,user773@example.com,City 4
User 774,user774@example.com,City 5
User 775,user775@example.com,City 6
User 776,user776@example.com,City 7
User 777,user777@example.com,City 8
User 778,user778@example.com,City 9
User 779,user779@example.com,City 10
User 780,user780@example.com,City 1
User 781,user781@example.com,City 2
User 782,user782@example.com,City 3
User 783,user783@example.com,City 4
User 784,user784@example.com,City 5
User 785,user785@example.com,City 6
User 786,user786@example.com,City 7
User 787,user787@example.com,City 8
User 788,user788@example.com,City 9
User 789,user789@example.com,City 10
User 790,user790@example.com,City 1
User 791,user791@example.com,City 2
User 792,user792@example.com,City 3
User 793,user793@example.com,City 4
User 794,user794@example.com,City 5
User 795,user795@example.com,City 6
User 796,user796@example.com,City 7
User 797,user797@example.com,City 8
User 798,user798@example.com,City 9
User 799,user799@example.com,City 10
User 800,user800@example.com,City 1
User 801,user801@example.com,City 2
User 802,user802@example.com,City 3
User 803,user803@example.com,City 4
User 804,user804@example.com,City 5
User 805,user805@example.com,City 6
User 806,user806@example.com,City 7
User 807,user807@example.com,City 8
User 808,user808@example.com,City 9
User 809,user809@example.com,City 10
User 810,user810@example.com,City 1
User 811,user811@example.com,City 2
User 812,user812@example.com,City 3
User 813,user813@example.com,City 4
User 814,user814@example.com,City 5
User 815,user815@example.com,City 6
User 816,user816@example.com,City 7
User 817,user817@example.com,City 8
User 818,user818@example.com,City 9
User 819,user819@example.com,City 10
User 820,user820@example.com,City 1
User 821,user821@example.com,City 2
User 822,user822@example.com,City 3
User 823,user823@example.com,City 4
User 824,user824@example.com,City 5
User 825,user825@example.com,City 6
User 826,user826@example.com,City 7
User 827,user827@example.com,City 8
User 828,user828@example.com,City 9
User 829,user829@example.com,City 10
User 830,user830@example.com,City 1
User 831,user831@example.com,City 2
User 832,user832@example.com,City 3
User 833,user833@example.com,City 4
User 834,user834@example.com,City 5
User 835,user835@example.com,City 6
User 836,user836@example.com,City 7
User 837,user837@example.com,City 8
User 838,user838@example.com,City 9
User 839,user839@example.com,City 10
User 840,user840@example.com,City 1
User 841,user841@example.com,City 2
User 842,user842@example.com,City 3
User 843,user843@example.com,City 4
User 844,user844@example.com,City 5
User 845,user845@example.com,City 6
User 846,user846@example.com,City 7
User 847,user847@example.com,City 8
User 848,user848@example.com,City 9
User 849,user849@example.com,City 10
User 850,user850@example.com,City 1
User 851,user851@example.com,City 2
User 852,user852@example.com,City 3
User 853,user853@example.com,City 4
User 854,user854@example.com,City 5
User 855,user855@example.com,City 6
User 856,user856@example.com,City 7
User 857,user857@example.com,City 8
User 858,user858@example.com,City 9
User 859,user859@example.com,City 10
User 860,user860@example.com,City 1
User 861,user861@example.com,City 2
User 862,user862@example.com,City 3
User 863,user863@example.com,City 4
User 864,user864@example.com,City 5
User 865,user865@example.com,City 6
User 866,user866@example.com,City 7
User 867,user867@example.com,City 8
User 868,user868@example.com,City 9
User 869,user869@example.com,City 10
User 870,user870@example.com,City 1
User 871,user871@example.com,City 2
User 872,user872@example.com,City 3
User 873,user873@example.com,City 4
User 874,user874@example.com,City 5
User 875,user875@example.com,City 6
User 876,user876@example.com,City 7
User 877,user877@example.com,City 8
User 878,user878@example.com,City 9
User 879,user879@example.com,City 10
User 880,user880@example.com,City 1
User 881,user881@example.com,City 2
User 882,user882@example.com,City 3
User 883,user883@example.com,City 4
User 884,user884@example.com,City 5
User 885,user885@example.com,City 6
User 886,user886@example.com,City 7
User 887,user887@example.com,City 8
User 888,user888@example.com,City 9
User 889,user889@example.com,City 10
User 890,user890@example.com,City 1
User 891,user891@example.com,City 2
User 892,user892@example.com,City 3
User 893,user893@example.com,City 4
User 894,user894@example.com,City 5
User 895,user895@example.com,City 6
User 896,user896@example.com,City 7
User 897,user897@example.com,City 8
User 898,user898@example.com,City 9
User 899,user899@example.com,City 10
User 900,user900@example.com,City 1
User 901,user901@example.com,City 2
User 902,user902@example.com,City 3
User 903,user903@example.com,City 4
User 904,user904@example.com,City 5
User 905,user905@example.com,City 6
User 906,user906@example.com,City 7
User 907,user907@example.com,City 8
User 908,user908@example.com,City 9
User 909,user909@example.com,City 10
User 910,user910@example.com,City 1
User 911,user911@example.com,City 2
User 912,user912@example.com,City 3
User 913,user913@example.com,City 4
User 914,user914@example.com,City 5
User 915,user915@example.com,City 6
User 916,user916@example.com,City 7
User 917,user917@example.com,City 8
User 918,user918@example.com,City 9
User 919,user919@example.com,City 10
User 920,user920@example.com,City 1
User 921,user921@example.com,City 2
User 922,user922@example.com,City 3
User 923,user923@example.com,City 4
User 924,user924@example.com,City 5
User 925,user925@example.com,City 6
User 926,user926@example.com,City 7
User 927,user927@example.com,City 8
User 928,user928@example.com,City 9
User 929,user929@example.com,City 10
User 930,user930@example.com,City 1
User 931,user931@example.com,City 2
User 932,user932@example.com,City 3
User 933,user933@example.com,City 4
User 934,user934@example.com,City 5
User 935,user935@example.com,City 6
User 936,user936@example.com,City 7
User 937,user937@example.com,City 8
User 938,user938@example.com,City 9
User 939,user939@example.com,City 10
User 940,user940@example.com,City 1
User 941,user941@example.com,City 2
User 942,user942@example.com,City 3
User 943,user943@example.com,City 4
User 944,user944@example.com,City 5
User 945,user945@example.com,City 6
User 946,user946@example.com,City 7
User 947,user947@example.com,City 8
User 948,user948@example.com,City 9
User 949,user949@example.com,City 10
User 950,user950@example.com,City 1
User 951,user951@example.com,City 2
User 952,user952@example.com,City 3
User 953,user953@example.com,City 4
User 954,user954@example.com,City 5
User 955,user955@example.com,City 6
User 956,user956@example.com,City 7
User 957,user957@example.com,City 8
User 958,user958@example.com,City 9
User 959,user959@example.com,City 10
User 960,user960@example.com,City 1
User 961,user961@example.com,City 2
User 962,user962@example.com,City 3
User 963,user963@example.com,City 4
User 964,user964@example.com,City 5
User 965,user965@example.com,City 6
User 966,user966@example.com,City 7
User 967,user967@example.com,City 8
User 968,user968@example.com,City 9
User 969,user969@example.com,City 10
User 970,user970@example.com,City 1
User 971,user971@example.com,City 2
User 972,user972@example.com,City 3
User 973,user973@example.com,City 4
User 974,user974@example.com,City 5
User 975,user975@example.com,City 6
User 976,user976@example.com,City 7
User 977,user977@example.com,City 8
User 978,user978@example.com,City 9
User 979,user979@example.com,City 10
User 980,user980@example.com,City 1
User 981,user981@example.com,City 2
User 982,user982@example.com,City 3
User 983,user983@example.com,City 4
User 984,user984@example.com,City 5
User 985,user985@example.com,City 6
User 986,user986@example.com,City 7
User 987,user987@example.com,City 8
User 988,user988@example.com,City 9
User 989,user989@example.com,City 10
User 990,user990@example.com,City 1
User 991,user991@example.com,City 2
User 992,user992@example.com,City 3
User 993,user993@example.com,City 4
User 994,user994@example.com,City 5
User 995,user995@example.com,City 6
User 996,user996@example.com,City 7
User 997,user997@example.com,City 8
User 998,user998@example.com,City 9
User 999,user999@example.com,City 10
User 1000,user1000@example.com,City 1
User 1001,user1001@example.com,City 2
User 1002,user1002@example.com,City 3
User 1003,user1003@example.com,City 4
User 1004,user1004@example.com,City 5
User 1005,user1005@example.com,City 6
User 1006,user1006@example.com,City 7
User 1007,user1007@example.com,City 8
User 1008,user1008@example.com,City 9
User 1009,user1009@example.com,City 10
User 1010,user1010@example.com,City 1
User 1011,user1011@example.com,City 2
User 1012,user1012@example.com,City 3
User 1013,user1013@example.com,City 4
User 1014,user1014@example.com,City 5
User 1015,user1015@example.com,City 6
User 1016,user1016@example.com,City 7
User 1017,user1017@example.com,City 8
User 1018,user1018@example.com,City 9
User 1019,user1019@example.com,City 10
User 1020,user1020@example.com,City 1
User 1021,user1021@example.com,City 2
User 1022,user1022@example.com,City 3
User 1023,user1023@example.com,City 4
User 1024,user1024@example.com,City 5
User 1025,user1025@example.com,City 6
User 1026,user1026@example.com,City 7
User 1027,user1027@example.com,City 8
User 1028,user1028@example.com,City 9
User 1029,user1029@example.com,City 10
User 1030,user1030@example.com,City 1
User 1031,user1031@example.com,City 2
User 1032,user1032@example.com,City 3
User 1033,user1033@example.com,City 4
User 1034,user1034@example.com,City 5
User 1035,user1035@example.com,City 6
User 1036,user1036@example.com,City 7
User 1037,user1037@example.com,City 8
User 1038,user1038@example.com,City 9
User 1039,user1039@example.com,City 10
User 1040,user1040@example.com,City 1
User 1041,user1041@example.com,City 2
User 1042,user1042@example.com,City 3
User 1043,user1043@example.com,City 4
User 1044,user1044@example.com,City 5
User 1045,user1045@example.com,City 6
User 1046,user1046@example.com,City 7
User 1047,user1047@example.com,City 8
User 1048,user1048@example.com,City 9
User 1049,user1049@example.com,City 10
User 1050,user1050@example.com,City 1
User 1051,user1051@example.com,City 2
User 1052,user1052@example.com,City 3
User 1053,user1053@example.com,City 4
User 1054,user1054@example.com,City 5
User 1055,user1055@example.com,City 6
User 1056,user1056@example.com,City 7
User 1057,user1057@example.com,City 8
User 1058,user1058@example.com,City 9
User 1059,user1059@example.com,City 10
User 1060,user1060@example.com,City 1
User 1061,user1061@example.com,City 2
User 1062,user1062@example.com,City 3
User 1063,user1063@example.com,City 4
User 1064,user1064@example.com,City 5
User 1065,user1065@example.com,City 6
User 1066,user1066@example.com,City 7
User 1067,user1067@example.com,City 8
User 1068,user1068@example.com,City 9
User 1069,user1069@example.com,City 10
User 1070,user1070@example.com,City 1
User 1071,user1071@example.com,City 2
User 1072,user1072@example.com,City 3
User 1073,user1073@example.com,City 4
User 1074,user1074@example.com,City 5
User 1075,user1075@example.com,City 6
User 1076,user1076@example.com,City 7
User 1077,user1077@example.com,City 8
User 1078,user1078@example.com,City 9
User 1079,user1079@example.com,City 10
User 1080,user1080@example.com,City 1
User 1081,user1081@example.com,City 2
User 1082,user1082@example.com,City 3
User 1083,user1083@example.com,City 4
User 1084,user1084@example.com,City 5
User 1085,user1085@example.com,City 6
User 1086,user1086@example.com,City 7
User 1087,user1087@example.com,City 8
User 1088,user1088@example.com,City 9
User 1089,user1089@example.com,City 10
User 1090,user1090@example.com,City 1
User 1091,user1091@example.com,City 2
User 1092,user1092@example.com,City 3
User 1093,user1093@example.com,City 4
User 1094,user1094@example.com,City 5
User 1095,user1095@example.com,City 6
User 1096,user1096@example.com,City 7
User 1097,user1097@example.com,City 8
User 1098,user1098@example.com,City 9
User 1099,user1099@example.com,City 10
User 1100,user1100@example.com,City 1
User 1101,user1101@example.com,City 2
User 1102,user1102@example.com,City 3
User 1103,user1103@example.com,City 4
User 1104,user1104@example.com,City 5
User 1105,user1105@example.com,City 6
User 1106,user1106@example.com,City 7
User 1107,user1107@example.com,City 8
User 1108,user1108@example.com,City 9
User 1109,user1109@example.com,City 10
User 1110,user1110@example.com,City 1
User 1111,user1111@example.com,City 2
User 1112,user1112@example.com,City 3
User 1113,user1113@example.com,City 4
User 1114,user1114@example.com,City 5
User 1115,user1115@example.com,City 6
User 1116,user1116@example.com,City 7
User 1117,user1117@example.com,City 8
User 1118,user1118@example.com,City 9
User 1119,user1119@example.com,City 10
User 1120,user1120@example.com,City 1
User 1121,user1121@example.com,City 2
User 1122,user1122@example.com,City 3
User 1123,user1123@example.com,City 4
User 1124,user1124@example.com,City 5
User 1125,user1125@example.com,City 6
User 1126,user1126@example.com,City 7
User 1127,user1127@example.com,City 8
User 1128,user1128@example.com,City 9
User 1129,user1129@example.com,City 10
User 1130,user1130@example.com,City 1
User 1131,user1131@example.com,City 2
User 1132,user1132@example.com,City 3
User 1133,user1133@example.com,City 4
User 1134,user1134@example.com,City 5
User 1135,user1135@example.com,City 6
User 1136,user1136@example.com,City 7
User 1137,user1137@example.com,City 8
User 1138,user1138@example.com,City 9
User 1139,user1139@example.com,City 10
User 1140,user1140@example.com,City 1
User 1141,user1141@example.com,City 2
User 1142,user1142@example.com,City 3
User 1143,user1143@example.com,City 4
User 1144,user1144@example.com,City 5
User 1145,user1145@example.com,City 6
User 1146,user1146@example.com,City 7
User 1147,user1147@example.com,City 8
User 1148,user1148@example.com,City 9
User 1149,user1149@example.com,City 10
User 1150,user1150@example.com,City 1
User 1151,user1151@example.com,City 2
User 1152,user1152@example.com,City 3
User 1153,user1153@example.com,City 4
User 1154,user1154@example.com,City 5
User 1155,user1155@example.com,City 6
User 1156,user1156@example.com,City 7
User 1157,user1157@example.com,City 8
User 1158,user1158@example.com,City 9
User 1159,user1159@example.com,City 10
User 1160,user1160@example.com,City 1
User 1161,user1161@example.com,City 2
User 1162,user1162@example.com,City 3
User 1163,user1163@example.com,City 4
User 1164,user1164@example.com,City 5
User 1165,user1165@example.com,City 6
User 1166,user1166@example.com,City 7
User 1167,user1167@example.com,City 8
User 1168,user1168@example.com,City 9
User 1169,user1169@example.com,City 10
User 1170,user1170@example.com,City 1
User 1171,user1171@example.com,City 2
User 1172,user1172@example.com,City 3
User 1173,user1173@example.com,City 4
User 1174,user1174@example.com,City 5
User 1175,user1175@example.com,City 6
User 1176,user1176@example.com,City 7
User 1177,user1177@example.com,City 8
User 1178,user1178@example.com,City 9
User 1179,user1179@example.com,City 10
User 1180,user1180@example.com,City 1
User 1181,user1181@example.com,City 2
User 1182,user1182@example.com,City 3
User 1183,user1183@example.com,City 4
User 1184,user1184@example.com,City 5
User 1185,user1185@example.com,City 6
User 1186,user1186@example.com,City 7
User 1187,user1187@example.com,City 8
User 1188,user1188@example.com,City 9
User 1189,user1189@example.com,City 10
User 1190,user1190@example.com,City 1
User 1191,user1191@example.com,City 2
User 1192,user1192@example.com,City 3
User 1193,user1193@example.com,City 4
User 1194,user1194@example.com,City 5
User 1195,user1195@example.com,City 6
User 1196,user1196@example.com,City 7
User 1197,user1197@example.com,City 8
User 1198,user1198@example.com,City 9
User 1199,user1199@example.com,City 10
User 1200,user1200@example.com,City 1
User 1201,user1201@example.com,City 2
User 1202,user1202@example.com,City 3
User 1203,user1203@example.com,City 4
User 1204,user1204@example.com,City 5
User 1205,user1205@example.com,City 6
User 1206,user1206@example.com,City 7
User 1207,user1207@example.com,City 8
User 1208,user1208@example.com,City 9
User 1209,user1209@example.com,City 10
User 1210,user1210@example.com,City 1
User 1211,user1211@example.com,City 2
User 1212,user1212@example.com,City 3
User 1213,user1213@example.com,City 4
User 1214,user1214@example.com,City 5
User 1215,user1215@example.com,City 6
User 1216,user1216@example.com,City 7
User 1217,user1217@example.com,City 8
User 1218,user1218@example.com,City 9
User 1219,user1219@example.com,City 10
User 1220,user1220@example.com,City 1
User 1221,user1221@example.com,City 2
User 1222,user1222@example.com,City 3
User 1223,user1223@example.com,City 4
User 1224,user1224@example.com,City 5
User 1225,user1225@example.com,City 6
User 1226,user1226@example.com,City 7
User 1227,user1227@example.com,City 8
User 1228,user1228@example.com,City 9
User 1229,user1229@example.com,City 10
User 1230,user1230@example.com,City 1
User 1231,user1231@example.com,City 2
User 1232,user1232@example.com,City 3
User 1233,user1233@example.com,City 4
User 1234,user1234@example.com,City 5
User 1235,user1235@example.com,City 6
User 1236,user1236@example.com,City 7
User 1237,user1237@example.com,City 8
User 1238,user1238@example.com,City 9
User 1239,user1239@example.com,City 10
User 1240,user1240@example.com,City 1
User 1241,user1241@example.com,City 2
User 1242,user1242@example.com,City 3
User 1243,user1243@example.com,City 4
User 1244,user1244@example.com,City 5
User 1245,user1245@example.com,City 6
User 1246,user1246@example.com,City 7
User 1247,user1247@example.com,City 8
User 1248,user1248@example.com,City 9
User 1249,user1249@example.com,City 10
User 1250,user1250@example.com,City 1
User 1251,user1251@example.com,City 2
User 1252,user1252@example.com,City 3
User 1253,user1253@example.com,City 4
User 1254,user1254@example.com,City 5
User 1255,user1255@example.com,City 6
User 1256,user1256@example.com,City 7
User 1257,user1257@example.com,City 8
User 1258,user1258@example.com,City 9
User 1259,user1259@example.com,City 10
User 1260,user1260@example.com,City 1
User 1261,user1261@example.com,City 2
User 1262,user1262@example.com,City 3
User 1263,user1263@example.com,City 4
User 1264,user1264@example.com,City 5
User 1265,user1265@example.com,City 6
User 1266,user1266@example.com,City 7
User 1267,user1267@example.com,City 8
User 1268,user1268@example.com,City 9
User 1269,user1269@example.com,City 10
User 1270,user1270@example.com,City 1
User 1271,user1271@example.com,City 2
User 1272,user1272@example.com,City 3
User 1273,user1273@example.com,City 4
User 1274,user1274@example.com,City 5
User 1275,user1275@example.com,City 6
User 1276,user1276@example.com,City 7
User 1277,user1277@example.com,City 8
User 1278,user1278@example.com,City 9
User 1279,user1279@example.com,City 10
User 1280,user1280@example.com,City 1
User 1281,user1281@example.com,City 2
User 1282,user1282@example.com,City 3
User 1283,user1283@example.com,City 4
User 1284,user1284@example.com,City 5
User 1285,user1285@example.com,City 6
User 1286,user1286@example.com,City 7
User 1287,user1287@example.com,City 8
User 1288,user1288@example.com,City 9
User 1289,user1289@example.com,City 10
User 1290,user1290@example.com,City 1
User 1291,user1291@example.com,City 2
User 1292,user1292@example.com,City 3
User 1293,user1293@example.com,City 4
User 1294,user1294@example.com,City 5
User 1295,user1295@example.com,City 6
User 1296,user1296@example.com,City 7
User 1297,user1297@example.com,City 8
User 1298,user1298@example.com,City 9
User 1299,user1299@example.com,City 10
User 1300,user1300@example.com,City 1
User 1301,user1301@example.com,City 2
User 1302,user1302@example.com,City 3
User 1303,user1303@example.com,City 4
User 1304,user1304@example.com,City 5
User 1305,user1305@example.com,City 6
User 1306,user1306@example.com,City 7
User 1307,user1307@example.com,City 8
User 1308,user1308@example.com,City 9
User 1309,user1309@example.com,City 10
User 1310,user1310@example.com,City 1
User 1311,user1311@example.com,City 2
User 1312,user1312@example.com,City 3
User 1313,user1313@example.com,City 4
User 1314,user1314@example.com,City 5
User 1315,user1315@example.com,City 6
User 1316,user1316@example.com,City 7
User 1317,user1317@example.com,City 8
User 1318,user1318@example.com,City 9
User 1319,user1319@example.com,City 10
User 1320,user1320@example.com,City 1
User 1321,user1321@example.com,City 2
User 1322,user1322@example.com,City 3
User 1323,user1323@example.com,City 4
User 1324,user1324@example.com,City 5
User 1325,user1325@example.com,City 6
User 1326,user1326@example.com,City 7
User 1327,user1327@example.com,City 8
User 1328,user1328@example.com,City 9
User 1329,user1329@example.com,City 10
User 1330,user1330@example.com,City 1
User 1331,user1331@example.com,City 2
User 1332,user1332@example.com,City 3
User 1333,user1333@example.com,City 4
User 1334,user1334@example.com,City 5
User 1335,user1335@example.com,City 6
User 1336,user1336@example.com,City 7
User 1337,user1337@example.com,City 8
User 1338,user1338@example.com,City 9
User 1339,user1339@example.com,City 10
User 1340,user1340@example.com,City 1
User 1341,user1341@example.com,City 2
User 1342,user1342@example.com,City 3
User 1343,user1343@example.com,City 4
User 1344,user1344@example.com,City 5
User 1345,user1345@example.com,City 6
User 1346,user1346@example.com,City 7
User 1347,user1347@example.com,City 8
User 1348,user1348@example.com,City 9
User 1349,user1349@example.com,City 10
User 1350,user1350@example.com,City 1
User 1351,user1351@example.com,City 2
User 1352,user1352@example.com,City 3
User 1353,user1353@example.com,City 4
User 1354,user1354@example.com,City 5
User 1355,user1355@example.com,City 6
User 1356,user1356@example.com,City 7
User 1357,user1357@example.com,City 8
User 1358,user1358@example.com,City 9
User 1359,user1359@example.com,City 10
User 1360,user1360@example.com,City 1
User 1361,user1361@example.com,City 2
User 1362,user1362@example.com,City 3
User 1363,user1363@example.com,City 4
User 1364,user1364@example.com,City 5
User 1365,user1365@example.com,City 6
User 1366,user1366@example.com,City 7
User 1367,user1367@example.com,City 8
User 1368,user1368@example.com,City 9
User 1369,user1369@example.com,City 10
User 1370,user1370@example.com,City 1
User 1371,user1371@example.com,City 2
User 1372,user1372@example.com,City 3
User 1373,user1373@example.com,City 4
User 1374,user1374@example.com,City 5
User 1375,user1375@example.com,City 6
User 1376,user1376@example.com,City 7
User 1377,user1377@example.com,City 8
User 1378,user1378@example.com,City 9
User 1379,user1379@example.com,City 10
User 1380,user1380@example.com,City 1
User 1381,user1381@example.com,City 2
User 1382,user1382@example.com,City 3
User 1383,user1383@example.com,City 4
User 1384,user1384@example.com,City 5
User 1385,user1385@example.com,City 6
User 1386,user1386@example.com,City 7
User 1387,user1387@example.com,City 8
User 1388,user1388@example.com,City 9
User 1389,user1389@example.com,City 10
User 1390,user1390@example.com,City 1
User 1391,user1391@example.com,City 2
User 1392,user1392@example.com,City 3
User 1393,user1393@example.com,City 4
User 1394,user1394@example.com,City 5
User 1395,user1395@example.com,City 6
User 1396,user1396@example.com,City 7
User 1397,user1397@example.com,City 8
User 1398,user1398@example.com,City 9
User 1399,user1399@example.com,City 10
User 1400,user1400@example.com,City 1
User 1401,user1401@example.com,City 2
User 1402,user1402@example.com,City 3
User 1403,user1403@example.com,City 4
User 1404,user1404@example.com,City 5
User 1405,user1405@example.com,City 6
User 1406,user1406@example.com,City 7
User 1407,user1407@example.com,City 8
User 1408,user1408@example.com,City 9
User 1409,user1409@example.com,City 10
User 1410,user1410@example.com,City 1
User 1411,user1411@example.com,City 2
User 1412,user1412@example.com,City 3
User 1413,user1413@example.com,City 4
User 1414,user1414@example.com,City 5
User 1415,user1415@example.com,City 6
User 1416,user1416@example.com,City 7
User 1417,user1417@example.com,City 8
User 1418,user1418@example.com,City 9
User 1419,user1419@example.com,City 10
User 1420,user1420@example.com,City 1
User 1421,user1421@example.com,City 2
User 1422,user1422@example.com,City 3
User 1423,user1423@example.com,City 4
User 1424,user1424@example.com,City 5
User 1425,user1425@example.com,City 6
User 1426,user1426@example.com,City 7
User 1427,user1427@example.com,City 8
User 1428,user1428@example.com,City 9
User 1429,user1429@example.com,City 10
User 1430,user1430@example.com,City 1
User 1431,user1431@example.com,City 2
User 1432,user1432@example.com,City 3
User 1433,user1433@example.com,City 4
User 1434,user1434@example.com,City 5
User 1435,user1435@example.com,City 6
User 1436,user1436@example.com,City 7
User 1437,user1437@example.com,City 8
User 1438,user1438@example.com,City 9
User 1439,user1439@example.com,City 10
User 1440,user1440@example.com,City 1
User 1441,user1441@example.com,City 2
User 1442,user1442@example.com,City 3
User 1443,user1443@example.com,City 4
User 1444,user1444@example.com,City 5
User 1445,user1445@example.com,City 6
User 1446,user1446@example.com,City 7
User 1447,user1447@example.com,City 8
User 1448,user1448@example.com,City 9
User 1449,user1449@example.com,City 10
User 1450,user1450@example.com,City 1
User 1451,user1451@example.com,City 2
User 1452,user1452@example.com,City 3
User 1453,user1453@example.com,City 4
User 1454,user1454@example.com,City 5
User 1455,user1455@example.com,City 6
User 1456,user1456@example.com,City 7
User 1457,user1457@example.com,City 8
User 1458,user1458@example.com,City 9
User 1459,user1459@example.com,City 10
User 1460,user1460@example.com,City 1
User 1461,user1461@example.com,City 2
User 1462,user1462@example.com,City 3
User 1463,user1463@example.com,City 4
User 1464,user1464@example.com,City 5
User 1465,user1465@example.com,City 6
User 1466,user1466@example.com,City 7
User 1467,user1467@example.com,City 8
User 1468,user1468@example.com,City 9
User 1469,user1469@example.com,City 10
User 1470,user1470@example.com,City 1
User 1471,user1471@example.com,City 2
User 1472,user1472@example.com,City 3
User 1473,user1473@example.com,City 4
User 1474,user1474@example.com,City 5
User 1475,user1475@example.com,City 6
User 1476,user1476@example.com,City 7
User 1477,user1477@example.com,City 8
User 1478,user1478@example.com,City 9
User 1479,user1479@example.com,City 10
User 1480,user1480@example.com,City 1
User 1481,user1481@example.com,City 2
User 1482,user1482@example.com,City 3
User 1483,user1483@example.com,City 4
User 1484,user1484@example.com,City 5
User 1485,user1485@example.com,City 6
User 1486,user1486@example.com,City 7
User 1487,user1487@example.com,City 8
User 1488,user1488@example.com,City 9
User 1489,user1489@example.com,City 10
User 1490,user1490@example.com,City 1
User 1491,user1491@example.com,City 2
User 1492,user1492@example.com,City 3
User 1493,user1493@example.com,City 4
User 1494,user1494@example.com,City 5
User 1495,user1495@example.com,City 6
User 1496,user1496@example.com,City 7
User 1497,user1497@example.com,City 8
User 1498,user1498@example.com,City 9
User 1499,user1499@example.com,City 10
User 1500,user1500@example.com,City 1
User 1501,user1501@example.com,City 2
User 1502,user1502@example.com,City 3
User 1503,user1503@example.com,City 4
User 1504,user1504@example.com,City 5
User 1505,user1505@example.com,City 6
User 1506,user1506@example.com,City 7
User 1507,user1507@example.com,City 8
User 1508,user1508@example.com,City 9
User 1509,user1509@example.com,City 10
User 1510,user1510@example.com,City 1
User 1511,user1511@example.com,City 2
User 1512,user1512@example.com,City 3
User 1513,user1513@example.com,City 4
User 1514,user1514@example.com,City 5
User 1515,user1515@example.com,City 6
User 1516,user1516@example.com,City 7
User 1517,user1517@example.com,City 8
User 1518,user1518@example.com,City 9
User 1519,user1519@example.com,City 10
User 1520,user1520@example.com,City 1
User 1521,user1521@example.com,City 2
User 1522,user1522@example.com,City 3
User 1523,user1523@example.com,City 4
User 1524,user1524@example.com,City 5
User 1525,user1525@example.com,City 6
User 1526,user1526@example.com,City 7
User 1527,user1527@example.com,City 8
User 1528,user1528@example.com,City 9
User 1529,user1529@example.com,City 10
User 1530,user1530@example.com,City 1
User 1531,user1531@example.com,City 2
User 1532,user1532@example.com,City 3
User 1533,user1533@example.com,City 4
User 1534,user1534@example.com,City 5
User 1535,user1535@example.com,City 6
User 1536,user1536@example.com,City 7
User 1537,user1537@example.com,City 8
User 1538,user1538@example.com,City 9
User 1539,user1539@example.com,City 10
User 1540,user1540@example.com,City 1
User 1541,user1541@example.com,City 2
User 1542,user1542@example.com,City 3
User 1543,user1543@example.com,City 4
User 1544,user1544@example.com,City 5
User 1545,user1545@example.com,City 6
User 1546,user1546@example.com,City 7
User 1547,user1547@example.com,City 8
User 1548,user1548@example.com,City 9
User 1549,user1549@example.com,City 10
User 1550,user1550@example.com,City 1
User 1551,user1551@example.com,City 2
User 1552,user1552@example.com,City 3
User 1553,user1553@example.com,City 4
User 1554,user1554@example.com,City 5
User 1555,user1555@example.com,City 6
User 1556,user1556@example.com,City 7
User 1557,user1557@example.com,City 8
User 1558,user1558@example.com,City 9
User 1559,user1559@example.com,City 10
User 1560,user1560@example.com,City 1
User 1561,user1561@example.com,City 2
User 1562,user1562@example.com,City 3
User 1563,user1563@example.com,City 4
User 1564,user1564@example.com,City 5
User 1565,user1565@example.com,City 6
User 1566,user1566@example.com,City 7
User 1567,user1567@example.com,City 8
User 1568,user1568@example.com,City 9
User 1569,user1569@example.com,City 10
User 1570,user1570@example.com,City 1
User 1571,user1571@example.com,City 2
User 1572,user1572@example.com,City 3
User 1573,user1573@example.com,City 4
User 1574,user1574@example.com,City 5
User 1575,user1575@example.com,City 6
User 1576,user1576@example.com,City 7
User 1577,user1577@example.com,City 8
User 1578,user1578@example.com,City 9
User 1579,user1579@example.com,City 10
User 1580,user1580@example.com,City 1
User 1581,user1581@example.com,City 2
User 1582,user1582@example.com,City 3
User 1583,user1583@example.com,City 4
User 1584,user1584@example.com,City 5
User 1585,user1585@example.com,City 6
User 1586,user1586@example.com,City 7
User 1587,user1587@example.com,City 8
User 1588,user1588@example.com,City 9
User 1589,user1589@example.com,City 10
User 1590,user1590@example.com,City 1
User 1591,user1591@example.com,City 2
User 1592,user1592@example.com,City 3
User 1593,user1593@example.com,City 4
User 1594,user1594@example.com,City 5
User 1595,user1595@example.com,City 6
User 1596,user1596@example.com,City 7
User 1597,user1597@example.com,City 8
User 1598,user1598@example.com,City 9
User 1599,user1599@example.com,City 10
User 1600,user1600@example.com,City 1
User 1601,user1601@example.com,City 2
User 1602,user1602@example.com,City 3
User 1603,user1603@example.com,City 4
User 1604,user1604@example.com,City 5
User 1605,user1605@example.com,City 6
User 1606,user1606@example.com,City 7
User 1607,user1607@example.com,City 8
User 1608,user1608@example.com,City 9
User 1609,user1609@example.com,City 10
User 1610,user1610@example.com,City 1
User 1611,user1611@example.com,City 2
User 1612,user1612@example.com,City 3
User 1613,user1613@example.com,City 4
User 1614,user1614@example.com,City 5
User 1615,user1615@example.com,City 6
User 1616,user1616@example.com,City 7
User 1617,user1617@example.com,City 8
User 1618,user1618@example.com,City 9
User 1619,user1619@example.com,City 10
User 1620,user1620@example.com,City 1
User 1621,user1621@example.com,City 2
User 1622,user1622@example.com,City 3
User 1623,user1623@example.com,City 4
User 1624,user1624@example.com,City 5
User 1625,user1625@example.com,City 6
User 1626,user1626@example.com,City 7
User 1627,user1627@example.com,City 8
User 1628,user1628@example.com,City 9
User 1629,user1629@example.com,City 10
User 1630,user1630@example.com,City 1
User 1631,user1631@example.com,City 2
User 1632,user1632@example.com,City 3
User 1633,user1633@example.com,City 4
User 1634,user1634@example.com,City 5
User 1635,user1635@example.com,City 6
User 1636,user1636@example.com,City 7
User 1637,user1637@example.com,City 8
User 1638,user1638@example.com,City 9
User 1639,user1639@example.com,City 10
User 1640,user1640@example.com,City 1
User 1641,user1641@example.com,City 2
User 1642,user1642@example.com,City 3
User 1643,user1643@example.com,City 4
User 1644,user1644@example.com,City 5
User 1645,user1645@example.com,City 6
User 1646,user1646@example.com,City 7
User 1647,user1647@example.com,City 8
User 1648,user1648@example.com,City 9
User 1649,user1649@example.com,City 10
User 1650,user1650@example.com,City 1
User 1651,user1651@example.com,City 2
User 1652,user1652@example.com,City 3
User 1653,user1653@example.com,City 4
User 1654,user1654@example.com,City 5
User 1655,user1655@example.com,City 6
User 1656,user1656@example.com,City 7
User 1657,user1657@example.com,City 8
User 1658,user1658@example.com,City 9
User 1659,user1659@example.com,City 10
User 1660,user1660@example.com,City 1
User 1661,user1661@example.com,City 2
User 1662,user1662@example.com,City 3
User 1663,user1663@example.com,City 4
User 1664,user1664@example.com,City 5
User 1665,user1665@example.com,City 6
User 1666,user1666@example.com,City 7
User 1667,user1667@example.com,City 8
User 1668,user1668@example.com,City 9
User 1669,user1669@example.com,City 10
User 1670,user1670@example.com,City 1
User 1671,user1671@example.com,City 2
User 1672,user1672@example.com,City 3
User 1673,user1673@example.com,City 4
User 1674,user1674@example.com,City 5
User 1675,user1675@example.com,City 6
User 1676,user1676@example.com,City 7
User 1677,user1677@example.com,City 8
User 1678,user1678@example.com,City 9
User 1679,user1679@example.com,City 10
User 1680,user1680@example.com,City 1
User 1681,user1681@example.com,City 2
User 1682,user1682@example.com,City 3
User 1683,user1683@example.com,City 4
User 1684,user1684@example.com,City 5
User 1685,user1685@example.com,City 6
User 1686,user1686@example.com,City 7
User 1687,user1687@example.com,City 8
User 1688,user1688@example.com,City 9
User 1689,user1689@example.com,City 10
User 1690,user1690@example.com,City 1
User 1691,user1691@example.com,City 2
User 1692,user1692@example.com,City 3
User 1693,user1693@example.com,City 4
User 1694,user1694@example.com,City 5
User 1695,user1695@example.com,City 6
User 1696,user1696@example.com,City 7
User 1697,user1697@example.com,City 8
User 1698,user1698@example.com,City 9
User 1699,user1699@example.com,City 10
User 1700,user1700@example.com,City 1
User 1701,user1701@example.com,City 2
User 1702,user1702@example.com,City 3
User 1703,user1703@example.com,City 4
User 1704,user1704@example.com,City 5
User 1705,user1705@example.com,City 6
User 1706,user1706@example.com,City 7
User 1707,user1707@example.com,City 8
User 1708,user1708@example.com,City 9
User 1709,user1709@example.com,City 10
User 1710,user1710@example.com,City 1
User 1711,user1711@example.com,City 2
User 1712,user1712@example.com,City 3
User 1713,user1713@example.com,City 4
User 1714,user1714@example.com,City 5
User 1715,user1715@example.com,City 6
User 1716,user1716@example.com,City 7
User 1717,user1717@example.com,City 8
User 1718,user1718@example.com,City 9
User 1719,user1719@example.com,City 10
User 1720,user1720@example.com,City 1
User 1721,user1721@example.com,City 2
User 1722,user1722@example.com,City 3
User 1723,user1723@example.com,City 4
User 1724,user1724@example.com,City 5
User 1725,user1725@example.com,City 6
User 1726,user1726@example.com,City 7
User 1727,user1727@example.com,City 8
User 1728,user1728@example.com,City 9
User 1729,user1729@example.com,City 10
User 1730,user1730@example.com,City 1
User 1731,user1731@example.com,City 2
User 1732,user1732@example.com,City 3
User 1733,user1733@example.com,City 4
User 1734,user1734@example.com,City 5
User 1735,user1735@example.com,City 6
User 1736,user1736@example.com,City 7
User 1737,user1737@example.com,City 8
User 1738,user1738@example.com,City 9
User 1739,user1739@example.com,City 10
User 1740,user1740@example.com,City 1
User 1741,user1741@example.com,City 2
User 1742,user1742@example.com,City 3
User 1743,user1743@example.com,City 4
User 1744,user1744@example.com,City 5
User 1745,user1745@example.com,City 6
User 1746,user1746@example.com,City 7
User 1747,user1747@example.com,City 8
User 1748,user1748@example.com,City 9
User 1749,user1749@example.com,City 10
User 1750,user1750@example.com,City 1
User 1751,user1751@example.com,City 2
User 1752,user1752@example.com,City 3
User 1753,user1753@example.com,City 4
User 1754,user1754@example.com,City 5
User 1755,user1755@example.com,City 6
User 1756,user1756@example.com,City 7
User 1757,user1757@example.com,City 8
User 1758,user1758@example.com,City 9
User 1759,user1759@example.com,City 10
User 1760,user1760@example.com,City 1
User 1761,user1761@example.com,City 2
User 1762,user1762@example.com,City 3
User 1763,user1763@example.com,City 4
User 1764,user1764@example.com,City 5
User 1765,user1765@example.com,City 6
User 1766,user1766@example.com,City 7
User 1767,user1767@example.com,City 8
User 1768,user1768@example.com,City 9
User 1769,user1769@example.com,City 10
User 1770,user1770@example.com,City 1
User 1771,user1771@example.com,City 2
User 1772,user1772@example.com,City 3
User 1773,user1773@example.com,City 4
User 1774,user1774@example.com,City 5
User 1775,user1775@example.com,City 6
User 1776,user1776@example.com,City 7
User 1777,user1777@example.com,City 8
User 1778,user1778@example.com,City 9
User 1779,user1779@example.com,City 10
User 1780,user1780@example.com,City 1
User 1781,user1781@example.com,City 2
User 1782,user1782@example.com,City 3
User 1783,user1783@example.com,City 4
User 1784,user1784@example.com,City 5
User 1785,user1785@example.com,City 6
User 1786,user1786@example.com,City 7
User 1787,user1787@example.com,City 8
User 1788,user1788@example.com,City 9
User 1789,user1789@example.com,City 10
User 1790,user1790@example.com,City 1
User 1791,user1791@example.com,City 2
User 1792,user1792@example.com,City 3
User 1793,user1793@example.com,City 4
User 1794,user1794@example.com,City 5
User 1795,user1795@example.com,City 6
User 1796,user1796@example.com,City 7
User 1797,user1797@example.com,City 8
User 1798,user1798@example.com,City 9
User 1799,user1799@example.com,City 10
User 1800,user1800@example.com,City 1
User 1801,user1801@example.com,City 2
User 1802,user1802@example.com,City 3
User 1803,user1803@example.com,City 4
User 1804,user1804@example.com,City 5
User 1805,user1805@example.com,City 6
User 1806,user1806@example.com,City 7
User 1807,user1807@example.com,City 8
User 1808,user1808@example.com,City 9
User 1809,user1809@example.com,City 10
User 1810,user1810@example.com,City 1
User 1811,user1811@example.com,City 2
User 1812,user1812@example.com,City 3
User 1813,user1813@example.com,City 4
User 1814,user1814@example.com,City 5
User 1815,user1815@example.com,City 6
User 1816,user1816@example.com,City 7
User 1817,user1817@example.com,City 8
User 1818,user1818@example.com,City 9
User 1819,user1819@example.com,City 10
User 1820,user1820@example.com,City 1
User 1821,user1821@example.com,City 2
User 1822,user1822@example.com,City 3
User 1823,user1823@example.com,City 4
User 1824,user1824@example.com,City 5
User 1825,user1825@example.com,City 6
User 1826,user1826@example.com,City 7
User 1827,user1827@example.com,City 8
User 1828,user1828@example.com,City 9
User 1829,user1829@example.com,City 10
User 1830,user1830@example.com,City 1
User 1831,user1831@example.com,City 2
User 1832,user1832@example.com,City 3
User 1833,user1833@example.com,City 4
User 1834,user1834@example.com,City 5
User 1835,user1835@example.com,City 6
User 1836,user1836@example.com,City 7
User 1837,user1837@example.com,City 8
User 1838,user1838@example.com,City 9
User 1839,user1839@example.com,City 10
User 1840,user1840@example.com,City 1
User 1841,user1841@example.com,City 2
User 1842,user1842@example.com,City 3
User 1843,user1843@example.com,City 4
User 1844,user1844@example.com,City 5
User 1845,user1845@example.com,City 6
User 1846,user1846@example.com,City 7
User 1847,user1847@example.com,City 8
User 1848,user1848@example.com,City 9
User 1849,user1849@example.com,City 10
User 1850,user1850@example.com,City 1
User 1851,user1851@example.com,City 2
User 1852,user1852@example.com,City 3
User 1853,user1853@example.com,City 4
User 1854,user1854@example.com,City 5
User 1855,user1855@example.com,City 6
User 1856,user1856@example.com,City 7
User 1857,user1857@example.com,City 8
User 1858,user1858@example.com,City 9
User 1859,user1859@example.com,City 10
User 1860,user1860@example.com,City 1
User 1861,user1861@example.com,City 2
User 1862,user1862@example.com,City 3
User 1863,user1863@example.com,City 4
User 1864,user1864@example.com,City 5
User 1865,user1865@example.com,City 6
User 1866,user1866@example.com,City 7
User 1867,user1867@example.com,City 8
User 1868,user1868@example.com,City 9
User 1869,user1869@example.com,City 10
User 1870,user1870@example.com,City 1
User 1871,user1871@example.com,City 2
User 1872,user1872@example.com,City 3
User 1873,user1873@example.com,City 4
User 1874,user1874@example.com,City 5
User 1875,user1875@example.com,City 6
User 1876,user1876@example.com,City 7
User 1877,user1877@example.com,City 8
User 1878,user1878@example.com,City 9
User 1879,user1879@example.com,City 10
User 1880,user1880@example.com,City 1
User 1881,user1881@example.com,City 2
User 1882,user1882@example.com,City 3
User 1883,user1883@example.com,City 4
User 1884,user1884@example.com,City 5
User 1885,user1885@example.com,City 6
User 1886,user1886@example.com,City 7
User 1887,user1887@example.com,City 8
User 1888,user1888@example.com,City 9
User 1889,user1889@example.com,City 10
User 1890,user1890@example.com,City 1
User 1891,user1891@example.com,City 2
User 1892,user1892@example.com,City 3
User 1893,user1893@example.com,City 4
User 1894,user1894@example.com,City 5
User 1895,user1895@example.com,City 6
User 1896,user1896@example.com,City 7
User 1897,user1897@example.com,City 8
User 1898,user1898@example.com,City 9
User 1899,user1899@example.com,City 10
User 1900,user1900@example.com,City 1
User 1901,user1901@example.com,City 2
User 1902,user1902@example.com,City 3
User 1903,user1903@example.com,City 4
User 1904,user1904@example.com,City 5
User 1905,user1905@example.com,City 6
User 1906,user1906@example.com,City 7
User 1907,user1907@example.com,City 8
User 1908,user1908@example.com,City 9
User 1909,user1909@example.com,City 10
User 1910,user1910@example.com,City 1
User 1911,user1911@example.com,City 2
User 1912,user1912@example.com,City 3
User 1913,user1913@example.com,City 4
User 1914,user1914@example.com,City 5
User 1915,user1915@example.com,City 6
User 1916,user1916@example.com,City 7
User 1917,user1917@example.com,City 8
User 1918,user1918@example.com,City 9
User 1919,user1919@example.com,City 10
User 1920,user1920@example.com,City 1
User 1921,user1921@example.com,City 2
User 1922,user1922@example.com,City 3
User 1923,user1923@example.com,City 4
User 1924,user1924@example.com,City 5
User 1925,user1925@example.com,City 6
User 1926,user1926@example.com,City 7
User 1927,user1927@example.com,City 8
User 1928,user1928@example.com,City 9
User 1929,user1929@example.com,City 10
User 1930,user1930@example.com,City 1
User 1931,user1931@example.com,City 2
User 1932,user1932@example.com,City 3
User 1933,user1933@example.com,City 4
User 1934,user1934@example.com,City 5
User 1935,user1935@example.com,City 6
User 1936,user1936@example.com,City 7
User 1937,user1937@example.com,City 8
User 1938,user1938@example.com,City 9
User 1939,user1939@example.com,City 10
User 1940,user1940@example.com,City 1
User 1941,user1941@example.com,City 2
User 1942,user1942@example.com,City 3
User 1943,user1943@example.com,City 4
User 1944,user1944@example.com,City 5
User 1945,user1945@example.com,City 6
User 1946,user1946@example.com,City 7
User 1947,user1947@example.com,City 8
User 1948,user1948@example.com,City 9
User 1949,user1949@example.com,City 10
User 1950,user1950@example.com,City 1
User 1951,user1951@example.com,City 2
User 1952,user1952@example.com,City 3
User 1953,user1953@example.com,City 4
User 1954,user1954@example.com,City 5
User 1955,user1955@example.com,City 6
User 1956,user1956@example.com,City 7
User 1957,user1957@example.com,City 8
User 1958,user1958@example.com,City 9
User 1959,user1959@example.com,City 10
User 1960,user1960@example.com,City 1
User 1961,user1961@example.com,City 2
User 1962,user1962@example.com,City 3
User 1963,user1963@example.com,City 4
User 1964,user1964@example.com,City 5
User 1965,user1965@example.com,City 6
User 1966,user1966@example.com,City 7
User 1967,user1967@example.com,City 8
User 1968,user1968@example.com,City 9
User 1969,user1969@example.com,City 10
User 1970,user1970@example.com,City 1
User 1971,user1971@example.com,City 2
User 1972,user1972@example.com,City 3
User 1973,user1973@example.com,City 4
User 1974,user1974@example.com,City 5
User 1975,user1975@example.com,City 6
User 1976,user1976@example.com,City 7
User 1977,user1977@example.com,City 8
User 1978,user1978@example.com,City 9
User 1979,user1979@example.com,City 10
User 1980,user1980@example.com,City 1
User 1981,user1981@example.com,City 2
User 1982,user1982@example.com,City 3
User 1983,user1983@example.com,City 4
User 1984,user1984@example.com,City 5
User 1985,user1985@example.com,City 6
User 1986,user1986@example.com,City 7
User 1987,user1987@example.com,City 8
User 1988,user1988@example.com,City 9
User 1989,user1989@example.com,City 10
User 1990,user1990@example.com,City 1
User 1991,user1991@example.com,City 2
User 1992,user1992@example.com,City 3
User 1993,user1993@example.com,City 4
User 1994,user1994@example.com,City 5
User 1995,user1995@example.com,City 6
User 1996,user1996@example.com,City 7
User 1997,user1997@example.com,City 8
User 1998,user1998@example.com,City 9
User 1999,user1999@example.com,City 10
User 2000,user2000@example.com,City 1
User 2001,user2001@example.com,City 2
User 2002,user2002@example.com,City 3
User 2003,user2003@example.com,City 4
User 2004,user2004@example.com,City 5
User 2005,user2005@example.com,City 6
User 2006,user2006@example.com,City 7
User 2007,user2007@example.com,City 8
User 2008,user2008@example.com,City 9
User 2009,user2009@example.com,City 10
User 2010,user2010@example.com,City 1
User 2011,user2011@example.com,City 2
User 2012,user2012@example.com,City 3
User 2013,user2013@example.com,City 4
User 2014,user2014@example.com,City 5
User 2015,user2015@example.com,City 6
User 2016,user2016@example.com,City 7
User 2017,user2017@example.com,City 8
User 2018,user2018@example.com,City 9
User 2019,user2019@example.com,City 10
User 2020,user2020@example.com,City 1
User 2021,user2021@example.com,City 2
User 2022,user2022@example.com,City 3
User 2023,user2023@example.com,City 4
User 2024,user2024@example.com,City 5
User 2025,user2025@example.com,City 6
User 2026,user2026@example.com,City 7
User 2027,user2027@example.com,City 8
User 2028,user2028@example.com,City 9
User 2029,user2029@example.com,City 10
User 2030,user2030@example.com,City 1
User 2031,user2031@example.com,City 2
User 2032,user2032@example.com,City 3
User 2033,user2033@example.com,City 4
User 2034,user2034@example.com,City 5
User 2035,user2035@example.com,City 6
User 2036,user2036@example.com,City 7
User 2037,user2037@example.com,City 8
User 2038,user2038@example.com,City 9
User 2039,user2039@example.com,City 10
User 2040,user2040@example.com,City 1
User 2041,user2041@example.com,City 2
User 2042,user2042@example.com,City 3
User 2043,user2043@example.com,City 4
User 2044,user2044@example.com,City 5
User 2045,user2045@example.com,City 6
User 2046,user2046@example.com,City 7
User 2047,user2047@example.com,City 8
User 2048,user2048@example.com,City 9
User 2049,user2049@example.com,City 10
User 2050,user2050@example.com,City 1
User 2051,user2051@example.com,City 2
User 2052,user2052@example.com,City 3
User 2053,user2053@example.com,City 4
User 2054,user2054@example.com,City 5
User 2055,user2055@example.com,City 6
User 2056,user2056@example.com,City 7
User 2057,user2057@example.com,City 8
User 2058,user2058@example.com,City 9
User 2059,user2059@example.com,City 10
User 2060,user2060@example.com,City 1
User 2061,user2061@example.com,City 2
User 2062,user2062@example.com,City 3
User 2063,user2063@example.com,City 4
User 2064,user2064@example.com,City 5
User 2065,user2065@example.com,City 6
User 2066,user2066@example.com,City 7
User 2067,user2067@example.com,City 8
User 2068,user2068@example.com,City 9
User 2069,user2069@example.com,City 10
User 2070,user2070@example.com,City 1
User 2071,user2071@example.com,City 2
User 2072,user2072@example.com,City 3
User 2073,user2073@example.com,City 4
User 2074,user2074@example.com,City 5
User 2075,user2075@example.com,City 6
User 2076,user2076@example.com,City 7
User 2077,user2077@example.com,City 8
User 2078,user2078@example.com,City 9
User 2079,user2079@example.com,City 10
User 2080,user2080@example.com,City 1
User 2081,user2081@example.com,City 2
User 2082,user2082@example.com,City 3
User 2083,user2083@example.com,City 4
User 2084,user2084@example.com,City 5
User 2085,user2085@example.com,City 6
User 2086,user2086@example.com,City 7
User 2087,user2087@example.com,City 8
User 2088,user2088@example.com,City 9
User 2089,user2089@example.com,City 10
User 2090,user2090@example.com,City 1
User 2091,user2091@example.com,City 2
User 2092,user2092@example.com,City 3
User 2093,user2093@example.com,City 4
User 2094,user2094@example.com,City 5
User 2095,user2095@example.com,City 6
User 2096,user2096@example.com,City 7
User 2097,user2097@example.com,City 8
User 2098,user2098@example.com,City 9
User 2099,user2099@example.com,City 10
User 2100,user2100@example.com,City 1
User 2101,user2101@example.com,City 2
User 2102,user2102@example.com,City 3
User 2103,user2103@example.com,City 4
User 2104,user2104@example.com,City 5
User 2105,user2105@example.com,City 6
User 2106,user2106@example.com,City 7
User 2107,user2107@example.com,City 8
User 2108,user2108@example.com,City 9
User 2109,user2109@example.com,City 10
User 2110,user2110@example.com,City 1
User 2111,user2111@example.com,City 2
User 2112,user2112@example.com,City 3
User 2113,user2113@example.com,City 4
User 2114,user2114@example.com,City 5
User 2115,user2115@example.com,City 6
User 2116,user2116@example.com,City 7
User 2117,user2117@example.com,City 8
User 2118,user2118@example.com,City 9
User 2119,user2119@example.com,City 10
User 2120,user2120@example.com,City 1
User 2121,user2121@example.com,City 2
User 2122,user2122@example.com,City 3
User 2123,user2123@example.com,City 4
User 2124,user2124@example.com,City 5
User 2125,user2125@example.com,City 6
User 2126,user2126@example.com,City 7
User 2127,user2127@example.com,City 8
User 2128,user2128@example.com,City 9
User 2129,user2129@example.com,City 10
User 2130,user2130@example.com,City 1
User 2131,user2131@example.com,City 2
User 2132,user2132@example.com,City 3
User 2133,user2133@example.com,City 4
User 2134,user2134@example.com,City 5
User 2135,user2135@example.com,City 6
User 2136,user2136@example.com,City 7
User 2137,user2137@example.com,City 8
User 2138,user2138@example.com,City 9
User 2139,user2139@example.com,City 10
User 2140,user2140@example.com,City 1
User 2141,user2141@example.com,City 2
User 2142,user2142@example.com,City 3
User 2143,user2143@example.com,City 4
User 2144,user2144@example.com,City 5
User 2145,user2145@example.com,City 6
User 2146,user2146@example.com,City 7
User 2147,user2147@example.com,City 8
User 2148,user2148@example.com,City 9
User 2149,user2149@example.com,City 10
User 2150,user2150@example.com,City 1
User 2151,user2151@example.com,City 2
User 2152,user2152@example.com,City 3
User 2153,user2153@example.com,City 4
User 2154,user2154@example.com,City 5
User 2155,user2155@example.com,City 6
User 2156,user2156@example.com,City 7
User 2157,user2157@example.com,City 8
User 2158,user2158@example.com,City 9
User 2159,user2159@example.com,City 10
User 2160,user2160@example.com,City 1
User 2161,user2161@example.com,City 2
User 2162,user2162@example.com,City 3
User 2163,user2163@example.com,City 4
User 2164,user2164@example.com,City 5
User 2165,user2165@example.com,City 6
User 2166,user2166@example.com,City 7
User 2167,user2167@example.com,City 8
User 2168,user2168@example.com,City 9
User 2169,user2169@example.com,City 10
User 2170,user2170@example.com,City 1
User 2171,user2171@example.com,City 2
User 2172,user2172@example.com,City 3
User 2173,user2173@example.com,City 4
User 2174,user2174@example.com,City 5
User 2175,user2175@example.com,City 6
User 2176,user2176@example.com,City 7
User 2177,user2177@example.com,City 8
User 2178,user2178@example.com,City 9
User 2179,user2179@example.com,City 10
User 2180,user2180@example.com,City 1
User 2181,user2181@example.com,City 2
User 2182,user2182@example.com,City 3
User 2183,user2183@example.com,City 4
User 2184,user2184@example.com,City 5
User 2185,user2185@example.com,City 6
User 2186,user2186@example.com,City 7
User 2187,user2187@example.com,City 8
User 2188,user2188@example.com,City 9
User 2189,user2189@example.com,City 10
User 2190,user2190@example.com,City 1
User 2191,user2191@example.com,City 2
User 2192,user2192@example.com,City 3
User 2193,user2193@example.com,City 4
User 2194,user2194@example.com,City 5
User 2195,user2195@example.com,City 6
User 2196,user2196@example.com,City 7
User 2197,user2197@example.com,City 8
User 2198,user2198@example.com,City 9
User 2199,user2199@example.com,City 10
User 2200,user2200@example.com,City 1
User 2201,user2201@example.com,City 2
User 2202,user2202@example.com,City 3
User 2203,user2203@example.com,City 4
User 2204,user2204@example.com,City 5
User 2205,user2205@example.com,City 6
User 2206,user2206@example.com,City 7
User 2207,user2207@example.com,City 8
User 2208,user2208@example.com,City 9
User 2209,user2209@example.com,City 10
User 2210,user2210@example.com,City 1
User 2211,user2211@example.com,City 2
User 2212,user2212@example.com,City 3
User 2213,user2213@example.com,City 4
User 2214,user2214@example.com,City 5
User 2215,user2215@example.com,City 6
User 2216,user2216@example.com,City 7
User 2217,user2217@example.com,City 8
User 2218,user2218@example.com,City 9
User 2219,user2219@example.com,City 10
User 2220,user2220@example.com,City 1
User 2221,user2221@example.com,City 2
User 2222,user2222@example.com,City 3
User 2223,user2223@example.com,City 4
User 2224,user2224@example.com,City 5
User 2225,user2225@example.com,City 6
User 2226,user2226@example.com,City 7
User 2227,user2227@example.com,City 8
User 2228,user2228@example.com,City 9
User 2229,user2229@example.com,City 10
User 2230,user2230@example.com,City 1
User 2231,user2231@example.com,City 2
User 2232,user2232@example.com,City 3
User 2233,user2233@example.com,City 4
User 2234,user2234@example.com,City 5
User 2235,user2235@example.com,City 6
User 2236,user2236@example.com,City 7
User 2237,user2237@example.com,City 8
User 2238,user2238@example.com,City 9
User 2239,user2239@example.com,City 10
User 2240,user2240@example.com,City 1
User 2241,user2241@example.com,City 2
User 2242,user2242@example.com,City 3
User 2243,user2243@example.com,City 4
User 2244,user2244@example.com,City 5
User 2245,user2245@example.com,City 6
User 2246,user2246@example.com,City 7
User 2247,user2247@example.com,City 8
User 2248,user2248@example.com,City 9
User 2249,user2249@example.com,City 10
User 2250,user2250@example.com,City 1
User 2251,user2251@example.com,City 2
User 2252,user2252@example.com,City 3
User 2253,user2253@example.com,City 4
User 2254,user2254@example.com,City 5
User 2255,user2255@example.com,City 6
User 2256,user2256@example.com,City 7
User 2257,user2257@example.com,City 8
User 2258,user2258@example.com,City 9
User 2259,user2259@example.com,City 10
User 2260,user2260@example.com,City 1
User 2261,user2261@example.com,City 2
User 2262,user2262@example.com,City 3
User 2263,user2263@example.com,City 4
User 2264,user2264@example.com,City 5
User 2265,user2265@example.com,City 6
User 2266,user2266@example.com,City 7
User 2267,user2267@example.com,City 8
User 2268,user2268@example.com,City 9
User 2269,user2269@example.com,City 10
User 2270,user2270@example.com,City 1
User 2271,user2271@example.com,City 2
User 2272,user2272@example.com,City 3
User 2273,user2273@example.com,City 4
User 2274,user2274@example.com,City 5
User 2275,user2275@example.com,City 6
User 2276,user2276@example.com,City 7
User 2277,user2277@example.com,City 8
User 2278,user2278@example.com,City 9
User 2279,user2279@example.com,City 10
User 2280,user2280@example.com,City 1
User 2281,user2281@example.com,City 2
User 2282,user2282@example.com,City 3
User 2283,user2283@example.com,City 4
User 2284,user2284@example.com,City 5
User 2285,user2285@example.com,City 6
User 2286,user2286@example.com,City 7
User 2287,user2287@example.com,City 8
User 2288,user2288@example.com,City 9
User 2289,user2289@example.com,City 10
User 2290,user2290@example.com,City 1
User 2291,user2291@example.com,City 2
User 2292,user2292@example.com,City 3
User 2293,user2293@example.com,City 4
User 2294,user2294@example.com,City 5
User 2295,user2295@example.com,City 6
User 2296,user2296@example.com,City 7
User 2297,user2297@example.com,City 8
User 2298,user2298@example.com,City 9
User 2299,user2299@example.com,City 10
User 2300,user2300@example.com,City 1
User 2301,user2301@example.com,City 2
User 2302,user2302@example.com,City 3
User 2303,user2303@example.com,City 4
User 2304,user2304@example.com,City 5
User 2305,user2305@example.com,City 6
User 2306,user2306@example.com,City 7
User 2307,user2307@example.com,City 8
User 2308,user2308@example.com,City 9
User 2309,user2309@example.com,City 10
User 2310,user2310@example.com,City 1
User 2311,user2311@example.com,City 2
User 2312,user2312@example.com,City 3
User 2313,user2313@example.com,City 4
User 2314,user2314@example.com,City 5
User 2315,user2315@example.com,City 6
User 2316,user2316@example.com,City 7
User 2317,user2317@example.com,City 8
User 2318,user2318@example.com,City 9
User 2319,user2319@example.com,City 10
User 2320,user2320@example.com,City 1
User 2321,user2321@example.com,City 2
User 2322,user2322@example.com,City 3
User 2323,user2323@example.com,City 4
User 2324,user2324@example.com,City 5
User 2325,user2325@example.com,City 6
User 2326,user2326@example.com,City 7
User 2327,user2327@example.com,City 8
User 2328,user2328@example.com,City 9
User 2329,user2329@example.com,City 10
User 2330,user2330@example.com,City 1
User 2331,user2331@example.com,City 2
User 2332,user2332@example.com,City 3
User 2333,user2333@example.com,City 4
User 2334,user2334@example.com,City 5
User 2335,user2335@example.com,City 6
User 2336,user2336@example.com,City 7
User 2337,user2337@example.com,City 8
User 2338,user2338@example.com,City 9
User 2339,user2339@example.com,City 10
User 2340,user2340@example.com,City 1
User 2341,user2341@example.com,City 2
User 2342,user2342@example.com,City 3
User 2343,user2343@example.com,City 4
User 2344,user2344@example.com,City 5
User 2345,user2345@example.com,City 6
User 2346,user2346@example.com,City 7
User 2347,user2347@example.com,City 8
User 2348,user2348@example.com,City 9
User 2349,user2349@example.com,City 10
User 2350,user2350@example.com,City 1
User 2351,user2351@example.com,City 2
User 2352,user2352@example.com,City 3
User 2353,user2353@example.com,City 4
User 2354,user2354@example.com,City 5
User 2355,user2355@example.com,City 6
User 2356,user2356@example.com,City 7
User 2357,user2357@example.com,City 8
User 2358,user2358@example.com,City 9
User 2359,user2359@example.com,City 10
User 2360,user2360@example.com,City 1
User 2361,user2361@example.com,City 2
User 2362,user2362@example.com,City 3
User 2363,user2363@example.com,City 4
User 2364,user2364@example.com,City 5
User 2365,user2365@example.com,City 6
User 2366,user2366@example.com,City 7
User 2367,user2367@example.com,City 8
User 2368,user2368@example.com,City 9
User 2369,user2369@example.com,City 10
User 2370,user2370@example.com,City 1
User 2371,user2371@example.com,City 2
User 2372,user2372@example.com,City 3
User 2373,user2373@example.com,City 4
User 2374,user2374@example.com,City 5
User 2375,user2375@example.com,City 6
User 2376,user2376@example.com,City 7
User 2377,user2377@example.com,City 8
User 2378,user2378@example.com,City 9
User 2379,user2379@example.com,City 10
User 2380,user2380@example.com,City 1
User 2381,user2381@example.com,City 2
User 2382,user2382@example.com,City 3
User 2383,user2383@example.com,City 4
User 2384,user2384@example.com,City 5
User 2385,user2385@example.com,City 6
User 2386,user2386@example.com,City 7
User 2387,user2387@example.com,City 8
User 2388,user2388@example.com,City 9
User 2389,user2389@example.com,City 10
User 2390,user2390@example.com,City 1
User 2391,user2391@example.com,City 2
User 2392,user2392@example.com,City 3
User 2393,user2393@example.com,City 4
User 2394,user2394@example.com,City 5
User 2395,user2395@example.com,City 6
User 2396,user2396@example.com,City 7
User 2397,user2397@example.com,City 8
User 2398,user2398@example.com,City 9
User 2399,user2399@example.com,City 10
User 2400,user2400@example.com,City 1
User 2401,user2401@example.com,City 2
User 2402,user2402@example.com,City 3
User 2403,user2403@example.com,City 4
User 2404,user2404@example.com,City 5
User 2405,user2405@example.com,City 6
User 2406,user2406@example.com,City 7
User 2407,user2407@example.com,City 8
User 2408,user2408@example.com,City 9
User 2409,user2409@example.com,City 10
User 2410,user2410@example.com,City 1
User 2411,user2411@example.com,City 2
User 2412,user2412@example.com,City 3
User 2413,user2413@example.com,City 4
User 2414,user2414@example.com,City 5
User 2415,user2415@example.com,City 6
User 2416,user2416@example.com,City 7
User 2417,user2417@example.com,City 8
User 2418,user2418@example.com,City 9
User 2419,user2419@example.com,City 10
User 2420,user2420@example.com,City 1
User 2421,user2421@example.com,City 2
User 2422,user2422@example.com,City 3
User 2423,user2423@example.com,City 4
User 2424,user2424@example.com,City 5
User 2425,user2425@example.com,City 6
User 2426,user2426@example.com,City 7
User 2427,user2427@example.com,City 8
User 2428,user2428@example.com,City 9
User 2429,user2429@example.com,City 10
User 2430,user2430@example.com,City 1
User 2431,user2431@example.com,City 2
User 2432,user2432@example.com,City 3
User 2433,user2433@example.com,City 4
User 2434,user2434@example.com,City 5
User 2435,user2435@example.com,City 6
User 2436,user2436@example.com,City 7
User 2437,user2437@example.com,City 8
User 2438,user2438@example.com,City 9
User 2439,user2439@example.com,City 10
User 2440,user2440@example.com,City 1
User 2441,user2441@example.com,City 2
User 2442,user2442@example.com,City 3
User 2443,user2443@example.com,City 4
User 2444,user2444@example.com,City 5
User 2445,user2445@example.com,City 6
User 2446,user2446@example.com,City 7
User 2447,user2447@example.com,City 8
User 2448,user2448@example.com,City 9
User 2449,user2449@example.com,City 10
User 2450,user2450@example.com,City 1
User 2451,user2451@example.com,City 2
User 2452,user2452@example.com,City 3
User 2453,user2453@example.com,City 4
User 2454,user2454@example.com,City 5
User 2455,user2455@example.com,City 6
User 2456,user2456@example.com,City 7
User 2457,user2457@example.com,City 8
User 2458,user2458@example.com,City 9
User 2459,user2459@example.com,City 10
User 2460,user2460@example.com,City 1
User 2461,user2461@example.com,City 2
User 2462,user2462@example.com,City 3
User 2463,user2463@example.com,City 4
User 2464,user2464@example.com,City 5
User 2465,user2465@example.com,City 6
User 2466,user2466@example.com,City 7
User 2467,user2467@example.com,City 8
User 2468,user2468@example.com,City 9
User 2469,user2469@example.com,City 10
User 2470,user2470@example.com,City 1
User 2471,user2471@example.com,City 2
User 2472,user2472@example.com,City 3
User 2473,user2473@example.com,City 4
User 2474,user2474@example.com,City 5
User 2475,user2475@example.com,City 6
User 2476,user2476@example.com,City 7
User 2477,user2477@example.com,City 8
User 2478,user2478@example.com,City 9
User 2479,user2479@example.com,City 10
User 2480,user2480@example.com,City 1
User 2481,user2481@example.com,City 2
User 2482,user2482@example.com,City 3
User 2483,user2483@example.com,City 4
User 2484,user2484@example.com,City 5
User 2485,user2485@example.com,City 6
User 2486,user2486@example.com,City 7
User 2487,user2487@example.com,City 8
User 2488,user2488@example.com,City 9
User 2489,user2489@example.com,City 10
User 2490,user2490@example.com,City 1
User 2491,user2491@example.com,City 2
User 2492,user2492@example.com,City 3
User 2493,user2493@example.com,City 4
User 2494,user2494@example.com,City 5
User 2495,user2495@example.com,City 6
User 2496,user2496@example.com,City 7
User 2497,user2497@example.com,City 8
User 2498,user2498@example.com,City 9
User 2499,user2499@example.com,City 10
User 2500,user2500@example.com,City 1
User 2501,user2501@example.com,City 2
User 2502,user2502@example.com,City 3
User 2503,user2503@example.com,City 4
User 2504,user2504@example.com,City 5
User 2505,user2505@example.com,City 6
User 2506,user2506@example.com,City 7
User 2507,user2507@example.com,City 8
User 2508,user2508@example.com,City 9
User 2509,user2509@example.com,City 10
User 2510,user2510@example.com,City 1
User 2511,user2511@example.com,City 2
User 2512,user2512@example.com,City 3
User 2513,user2513@example.com,City 4
User 2514,user2514@example.com,City 5
User 2515,user2515@example.com,City 6
User 2516,user2516@example.com,City 7
User 2517,user2517@example.com,City 8
User 2518,user2518@example.com,City 9
User 2519,user2519@example.com,City 10
User 2520,user2520@example.com,City 1
User 2521,user2521@example.com,City 2
User 2522,user2522@example.com,City 3
User 2523,user2523@example.com,City 4
User 2524,user2524@example.com,City 5
User 2525,user2525@example.com,City 6
User 2526,user2526@example.com,City 7
User 2527,user2527@example.com,City 8
User 2528,user2528@example.com,City 9
User 2529,user2529@example.com,City 10
User 2530,user2530@example.com,City 1
User 2531,user2531@example.com,City 2
User 2532,user2532@example.com,City 3
User 2533,user2533@example.com,City 4
User 2534,user2534@example.com,City 5
User 2535,user2535@example.com,City 6
User 2536,user2536@example.com,City 7
User 2537,user2537@example.com,City 8
User 2538,user2538@example.com,City 9
User 2539,user2539@example.com,City 10
User 2540,user2540@example.com,City 1
User 2541,user2541@example.com,City 2
User 2542,user2542@example.com,City 3
User 2543,user2543@example.com,City 4
User 2544,user2544@example.com,City 5
User 2545,user2545@example.com,City 6
User 2546,user2546@example.com,City 7
User 2547,user2547@example.com,City 8
User 2548,user2548@example.com,City 9
User 2549,user2549@example.com,City 10
User 2550,user2550@example.com,City 1
User 2551,user2551@example.com,City 2
User 2552,user2552@example.com,City 3
User 2553,user2553@example.com,City 4
User 2554,user2554@example.com,City 5
User 2555,user2555@example.com,City 6
User 2556,user2556@example.com,City 7
User 2557,user2557@example.com,City 8
User 2558,user2558@example.com,City 9
User 2559,user2559@example.com,City 10
User 2560,user2560@example.com,City 1
User 2561,user2561@example.com,City 2
User 2562,user2562@example.com,City 3
User 2563,user2563@example.com,City 4
User 2564,user2564@example.com,City 5
User 2565,user2565@example.com,City 6
User 2566,user2566@example.com,City 7
User 2567,user2567@example.com,City 8
User 2568,user2568@example.com,City 9
User 2569,user2569@example.com,City 10
User 2570,user2570@example.com,City 1
User 2571,user2571@example.com,City 2
User 2572,user2572@example.com,City 3
User 2573,user2573@example.com,City 4
User 2574,user2574@example.com,City 5
User 2575,user2575@example.com,City 6
User 2576,user2576@example.com,City 7
User 2577,user2577@example.com,City 8
User 2578,user2578@example.com,City 9
User 2579,user2579@example.com,City 10
User 2580,user2580@example.com,City 1
User 2581,user2581@example.com,City 2
User 2582,user2582@example.com,City 3
User 2583,user2583@example.com,City 4
User 2584,user2584@example.com,City 5
User 2585,user2585@example.com,City 6
User 2586,user2586@example.com,City 7
User 2587,user2587@example.com,City 8
User 2588,user2588@example.com,City 9
User 2589,user2589@example.com,City 10
User 2590,user2590@example.com,City 1
User 2591,user2591@example.com,City 2
User 2592,user2592@example.com,City 3
User 2593,user2593@example.com,City 4
User 2594,user2594@example.com,City 5
User 2595,user2595@example.com,City 6
User 2596,user2596@example.com,City 7
User 2597,user2597@example.com,City 8
User 2598,user2598@example.com,City 9
User 2599,user2599@example.com,City 10
User 2600,user2600@example.com,City 1
User 2601,user2601@example.com,City 2
User 2602,user2602@example.com,City 3
User 2603,user2603@example.com,City 4
User 2604,user2604@example.com,City 5
User 2605,user2605@example.com,City 6
User 2606,user2606@example.com,City 7
User 2607,user2607@example.com,City 8
User 2608,user2608@example.com,City 9
User 2609,user2609@example.com,City 10
User 2610,user2610@example.com,City 1
User 2611,user2611@example.com,City 2
User 2612,user2612@example.com,City 3
User 2613,user2613@example.com,City 4
User 2614,user2614@example.com,City 5
User 2615,user2615@example.com,City 6
User 2616,user2616@example.com,City 7
User 2617,user2617@example.com,City 8
User 2618,user2618@example.com,City 9
User 2619,user2619@example.com,City 10
User 2620,user2620@example.com,City 1
User 2621,user2621@example.com,City 2
User 2622,user2622@example.com,City 3
User 2623,user2623@example.com,City 4
User 2624,user2624@example.com,City 5
User 2625,user2625@example.com,City 6
User 2626,user2626@example.com,City 7
User 2627,user2627@example.com,City 8
User 2628,user2628@example.com,City 9
User 2629,user2629@example.com,City 10
User 2630,user2630@example.com,City 1
User 2631,user2631@example.com,City 2
User 2632,user2632@example.com,City 3
User 2633,user2633@example.com,City 4
User 2634,user2634@example.com,City 5
User 2635,user2635@example.com,City 6
User 2636,user2636@example.com,City 7
User 2637,user2637@example.com,City 8
User 2638,user2638@example.com,City 9
User 2639,user2639@example.com,City 10
User 2640,user2640@example.com,City 1
User 2641,user2641@example.com,City 2
User 2642,user2642@example.com,City 3
User 2643,user2643@example.com,City 4
User 2644,user2644@example.com,City 5
User 2645,user2645@example.com,City 6
User 2646,user2646@example.com,City 7
User 2647,user2647@example.com,City 8
User 2648,user2648@example.com,City 9
User 2649,user2649@example.com,City 10
User 2650,user2650@example.com,City 1
User 2651,user2651@example.com,City 2
User 2652,user2652@example.com,City 3
User 2653,user2653@example.com,City 4
User 2654,user2654@example.com,City 5
User 2655,user2655@example.com,City 6
User 2656,user2656@example.com,City 7
User 2657,user2657@example.com,City 8
User 2658,user2658@example.com,City 9
User 2659,user2659@example.com,City 10
User 2660,user2660@example.com,City 1
User 2661,user2661@example.com,City 2
User 2662,user2662@example.com,City 3
User 2663,user2663@example.com,City 4
User 2664,user2664@example.com,City 5
User 2665,user2665@example.com,City 6
User 2666,user2666@example.com,City 7
User 2667,user2667@example.com,City 8
User 2668,user2668@example.com,City 9
User 2669,user2669@example.com,City 10
User 2670,user2670@example.com,City 1
User 2671,user2671@example.com,City 2
User 2672,user2672@example.com,City 3
User 2673,user2673@example.com,City 4
User 2674,user2674@example.com,City 5
User 2675,user2675@example.com,City 6
User 2676,user2676@example.com,City 7
User 2677,user2677@example.com,City 8
User 2678,user2678@example.com,City 9
User 2679,user2679@example.com,City 10
User 2680,user2680@example.com,City 1
User 2681,user2681@example.com,City 2
User 2682,user2682@example.com,City 3
User 2683,user2683@example.com,City 4
User 2684,user2684@example.com,City 5
User 2685,user2685@example.com,City 6
User 2686,user2686@example.com,City 7
User 2687,user2687@example.com,City 8
User 2688,user2688@example.com,City 9
User 2689,user2689@example.com,City 10
User 2690,user2690@example.com,City 1
User 2691,user2691@example.com,City 2
User 2692,user2692@example.com,City 3
User 2693,user2693@example.com,City 4
User 2694,user2694@example.com,City 5
User 2695,user2695@example.com,City 6
User 2696,user2696@example.com,City 7
User 2697,user2697@example.com,City 8
User 2698,user2698@example.com,City 9
User 2699,user2699@example.com,City 10
User 2700,user2700@example.com,City 1
User 2701,user2701@example.com,City 2
User 2702,user2702@example.com,City 3
User 2703,user2703@example.com,City 4
User 2704,user2704@example.com,City 5
User 2705,user2705@example.com,City 6
User 2706,user2706@example.com,City 7
User 2707,user2707@example.com,City 8
User 2708,user2708@example.com,City 9
User 2709,user2709@example.com,City 10
User 2710,user2710@example.com,City 1
User 2711,user2711@example.com,City 2
User 2712,user2712@example.com,City 3
User 2713,user2713@example.com,City 4
User 2714,user2714@example.com,City 5
User 2715,user2715@example.com,City 6
User 2716,user2716@example.com,City 7
User 2717,user2717@example.com,City 8
User 2718,user2718@example.com,City 9
User 2719,user2719@example.com,City 10
User 2720,user2720@example.com,City 1
User 2721,user2721@example.com,City 2
User 2722,user2722@example.com,City 3
User 2723,user2723@example.com,City 4
User 2724,user2724@example.com,City 5
User 2725,user2725@example.com,City 6
User 2726,user2726@example.com,City 7
User 2727,user2727@example.com,City 8
User 2728,user2728@example.com,City 9
User 2729,user2729@example.com,City 10
User 2730,user2730@example.com,City 1
User 2731,user2731@example.com,City 2
User 2732,user2732@example.com,City 3
User 2733,user2733@example.com,City 4
User 2734,user2734@example.com,City 5
User 2735,user2735@example.com,City 6
User 2736,user2736@example.com,City 7
User 2737,user2737@example.com,City 8
User 2738,user2738@example.com,City 9
User 2739,user2739@example.com,City 10
User 2740,user2740@example.com,City 1
User 2741,user2741@example.com,City 2
User 2742,user2742@example.com,City 3
User 2743,user2743@example.com,City 4
User 2744,user2744@example.com,City 5
User 2745,user2745@example.com,City 6
User 2746,user2746@example.com,City 7
User 2747,user2747@example.com,City 8
User 2748,user2748@example.com,City 9
User 2749,user2749@example.com,City 10
User 2750,user2750@example.com,City 1
User 2751,user2751@example.com,City 2
User 2752,user2752@example.com,City 3
User 2753,user2753@example.com,City 4
User 2754,user2754@example.com,City 5
User 2755,user2755@example.com,City 6
User 2756,user2756@example.com,City 7
User 2757,user2757@example.com,City 8
User 2758,user2758@example.com,City 9
User 2759,user2759@example.com,City 10
User 2760,user2760@example.com,City 1
User 2761,user2761@example.com,City 2
User 2762,user2762@example.com,City 3
User 2763,user2763@example.com,City 4
User 2764,user2764@example.com,City 5
User 2765,user2765@example.com,City 6
User 2766,user2766@example.com,City 7
User 2767,user2767@example.com,City 8
User 2768,user2768@example.com,City 9
User 2769,user2769@example.com,City 10
User 2770,user2770@example.com,City 1
User 2771,user2771@example.com,City 2
User 2772,user2772@example.com,City 3
User 2773,user2773@example.com,City 4
User 2774,user2774@example.com,City 5
User 2775,user2775@example.com,City 6
User 2776,user2776@example.com,City 7
User 2777,user2777@example.com,City 8
User 2778,user2778@example.com,City 9
User 2779,user2779@example.com,City 10
User 2780,user2780@example.com,City 1
User 2781,user2781@example.com,City 2
User 2782,user2782@example.com,City 3
User 2783,user2783@example.com,City 4
User 2784,user2784@example.com,City 5
User 2785,user2785@example.com,City 6
User 2786,user2786@example.com,City 7
User 2787,user2787@example.com,City 8
User 2788,user2788@example.com,City 9
User 2789,user2789@example.com,City 10
User 2790,user2790@example.com,City 1
User 2791,user2791@example.com,City 2
User 2792,user2792@example.com,City 3
User 2793,user2793@example.com,City 4
User 2794,user2794@example.com,City 5
User 2795,user2795@example.com,City 6
User 2796,user2796@example.com,City 7
User 2797,user2797@example.com,City 8
User 2798,user2798@example.com,City 9
User 2799,user2799@example.com,City 10
User 2800,user2800@example.com,City 1
User 2801,user2801@example.com,City 2
User 2802,user2802@example.com,City 3
User 2803,user2803@example.com,City 4
User 2804,user2804@example.com,City 5
User 2805,user2805@example.com,City 6
User 2806,user2806@example.com,City 7
User 2807,user2807@example.com,City 8
User 2808,user2808@example.com,City 9
User 2809,user2809@example.com,City 10
User 2810,user2810@example.com,City 1
User 2811,user2811@example.com,City 2
User 2812,user2812@example.com,City 3
User 2813,user2813@example.com,City 4
User 2814,user2814@example.com,City 5
User 2815,user2815@example.com,City 6
User 2816,user2816@example.com,City 7
User 2817,user2817@example.com,City 8
User 2818,user2818@example.com,City 9
User 2819,user2819@example.com,City 10
User 2820,user2820@example.com,City 1
User 2821,user2821@example.com,City 2
User 2822,user2822@example.com,City 3
User 2823,user2823@example.com,City 4
User 2824,user2824@example.com,City 5
User 2825,user2825@example.com,City 6
User 2826,user2826@example.com,City 7
User 2827,user2827@example.com,City 8
User 2828,user2828@example.com,City 9
User 2829,user2829@example.com,City 10
User 2830,user2830@example.com,City 1
User 2831,user2831@example.com,City 2
User 2832,user2832@example.com,City 3
User 2833,user2833@example.com,City 4
User 2834,user2834@example.com,City 5
User 2835,user2835@example.com,City 6
User 2836,user2836@example.com,City 7
User 2837,user2837@example.com,City 8
User 2838,user2838@example.com,City 9
User 2839,user2839@example.com,City 10
User 2840,user2840@example.com,City 1
User 2841,user2841@example.com,City 2
User 2842,user2842@example.com,City 3
User 2843,user2843@example.com,City 4
User 2844,user2844@example.com,City 5
User 2845,user2845@example.com,City 6
User 2846,user2846@example.com,City 7
User 2847,user2847@example.com,City 8
User 2848,user2848@example.com,City 9
User 2849,user2849@example.com,City 10
User 2850,user2850@example.com,City 1
User 2851,user2851@example.com,City 2
User 2852,user2852@example.com,City 3
User 2853,user2853@example.com,City 4
User 2854,user2854@example.com,City 5
User 2855,user2855@example.com,City 6
User 2856,user2856@example.com,City 7
User 2857,user2857@example.com,City 8
User 2858,user2858@example.com,City 9
User 2859,user2859@example.com,City 10
User 2860,user2860@example.com,City 1
User 2861,user2861@example.com,City 2
User 2862,user2862@example.com,City 3
User 2863,user2863@example.com,City 4
User 2864,user2864@example.com,City 5
User 2865,user2865@example.com,City 6
User 2866,user2866@example.com,City 7
User 2867,user2867@example.com,City 8
User 2868,user2868@example.com,City 9
User 2869,user2869@example.com,City 10
User 2870,user2870@example.com,City 1
User 2871,user2871@example.com,City 2
User 2872,user2872@example.com,City 3
User 2873,user2873@example.com,City 4
User 2874,user2874@example.com,City 5
User 2875,user2875@example.com,City 6
User 2876,user2876@example.com,City 7
User 2877,user2877@example.com,City 8
User 2878,user2878@example.com,City 9
User 2879,user2879@example.com,City 10
User 2880,user2880@example.com,City 1
User 2881,user2881@example.com,City 2
User 2882,user2882@example.com,City 3
User 2883,user2883@example.com,City 4
User 2884,user2884@example.com,City 5
User 2885,user2885@example.com,City 6
User 2886,user2886@example.com,City 7
User 2887,user2887@example.com,City 8
User 2888,user2888@example.com,City 9
User 2889,user2889@example.com,City 10
User 2890,user2890@example.com,City 1
User 2891,user2891@example.com,City 2
User 2892,user2892@example.com,City 3
User 2893,user2893@example.com,City 4
User 2894,user2894@example.com,City 5
User 2895,user2895@example.com,City 6
User 2896,user2896@example.com,City 7
User 2897,user2897@example.com,City 8
User 2898,user2898@example.com,City 9
User 2899,user2899@example.com,City 10
User 2900,user2900@example.com,City 1
User 2901,user2901@example.com,City 2
User 2902,user2902@example.com,City 3
User 2903,user2903@example.com,City 4
User 2904,user2904@example.com,City 5
User 2905,user2905@example.com,City 6
User 2906,user2906@example.com,City 7
User 2907,user2907@example.com,City 8
User 2908,user2908@example.com,City 9
User 2909,user2909@example.com,City 10
User 2910,user2910@example.com,City 1
User 2911,user2911@example.com,City 2
User 2912,user2912@example.com,City 3
User 2913,user2913@example.com,City 4
User 2914,user2914@example.com,City 5
User 2915,user2915@example.com,City 6
User 2916,user2916@example.com,City 7
User 2917,user2917@example.com,City 8
User 2918,user2918@example.com,City 9
User 2919,user2919@example.com,City 10
User 2920,user2920@example.com,City 1
User 2921,user2921@example.com,City 2
User 2922,user2922@example.com,City 3
User 2923,user2923@example.com,City 4
User 2924,user2924@example.com,City 5
User 2925,user2925@example.com,City 6
User 2926,user2926@example.com,City 7
User 2927,user2927@example.com,City 8
User 2928,user2928@example.com,City 9
User 2929,user2929@example.com,City 10
User 2930,user2930@example.com,City 1
User 2931,user2931@example.com,City 2
User 2932,user2932@example.com,City 3
User 2933,user2933@example.com,City 4
User 2934,user2934@example.com,City 5
User 2935,user2935@example.com,City 6
User 2936,user2936@example.com,City 7
User 2937,user2937@example.com,City 8
User 2938,user2938@example.com,City 9
User 2939,user2939@example.com,City 10
User 2940,user2940@example.com,City 1
User 2941,user2941@example.com,City 2
User 2942,user2942@example.com,City 3
User 2943,user2943@example.com,City 4
User 2944,user2944@example.com,City 5
User 2945,user2945@example.com,City 6
User 2946,user2946@example.com,City 7
User 2947,user2947@example.com,City 8
User 2948,user2948@example.com,City 9
User 2949,user2949@example.com,City 10
User 2950,user2950@example.com,City 1
User 2951,user2951@example.com,City 2
User 2952,user2952@example.com,City 3
User 2953,user2953@example.com,City 4
User 2954,user2954@example.com,City 5
User 2955,user2955@example.com,City 6
User 2956,user2956@example.com,City 7
User 2957,user2957@example.com,City 8
User 2958,user2958@example.com,City 9
User 2959,user2959@example.com,City 10
User 2960,user2960@example.com,City 1
User 2961,user2961@example.com,City 2
User 2962,user2962@example.com,City 3
User 2963,user2963@example.com,City 4
User 2964,user2964@example.com,City 5
User 2965,user2965@example.com,City 6
User 2966,user2966@example.com,City 7
User 2967,user2967@example.com,City 8
User 2968,user2968@example.com,City 9
User 2969,user2969@example.com,City 10
User 2970,user2970@example.com,City 1
User 2971,user2971@example.com,City 2
User 2972,user2972@example.com,City 3
User 2973,user2973@example.com,City 4
User 2974,user2974@example.com,City 5
User 2975,user2975@example.com,City 6
User 2976,user2976@example.com,City 7
User 2977,user2977@example.com,City 8
User 2978,user2978@example.com,City 9
User 2979,user2979@example.com,City 10
User 2980,user2980@example.com,City 1
User 2981,user2981@example.com,City 2
User 2982,user2982@example.com,City 3
User 2983,user2983@example.com,City 4
User 2984,user2984@example.com,City 5
User 2985,user2985@example.com,City 6
User 2986,user2986@example.com,City 7
User 2987,user2987@example.com,City 8
User 2988,user2988@example.com,City 9
User 2989,user2989@example.com,City 10
User 2990,user2990@example.com,City 1
User 2991,user2991@example.com,City 2
User 2992,user2992@example.com,City 3
User 2993,user2993@example.com,City 4
User 2994,user2994@example.com,City 5
User 2995,user2995@example.com,City 6
User 2996,user2996@example.com,City 7
User 2997,user2997@example.com,City 8
User 2998,user2998@example.com,City 9
User 2999,user2999@example.com,City 10
User 3000,user3000@example.com,City 1
User 3001,user3001@example.com,City 2
User 3002,user3002@example.com,City 3
User 3003,user3003@example.com,City 4
User 3004,user3004@example.com,City 5
User 3005,user3005@example.com,City 6
User 3006,user3006@example.com,City 7
User 3007,user3007@example.com,City 8
User 3008,user3008@example.com,City 9
User 3009,user3009@example.com,City 10
User 3010,user3010@example.com,City 1
User 3011,user3011@example.com,City 2
User 3012,user3012@example.com,City 3
User 3013,user3013@example.com,City 4
User 3014,user3014@example.com,City 5
User 3015,user3015@example.com,City 6
User 3016,user3016@example.com,City 7
User 3017,user3017@example.com,City 8
User 3018,user3018@example.com,City 9
User 3019,user3019@example.com,City 10
User 3020,user3020@example.com,City 1
User 3021,user3021@example.com,City 2
User 3022,user3022@example.com,City 3
User 3023,user3023@example.com,City 4
User 3024,user3024@example.com,City 5
User 3025,user3025@example.com,City 6
User 3026,user3026@example.com,City 7
User 3027,user3027@example.com,City 8
User 3028,user3028@example.com,City 9
User 3029,user3029@example.com,City 10
User 3030,user3030@example.com,City 1
User 3031,user3031@example.com,City 2
User 3032,user3032@example.com,City 3
User 3033,user3033@example.com,City 4
User 3034,user3034@example.com,City 5
User 3035,user3035@example.com,City 6
User 3036,user3036@example.com,City 7
User 3037,user3037@example.com,City 8
User 3038,user3038@example.com,City 9
User 3039,user3039@example.com,City 10
User 3040,user3040@example.com,City 1
User 3041,user3041@example.com,City 2
User 3042,user3042@example.com,City 3
User 3043,user3043@example.com,City 4
User 3044,user3044@example.com,City 5
User 3045,user3045@example.com,City 6
User 3046,user3046@example.com,City 7
User 3047,user3047@example.com,City 8
User 3048,user3048@example.com,City 9
User 3049,user3049@example.com,City 10
User 3050,user3050@example.com,City 1
User 3051,user3051@example.com,City 2
User 3052,user3052@example.com,City 3
User 3053,user3053@example.com,City 4
User 3054,user3054@example.com,City 5
User 3055,user3055@example.com,City 6
User 3056,user3056@example.com,City 7
User 3057,user3057@example.com,City 8
User 3058,user3058@example.com,City 9
User 3059,user3059@example.com,City 10
User 3060,user3060@example.com,City 1
User 3061,user3061@example.com,City 2
User 3062,user3062@example.com,City 3
User 3063,user3063@example.com,City 4
User 3064,user3064@example.com,City 5
User 3065,user3065@example.com,City 6
User 3066,user3066@example.com,City 7
User 3067,user3067@example.com,City 8
User 3068,user3068@example.com,City 9
User 3069,user3069@example.com,City 10
User 3070,user3070@example.com,City 1
User 3071,user3071@example.com,City 2
User 3072,user3072@example.com,City 3
User 3073,user3073@example.com,City 4
User 3074,user3074@example.com,City 5
User 3075,user3075@example.com,City 6
User 3076,user3076@example.com,City 7
User 3077,user3077@example.com,City 8
User 3078,user3078@example.com,City 9
User 3079,user3079@example.com,City 10
User 3080,user3080@example.com,City 1
User 3081,user3081@example.com,City 2
User 3082,user3082@example.com,City 3
User 3083,user3083@example.com,City 4
User 3084,user3084@example.com,City 5
User 3085,user3085@example.com,City 6
User 3086,user3086@example.com,City 7
User 3087,user3087@example.com,City 8
User 3088,user3088@example.com,City 9
User 3089,user3089@example.com,City 10
User 3090,user3090@example.com,City 1
User 3091,user3091@example.com,City 2
User 3092,user3092@example.com,City 3
User 3093,user3093@example.com,City 4
User 3094,user3094@example.com,City 5
User 3095,user3095@example.com,City 6
User 3096,user3096@example.com,City 7
User 3097,user3097@example.com,City 8
User 3098,user3098@example.com,City 9
User 3099,user3099@example.com,City 10
User 3100,user3100@example.com,City 1
User 3101,user3101@example.com,City 2
User 3102,user3102@example.com,City 3
User 3103,user3103@example.com,City 4
User 3104,user3104@example.com,City 5
User 3105,user3105@example.com,City 6
User 3106,user3106@example.com,City 7
User 3107,user3107@example.com,City 8
User 3108,user3108@example.com,City 9
User 3109,user3109@example.com,City 10
User 3110,user3110@example.com,City 1
User 3111,user3111@example.com,City 2
User 3112,user3112@example.com,City 3
User 3113,user3113@example.com,City 4
User 3114,user3114@example.com,City 5
User 3115,user3115@example.com,City 6
User 3116,user3116@example.com,City 7
User 3117,user3117@example.com,City 8
User 3118,user3118@example.com,City 9
User 3119,user3119@example.com,City 10
User 3120,user3120@example.com,City 1
User 3121,user3121@example.com,City 2
User 3122,user3122@example.com,City 3
User 3123,user3123@example.com,City 4
User 3124,user3124@example.com,City 5
User 3125,user3125@example.com,City 6
User 3126,user3126@example.com,City 7
User 3127,user3127@example.com,City 8
User 3128,user3128@example.com,City 9
User 3129,user3129@example.com,City 10
User 3130,user3130@example.com,City 1
User 3131,user3131@example.com,City 2
User 3132,user3132@example.com,City 3
User 3133,user3133@example.com,City 4
User 3134,user3134@example.com,City 5
User 3135,user3135@example.com,City 6
User 3136,user3136@example.com,City 7
User 3137,user3137@example.com,City 8
User 3138,user3138@example.com,City 9
User 3139,user3139@example.com,City 10
User 3140,user3140@example.com,City 1
User 3141,user3141@example.com,City 2
User 3142,user3142@example.com,City 3
User 3143,user3143@example.com,City 4
User 3144,user3144@example.com,City 5
User 3145,user3145@example.com,City 6
User 3146,user3146@example.com,City 7
User 3147,user3147@example.com,City 8
User 3148,user3148@example.com,City 9
User 3149,user3149@example.com,City 10
User 3150,user3150@example.com,City 1
User 3151,user3151@example.com,City 2
User 3152,user3152@example.com,City 3
User 3153,user3153@example.com,City 4
User 3154,user3154@example.com,City 5
User 3155,user3155@example.com,City 6
User 3156,user3156@example.com,City 7
User 3157,user3157@example.com,City 8
User 3158,user3158@example.com,City 9
User 3159,user3159@example.com,City 10
User 3160,user3160@example.com,City 1
User 3161,user3161@example.com,City 2
User 3162,user3162@example.com,City 3
User 3163,user3163@example.com,City 4
User 3164,user3164@example.com,City 5
User 3165,user3165@example.com,City 6
User 3166,user3166@example.com,City 7
User 3167,user3167@example.com,City 8
User 3168,user3168@example.com,City 9
User 3169,user3169@example.com,City 10
User 3170,user3170@example.com,City 1
User 3171,user3171@example.com,City 2
User 3172,user3172@example.com,City 3
User 3173,user3173@example.com,City 4
User 3174,user3174@example.com,City 5
User 3175,user3175@example.com,City 6
User 3176,user3176@example.com,City 7
User 3177,user3177@example.com,City 8
User 3178,user3178@example.com,City 9
User 3179,user3179@example.com,City 10
User 3180,user3180@example.com,City 1
User 3181,user3181@example.com,City 2
User 3182,user3182@example.com,City 3
User 3183,user3183@example.com,City 4
User 3184,user3184@example.com,City 5
User 3185,user3185@example.com,City 6
User 3186,user3186@example.com,City 7
User 3187,user3187@example.com,City 8
User 3188,user3188@example.com,City 9
User 3189,user3189@example.com,City 10
User 3190,user3190@example.com,City 1
User 3191,user3191@example.com,City 2
User 3192,user3192@example.com,City 3
User 3193,user3193@example.com,City 4
User 3194,user3194@example.com,City 5
User 3195,user3195@example.com,City 6
User 3196,user3196@example.com,City 7
User 3197,user3197@example.com,City 8
User 3198,user3198@example.com,City 9
User 3199,user3199@example.com,City 10
User 3200,user3200@example.com,City 1
User 3201,user3201@example.com,City 2
User 3202,user3202@example.com,City 3
User 3203,user3203@example.com,City 4
User 3204,user3204@example.com,City 5
User 3205,user3205@example.com,City 6
User 3206,user3206@example.com,City 7
User 3207,user3207@example.com,City 8
User 3208,user3208@example.com,City 9
User 3209,user3209@example.com,City 10
User 3210,user3210@example.com,City 1
User 3211,user3211@example.com,City 2
User 3212,user3212@example.com,City 3
User 3213,user3213@example.com,City 4
User 3214,user3214@example.com,City 5
User 3215,user3215@example.com,City 6
User 3216,user3216@example.com,City 7
User 3217,user3217@example.com,City 8
User 3218,user3218@example.com,City 9
User 3219,user3219@example.com,City 10
User 3220,user3220@example.com,City 1
User 3221,user3221@example.com,City 2
User 3222,user3222@example.com,City 3
User 3223,user3223@example.com,City 4
User 3224,user3224@example.com,City 5
User 3225,user3225@example.com,City 6
User 3226,user3226@example.com,City 7
User 3227,user3227@example.com,City 8
User 3228,user3228@example.com,City 9
User 3229,user3229@example.com,City 10
User 3230,user3230@example.com,City 1
User 3231,user3231@example.com,City 2
User 3232,user3232@example.com,City 3
User 3233,user3233@example.com,City 4
User 3234,user3234@example.com,City 5
User 3235,user3235@example.com,City 6
User 3236,user3236@example.com,City 7
User 3237,user3237@example.com,City 8
User 3238,user3238@example.com,City 9
User 3239,user3239@example.com,City 10
User 3240,user3240@example.com,City 1
User 3241,user3241@example.com,City 2
User 3242,user3242@example.com,City 3
User 3243,user3243@example.com,City 4
User 3244,user3244@example.com,City 5
User 3245,user3245@example.com,City 6
User 3246,user3246@example.com,City 7
User 3247,user3247@example.com,City 8
User 3248,user3248@example.com,City 9
User 3249,user3249@example.com,City 10
User 3250,user3250@example.com,City 1
User 3251,user3251@example.com,City 2
User 3252,user3252@example.com,City 3
User 3253,user3253@example.com,City 4
User 3254,user3254@example.com,City 5
User 3255,user3255@example.com,City 6
User 3256,user3256@example.com,City 7
User 3257,user3257@example.com,City 8
User 3258,user3258@example.com,City 9
User 3259,user3259@example.com,City 10
User 3260,user3260@example.com,City 1
User 3261,user3261@example.com,City 2
User 3262,user3262@example.com,City 3
User 3263,user3263@example.com,City 4
User 3264,user3264@example.com,City 5
User 3265,user3265@example.com,City 6
User 3266,user3266@example.com,City 7
User 3267,user3267@example.com,City 8
User 3268,user3268@example.com,City 9
User 3269,user3269@example.com,City 10
User 3270,user3270@example.com,City 1
User 3271,user3271@example.com,City 2
User 3272,user3272@example.com,City 3
User 3273,user3273@example.com,City 4
User 3274,user3274@example.com,City 5
User 3275,user3275@example.com,City 6
User 3276,user3276@example.com,City 7
User 3277,user3277@example.com,City 8
User 3278,user3278@example.com,City 9
User 3279,user3279@example.com,City 10
User 3280,user3280@example.com,City 1
User 3281,user3281@example.com,City 2
User 3282,user3282@example.com,City 3
User 3283,user3283@example.com,City 4
User 3284,user3284@example.com,City 5
User 3285,user3285@example.com,City 6
User 3286,user3286@example.com,City 7
User 3287,user3287@example.com,City 8
User 3288,user3288@example.com,City 9
User 3289,user3289@example.com,City 10
User 3290,user3290@example.com,City 1
User 3291,user3291@example.com,City 2
User 3292,user3292@example.com,City 3
User 3293,user3293@example.com,City 4
User 3294,user3294@example.com,City 5
User 3295,user3295@example.com,City 6
User 3296,user3296@example.com,City 7
User 3297,user3297@example.com,City 8
User 3298,user3298@example.com,City 9
User 3299,user3299@example.com,City 10
User 3300,user3300@example.com,City 1
User 3301,user3301@example.com,City 2
User 3302,user3302@example.com,City 3
User 3303,user3303@example.com,City 4
User 3304,user3304@example.com,City 5
User 3305,user3305@example.com,City 6
User 3306,user3306@example.com,City 7
User 3307,user3307@example.com,City 8
User 3308,user3308@example.com,City 9
User 3309,user3309@example.com,City 10
User 3310,user3310@example.com,City 1
User 3311,user3311@example.com,City 2
User 3312,user3312@example.com,City 3
User 3313,user3313@example.com,City 4
User 3314,user3314@example.com,City 5
User 3315,user3315@example.com,City 6
User 3316,user3316@example.com,City 7
User 3317,user3317@example.com,City 8
User 3318,user3318@example.com,City 9
User 3319,user3319@example.com,City 10
User 3320,user3320@example.com,City 1
User 3321,user3321@example.com,City 2
User 3322,user3322@example.com,City 3
User 3323,user3323@example.com,City 4
User 3324,user3324@example.com,City 5
User 3325,user3325@example.com,City 6
User 3326,user3326@example.com,City 7
User 3327,user3327@example.com,City 8
User 3328,user3328@example.com,City 9
User 3329,user3329@example.com,City 10
User 3330,user3330@example.com,City 1
User 3331,user3331@example.com,City 2
User 3332,user3332@example.com,City 3
User 3333,user3333@example.com,City 4
User 3334,user3334@example.com,City 5
User 3335,user3335@example.com,City 6
User 3336,user3336@example.com,City 7
User 3337,user3337@example.com,City 8
User 3338,user3338@example.com,City 9
User 3339,user3339@example.com,City 10
User 3340,user3340@example.com,City 1
User 3341,user3341@example.com,City 2
User 3342,user3342@example.com,City 3
User 3343,user3343@example.com,City 4
User 3344,user3344@example.com,City 5
User 3345,user3345@example.com,City 6
User 3346,user3346@example.com,City 7
User 3347,user3347@example.com,City 8
User 3348,user3348@example.com,City 9
User 3349,user3349@example.com,City 10
User 3350,user3350@example.com,City 1
User 3351,user3351@example.com,City 2
User 3352,user3352@example.com,City 3
User 3353,user3353@example.com,City 4
User 3354,user3354@example.com,City 5
User 3355,user3355@example.com,City 6
User 3356,user3356@example.com,City 7
User 3357,user3357@example.com,City 8
User 3358,user3358@example.com,City 9
User 3359,user3359@example.com,City 10
User 3360,user3360@example.com,City 1
User 3361,user3361@example.com,City 2
User 3362,user3362@example.com,City 3
User 3363,user3363@example.com,City 4
User 3364,user3364@example.com,City 5
User 3365,user3365@example.com,City 6
User 3366,user3366@example.com,City 7
User 3367,user3367@example.com,City 8
User 3368,user3368@example.com,City 9
User 3369,user3369@example.com,City 10
User 3370,user3370@example.com,City 1
User 3371,user3371@example.com,City 2
User 3372,user3372@example.com,City 3
User 3373,user3373@example.com,City 4
User 3374,user3374@example.com,City 5
User 3375,user3375@example.com,City 6
User 3376,user3376@example.com,City 7
User 3377,user3377@example.com,City 8
User 3378,user3378@example.com,City 9
User 3379,user3379@example.com,City 10
User 3380,user3380@example.com,City 1
User 3381,user3381@example.com,City 2
User 3382,user3382@example.com,City 3
User 3383,user3383@example.com,City 4
User 3384,user3384@example.com,City 5
User 3385,user3385@example.com,City 6
User 3386,user3386@example.com,City 7
User 3387,user3387@example.com,City 8
User 3388,user3388@example.com,City 9
User 3389,user3389@example.com,City 10
User 3390,user3390@example.com,City 1
User 3391,user3391@example.com,City 2
User 3392,user3392@example.com,City 3
User 3393,user3393@example.com,City 4
User 3394,user3394@example.com,City 5
User 3395,user3395@example.com,City 6
User 3396,user3396@example.com,City 7
User 3397,user3397@example.com,City 8
User 3398,user3398@example.com,City 9
User 3399,user3399@example.com,City 10
User 3400,user3400@example.com,City 1
User 3401,user3401@example.com,City 2
User 3402,user3402@example.com,City 3
User 3403,user3403@example.com,City 4
User 3404,user3404@example.com,City 5
User 3405,user3405@example.com,City 6
User 3406,user3406@example.com,City 7
User 3407,user3407@example.com,City 8
User 3408,user3408@example.com,City 9
User 3409,user3409@example.com,City 10
User 3410,user3410@example.com,City 1
User 3411,user3411@example.com,City 2
User 3412,user3412@example.com,City 3
User 3413,user3413@example.com,City 4
User 3414,user3414@example.com,City 5
User 3415,user3415@example.com,City 6
User 3416,user3416@example.com,City 7
User 3417,user3417@example.com,City 8
User 3418,user3418@example.com,City 9
User 3419,user3419@example.com,City 10
User 3420,user3420@example.com,City 1
User 3421,user3421@example.com,City 2
User 3422,user3422@example.com,City 3
User 3423,user3423@example.com,City 4
User 3424,user3424@example.com,City 5
User 3425,user3425@example.com,City 6
User 3426,user3426@example.com,City 7
User 3427,user3427@example.com,City 8
User 3428,user3428@example.com,City 9
User 3429,user3429@example.com,City 10
User 3430,user3430@example.com,City 1
User 3431,user3431@example.com,City 2
User 3432,user3432@example.com,City 3
User 3433,user3433@example.com,City 4
User 3434,user3434@example.com,City 5
User 3435,user3435@example.com,City 6
User 3436,user3436@example.com,City 7
User 3437,user3437@example.com,City 8
User 3438,user3438@example.com,City 9
User 3439,user3439@example.com,City 10
User 3440,user3440@example.com,City 1
User 3441,user3441@example.com,City 2
User 3442,user3442@example.com,City 3
User 3443,user3443@example.com,City 4
User 3444,user3444@example.com,City 5
User 3445,user3445@example.com,City 6
User 3446,user3446@example.com,City 7
User 3447,user3447@example.com,City 8
User 3448,user3448@example.com,City 9
User 3449,user3449@example.com,City 10
User 3450,user3450@example.com,City 1
User 3451,user3451@example.com,City 2
User 3452,user3452@example.com,City 3
User 3453,user3453@example.com,City 4
User 3454,user3454@example.com,City 5
User 3455,user3455@example.com,City 6
User 3456,user3456@example.com,City 7
User 3457,user3457@example.com,City 8
User 3458,user3458@example.com,City 9
User 3459,user3459@example.com,City 10
User 3460,user3460@example.com,City 1
User 3461,user3461@example.com,City 2
User 3462,user3462@example.com,City 3
User 3463,user3463@example.com,City 4
User 3464,user3464@example.com,City 5
User 3465,user3465@example.com,City 6
User 3466,user3466@example.com,City 7
User 3467,user3467@example.com,City 8
User 3468,user3468@example.com,City 9
User 3469,user3469@example.com,City 10
User 3470,user3470@example.com,City 1
User 3471,user3471@example.com,City 2
User 3472,user3472@example.com,City 3
User 3473,user3473@example.com,City 4
User 3474,user3474@example.com,City 5
User 3475,user3475@example.com,City 6
User 3476,user3476@example.com,City 7
User 3477,user3477@example.com,City 8
User 3478,user3478@example.com,City 9
User 3479,user3479@example.com,City 10
User 3480,user3480@example.com,City 1
User 3481,user3481@example.com,City 2
User 3482,user3482@example.com,City 3
User 3483,user3483@example.com,City 4
User 3484,user3484@example.com,City 5
User 3485,user3485@example.com,City 6
User 3486,user3486@example.com,City 7
User 3487,user3487@example.com,City 8
User 3488,user3488@example.com,City 9
User 3489,user3489@example.com,City 10
User 3490,user3490@example.com,City 1
User 3491,user3491@example.com,City 2
User 3492,user3492@example.com,City 3
User 3493,user3493@example.com,City 4
User 3494,user3494@example.com,City 5
User 3495,user3495@example.com,City 6
User 3496,user3496@example.com,City 7
User 3497,user3497@example.com,City 8
User 3498,user3498@example.com,City 9
User 3499,user3499@example.com,City 10
User 3500,user3500@example.com,City 1
User 3501,user3501@example.com,City 2
User 3502,user3502@example.com,City 3
User 3503,user3503@example.com,City 4
User 3504,user3504@example.com,City 5
User 3505,user3505@example.com,City 6
User 3506,user3506@example.com,City 7
User 3507,user3507@example.com,City 8
User 3508,user3508@example.com,City 9
User 3509,user3509@example.com,City 10
User 3510,user3510@example.com,City 1
User 3511,user3511@example.com,City 2
User 3512,user3512@example.com,City 3
User 3513,user3513@example.com,City 4
User 3514,user3514@example.com,City 5
User 3515,user3515@example.com,City 6
User 3516,user3516@example.com,City 7
User 3517,user3517@example.com,City 8
User 3518,user3518@example.com,City 9
User 3519,user3519@example.com,City 10
User 3520,user3520@example.com,City 1
User 3521,user3521@example.com,City 2
User 3522,user3522@example.com,City 3
User 3523,user3523@example.com,City 4
User 3524,user3524@example.com,City 5
User 3525,user3525@example.com,City 6
User 3526,user3526@example.com,City 7
User 3527,user3527@example.com,City 8
User 3528,user3528@example.com,City 9
User 3529,user3529@example.com,City 10
User 3530,user3530@example.com,City 1
User 3531,user3531@example.com,City 2
User 3532,user3532@example.com,City 3
User 3533,user3533@example.com,City 4
User 3534,user3534@example.com,City 5
User 3535,user3535@example.com,City 6
User 3536,user3536@example.com,City 7
User 3537,user3537@example.com,City 8
User 3538,user3538@example.com,City 9
User 3539,user3539@example.com,City 10
User 3540,user3540@example.com,City 1
User 3541,user3541@example.com,City 2
User 3542,user3542@example.com,City 3
User 3543,user3543@example.com,City 4
User 3544,user3544@example.com,City 5
User 3545,user3545@example.com,City 6
User 3546,user3546@example.com,City 7
User 3547,user3547@example.com,City 8
User 3548,user3548@example.com,City 9
User 3549,user3549@example.com,City 10
User 3550,user3550@example.com,City 1
User 3551,user3551@example.com,City 2
User 3552,user3552@example.com,City 3
User 3553,user3553@example.com,City 4
User 3554,user3554@example.com,City 5
User 3555,user3555@example.com,City 6
User 3556,user3556@example.com,City 7
User 3557,user3557@example.com,City 8
User 3558,user3558@example.com,City 9
User 3559,user3559@example.com,City 10
User 3560,user3560@example.com,City 1
User 3561,user3561@example.com,City 2
User 3562,user3562@example.com,City 3
User 3563,user3563@example.com,City 4
User 3564,user3564@example.com,City 5
User 3565,user3565@example.com,City 6
User 3566,user3566@example.com,City 7
User 3567,user3567@example.com,City 8
User 3568,user3568@example.com,City 9
User 3569,user3569@example.com,City 10
User 3570,user3570@example.com,City 1
User 3571,user3571@example.com,City 2
User 3572,user3572@example.com,City 3
User 3573,user3573@example.com,City 4
User 3574,user3574@example.com,City 5
User 3575,user3575@example.com,City 6
User 3576,user3576@example.com,City 7
User 3577,user3577@example.com,City 8
User 3578,user3578@example.com,City 9
User 3579,user3579@example.com,City 10
User 3580,user3580@example.com,City 1
User 3581,user3581@example.com,City 2
User 3582,user3582@example.com,City 3
User 3583,user3583@example.com,City 4
User 3584,user3584@example.com,City 5
User 3585,user3585@example.com,City 6
User 3586,user3586@example.com,City 7
User 3587,user3587@example.com,City 8
User 3588,user3588@example.com,City 9
User 3589,user3589@example.com,City 10
User 3590,user3590@example.com,City 1
User 3591,user3591@example.com,City 2
User 3592,user3592@example.com,City 3
User 3593,user3593@example.com,City 4
User 3594,user3594@example.com,City 5
User 3595,user3595@example.com,City 6
User 3596,user3596@example.com,City 7
User 3597,user3597@example.com,City 8
User 3598,user3598@example.com,City 9
User 3599,user3599@example.com,City 10
User 3600,user3600@example.com,City 1
User 3601,user3601@example.com,City 2
User 3602,user3602@example.com,City 3
User 3603,user3603@example.com,City 4
User 3604,user3604@example.com,City 5
User 3605,user3605@example.com,City 6
User 3606,user3606@example.com,City 7
User 3607,user3607@example.com,City 8
User 3608,user3608@example.com,City 9
User 3609,user3609@example.com,City 10
User 3610,user3610@example.com,City 1
User 3611,user3611@example.com,City 2
User 3612,user3612@example.com,City 3
User 3613,user3613@example.com,City 4
User 3614,user3614@example.com,City 5
User 3615,user3615@example.com,City 6
User 3616,user3616@example.com,City 7
User 3617,user3617@example.com,City 8
User 3618,user3618@example.com,City 9
User 3619,user3619@example.com,City 10
User 3620,user3620@example.com,City 1
User 3621,user3621@example.com,City 2
User 3622,user3622@example.com,City 3
User 3623,user3623@example.com,City 4
User 3624,user3624@example.com,City 5
User 3625,user3625@example.com,City 6
User 3626,user3626@example.com,City 7
User 3627,user3627@example.com,City 8
User 3628,user3628@example.com,City 9
User 3629,user3629@example.com,City 10
User 3630,user3630@example.com,City 1
User 3631,user3631@example.com,City 2
User 3632,user3632@example.com,City 3
User 3633,user3633@example.com,City 4
User 3634,user3634@example.com,City 5
User 3635,user3635@example.com,City 6
User 3636,user3636@example.com,City 7
User 3637,user3637@example.com,City 8
User 3638,user3638@example.com,City 9
User 3639,user3639@example.com,City 10
User 3640,user3640@example.com,City 1
User 3641,user3641@example.com,City 2
User 3642,user3642@example.com,City 3
User 3643,user3643@example.com,City 4
User 3644,user3644@example.com,City 5
User 3645,user3645@example.com,City 6
User 3646,user3646@example.com,City 7
User 3647,user3647@example.com,City 8
User 3648,user3648@example.com,City 9
User 3649,user3649@example.com,City 10
User 3650,user3650@example.com,City 1
User 3651,user3651@example.com,City 2
User 3652,user3652@example.com,City 3
User 3653,user3653@example.com,City 4
User 3654,user3654@example.com,City 5
User 3655,user3655@example.com,City 6
User 3656,user3656@example.com,City 7
User 3657,user3657@example.com,City 8
User 3658,user3658@example.com,City 9
User 3659,user3659@example.com,City 10
User 3660,user3660@example.com,City 1
User 3661,user3661@example.com,City 2
User 3662,user3662@example.com,City 3
User 3663,user3663@example.com,City 4
User 3664,user3664@example.com,City 5
User 3665,user3665@example.com,City 6
User 3666,user3666@example.com,City 7
User 3667,user3667@example.com,City 8
User 3668,user3668@example.com,City 9
User 3669,user3669@example.com,City 10
User 3670,user3670@example.com,City 1
User 3671,user3671@example.com,City 2
User 3672,user3672@example.com,City 3
User 3673,user3673@example.com,City 4
User 3674,user3674@example.com,City 5
User 3675,user3675@example.com,City 6
User 3676,user3676@example.com,City 7
User 3677,user3677@example.com,City 8
User 3678,user3678@example.com,City 9
User 3679,user3679@example.com,City 10
User 3680,user3680@example.com,City 1
User 3681,user3681@example.com,City 2
User 3682,user3682@example.com,City 3
User 3683,user3683@example.com,City 4
User 3684,user3684@example.com,City 5
User 3685,user3685@example.com,City 6
User 3686,user3686@example.com,City 7
User 3687,user3687@example.com,City 8
User 3688,user3688@example.com,City 9
User 3689,user3689@example.com,City 10
User 3690,user3690@example.com,City 1
User 3691,user3691@example.com,City 2
User 3692,user3692@example.com,City 3
User 3693,user3693@example.com,City 4
User 3694,user3694@example.com,City 5
User 3695,user3695@example.com,City 6
User 3696,user3696@example.com,City 7
User 3697,user3697@example.com,City 8
User 3698,user3698@example.com,City 9
User 3699,user3699@example.com,City 10
User 3700,user3700@example.com,City 1
User 3701,user3701@example.com,City 2
User 3702,user3702@example.com,City 3
User 3703,user3703@example.com,City 4
User 3704,user3704@example.com,City 5
User 3705,user3705@example.com,City 6
User 3706,user3706@example.com,City 7
User 3707,user3707@example.com,City 8
User 3708,user3708@example.com,City 9
User 3709,user3709@example.com,City 10
User 3710,user3710@example.com,City 1
User 3711,user3711@example.com,City 2
User 3712,user3712@example.com,City 3
User 3713,user3713@example.com,City 4
User 3714,user3714@example.com,City 5
User 3715,user3715@example.com,City 6
User 3716,user3716@example.com,City 7
User 3717,user3717@example.com,City 8
User 3718,user3718@example.com,City 9
User 3719,user3719@example.com,City 10
User 3720,user3720@example.com,City 1
User 3721,user3721@example.com,City 2
User 3722,user3722@example.com,City 3
User 3723,user3723@example.com,City 4
User 3724,user3724@example.com,City 5
User 3725,user3725@example.com,City 6
User 3726,user3726@example.com,City 7
User 3727,user3727@example.com,City 8
User 3728,user3728@example.com,City 9
User 3729,user3729@example.com,City 10
User 3730,user3730@example.com,City 1
User 3731,user3731@example.com,City 2
User 3732,user3732@example.com,City 3
User 3733,user3733@example.com,City 4
User 3734,user3734@example.com,City 5
User 3735,user3735@example.com,City 6
User 3736,user3736@example.com,City 7
User 3737,user3737@example.com,City 8
User 3738,user3738@example.com,City 9
User 3739,user3739@example.com,City 10
User 3740,user3740@example.com,City 1
User 3741,user3741@example.com,City 2
User 3742,user3742@example.com,City 3
User 3743,user3743@example.com,City 4
User 3744,user3744@example.com,City 5
User 3745,user3745@example.com,City 6
User 3746,user3746@example.com,City 7
User 3747,user3747@example.com,City 8
User 3748,user3748@example.com,City 9
User 3749,user3749@example.com,City 10
User 3750,user3750@example.com,City 1
User 3751,user3751@example.com,City 2
User 3752,user3752@example.com,City 3
User 3753,user3753@example.com,City 4
User 3754,user3754@example.com,City 5
User 3755,user3755@example.com,City 6
User 3756,user3756@example.com,City 7
User 3757,user3757@example.com,City 8
User 3758,user3758@example.com,City 9
User 3759,user3759@example.com,City 10
User 3760,user3760@example.com,City 1
User 3761,user3761@example.com,City 2
User 3762,user3762@example.com,City 3
User 3763,user3763@example.com,City 4
User 3764,user3764@example.com,City 5
User 3765,user3765@example.com,City 6
User 3766,user3766@example.com,City 7
User 3767,user3767@example.com,City 8
User 3768,user3768@example.com,City 9
User 3769,user3769@example.com,City 10
User 3770,user3770@example.com,City 1
User 3771,user3771@example.com,City 2
User 3772,user3772@example.com,City 3
User 3773,user3773@example.com,City 4
User 3774,user3774@example.com,City 5
User 3775,user3775@example.com,City 6
User 3776,user3776@example.com,City 7
User 3777,user3777@example.com,City 8
User 3778,user3778@example.com,City 9
User 3779,user3779@example.com,City 10
User 3780,user3780@example.com,City 1
User 3781,user3781@example.com,City 2
User 3782,user3782@example.com,City 3
User 3783,user3783@example.com,City 4
User 3784,user3784@example.com,City 5
User 3785,user3785@example.com,City 6
User 3786,user3786@example.com,City 7
User 3787,user3787@example.com,City 8
User 3788,user3788@example.com,City 9
User 3789,user3789@example.com,City 10
User 3790,user3790@example.com,City 1
User 3791,user3791@example.com,City 2
User 3792,user3792@example.com,City 3
User 3793,user3793@example.com,City 4
User 3794,user3794@example.com,City 5
User 3795,user3795@example.com,City 6
User 3796,user3796@example.com,City 7
User 3797,user3797@example.com,City 8
User 3798,user3798@example.com,City 9
User 3799,user3799@example.com,City 10
User 3800,user3800@example.com,City 1
User 3801,user3801@example.com,City 2
User 3802,user3802@example.com,City 3
User 3803,user3803@example.com,City 4
User 3804,user3804@example.com,City 5
User 3805,user3805@example.com,City 6
User 3806,user3806@example.com,City 7
User 3807,user3807@example.com,City 8
User 3808,user3808@example.com,City 9
User 3809,user3809@example.com,City 10
User 3810,user3810@example.com,City 1
User 3811,user3811@example.com,City 2
User 3812,user3812@example.com,City 3
User 3813,user3813@example.com,City 4
User 3814,user3814@example.com,City 5
User 3815,user3815@example.com,City 6
User 3816,user3816@example.com,City 7
User 3817,user3817@example.com,City 8
User 3818,user3818@example.com,City 9
User 3819,user3819@example.com,City 10
User 3820,user3820@example.com,City 1
User 3821,user3821@example.com,City 2
User 3822,user3822@example.com,City 3
User 3823,user3823@example.com,City 4
User 3824,user3824@example.com,City 5
User 3825,user3825@example.com,City 6
User 3826,user3826@example.com,City 7
User 3827,user3827@example.com,City 8
User 3828,user3828@example.com,City 9
User 3829,user3829@example.com,City 10
User 3830,user3830@example.com,City 1
User 3831,user3831@example.com,City 2
User 3832,user3832@example.com,City 3
User 3833,user3833@example.com,City 4
User 3834,user3834@example.com,City 5
User 3835,user3835@example.com,City 6
User 3836,user3836@example.com,City 7
User 3837,user3837@example.com,City 8
User 3838,user3838@example.com,City 9
User 3839,user3839@example.com,City 10
User 3840,user3840@example.com,City 1
User 3841,user3841@example.com,City 2
User 3842,user3842@example.com,City 3
User 3843,user3843@example.com,City 4
User 3844,user3844@example.com,City 5
User 3845,user3845@example.com,City 6
User 3846,user3846@example.com,City 7
User 3847,user3847@example.com,City 8
User 3848,user3848@example.com,City 9
User 3849,user3849@example.com,City 10
User 3850,user3850@example.com,City 1
User 3851,user3851@example.com,City 2
User 3852,user3852@example.com,City 3
User 3853,user3853@example.com,City 4
User 3854,user3854@example.com,City 5
User 3855,user3855@example.com,City 6
User 3856,user3856@example.com,City 7
User 3857,user3857@example.com,City 8
User 3858,user3858@example.com,City 9
User 3859,user3859@example.com,City 10
User 3860,user3860@example.com,City 1
User 3861,user3861@example.com,City 2
User 3862,user3862@example.com,City 3
User 3863,user3863@example.com,City 4
User 3864,user3864@example.com,City 5
User 3865,user3865@example.com,City 6
User 3866,user3866@example.com,City 7
User 3867,user3867@example.com,City 8
User 3868,user3868@example.com,City 9
User 3869,user3869@example.com,City 10
User 3870,user3870@example.com,City 1
User 3871,user3871@example.com,City 2
User 3872,user3872@example.com,City 3
User 3873,user3873@example.com,City 4
User 3874,user3874@example.com,City 5
User 3875,user3875@example.com,City 6
User 3876,user3876@example.com,City 7
User 3877,user3877@example.com,City 8
User 3878,user3878@example.com,City 9
User 3879,user3879@example.com,City 10
User 3880,user3880@example.com,City 1
User 3881,user3881@example.com,City 2
User 3882,user3882@example.com,City 3
User 3883,user3883@example.com,City 4
User 3884,user3884@example.com,City 5
User 3885,user3885@example.com,City 6
User 3886,user3886@example.com,City 7
User 3887,user3887@example.com,City 8
User 3888,user3888@example.com,City 9
User 3889,user3889@example.com,City 10
User 3890,user3890@example.com,City 1
User 3891,user3891@example.com,City 2
User 3892,user3892@example.com,City 3
User 3893,user3893@example.com,City 4
User 3894,user3894@example.com,City 5
User 3895,user3895@example.com,City 6
User 3896,user3896@example.com,City 7
User 3897,user3897@example.com,City 8
User 3898,user3898@example.com,City 9
User 3899,user3899@example.com,City 10
User 3900,user3900@example.com,City 1
User 3901,user3901@example.com,City 2
User 3902,user3902@example.com,City 3
User 3903,user3903@example.com,City 4
User 3904,user3904@example.com,City 5
User 3905,user3905@example.com,City 6
User 3906,user3906@example.com,City 7
User 3907,user3907@example.com,City 8
User 3908,user3908@example.com,City 9
User 3909,user3909@example.com,City 10
User 3910,user3910@example.com,City 1
User 3911,user3911@example.com,City 2
User 3912,user3912@example.com,City 3
User 3913,user3913@example.com,City 4
User 3914,user3914@example.com,City 5
User 3915,user3915@example.com,City 6
User 3916,user3916@example.com,City 7
User 3917,user3917@example.com,City 8
User 3918,user3918@example.com,City 9
User 3919,user3919@example.com,City 10
User 3920,user3920@example.com,City 1
User 3921,user3921@example.com,City 2
User 3922,user3922@example.com,City 3
User 3923,user3923@example.com,City 4
User 3924,user3924@example.com,City 5
User 3925,user3925@example.com,City 6
User 3926,user3926@example.com,City 7
User 3927,user3927@example.com,City 8
User 3928,user3928@example.com,City 9
User 3929,user3929@example.com,City 10
User 3930,user3930@example.com,City 1
User 3931,user3931@example.com,City 2
User 3932,user3932@example.com,City 3
User 3933,user3933@example.com,City 4
User 3934,user3934@example.com,City 5
User 3935,user3935@example.com,City 6
User 3936,user3936@example.com,City 7
User 3937,user3937@example.com,City 8
User 3938,user3938@example.com,City 9
User 3939,user3939@example.com,City 10
User 3940,user3940@example.com,City 1
User 3941,user3941@example.com,City 2
User 3942,user3942@example.com,City 3
User 3943,user3943@example.com,City 4
User 3944,user3944@example.com,City 5
User 3945,user3945@example.com,City 6
User 3946,user3946@example.com,City 7
User 3947,user3947@example.com,City 8
User 3948,user3948@example.com,City 9
User 3949,user3949@example.com,City 10
User 3950,user3950@example.com,City 1
User 3951,user3951@example.com,City 2
User 3952,user3952@example.com,City 3
User 3953,user3953@example.com,City 4
User 3954,user3954@example.com,City 5
User 3955,user3955@example.com,City 6
User 3956,user3956@example.com,City 7
User 3957,user3957@example.com,City 8
User 3958,user3958@example.com,City 9
User 3959,user3959@example.com,City 10
User 3960,user3960@example.com,City 1
User 3961,user3961@example.com,City 2
User 3962,user3962@example.com,City 3
User 3963,user3963@example.com,City 4
User 3964,user3964@example.com,City 5
User 3965,user3965@example.com,City 6
User 3966,user3966@example.com,City 7
User 3967,user3967@example.com,City 8
User 3968,user3968@example.com,City 9
User 3969,user3969@example.com,City 10
User 3970,user3970@example.com,City 1
User 3971,user3971@example.com,City 2
User 3972,user3972@example.com,City 3
User 3973,user3973@example.com,City 4
User 3974,user3974@example.com,City 5
User 3975,user3975@example.com,City 6
User 3976,user3976@example.com,City 7
User 3977,user3977@example.com,City 8
User 3978,user3978@example.com,City 9
User 3979,user3979@example.com,City 10
User 3980,user3980@example.com,City 1
User 3981,user3981@example.com,City 2
User 3982,user3982@example.com,City 3
User 3983,user3983@example.com,City 4
User 3984,user3984@example.com,City 5
User 3985,user3985@example.com,City 6
User 3986,user3986@example.com,City 7
User 3987,user3987@example.com,City 8
User 3988,user3988@example.com,City 9
User 3989,user3989@example.com,City 10
User 3990,user3990@example.com,City 1
User 3991,user3991@example.com,City 2
User 3992,user3992@example.com,City 3
User 3993,user3993@example.com,City 4
User 3994,user3994@example.com,City 5
User 3995,user3995@example.com,City 6
User 3996,user3996@example.com,City 7
User 3997,user3997@example.com,City 8
User 3998,user3998@example.com,City 9
User 3999,user3999@example.com,City 10
User 4000,user4000@example.com,City 1
User 4001,user4001@example.com,City 2
User 4002,user4002@example.com,City 3
User 4003,user4003@example.com,City 4
User 4004,user4004@example.com,City 5
User 4005,user4005@example.com,City 6
User 4006,user4006@example.com,City 7
User 4007,user4007@example.com,City 8
User 4008,user4008@example.com,City 9
User 4009,user4009@example.com,City 10
User 4010,user4010@example.com,City 1
User 4011,user4011@example.com,City 2
User 4012,user4012@example.com,City 3
User 4013,user4013@example.com,City 4
User 4014,user4014@example.com,City 5
User 4015,user4015@example.com,City 6
User 4016,user4016@example.com,City 7
User 4017,user4017@example.com,City 8
User 4018,user4018@example.com,City 9
User 4019,user4019@example.com,City 10
User 4020,user4020@example.com,City 1
User 4021,user4021@example.com,City 2
User 4022,user4022@example.com,City 3
User 4023,user4023@example.com,City 4
User 4024,user4024@example.com,City 5
User 4025,user4025@example.com,City 6
User 4026,user4026@example.com,City 7
User 4027,user4027@example.com,City 8
User 4028,user4028@example.com,City 9
User 4029,user4029@example.com,City 10
User 4030,user4030@example.com,City 1
User 4031,user4031@example.com,City 2
User 4032,user4032@example.com,City 3
User 4033,user4033@example.com,City 4
User 4034,user4034@example.com,City 5
User 4035,user4035@example.com,City 6
User 4036,user4036@example.com,City 7
User 4037,user4037@example.com,City 8
User 4038,user4038@example.com,City 9
User 4039,user4039@example.com,City 10
User 4040,user4040@example.com,City 1
User 4041,user4041@example.com,City 2
User 4042,user4042@example.com,City 3
User 4043,user4043@example.com,City 4
User 4044,user4044@example.com,City 5
User 4045,user4045@example.com,City 6
User 4046,user4046@example.com,City 7
User 4047,user4047@example.com,City 8
User 4048,user4048@example.com,City 9
User 4049,user4049@example.com,City 10
User 4050,user4050@example.com,City 1
User 4051,user4051@example.com,City 2
User 4052,user4052@example.com,City 3
User 4053,user4053@example.com,City 4
User 4054,user4054@example.com,City 5
User 4055,user4055@example.com,City 6
User 4056,user4056@example.com,City 7
User 4057,user4057@example.com,City 8
User 4058,user4058@example.com,City 9
User 4059,user4059@example.com,City 10
User 4060,user4060@example.com,City 1
User 4061,user4061@example.com,City 2
User 4062,user4062@example.com,City 3
User 4063,user4063@example.com,City 4
User 4064,user4064@example.com,City 5
User 4065,user4065@example.com,City 6
User 4066,user4066@example.com,City 7
User 4067,user4067@example.com,City 8
User 4068,user4068@example.com,City 9
User 4069,user4069@example.com,City 10
User 4070,user4070@example.com,City 1
User 4071,user4071@example.com,City 2
User 4072,user4072@example.com,City 3
User 4073,user4073@example.com,City 4
User 4074,user4074@example.com,City 5
User 4075,user4075@example.com,City 6
User 4076,user4076@example.com,City 7
User 4077,user4077@example.com,City 8
User 4078,user4078@example.com,City 9
User 4079,user4079@example.com,City 10
User 4080,user4080@example.com,City 1
User 4081,user4081@example.com,City 2
User 4082,user4082@example.com,City 3
User 4083,user4083@example.com,City 4
User 4084,user4084@example.com,City 5
User 4085,user4085@example.com,City 6
User 4086,user4086@example.com,City 7
User 4087,user4087@example.com,City 8
User 4088,user4088@example.com,City 9
User 4089,user4089@example.com,City 10
User 4090,user4090@example.com,City 1
User 4091,user4091@example.com,City 2
User 4092,user4092@example.com,City 3
User 4093,user4093@example.com,City 4
User 4094,user4094@example.com,City 5
User 4095,user4095@example.com,City 6
User 4096,user4096@example.com,City 7
User 4097,user4097@example.com,City 8
User 4098,user4098@example.com,City 9
User 4099,user4099@example.com,City 10
User 4100,user4100@example.com,City 1
User 4101,user4101@example.com,City 2
User 4102,user4102@example.com,City 3
User 4103,user4103@example.com,City 4
User 4104,user4104@example.com,City 5
User 4105,user4105@example.com,City 6
User 4106,user4106@example.com,City 7
User 4107,user4107@example.com,City 8
User 4108,user4108@example.com,City 9
User 4109,user4109@example.com,City 10
User 4110,user4110@example.com,City 1
User 4111,user4111@example.com,City 2
User 4112,user4112@example.com,City 3
User 4113,user4113@example.com,City 4
User 4114,user4114@example.com,City 5
User 4115,user4115@example.com,City 6
User 4116,user4116@example.com,City 7
User 4117,user4117@example.com,City 8
User 4118,user4118@example.com,City 9
User 4119,user4119@example.com,City 10
User 4120,user4120@example.com,City 1
User 4121,user4121@example.com,City 2
User 4122,user4122@example.com,City 3
User 4123,user4123@example.com,City 4
User 4124,user4124@example.com,City 5
User 4125,user4125@example.com,City 6
User 4126,user4126@example.com,City 7
User 4127,user4127@example.com,City 8
User 4128,user4128@example.com,City 9
User 4129,user4129@example.com,City 10
User 4130,user4130@example.com,City 1
User 4131,user4131@example.com,City 2
User 4132,user4132@example.com,City 3
User 4133,user4133@example.com,City 4
User 4134,user4134@example.com,City 5
User 4135,user4135@example.com,City 6
User 4136,user4136@example.com,City 7
User 4137,user4137@example.com,City 8
User 4138,user4138@example.com,City 9
User 4139,user4139@example.com,City 10
User 4140,user4140@example.com,City 1
User 4141,user4141@example.com,City 2
User 4142,user4142@example.com,City 3
User 4143,user4143@example.com,City 4
User 4144,user4144@example.com,City 5
User 4145,user4145@example.com,City 6
User 4146,user4146@example.com,City 7
User 4147,user4147@example.com,City 8
User 4148,user4148@example.com,City 9
User 4149,user4149@example.com,City 10
User 4150,user4150@example.com,City 1
User 4151,user4151@example.com,City 2
User 4152,user4152@example.com,City 3
User 4153,user4153@example.com,City 4
User 4154,user4154@example.com,City 5
User 4155,user4155@example.com,City 6
User 4156,user4156@example.com,City 7
User 4157,user4157@example.com,City 8
User 4158,user4158@example.com,City 9
User 4159,user4159@example.com,City 10
User 4160,user4160@example.com,City 1
User 4161,user4161@example.com,City 2
User 4162,user4162@example.com,City 3
User 4163,user4163@example.com,City 4
User 4164,user4164@example.com,City 5
User 4165,user4165@example.com,City 6
User 4166,user4166@example.com,City 7
User 4167,user4167@example.com,City 8
User 4168,user4168@example.com,City 9
User 4169,user4169@example.com,City 10
User 4170,user4170@example.com,City 1
User 4171,user4171@example.com,City 2
User 4172,user4172@example.com,City 3
User 4173,user4173@example.com,City 4
User 4174,user4174@example.com,City 5
User 4175,user4175@example.com,City 6
User 4176,user4176@example.com,City 7
User 4177,user4177@example.com,City 8
User 4178,user4178@example.com,City 9
User 4179,user4179@example.com,City 10
User 4180,user4180@example.com,City 1
User 4181,user4181@example.com,City 2
User 4182,user4182@example.com,City 3
User 4183,user4183@example.com,City 4
User 4184,user4184@example.com,City 5
User 4185,user4185@example.com,City 6
User 4186,user4186@example.com,City 7
User 4187,user4187@example.com,City 8
User 4188,user4188@example.com,City 9
User 4189,user4189@example.com,City 10
User 4190,user4190@example.com,City 1
User 4191,user4191@example.com,City 2
User 4192,user4192@example.com,City 3
User 4193,user4193@example.com,City 4
User 4194,user4194@example.com,City 5
User 4195,user4195@example.com,City 6
User 4196,user4196@example.com,City 7
User 4197,user4197@example.com,City 8
User 4198,user4198@example.com,City 9
User 4199,user4199@example.com,City 10
User 4200,user4200@example.com,City 1
User 4201,user4201@example.com,City 2
User 4202,user4202@example.com,City 3
User 4203,user4203@example.com,City 4
User 4204,user4204@example.com,City 5
User 4205,user4205@example.com,City 6
User 4206,user4206@example.com,City 7
User 4207,user4207@example.com,City 8
User 4208,user4208@example.com,City 9
User 4209,user4209@example.com,City 10
User 4210,user4210@example.com,City 1
User 4211,user4211@example.com,City 2
User 4212,user4212@example.com,City 3
User 4213,user4213@example.com,City 4
User 4214,user4214@example.com,City 5
User 4215,user4215@example.com,City 6
User 4216,user4216@example.com,City 7
User 4217,user4217@example.com,City 8
User 4218,user4218@example.com,City 9
User 4219,user4219@example.com,City 10
User 4220,user4220@example.com,City 1
User 4221,user4221@example.com,City 2
User 4222,user4222@example.com,City 3
User 4223,user4223@example.com,City 4
User 4224,user4224@example.com,City 5
User 4225,user4225@example.com,City 6
User 4226,user4226@example.com,City 7
User 4227,user4227@example.com,City 8
User 4228,user4228@example.com,City 9
User 4229,user4229@example.com,City 10
User 4230,user4230@example.com,City 1
User 4231,user4231@example.com,City 2
User 4232,user4232@example.com,City 3
User 4233,user4233@example.com,City 4
User 4234,user4234@example.com,City 5
User 4235,user4235@example.com,City 6
User 4236,user4236@example.com,City 7
User 4237,user4237@example.com,City 8
User 4238,user4238@example.com,City 9
User 4239,user4239@example.com,City 10
User 4240,user4240@example.com,City 1
User 4241,user4241@example.com,City 2
User 4242,user4242@example.com,City 3
User 4243,user4243@example.com,City 4
User 4244,user4244@example.com,City 5
User 4245,user4245@example.com,City 6
User 4246,user4246@example.com,City 7
User 4247,user4247@example.com,City 8
User 4248,user4248@example.com,City 9
User 4249,user4249@example.com,City 10
User 4250,user4250@example.com,City 1
User 4251,user4251@example.com,City 2
User 4252,user4252@example.com,City 3
User 4253,user4253@example.com,City 4
User 4254,user4254@example.com,City 5
User 4255,user4255@example.com,City 6
User 4256,user4256@example.com,City 7
User 4257,user4257@example.com,City 8
User 4258,user4258@example.com,City 9
User 4259,user4259@example.com,City 10
User 4260,user4260@example.com,City 1
User 4261,user4261@example.com,City 2
User 4262,user4262@example.com,City 3
User 4263,user4263@example.com,City 4
User 4264,user4264@example.com,City 5
User 4265,user4265@example.com,City 6
User 4266,user4266@example.com,City 7
User 4267,user4267@example.com,City 8
User 4268,user4268@example.com,City 9
User 4269,user4269@example.com,City 10
User 4270,user4270@example.com,City 1
User 4271,user4271@example.com,City 2
User 4272,user4272@example.com,City 3
User 4273,user4273@example.com,City 4
User 4274,user4274@example.com,City 5
User 4275,user4275@example.com,City 6
User 4276,user4276@example.com,City 7
User 4277,user4277@example.com,City 8
User 4278,user4278@example.com,City 9
User 4279,user4279@example.com,City 10
User 4280,user4280@example.com,City 1
User 4281,user4281@example.com,City 2
User 4282,user4282@example.com,City 3
User 4283,user4283@example.com,City 4
User 4284,user4284@example.com,City 5
User 4285,user4285@example.com,City 6
User 4286,user4286@example.com,City 7
User 4287,user4287@example.com,City 8
User 4288,user4288@example.com,City 9
User 4289,user4289@example.com,City 10
User 4290,user4290@example.com,City 1
User 4291,user4291@example.com,City 2
User 4292,user4292@example.com,City 3
User 4293,user4293@example.com,City 4
User 4294,user4294@example.com,City 5
User 4295,user4295@example.com,City 6
User 4296,user4296@example.com,City 7
User 4297,user4297@example.com,City 8
User 4298,user4298@example.com,City 9
User 4299,user4299@example.com,City 10
User 4300,user4300@example.com,City 1
User 4301,user4301@example.com,City 2
User 4302,user4302@example.com,City 3
User 4303,user4303@example.com,City 4
User 4304,user4304@example.com,City 5
User 4305,user4305@example.com,City 6
User 4306,user4306@example.com,City 7
User 4307,user4307@example.com,City 8
User 4308,user4308@example.com,City 9
User 4309,user4309@example.com,City 10
User 4310,user4310@example.com,City 1
User 4311,user4311@example.com,City 2
User 4312,user4312@example.com,City 3
User 4313,user4313@example.com,City 4
User 4314,user4314@example.com,City 5
User 4315,user4315@example.com,City 6
User 4316,user4316@example.com,City 7
User 4317,user4317@example.com,City 8
User 4318,user4318@example.com,City 9
User 4319,user4319@example.com,City 10
User 4320,user4320@example.com,City 1
User 4321,user4321@example.com,City 2
User 4322,user4322@example.com,City 3
User 4323,user4323@example.com,City 4
User 4324,user4324@example.com,City 5
User 4325,user4325@example.com,City 6
User 4326,user4326@example.com,City 7
User 4327,user4327@example.com,City 8
User 4328,user4328@example.com,City 9
User 4329,user4329@example.com,City 10
User 4330,user4330@example.com,City 1
User 4331,user4331@example.com,City 2
User 4332,user4332@example.com,City 3
User 4333,user4333@example.com,City 4
User 4334,user4334@example.com,City 5
User 4335,user4335@example.com,City 6
User 4336,user4336@example.com,City 7
User 4337,user4337@example.com,City 8
User 4338,user4338@example.com,City 9
User 4339,user4339@example.com,City 10
User 4340,user4340@example.com,City 1
User 4341,user4341@example.com,City 2
User 4342,user4342@example.com,City 3
User 4343,user4343@example.com,City 4
User 4344,user4344@example.com,City 5
User 4345,user4345@example.com,City 6
User 4346,user4346@example.com,City 7
User 4347,user4347@example.com,City 8
User 4348,user4348@example.com,City 9
User 4349,user4349@example.com,City 10
User 4350,user4350@example.com,City 1
User 4351,user4351@example.com,City 2
User 4352,user4352@example.com,City 3
User 4353,user4353@example.com,City 4
User 4354,user4354@example.com,City 5
User 4355,user4355@example.com,City 6
User 4356,user4356@example.com,City 7
User 4357,user4357@example.com,City 8
User 4358,user4358@example.com,City 9
User 4359,user4359@example.com,City 10
User 4360,user4360@example.com,City 1
User 4361,user4361@example.com,City 2
User 4362,user4362@example.com,City 3
User 4363,user4363@example.com,City 4
User 4364,user4364@example.com,City 5
User 4365,user4365@example.com,City 6
User 4366,user4366@example.com,City 7
User 4367,user4367@example.com,City 8
User 4368,user4368@example.com,City 9
User 4369,user4369@example.com,City 10
User 4370,user4370@example.com,City 1
User 4371,user4371@example.com,City 2
User 4372,user4372@example.com,City 3
User 4373,user4373@example.com,City 4
User 4374,user4374@example.com,City 5
User 4375,user4375@example.com,City 6
User 4376,user4376@example.com,City 7
User 4377,user4377@example.com,City 8
User 4378,user4378@example.com,City 9
User 4379,user4379@example.com,City 10
User 4380,user4380@example.com,City 1
User 4381,user4381@example.com,City 2
User 4382,user4382@example.com,City 3
User 4383,user4383@example.com,City 4
User 4384,user4384@example.com,City 5
User 4385,user4385@example.com,City 6
User 4386,user4386@example.com,City 7
User 4387,user4387@example.com,City 8
User 4388,user4388@example.com,City 9
User 4389,user4389@example.com,City 10
User 4390,user4390@example.com,City 1
User 4391,user4391@example.com,City 2
User 4392,user4392@example.com,City 3
User 4393,user4393@example.com,City 4
User 4394,user4394@example.com,City 5
User 4395,user4395@example.com,City 6
User 4396,user4396@example.com,City 7
User 4397,user4397@example.com,City 8
User 4398,user4398@example.com,City 9
User 4399,user4399@example.com,City 10
User 4400,user4400@example.com,City 1
User 4401,user4401@example.com,City 2
User 4402,user4402@example.com,City 3
User 4403,user4403@example.com,City 4
User 4404,user4404@example.com,City 5
User 4405,user4405@example.com,City 6
User 4406,user4406@example.com,City 7
User 4407,user4407@example.com,City 8
User 4408,user4408@example.com,City 9
User 4409,user4409@example.com,City 10
User 4410,user4410@example.com,City 1
User 4411,user4411@example.com,City 2
User 4412,user4412@example.com,City 3
User 4413,user4413@example.com,City 4
User 4414,user4414@example.com,City 5
User 4415,user4415@example.com,City 6
User 4416,user4416@example.com,City 7
User 4417,user4417@example.com,City 8
User 4418,user4418@example.com,City 9
User 4419,user4419@example.com,City 10
User 4420,user4420@example.com,City 1
User 4421,user4421@example.com,City 2
User 4422,user4422@example.com,City 3
User 4423,user4423@example.com,City 4
User 4424,user4424@example.com,City 5
User 4425,user4425@example.com,City 6
User 4426,user4426@example.com,City 7
User 4427,user4427@example.com,City 8
User 4428,user4428@example.com,City 9
User 4429,user4429@example.com,City 10
User 4430,user4430@example.com,City 1
User 4431,user4431@example.com,City 2
User 4432,user4432@example.com,City 3
User 4433,user4433@example.com,City 4
User 4434,user4434@example.com,City 5
User 4435,user4435@example.com,City 6
User 4436,user4436@example.com,City 7
User 4437,user4437@example.com,City 8
User 4438,user4438@example.com,City 9
User 4439,user4439@example.com,City 10
User 4440,user4440@example.com,City 1
User 4441,user4441@example.com,City 2
User 4442,user4442@example.com,City 3
User 4443,user4443@example.com,City 4
User 4444,user4444@example.com,City 5
User 4445,user4445@example.com,City 6
User 4446,user4446@example.com,City 7
User 4447,user4447@example.com,City 8
User 4448,user4448@example.com,City 9
User 4449,user4449@example.com,City 10
User 4450,user4450@example.com,City 1
User 4451,user4451@example.com,City 2
User 4452,user4452@example.com,City 3
User 4453,user4453@example.com,City 4
User 4454,user4454@example.com,City 5
User 4455,user4455@example.com,City 6
User 4456,user4456@example.com,City 7
User 4457,user4457@example.com,City 8
User 4458,user4458@example.com,City 9
User 4459,user4459@example.com,City 10
User 4460,user4460@example.com,City 1
User 4461,user4461@example.com,City 2
User 4462,user4462@example.com,City 3
User 4463,user4463@example.com,City 4
User 4464,user4464@example.com,City 5
User 4465,user4465@example.com,City 6
User 4466,user4466@example.com,City 7
User 4467,user4467@example.com,City 8
User 4468,user4468@example.com,City 9
User 4469,user4469@example.com,City 10
User 4470,user4470@example.com,City 1
User 4471,user4471@example.com,City 2
User 4472,user4472@example.com,City 3
User 4473,user4473@example.com,City 4
User 4474,user4474@example.com,City 5
User 4475,user4475@example.com,City 6
User 4476,user4476@example.com,City 7
User 4477,user4477@example.com,City 8
User 4478,user4478@example.com,City 9
User 4479,user4479@example.com,City 10
User 4480,user4480@example.com,City 1
User 4481,user4481@example.com,City 2
User 4482,user4482@example.com,City 3
User 4483,user4483@example.com,City 4
User 4484,user4484@example.com,City 5
User 4485,user4485@example.com,City 6
User 4486,user4486@example.com,City 7
User 4487,user4487@example.com,City 8
User 4488,user4488@example.com,City 9
User 4489,user4489@example.com,City 10
User 4490,user4490@example.com,City 1
User 4491,user4491@example.com,City 2
User 4492,user4492@example.com,City 3
User 4493,user4493@example.com,City 4
User 4494,user4494@example.com,City 5
User 4495,user4495@example.com,City 6
User 4496,user4496@example.com,City 7
User 4497,user4497@example.com,City 8
User 4498,user4498@example.com,City 9
User 4499,user4499@example.com,City 10
User 4500,user4500@example.com,City 1
User 4501,user4501@example.com,City 2
User 4502,user4502@example.com,City 3
User 4503,user4503@example.com,City 4
User 4504,user4504@example.com,City 5
User 4505,user4505@example.com,City 6
User 4506,user4506@example.com,City 7
User 4507,user4507@example.com,City 8
User 4508,user4508@example.com,City 9
User 4509,user4509@example.com,City 10
User 4510,user4510@example.com,City 1
User 4511,user4511@example.com,City 2
User 4512,user4512@example.com,City 3
User 4513,user4513@example.com,City 4
User 4514,user4514@example.com,City 5
User 4515,user4515@example.com,City 6
User 4516,user4516@example.com,City 7
User 4517,user4517@example.com,City 8
User 4518,user4518@example.com,City 9
User 4519,user4519@example.com,City 10
User 4520,user4520@example.com,City 1
User 4521,user4521@example.com,City 2
User 4522,user4522@example.com,City 3
User 4523,user4523@example.com,City 4
User 4524,user4524@example.com,City 5
User 4525,user4525@example.com,City 6
User 4526,user4526@example.com,City 7
User 4527,user4527@example.com,City 8
User 4528,user4528@example.com,City 9
User 4529,user4529@example.com,City 10
User 4530,user4530@example.com,City 1
User 4531,user4531@example.com,City 2
User 4532,user4532@example.com,City 3
User 4533,user4533@example.com,City 4
User 4534,user4534@example.com,City 5
User 4535,user4535@example.com,City 6
User 4536,user4536@example.com,City 7
User 4537,user4537@example.com,City 8
User 4538,user4538@example.com,City 9
User 4539,user4539@example.com,City 10
User 4540,user4540@example.com,City 1
User 4541,user4541@example.com,City 2
User 4542,user4542@example.com,City 3
User 4543,user4543@example.com,City 4
User 4544,user4544@example.com,City 5
User 4545,user4545@example.com,City 6
User 4546,user4546@example.com,City 7
User 4547,user4547@example.com,City 8
User 4548,user4548@example.com,City 9
User 4549,user4549@example.com,City 10
User 4550,user4550@example.com,City 1
User 4551,user4551@example.com,City 2
User 4552,user4552@example.com,City 3
User 4553,user4553@example.com,City 4
User 4554,user4554@example.com,City 5
User 4555,user4555@example.com,City 6
User 4556,user4556@example.com,City 7
User 4557,user4557@example.com,City 8
User 4558,user4558@example.com,City 9
User 4559,user4559@example.com,City 10
User 4560,user4560@example.com,City 1
User 4561,user4561@example.com,City 2
User 4562,user4562@example.com,City 3
User 4563,user4563@example.com,City 4
User 4564,user4564@example.com,City 5
User 4565,user4565@example.com,City 6
User 4566,user4566@example.com,City 7
User 4567,user4567@example.com,City 8
User 4568,user4568@example.com,City 9
User 4569,user4569@example.com,City 10
User 4570,user4570@example.com,City 1
User 4571,user4571@example.com,City 2
User 4572,user4572@example.com,City 3
User 4573,user4573@example.com,City 4
User 4574,user4574@example.com,City 5
User 4575,user4575@example.com,City 6
User 4576,user4576@example.com,City 7
User 4577,user4577@example.com,City 8
User 4578,user4578@example.com,City 9
User 4579,user4579@example.com,City 10
User 4580,user4580@example.com,City 1
User 4581,user4581@example.com,City 2
User 4582,user4582@example.com,City 3
User 4583,user4583@example.com,City 4
User 4584,user4584@example.com,City 5
User 4585,user4585@example.com,City 6
User 4586,user4586@example.com,City 7
User 4587,user4587@example.com,City 8
User 4588,user4588@example.com,City 9
User 4589,user4589@example.com,City 10
User 4590,user4590@example.com,City 1
User 4591,user4591@example.com,City 2
User 4592,user4592@example.com,City 3
User 4593,user4593@example.com,City 4
User 4594,user4594@example.com,City 5
User 4595,user4595@example.com,City 6
User 4596,user4596@example.com,City 7
User 4597,user4597@example.com,City 8
User 4598,user4598@example.com,City 9
User 4599,user4599@example.com,City 10
User 4600,user4600@example.com,City 1
User 4601,user4601@example.com,City 2
User 4602,user4602@example.com,City 3
User 4603,user4603@example.com,City 4
User 4604,user4604@example.com,City 5
User 4605,user4605@example.com,City 6
User 4606,user4606@example.com,City 7
User 4607,user4607@example.com,City 8
User 4608,user4608@example.com,City 9
User 4609,user4609@example.com,City 10
User 4610,user4610@example.com,City 1
User 4611,user4611@example.com,City 2
User 4612,user4612@example.com,City 3
User 4613,user4613@example.com,City 4
User 4614,user4614@example.com,City 5
User 4615,user4615@example.com,City 6
User 4616,user4616@example.com,City 7
User 4617,user4617@example.com,City 8
User 4618,user4618@example.com,City 9
User 4619,user4619@example.com,City 10
User 4620,user4620@example.com,City 1
User 4621,user4621@example.com,City 2
User 4622,user4622@example.com,City 3
User 4623,user4623@example.com,City 4
User 4624,user4624@example.com,City 5
User 4625,user4625@example.com,City 6
User 4626,user4626@example.com,City 7
User 4627,user4627@example.com,City 8
User 4628,user4628@example.com,City 9
User 4629,user4629@example.com,City 10
User 4630,user4630@example.com,City 1
User 4631,user4631@example.com,City 2
User 4632,user4632@example.com,City 3
User 4633,user4633@example.com,City 4
User 4634,user4634@example.com,City 5
User 4635,user4635@example.com,City 6
User 4636,user4636@example.com,City 7
User 4637,user4637@example.com,City 8
User 4638,user4638@example.com,City 9
User 4639,user4639@example.com,City 10
User 4640,user4640@example.com,City 1
User 4641,user4641@example.com,City 2
User 4642,user4642@example.com,City 3
User 4643,user4643@example.com,City 4
User 4644,user4644@example.com,City 5
User 4645,user4645@example.com,City 6
User 4646,user4646@example.com,City 7
User 4647,user4647@example.com,City 8
User 4648,user4648@example.com,City 9
User 4649,user4649@example.com,City 10
User 4650,user4650@example.com,City 1
User 4651,user4651@example.com,City 2
User 4652,user4652@example.com,City 3
User 4653,user4653@example.com,City 4
User 4654,user4654@example.com,City 5
User 4655,user4655@example.com,City 6
User 4656,user4656@example.com,City 7
User 4657,user4657@example.com,City 8
User 4658,user4658@example.com,City 9
User 4659,user4659@example.com,City 10
User 4660,user4660@example.com,City 1
User 4661,user4661@example.com,City 2
User 4662,user4662@example.com,City 3
User 4663,user4663@example.com,City 4
User 4664,user4664@example.com,City 5
User 4665,user4665@example.com,City 6
User 4666,user4666@example.com,City 7
User 4667,user4667@example.com,City 8
User 4668,user4668@example.com,City 9
User 4669,user4669@example.com,City 10
User 4670,user4670@example.com,City 1
User 4671,user4671@example.com,City 2
User 4672,user4672@example.com,City 3
User 4673,user4673@example.com,City 4
User 4674,user4674@example.com,City 5
User 4675,user4675@example.com,City 6
User 4676,user4676@example.com,City 7
User 4677,user4677@example.com,City 8
User 4678,user4678@example.com,City 9
User 4679,user4679@example.com,City 10
User 4680,user4680@example.com,City 1
User 4681,user4681@example.com,City 2
User 4682,user4682@example.com,City 3
User 4683,user4683@example.com,City 4
User 4684,user4684@example.com,City 5
User 4685,user4685@example.com,City 6
User 4686,user4686@example.com,City 7
User 4687,user4687@example.com,City 8
User 4688,user4688@example.com,City 9
User 4689,user4689@example.com,City 10
User 4690,user4690@example.com,City 1
User 4691,user4691@example.com,City 2
User 4692,user4692@example.com,City 3
User 4693,user4693@example.com,City 4
User 4694,user4694@example.com,City 5
User 4695,user4695@example.com,City 6
User 4696,user4696@example.com,City 7
User 4697,user4697@example.com,City 8
User 4698,user4698@example.com,City 9
User 4699,user4699@example.com,City 10
User 4700,user4700@example.com,City 1
User 4701,user4701@example.com,City 2
User 4702,user4702@example.com,City 3
User 4703,user4703@example.com,City 4
User 4704,user4704@example.com,City 5
User 4705,user4705@example.com,City 6
User 4706,user4706@example.com,City 7
User 4707,user4707@example.com,City 8
User 4708,user4708@example.com,City 9
User 4709,user4709@example.com,City 10
User 4710,user4710@example.com,City 1
User 4711,user4711@example.com,City 2
User 4712,user4712@example.com,City 3
User 4713,user4713@example.com,City 4
User 4714,user4714@example.com,City 5
User 4715,user4715@example.com,City 6
User 4716,user4716@example.com,City 7
User 4717,user4717@example.com,City 8
User 4718,user4718@example.com,City 9
User 4719,user4719@example.com,City 10
User 4720,user4720@example.com,City 1
User 4721,user4721@example.com,City 2
User 4722,user4722@example.com,City 3
User 4723,user4723@example.com,City 4
User 4724,user4724@example.com,City 5
User 4725,user4725@example.com,City 6
User 4726,user4726@example.com,City 7
User 4727,user4727@example.com,City 8
User 4728,user4728@example.com,City 9
User 4729,user4729@example.com,City 10
User 4730,user4730@example.com,City 1
User 4731,user4731@example.com,City 2
User 4732,user4732@example.com,City 3
User 4733,user4733@example.com,City 4
User 4734,user4734@example.com,City 5
User 4735,user4735@example.com,City 6
User 4736,user4736@example.com,City 7
User 4737,user4737@example.com,City 8
User 4738,user4738@example.com,City 9
User 4739,user4739@example.com,City 10
User 4740,user4740@example.com,City 1
User 4741,user4741@example.com,City 2
User 4742,user4742@example.com,City 3
User 4743,user4743@example.com,City 4
User 4744,user4744@example.com,City 5
User 4745,user4745@example.com,City 6
User 4746,user4746@example.com,City 7
User 4747,user4747@example.com,City 8
User 4748,user4748@example.com,City 9
User 4749,user4749@example.com,City 10
User 4750,user4750@example.com,City 1
User 4751,user4751@example.com,City 2
User 4752,user4752@example.com,City 3
User 4753,user4753@example.com,City 4
User 4754,user4754@example.com,City 5
User 4755,user4755@example.com,City 6
User 4756,user4756@example.com,City 7
User 4757,user4757@example.com,City 8
User 4758,user4758@example.com,City 9
User 4759,user4759@example.com,City 10
User 4760,user4760@example.com,City 1
User 4761,user4761@example.com,City 2
User 4762,user4762@example.com,City 3
User 4763,user4763@example.com,City 4
User 4764,user4764@example.com,City 5
User 4765,user4765@example.com,City 6
User 4766,user4766@example.com,City 7
User 4767,user4767@example.com,City 8
User 4768,user4768@example.com,City 9
User 4769,user4769@example.com,City 10
User 4770,user4770@example.com,City 1
User 4771,user4771@example.com,City 2
User 4772,user4772@example.com,City 3
User 4773,user4773@example.com,City 4
User 4774,user4774@example.com,City 5
User 4775,user4775@example.com,City 6
User 4776,user4776@example.com,City 7
User 4777,user4777@example.com,City 8
User 4778,user4778@example.com,City 9
User 4779,user4779@example.com,City 10
User 4780,user4780@example.com,City 1
User 4781,user4781@example.com,City 2
User 4782,user4782@example.com,City 3
User 4783,user4783@example.com,City 4
User 4784,user4784@example.com,City 5
User 4785,user4785@example.com,City 6
User 4786,user4786@example.com,City 7
User 4787,user4787@example.com,City 8
User 4788,user4788@example.com,City 9
User 4789,user4789@example.com,City 10
User 4790,user4790@example.com,City 1
User 4791,user4791@example.com,City 2
User 4792,user4792@example.com,City 3
User 4793,user4793@example.com,City 4
User 4794,user4794@example.com,City 5
User 4795,user4795@example.com,City 6
User 4796,user4796@example.com,City 7
User 4797,user4797@example.com,City 8
User 4798,user4798@example.com,City 9
User 4799,user4799@example.com,City 10
User 4800,user4800@example.com,City 1
User 4801,user4801@example.com,City 2
User 4802,user4802@example.com,City 3
User 4803,user4803@example.com,City 4
User 4804,user4804@example.com,City 5
User 4805,user4805@example.com,City 6
User 4806,user4806@example.com,City 7
User 4807,user4807@example.com,City 8
User 4808,user4808@example.com,City 9
User 4809,user4809@example.com,City 10
User 4810,user4810@example.com,City 1
User 4811,user4811@example.com,City 2
User 4812,user4812@example.com,City 3
User 4813,user4813@example.com,City 4
User 4814,user4814@example.com,City 5
User 4815,user4815@example.com,City 6
User 4816,user4816@example.com,City 7
User 4817,user4817@example.com,City 8
User 4818,user4818@example.com,City 9
User 4819,user4819@example.com,City 10
User 4820,user4820@example.com,City 1
User 4821,user4821@example.com,City 2
User 4822,user4822@example.com,City 3
User 4823,user4823@example.com,City 4
User 4824,user4824@example.com,City 5
User 4825,user4825@example.com,City 6
User 4826,user4826@example.com,City 7
User 4827,user4827@example.com,City 8
User 4828,user4828@example.com,City 9
User 4829,user4829@example.com,City 10
User 4830,user4830@example.com,City 1
User 4831,user4831@example.com,City 2
User 4832,user4832@example.com,City 3
User 4833,user4833@example.com,City 4
User 4834,user4834@example.com,City 5
User 4835,user4835@example.com,City 6
User 4836,user4836@example.com,City 7
User 4837,user4837@example.com,City 8
User 4838,user4838@example.com,City 9
User 4839,user4839@example.com,City 10
User 4840,user4840@example.com,City 1
User 4841,user4841@example.com,City 2
User 4842,user4842@example.com,City 3
User 4843,user4843@example.com,City 4
User 4844,user4844@example.com,City 5
User 4845,user4845@example.com,City 6
User 4846,user4846@example.com,City 7
User 4847,user4847@example.com,City 8
User 4848,user4848@example.com,City 9
User 4849,user4849@example.com,City 10
User 4850,user4850@example.com,City 1
User 4851,user4851@example.com,City 2
User 4852,user4852@example.com,City 3
User 4853,user4853@example.com,City 4
User 4854,user4854@example.com,City 5
User 4855,user4855@example.com,City 6
User 4856,user4856@example.com,City 7
User 4857,user4857@example.com,City 8
User 4858,user4858@example.com,City 9
User 4859,user4859@example.com,City 10
User 4860,user4860@example.com,City 1
User 4861,user4861@example.com,City 2
User 4862,user4862@example.com,City 3
User 4863,user4863@example.com,City 4
User 4864,user4864@example.com,City 5
User 4865,user4865@example.com,City 6
User 4866,user4866@example.com,City 7
User 4867,user4867@example.com,City 8
User 4868,user4868@example.com,City 9
User 4869,user4869@example.com,City 10
User 4870,user4870@example.com,City 1
User 4871,user4871@example.com,City 2
User 4872,user4872@example.com,City 3
User 4873,user4873@example.com,City 4
User 4874,user4874@example.com,City 5
User 4875,user4875@example.com,City 6
User 4876,user4876@example.com,City 7
User 4877,user4877@example.com,City 8
User 4878,user4878@example.com,City 9
User 4879,user4879@example.com,City 10
User 4880,user4880@example.com,City 1
User 4881,user4881@example.com,City 2
User 4882,user4882@example.com,City 3
User 4883,user4883@example.com,City 4
User 4884,user4884@example.com,City 5
User 4885,user4885@example.com,City 6
User 4886,user4886@example.com,City 7
User 4887,user4887@example.com,City 8
User 4888,user4888@example.com,City 9
User 4889,user4889@example.com,City 10
User 4890,user4890@example.com,City 1
User 4891,user4891@example.com,City 2
User 4892,user4892@example.com,City 3
User 4893,user4893@example.com,City 4
User 4894,user4894@example.com,City 5
User 4895,user4895@example.com,City 6
User 4896,user4896@example.com,City 7
User 4897,user4897@example.com,City 8
User 4898,user4898@example.com,City 9
User 4899,user4899@example.com,City 10
User 4900,user4900@example.com,City 1
User 4901,user4901@example.com,City 2
User 4902,user4902@example.com,City 3
User 4903,user4903@example.com,City 4
User 4904,user4904@example.com,City 5
User 4905,user4905@example.com,City 6
User 4906,user4906@example.com,City 7
User 4907,user4907@example.com,City 8
User 4908,user4908@example.com,City 9
User 4909,user4909@example.com,City 10
User 4910,user4910@example.com,City 1
User 4911,user4911@example.com,City 2
User 4912,user4912@example.com,City 3
User 4913,user4913@example.com,City 4
User 4914,user4914@example.com,City 5
User 4915,user4915@example.com,City 6
User 4916,user4916@example.com,City 7
User 4917,user4917@example.com,City 8
User 4918,user4918@example.com,City 9
User 4919,user4919@example.com,City 10
User 4920,user4920@example.com,City 1
User 4921,user4921@example.com,City 2
User 4922,user4922@example.com,City 3
User 4923,user4923@example.com,City 4
User 4924,user4924@example.com,City 5
User 4925,user4925@example.com,City 6
User 4926,user4926@example.com,City 7
User 4927,user4927@example.com,City 8
User 4928,user4928@example.com,City 9
User 4929,user4929@example.com,City 10
User 4930,user4930@example.com,City 1
User 4931,user4931@example.com,City 2
User 4932,user4932@example.com,City 3
User 4933,user4933@example.com,City 4
User 4934,user4934@example.com,City 5
User 4935,user4935@example.com,City 6
User 4936,user4936@example.com,City 7
User 4937,user4937@example.com,City 8
User 4938,user4938@example.com,City 9
User 4939,user4939@example.com,City 10
User 4940,user4940@example.com,City 1
User 4941,user4941@example.com,City 2
User 4942,user4942@example.com,City 3
User 4943,user4943@example.com,City 4
User 4944,user4944@example.com,City 5
User 4945,user4945@example.com,City 6
User 4946,user4946@example.com,City 7
User 4947,user4947@example.com,City 8
User 4948,user4948@example.com,City 9
User 4949,user4949@example.com,City 10
User 4950,user4950@example.com,City 1
User 4951,user4951@example.com,City 2
User 4952,user4952@example.com,City 3
User 4953,user4953@example.com,City 4
User 4954,user4954@example.com,City 5
User 4955,user4955@example.com,City 6
User 4956,user4956@example.com,City 7
User 4957,user4957@example.com,City 8
User 4958,user4958@example.com,City 9
User 4959,user4959@example.com,City 10
User 4960,user4960@example.com,City 1
User 4961,user4961@example.com,City 2
User 4962,user4962@example.com,City 3
User 4963,user4963@example.com,City 4
User 4964,user4964@example.com,City 5
User 4965,user4965@example.com,City 6
User 4966,user4966@example.com,City 7
User 4967,user4967@example.com,City 8
User 4968,user4968@example.com,City 9
User 4969,user4969@example.com,City 10
User 4970,user4970@example.com,City 1
User 4971,user4971@example.com,City 2
User 4972,user4972@example.com,City 3
User 4973,user4973@example.com,City 4
User 4974,user4974@example.com,City 5
User 4975,user4975@example.com,City 6
User 4976,user4976@example.com,City 7
User 4977,user4977@example.com,City 8
User 4978,user4978@example.com,City 9
User 4979,user4979@example.com,City 10
User 4980,user4980@example.com,City 1
User 4981,user4981@example.com,City 2
User 4982,user4982@example.com,City 3
User 4983,user4983@example.com,City 4
User 4984,user4984@example.com,City 5
User 4985,user4985@example.com,City 6
User 4986,user4986@example.com,City 7
User 4987,user4987@example.com,City 8
User 4988,user4988@example.com,City 9
User 4989,user4989@example.com,City 10
User 4990,user4990@example.com,City 1
User 4991,user4991@example.com,City 2
User 4992,user4992@example.com,City 3
User 4993,user4993@example.com,City 4
User 4994,user4994@example.com,City 5
User 4995,user4995@example.com,City 6
User 4996,user4996@example.com,City 7
User 4997,user4997@example.com,City 8
User 4998,user4998@example.com,City 9
User 4999,user4999@example.com,City 10
User 5000,user5000@example.com,City 1
